report_id,report_no,title_ja,title_en,authors_ja,authors_en,abstract_ja,abstract_en,language,pages,publication_date,keywords,facilities,doi_url,categories,score,matched_keywords,evidence_text,detail_url,pdf_links
5073941,JAEA-Review 2022-060,拡張型スーパードラゴン多関節ロボットアームによる圧力容器内燃料デブリ調査への挑戦(委託研究); 令和3年度英知を結集した原子力科学技術・人材育成推進事業,Challenge to investigation of fuel debris in RPV by an advanced super dragon articulated robot arm (Contract research); FY2021 Nuclear Energy Science & Technology and Human Resource Development Project,廃炉環境国際共同研究センター; 東京工業大学*,Collaborative Laboratories for Advanced Decommissioning Science; Tokyo Institute of Technology*,日本原子力研究開発機構(JAEA)廃炉環境国際共同研究センター(CLADS)では、令和3年度英知を結集した原子力科学技術・人材育成推進事業(以下、「本事業」という)を実施している。本事業は、東京電力ホールディングス株式会社福島第一原子力発電所(1F)の廃炉等を始めとした原子力分野の課題解決に貢献するため、国内外の英知を結集し、様々な分野の知見や経験を、従前の機関や分野の壁を越えて緊密に融合・連携させた基礎的・基盤的研究及び人材育成を推進することを目的としている。平成30年度の新規採択課題から実施主体を文部科学省からJAEAに移行することで、JAEAとアカデミアとの連携を強化し、廃炉に資する中長期的な研究開発・人材育成をより安定的かつ継続的に実施する体制を構築した。本研究は、研究課題のうち、令和元年度に採択された「拡張型スーパードラゴン多関節ロボットアームによる圧力容器内燃料デブリ調査への挑戦」の令和元年度から令和3年度の研究成果について取りまとめたものである。本課題は令和3年度が最終年度となるため3年度分の成果を取りまとめた。令和元年度から令和3年度の本研究を通して、研究代表者の下で各研究項目間ならびに廃炉環境国際共同研究センター(CLADS)等との連携を密にして、1F現場に実機適用すべく、現場との意見/情報交換を行いながら、研究を進めた。研究実施計画を推進するための打合せや会議等を開催し、ペデスタル上部に位置する圧力容器底部の状況把握を可能とする技術の実現を目指して、長尺の多関節ロボットアームにより、手先の位置姿勢の制御をしながら、カメラのSfM技術および超音波計測技術と組み合わせてアーム先端部の自己位置を把握しつつ、炉内構造物の状況把握を行う。また、レーザーを用いたLIBS技術により核物質の分布状況把握を行う遠隔探査手法のアームへの実装技術を開発した。さらには、楢葉遠隔技術開発センター等を活用し実証試験を行い、その実現性を確かめた。以上、3カ年計画の3年目である本年度の業務項目を実施し、3カ年計画の所期の目標を達成し、本報告書にとりまとめた。,"The Collaborative Laboratories for Advanced Decommissioning Science (CLADS), Japan Atomic Energy Agency (JAEA), had been conducting the Nuclear Energy Science & Technology and Human Resource Development Project (hereafter referred to ""the Project"") in FY2021. The Project aims to contribute to solving problems in the nuclear energy field represented by the decommissioning of the Fukushima Daiichi Nuclear Power Station (1F), Tokyo Electric Power Company Holdings, Inc. (TEPCO). For this purpose, intelligence was collected from all over the world, and basic research and human resource development were promoted by closely integrating/collaborating knowledge and experiences in various fields beyond the barrier of conventional organizations and research fields. The sponsor of the Project was moved from the Ministry of Education, Culture, Sports, Science and Technology to JAEA since the newly adopted proposals in FY2018. On this occasion, JAEA constructed a new research system where JAEA-academia collaboration is reinforced and medium-to-long term research/development and human resource development contributing to the decommissioning are stably and consecutively implemented. Among the adopted proposals in FY2019, this report summarizes the research results of the ""Challenge to investigation of fuel debris in RPV by an advanced Super Dragon articulated robot arm"" conducted from FY2019 to FY2021. Since the final year of this proposal was FY2021, the results for three fiscal years were summarized. Through this research from FY2019 to FY2021, we will closely cooperate with each research item under the principal investigator as well as with CLADS, etc., to advance the research while exchanging opinions/information with the site and promote the research implementation plan in order to apply the technology to the actual equipment at the 1F site. Meetings and conferences were held to promote the research implementation plan, with the aim of realizing a technology …",Japanese,91 Pages,2023/02,福島第一原子力発電所事故 ; Fukushima Daiichi Nuclear Power Station Accident ; Robot Arm ; Ultrasound ; SfM ; LIBS ; Remote Sensing,,https://doi.org/10.11484/jaea-review-2022-060,"3d_modeling, ar_mapping, computer_vision, robotics_remote",21,"remote, robot, sfm, カメラ, ロボット, 位置姿勢, 超音波, 遠隔技術",拡張型スーパードラゴン多関節ロボットアームによる圧力容器内燃料デブリ調査への挑戦(委託研究); 令和3年度英知を結集した原子力科学技術・人材育成推進事業,https://jopss.jaea.go.jp/search/servlet/search?5073941,https://jopss.jaea.go.jp/pdfdata/JAEA-Review-2022-060.pdf
5081065,JAEA-Review 2025-040,革新的分光画像解析による燃料デブリの可視化への挑戦とLIBSによる検証(委託研究); 令和5年度英知を結集した原子力科学技術・人材育成推進事業,Challenge for screening of nuclear fuel debris by innovative spectral imaging and its verification by LIBS mapping (Contract research); FY2023 Nuclear Energy Science & Technology and Human Resource Development Project,廃炉環境国際共同研究センター; 大阪大学*,Collaborative Laboratories for Advanced Decommissioning Science; The University of Osaka*,日本原子力研究開発機構(JAEA)廃炉環境国際共同研究センター(CLADS)では、令和5年度英知を結集した原子力科学技術・人材育成推進事業(以下、「本事業」という。)を実施している。本事業は、東京電力ホールディングス株式会社福島第一原子力発電所の廃炉等をはじめとした原子力分野の課題解決に貢献するため、国内外の英知を結集し、様々な分野の知見や経験を従前の機関や分野の壁を越えて緊密に融合・連携させた基礎的・基盤的研究及び人材育成を推進することを目的としている。平成30年度の新規採択課題から実施主体を文部科学省からJAEAに移行することで、JAEAとアカデミアとの連携を強化し、廃炉に資する中長期的な研究開発・人材育成をより安定的かつ継続的に実施する体制を構築した。本研究は、令和5年度に採択された研究課題のうち、「革新的分光画像解析による燃料デブリの可視化への挑戦とLIBSによる検証」の令和5年度分の研究成果について取りまとめたものである。本研究の目的は、ハイパースペクトルイメージング(HSI)とレーザー誘起ブレークダウン分光(LIBS)を組み合わせ、炉内物質を俯瞰的に認識・特定する技術を開発することである。HSIは100色以上のスペクトル情報を解析し、様々な物質の分類に既に応用されているものの、材料組成を直接評価できない。そこでHSIとLIBSを組み合わせることにより、正確かつ広範囲の炉内物質可視化技術となりうると考えた。本技術の実証のためには、適切な模擬炉内物質を準備し、そのトレーニングデータを取得・蓄積する必要がある。本研究では、標準物質の作製とHSIデータ解析を国立大学法人大阪大学、ウラン含有物質の作製とHSI/LIBS測定を日本核燃料開発株式会社(NFD)、LIBS開発をJAEAが担当する。英国側からは、ストラスクライド大学、英国国立原子力研究所(NNL)、ランカスター大学が本プロジェクトに参画している。標準試料の組成を過去の実験と熱力学計算結果から決定し、UO 複合試料やコンクリートなどいくつかの試料を作製した。HSIデータをNFDに設置されたハイパースペクトルカメラを用いて取得し、スペクトル角マッパー(SAM)、線形判別分析(LDA)等によりある程度物質を分類できることを確かめた。LIBSについては、遠隔操作技術開発の一環として焦点距離の自動最適化技術の開発等に取り組んだ。,"The Collaborative Laboratories for Advanced Decommissioning Science (CLADS), Japan Atomic Energy Agency (JAEA), had been conducting the Nuclear Energy Science & Technology and Human Resource Development Project (hereafter referred to ""the Project"") in FY2023. The Project aims to contribute to solving problems in the nuclear energy field represented by the decommissioning of the Fukushima Daiichi Nuclear Power Station, Tokyo Electric Power Company Holdings, Inc. (TEPCO). For this purpose, intelligence was collected from all over the world, and basic research and human resource development were promoted by closely integrating/collaborating knowledge and experiences in various fields beyond the barrier of conventional organizations and research fields. The sponsor of the Project was moved from the Ministry of Education, Culture, Sports, Science and Technology to JAEA since the newly adopted proposals in FY2018. On this occasion, JAEA constructed a new research system where JAEA-academia collaboration is reinforced and medium-to-long term research/development and human resource development contributing to the decommissioning are stably and consecutively implemented. Among the adopted proposals in FY2023, this report summarizes the research results of the ""Challenge for screening of nuclear fuel debris by innovative spectral imaging and its verification by LIBS mapping"" conducted in FY2023. The present study aims to develop a remote-sensing technique to identify the in-reactor materials by a combination of Hyper Spectral Imaging (HSI) and Laser Induced Breakdown Spectroscopy (LIBS). HSI analyzes spectral information of more than 100 colors, and is being applied to classify various materials. On the other hand, material composition cannot be directly evaluated by HSI. Therefore, we thought that the combination of HSI and LIBS could be an accurate and wide-ranging visualization technique. In order to demonstrate the HSI and LIBS, it is necessary to prepare standard materials that simulate in-reactor materials, and to acquire and accumulate training data on them. In this study, the University of Osaka is in charge of the preparation of standard materials and HSI data analysis, Nuclear Fuel Development (NFD) is in charge of the preparation of uranium bearing materials and HSI/LIBS measurements, and JAEA is in charge of LIBS development. On the UK side, the Univ. of Strathclyde, National Nuclear Laboratory (NNL), and Lancaster University participate in the joint research project. The compositions of the standard samples were determined from past experiments and thermodynamic calculation results. Several samples such as UO based composites and concrete were prepared. The HSI data were obtained using a hyperspectral camera installed in the NFD. For LIBS, we worked on the automatic optimization of focal distance as part of the development of remote operation technology.",Japanese,111 Pages,2025/12,福島第一原子力発電所事故 ; Fukushima Daiichi Nuclear Power Station Accident ; Hyperspectral Imaging ; Laser Induced Breakdown Spectroscopy ; Fuel Debris,,https://doi.org/10.11484/jaea-review-2025-040,"ar_mapping, computer_vision, robotics_remote",19,"camera, imaging, mapping, remote, visualization, イメージング, カメラ, 可視化, 画像解析, 遠隔操作",革新的分光画像解析による燃料デブリの可視化への挑戦とLIBSによる検証(委託研究); 令和5年度英知を結集した原子力科学技術・人材育成推進事業,https://jopss.jaea.go.jp/search/servlet/search?5081065,https://jopss.jaea.go.jp/pdfdata/JAEA-Review-2025-040.pdf
5085491,JAEA-Review 2026-007,高線量かつ不可視環境下での炉内可視化を可能とするレーザ偏向検出型超音波広帯域3Dイメージングシステムの開発(委託研究); 令和6年度英知を結集した原子力科学技術・人材育成推進事業,Development of a laser deflection-type ultrasonic wideband 3D imaging system for in-vessel visualization in high-radiation and non-visible environments (Contract research); FY2024 Nuclear Energy Science & Technology and Human Resource Development Project,廃炉環境国際共同研究センター; 東京科学大学*,Collaborative Laboratories for Advanced Decommissioning Science; Institute of Science Tokyo*,日本原子力研究開発機構(JAEA)廃炉環境国際共同研究センター(CLADS)では、令和元年度から英知を結集した原子力科学技術・人材育成推進事業(以下、「本事業」という。)を実施している。本事業は、東京電力ホールディングス株式会社福島第一原子力発電所の廃炉等をはじめとした原子力分野の課題解決に貢献するため、国内外の英知を結集し、さまざまな分野の知見や経験を従前の機関や分野の壁を越えて緊密に融合・連携させた基礎的・基盤的研究および人材育成を推進することを目的としている。平成30年度の新規採択課題から実施主体を文部科学省からJAEAに移行することで、JAEAとアカデミアとの連携を強化し、廃炉に資する中長期的な研究開発・人材育成をより安定的かつ継続的に実施する体制を構築した。本研究は、令和6年度に採択された研究課題のうち、「高線量かつ不可視環境下での炉内可視化を可能とするレーザ偏向検出型超音波広帯域3Dイメージングシステムの開発」の令和6年度分の研究成果について取りまとめたものである。本研究は、デブリ切り出し作業の安全性を最大限保証するため、作業中におけるダストおよび濁水環境下での炉内構造物/燃料デブリ形状および飛散物の可視化を数メートルオーダーの距離で可能とし、ロボットや作業アームへの搭載を鑑みて、小型かつ可搬性に優れた超音波装置を用いたレーザ偏向検出型超音波広帯域3Dイメージングシステムの開発を目的としている。令和6年度は、超音波イメージングシステムのイメージング性能評価および高度化/高速化検討、数値シミュレーション、システム試作と実スケール検証、耐放射線性検証、超音波サブミリ測距システムの構築、LIBSへの超音波サブミリ測距システムの適用、計測システムのバッテリ駆動遠隔化などを行い、本報告書に取りまとめた。,"The Collaborative Laboratories for Advanced Decommissioning Science (CLADS), Japan Atomic Energy Agency (JAEA), has been conducting the Nuclear Energy Science & Technology and Human Resource Development Project (hereafter referred to ""the Project"") from FY2019. The Project aims to contribute to solving problems in the nuclear energy field represented by the decommissioning of the Fukushima Daiichi Nuclear Power Station, Tokyo Electric Power Company Holdings, Inc. (TEPCO). For this purpose, intelligence was collected from all over the world, and basic research and human resource development were promoted by closely integrating/collaborating knowledge and experiences in various fields beyond the barrier of conventional organizations and research fields. The sponsor of the Project was moved from the Ministry of Education, Culture, Sports, Science and Technology to JAEA since the newly adopted proposals in FY2018. On this occasion, JAEA constructed a new research system where JAEA-academia collaboration is reinforced and medium-to-long term research/development and human resource development contributing to the decommissioning are stably and consecutively implemented. Among the adopted proposals in FY2024, this report summarizes the research results of the ""Development of a laser deflection-type ultrasonic wideband 3D imaging system for in-vessel visualization in high-radiation and non-visible environments"" conducted in FY2024. The present study aims to maximize the safety of debris-cutting operations by enabling visualization of in-vessel structures, fuel debris shapes, and scattered particles at distances on the order of several meters, even under dusty and turbid water conditions during work. To achieve this, a compact and portable ultrasonic device suitable for mounting on robots and manipulator arms is employed to develop a laser deflection-type ultrasonic wideband 3D imaging system. In FY2024, the project carried out imaging performance evaluation and studies for the advancement and acceleration of the ultrasonic imaging system, numerical simulations, prototyping and full-scale verification of the system, radiation resistance tests, construction of a submillimeter ultrasonic ranging system, application of the ultrasonic sub-millimeter ranging system to LIBS, as well as battery-powered remote operation of the measurement system. These outcomes are summarized in this report.",Japanese,65 Pages,2026/06,福島第一原子力発電所事故 ; Fukushima Daiichi Nuclear Power Station Accident ; Decommissioning ; 3D Imaging ; High Radiation ; Non-visible Environments ; Laser Deflection,,https://doi.org/10.11484/jaea-review-2026-007,"3d_modeling, computer_vision, robotics_remote",18,"3d, 3d imaging, imaging, remote, robot, visualization, イメージング, ロボット, 可視化, 超音波",高線量かつ不可視環境下での炉内可視化を可能とするレーザ偏向検出型超音波広帯域3Dイメージングシステムの開発(委託研究); 令和6年度英知を結集した原子力科学技術・人材育成推進事業,https://jopss.jaea.go.jp/search/servlet/search?5085491,https://jopss.jaea.go.jp/pdfdata/JAEA-Review-2026-007.pdf
5077474,JAEA-Review 2023-028,3次元線量拡散予測法の確立と 線透過率差を利用した構造体内調査法の開発(委託研究); 令和4年度英知を結集した原子力科学技術・人材育成推進事業,Establishment of 3-D dose dispersion forecasting method and development of in-structure survey using the transparency difference of each line gamma-ray (Contract research); FY2022 Nuclear Energy Science & Technology and Human Resource Development Project,廃炉環境国際共同研究センター; 京都大学*,Collaborative Laboratories for Advanced Decommissioning Science; Kyoto University*,日本原子力研究開発機構(JAEA)廃炉環境国際共同研究センター(CLADS)では、令和4年度英知を結集した原子力科学技術・人材育成推進事業(以下、「本事業」という)を実施している。本事業は、東京電力ホールディングス株式会社福島第一原子力発電所(1F)の廃炉等をはじめとした原子力分野の課題解決に貢献するため、国内外の英知を結集し、様々な分野の知見や経験を、従前の機関や分野の壁を越えて緊密に融合・連携させた基礎的・基盤的研究及び人材育成を推進することを目的としている。平成30年度の新規採択課題から実施主体を文部科学省からJAEAに移行することで、JAEAとアカデミアとの連携を強化し、廃炉に資する中長期的な研究開発・人材育成をより安定的かつ継続的に実施する体制を構築した。本研究は、令和4年度に採択された研究課題のうち、「3次元線量拡散予測法の確立と 線透過率差を利用した構造体内調査法の開発」の令和4年度分の研究成果について取りまとめたものである。我々は核ガンマ線の方向を完全に決定、光学カメラと同じ全単射によるガンマ線画像(線形画像)が測定できる電子飛跡検出型コンプトンカメラ(ETCC)を実現、今年、世界初の銀河拡散ガンマ線の直接観測に成功した。この特徴を生かし平成30年度英知事業に採択された「ガンマ線画像スペクトル分光法による高放射線場環境の画像化による定量的放射能分布解析法」(以下、前研究)では、1F免振棟から炉を含む1km四方を一度に撮像、約100か所のスペクトル測定を一度に実現、空からはスカイシャイン、炉からは662keVガンマ線が明瞭に測定でき、見晴台50 Sv/hでも無遮蔽で撮像に成功した。令和3年度には京都大学複合原子力科学研究所の原子炉建屋内の3次元線量測定を実施し、動作中の原子炉からのガンマ線の3次元撮像に成功した。さらに炉壁から放出された微量な Arのガンマ線(1290keV)を動画で捉え、放射性物質拡散のガンマ線画像モニタリングが可能であることを実証した。本研究は、前研究の成果を基にサブmSv/h環境での3次元汚染物質飛散検知・予測システムの1F内で使用可能な実用化を行う。またETCCのMeV以上のガンマ線撮像能力を生かし透過性の高い Csガンマ線を利用した炉建屋内の3次元透視Cs分布測定法を開発する。,"The Collaborative Laboratories for Advanced Decommissioning Science (CLADS), Japan Atomic Energy Agency (JAEA), had been conducting the Nuclear Energy Science & Technology and Human Resource Development Project (hereafter referred to ""the Project"") in FY2022. The Project aims to contribute to solving problems in the nuclear energy field represented by the decommissioning of the Fukushima Daiichi Nuclear Power Station (1F), Tokyo Electric Power Company Holdings, Inc. (TEPCO). For this purpose, intelligence was collected from all over the world, and basic research and human resource development were promoted by closely integrating/collaborating knowledge and experiences in various fields beyond the barrier of conventional organizations and research fields. The sponsor of the Project was moved from the Ministry of Education, Culture, Sports, Science and Technology to JAEA since the newly adopted proposals in FY2018. On this occasion, JAEA constructed a new research system where JAEA-academia collaboration is reinforced and medium-to-long term research/development and human resource development contributing to the decommissioning are stably and consecutively implemented. Among the adopted proposals in FY2022, this report summarizes the research results of the ""Establishment of 3-D dose dispersion forecasting method and development of in-structure survey using the transparency difference of each line gamma-ray"" conducted in FY2022. We realized an electron track detecting Compton camera (ETCC) that can measure -ray images (linear images) with the bijective projection. In the ""Quantitative analysis of radioactivity distribution by imaging of high radiation field environment using gamma-ray imaging spectroscopy"" (hereinafter referred to as the previous project) adopted in FY2018, the 1 km square area including the reactor buildings was imaged at once.",Japanese,54 Pages,2024/03,福島第一原子力発電所事故 ; Fukushima Daiichi Nuclear Power Station Accident ; g-ray imaging spectroscopy ; 3-D g-ray imaging ; Electron Tracking Compton Camera,,https://doi.org/10.11484/jaea-review-2023-028,"3d_modeling, ar_mapping, computer_vision",18,"3-d, 3次元, ar, camera, imaging, カメラ",3次元線量拡散予測法の確立と 線透過率差を利用した構造体内調査法の開発(委託研究); 令和4年度英知を結集した原子力科学技術・人材育成推進事業,https://jopss.jaea.go.jp/search/servlet/search?5077474,https://jopss.jaea.go.jp/pdfdata/JAEA-Review-2023-028.pdf
5041582,JAEA-Research 2013-018,カメラ画像を用いた三次元図面作成プログラムの開発; 画像マッチング手法の検討と予備評価結果,Development of 3D reconstruction technology using captured images; Study of matching method and preliminary examination,上地 優; 赤井 直紀*; 尾崎 功一*; 伊藤 主税,"Kamiji, Yu; Akai, Naoki*; Ozaki, Koichi*; Ito, Chikara","東京電力福島第一原子力発電所の廃止措置に向けた研究開発として、原子炉格納容器や圧力容器内部の調査技術に係る研究開発が進められている。原子炉内部の状況を把握するためには、内部の画像を取得し、視覚的な理解を図ることは有効であると考えられる。さらに、内部調査画像を用いた三次元図面作成機能を具備することによって、炉内の内部状況を単に画像としてとらえるだけでなく、CADなどのコンピュータ上で取扱い可能な状態へ復元することで、炉内の燃料取出しや構造物除去などの作業計画の策定や手法の検討に資する。そこで、画像を用いた三次元情報取得に必要となる画像間の対応点抽出手法に係る検討を行うとともに、それらを用い実画像に対する予備評価を実施した。その結果、類似テクスチャを多数有する直線的な構造物に対しては、SURFによる対応点探索は改良の必要があり、一方キャニー法によるエッジ検出は安定的に抽出可能であることがわかった。また、画像取得モデルを仮定した計算を実施し、対象のサイズ,距離,要求分解能に対して、必要な機器仕様を数値的に明らかにした。","Preliminary examination of image processing was conducted using existing reactor inside images through a fiber scope in order to confirm applicability of 3D-mapping in a reactor as a part of development of 3D-measurement technology. The Upright SURF (Speeded Up Robust Features) was used to find corresponding points between two captured images. In case of images showing many similar textures or lack of texture, it was difficult to find corresponding points using SURF only. By coupling with a canny algorithm to detect edges of the inside structure, it was found that 3D-structure could be measured for rectilinear objects. Also, image acquisition model was examined in order to clarify camera specs.",Japanese,18 Pages,2013/11,福島第一原子力発電所事故 ; Fukushima Daiichi Nuclear Power Station Accident,,https://doi.org/10.11484/jaea-research-2013-018,"3d_modeling, ar_mapping, computer_vision",18,"3d, camera, image processing, mapping, カメラ, 三次元",カメラ画像を用いた三次元図面作成プログラムの開発; 画像マッチング手法の検討と予備評価結果,https://jopss.jaea.go.jp/search/servlet/search?5041582,https://jopss.jaea.go.jp/pdfdata/JAEA-Research-2013-018.pdf
5085503,JAEA-Review 2026-001,燃料デブリ取り出しに向けた遠隔ロボット-計測技術の統合のための研究教育人材育成(委託研究); 令和6年度英知を結集した原子力科学技術・人材育成推進事業,Research and education for human resource development in integrated remote robot and measurement technologies for fuel debris removal (Contract research); FY2024 Nuclear Energy Science & Technology and Human Resource Development Project,廃炉環境国際共同研究センター; 東京大学*,Collaborative Laboratories for Advanced Decommissioning Science; The University of Tokyo*,日本原子力研究開発機構(JAEA)廃炉環境国際共同研究センター(CLADS)では、令和元年度から英知を結集した原子力科学技術・人材育成推進事業(以下、「本事業」という。)を実施している。本事業は、東京電力ホールディングス株式会社福島第一原子力発電所(1F)の廃炉等をはじめとした原子力分野の課題解決に貢献するため、国内外の英知を結集し、さまざまな分野の知見や経験を従前の機関や分野の壁を越えて緊密に融合・連携させた基礎的・基盤的研究及び人材育成を推進することを目的としている。平成30年度の新規採択課題から実施主体を文部科学省からJAEAに移行することで、JAEAとアカデミアとの連携を強化し、廃炉に資する中長期的な研究開発・人材育成をより安定的かつ継続的に実施する体制を構築した。本研究は、令和6年度に採択された研究課題のうち、「燃料デブリ取り出しに向けた遠隔ロボット-計測技術の統合のための研究教育人材育成」の令和6年度分の研究成果について取りまとめたものである。本研究は、1Fにおける燃料デブリ取り出しに関して、性状把握・キャラクタリゼーションを遠隔で実現するためのロボット技術やセンサ及び放射線計測技術の開発、そして、それらの技術をシステムとして統合できる人材の育成を目指す。また、関連する研究実績や講義等のリソースを再整理することでSEEM学の構築を目指すとともに、実際の教育現場へ展開する。令和6年度の実績としては、過酷環境での放射線計測・センサ技術において、高い放射線耐性が見込める中性子検出器の最適化や放射線の入射イベントを適切に生成できるシミュレータの構築、3次元体積モデル生成のためのローバーの設計・開発を行った。また、取り出し工法に調和した遠隔ロボット技術では、遠隔操作支援のためのシミュレーション及び実機環境の構築と放射線分布推定を実現するためのセンサ構成の検討を行うとともに、運搬機能を備えたモジュール分割型軌道構造体として吊下式多腕型軌道構造体の提案、デブリサンプリングのための軽量化アームの検討、多視点遠隔操縦システム及び軌道計画器に入力するインタフェースを検討した。計測-遠隔ロボット統合技術と実証では、実スケール環境構造モデリングのための画像処理手法の開発や画像データ伝送法の検討、統合DXプラットフォームの開発、センサ・ロボットのモジュール化の基礎検討を行った。そして、廃炉工程を俯瞰した性状把握、キャラクタリゼーションでは、燃料デブリ分布推定に向けた剛体・弾性体解析手法の開発に着手するとともに、気中工法における性状把握・廃棄物管理方針を検討し、ジオポリマーの充填材として適用性を検討した。また、SEEM学の構築では、未知の課題の抽出並びに課題解決方法や高等専門学校におけるSEEM学教育を検討した。,"The Collaborative Laboratories for Advanced Decommissioning Science (CLADS), Japan Atomic Energy Agency (JAEA), has been conducting the Nuclear Energy Science & Technology and Human Resource Development Project (hereafter referred to ""the Project"") from FY2019. The Project aims to contribute to solving problems in the nuclear energy field represented by the decommissioning of the Fukushima Daiichi Nuclear Power Station (1F), Tokyo Electric Power Company Holdings, Inc. (TEPCO). For this purpose, intelligence was collected from all over the world, and basic research and human resource development were promoted by closely integrating/collaborating knowledge and experiences in various fields beyond the barrier of conventional organizations and research fields. The sponsor of the Project was moved from the Ministry of Education, Culture, Sports, Science and Technology to JAEA since the newly adopted proposals in FY2018. On this occasion, JAEA constructed a new research system where JAEA-academia collaboration is reinforced and medium-to-long term research/development and human resource development contributing to the decommissioning are stably and consecutively implemented. Among the adopted proposals in FY2024, this report summarizes the research results of the ""Research and education for human resource development in integrated remote robot and measurement technologies for fuel debris removal"" conducted in FY2024. This research aims to develop robotic technologies, sensors, and radiation measurement techniques to remotely characterize and assess the properties of fuel debris at 1F reactor, and to cultivate personnel capable of integrating these technologies into systems. Furthermore, it seeks to establish SEEM science and deploy it in actual educational settings. Achievements in FY2024 include: optimizing neutron detectors with high radiation resistance ; constructing a simulator capable of appropriately generating radiation incident events; designing and developing a rover for generating 3D volume models; building physical environments for remote operation support; examined sensor configurations for radiation distribution estimation; proposal of a multi-arm orbital structure as a transport-capable modular orbital structure; development of lightweight arms and examined interfaces for multi-view remote control systems and orbital planners; image processing methods for full-scale environmental structure modeling; investigation on image data transmission methods; development of an integrated DX platform; studies on sensor and robot modularization; development of rigid-body and elastic-body analysis methods; characterization and waste management strategies and investigation of the applicability of geopolymers as backfill materials; establishing SEEM education.",Japanese,140 Pages,2026/06,福島第一原子力発電所事故 ; Fukushima Daiichi Nuclear Power Station Accident ; Fuel Debris Retrieval ; Robotic ; Radiation Detection ; Modulation ; Digital Twin ; Qeopolymer ; Education ; System Integration,,https://doi.org/10.11484/jaea-review-2026-001,"3d_modeling, computer_vision, robotics_remote",17,"3d, 3次元, image processing, remote, robot, ロボット, 画像処理, 遠隔操作",燃料デブリ取り出しに向けた遠隔ロボット-計測技術の統合のための研究教育人材育成(委託研究); 令和6年度英知を結集した原子力科学技術・人材育成推進事業,https://jopss.jaea.go.jp/search/servlet/search?5085503,https://jopss.jaea.go.jp/pdfdata/JAEA-Review-2026-001.pdf
5071527,JAEA-Review 2022-011,被災地探査や原子力発電所建屋内情報収集のための半自律ロボットを用いたセマンティックサーベイマップ生成システムの開発(委託研究); 令和2年度英知を結集した原子力科学技術・人材育成推進事業,Development of semantic survey map building system using semi-autonomous mobile robots for surveying of disaster area and gathering of information in nuclear power station (Contract research); FY2020 Nuclear Energy Science & Technology and Human Resource Development Project,廃炉環境国際共同研究センター; 東京工芸大学*,Collaborative Laboratories for Advanced Decommissioning Science; Tokyo Polytechnic University*,日本原子力研究開発機構(JAEA)廃炉環境国際共同研究センター(CLADS)では、令和2年度英知を結集した原子力科学技術・人材育成推進事業(以下、「本事業」という)を実施している。本事業は、東京電力ホールディングス株式会社福島第一原子力発電所の廃炉等をはじめとした原子力分野の課題解決に貢献するため、国内外の英知を結集し、様々な分野の知見や経験を、従前の機関や分野の壁を越えて緊密に融合・連携させた基礎的・基盤的研究及び人材育成を推進することを目的としている。平成30年度の新規採択課題から実施主体を文部科学省からJAEAに移行することで、JAEAとアカデミアとの連携を強化し、廃炉に資する中長期的な研究開発・人材育成をより安定的かつ継続的に実施する体制を構築した。本研究は、研究課題のうち、平成30年度に採択された「被災地探査や原子力発電所建屋内情報収集のための半自律ロボットを用いたセマンティックサーベイマップ生成システムの開発」の平成30年度から令和3年度の研究成果について取りまとめたものである(令和3年度まで契約延長)。本課題は令和3年度が最終年度となるため4年度分の成果を取りまとめた。本研究の目的は、災害時においてヒトの立ち入りが困難となった原子力発電所建屋内などの状況調査を対象に、簡単・安全・迅速に複数種類の情報(空間線量、温度、障害物等)を含んだセマンティックサーベイマップを生成する半自律移動ロボットシステムの研究・開発(カメラシステム、セマンティックSLAM、移動経路学習及び安全な経路提示システム)である。本研究では実験用レスキューロボットを開発し、複数のセンサシステムの搭載や取得したセンサ情報から局所セマンティックマップや広域セマンティックマップを生成するシステム。局所セマンティックマップを用いたロボットの走行経路学習シミュレータの開発も行った。それらのシステムを統合し、半自律移動ロボットシステムを完成させた。,"The Collaborative Laboratories for Advanced Decommissioning Science (CLADS), Japan Atomic Energy Agency (JAEA), had been conducting the Nuclear Energy Science & Technology and Human Resource Development Project (hereafter referred to ""the Project"") in FY2020. The Project aims to contribute to solving problems in the nuclear energy field represented by the decommissioning of the Fukushima Daiichi Nuclear Power Station, Tokyo Electric Power Company Holdings, Inc. (TEPCO). For this purpose, intelligence was collected from all over the world, and basic research and human resource development were promoted by closely integrating/collaborating knowledge and experiences in various fields beyond the barrier of conventional organizations and research fields. The sponsor of the Project was moved from the Ministry of Education, Culture, Sports, Science and Technology to JAEA since the newly adopted proposals in FY2018. On this occasion, JAEA constructed a new research system where JAEA-academia collaboration is reinforced and medium-to-long term research/development and human resource development contributing to the decommissioning are stably and consecutively implemented. Among the adopted proposals in FY2018, this report summarizes the research results of the ""Development of semantic survey map building system using semi-autonomous mobile robots for surveying of disaster area and gathering of information in nuclear power station"" conducted from FY2018 to FY2021 (this contract was extended to FY2021). Since the final year of this proposal was FY2021, the results for four fiscal years were summarized. The present study aims to research and develop semi-autonomous mobile robot systems (multi-sensor fusion system, semantic simultaneous localization and mapping (SLAM), system for traversable-route learning and safe traversable-route presentation, etc.) that simply, safely, and rapidly make semantic survey maps …",Japanese,80 Pages,2022/07,福島第一原子力発電所事故 ; Fukushima Daiichi Nuclear Power Station Accident ; Robot Teleoperation ; Semi-autonomous Mobile Robot ; Sensor Fusion ; SLAM ; Reinforcement Learning ; Semantic Survey Map ; Disaster Area ; Nuclear Power Station,,https://doi.org/10.11484/jaea-review-2022-011,"ar_mapping, computer_vision, robotics_remote",17,"localization, mapping, robot, slam, カメラ, ロボット",被災地探査や原子力発電所建屋内情報収集のための半自律ロボットを用いたセマンティックサーベイマップ生成システムの開発(委託研究); 令和2年度英知を結集した原子力科学技術・人材育成推進事業,https://jopss.jaea.go.jp/search/servlet/search?5071527,https://jopss.jaea.go.jp/pdfdata/JAEA-Review-2022-011.pdf
5067451,JAEA-Review 2019-022,被災地探査や原子力発電所建屋内情報収集のための半自律ロボットを用いたセマンティックサーベイマップ生成システムの開発(委託研究); 平成30年度英知を結集した原子力科学技術・人材育成推進事業,Development of semantic survey map building system using semi-autonomous mobile robots for surveying of disaster area and gathering of information in nuclear power station (Contract research); FY2018 Center of World Intelligence Project for Nuclear Science/Technology and Human Resource Development,廃炉国際共同研究センター; 東京工芸大学*,Collaborative Laboratories for Advanced Decommissioning Science; Tokyo Polytechnic University*,"日本原子力研究開発機構(JAEA)廃炉国際共同研究センター(CLADS)では、平成30年度英知を結集した原子力科学技術・人材育成推進事業(以下、「本事業」という)を実施している。本事業は、東京電力ホールディングス福島第一原子力発電所の廃炉等をはじめとした原子力分野の課題解決に貢献するため、国内外の英知を結集し、様々な分野の知見や経験を、従前の機関や分野の壁を越えて緊密に融合・連携させた基礎的・基盤的研究及び人材育成を推進することを目的としている。平成30年度の新規採択課題から実施主体を文部科学省からJAEAに移行することで、JAEAとアカデミアとの連携を強化し、廃炉に資する中長期的な研究開発・人材育成をより安定的かつ継続的に実施する体制を構築した。本研究は、研究課題のうち、平成30年度「被災地探査や原子力発電所建屋内情報収集のための半自律ロボットを用いたセマンティックサーベイマップ生成システムの開発」について取りまとめたものである。本研究の目的は、災害時においてヒトの立ち入りが困難となった原子力発電所建屋内の状況調査を対象に、簡単・安全・迅速に複数種類の情報(空間線量, 温度, 障害物等)を含んだセマンティックサーベイマップを生成する半自律移動ロボットシステムの研究・開発(カメラシステム, セマンティックSLAM, 移動経路学習及び安全な経路提示システム)である。","CLADS, JAEA, had been conducting the Center of World Intelligence Project for Nuclear Science/Technology and Human Resource Development (hereafter referred to ""the Project"") in FY2018. The Project aims to contribute to solving problems in nuclear energy field represented by the decommissioning of the Fukushima Daiichi Nuclear Power Station, Tokyo Electric Power Company Holdings, Inc. For this purpose, intelligence was collected from all over the world, and basic research and human resource development were promoted by closely integrating/collaborating knowledge and experiences in various fields beyond the barrier of conventional organizations and research fields. The sponsor of the Project was moved from the Ministry of Education, Culture, Sports, Science and Technology to JAEA since the newly adopted proposals in FY2018. On this occasion, JAEA constructed a new research system where JAEA-academia collaboration is reinforced and medium-to-long term research/development and human resource development contributing to the decommissioning are stably and consecutively implemented. Among the adopted proposals in FY2018, this report summarizes the research results of the Development of Semantic Survey Map Building System Using Semi-autonomous Mobile Robots for Surveying of Disaster Area and Gathering of Information in Nuclear Power Station. The objective of the present study is to research and develop semi-autonomous mobile robot systems (multi-sensor fusion system, semantic simultaneous localization and mapping (SLAM), system for traversable-route learning and safe traversable-route presentation, etc.) that simply, safely, and rapidly make semantic survey maps including multiple information (air dose rate, temperature, obstacles, etc.). The system will be applied to the investigation of the situation inside the building of the nuclear power station where people cannot access at the time of disaster.",Japanese,35 Pages,2020/01,Robot teleoperation ; Semi-autonomous mobile robot ; sensor fusion ; SLAM ; reinforcement learning ; Semantic survey map ; Information gathering ; Disaster area ; Nuclear power station ; Fukushima Daiichi Nuclear Power Station Accident ; 福島第一原子力発電所事故,,https://doi.org/10.11484/jaea-review-2019-022,"ar_mapping, computer_vision, robotics_remote",17,"localization, mapping, robot, slam, カメラ, ロボット",被災地探査や原子力発電所建屋内情報収集のための半自律ロボットを用いたセマンティックサーベイマップ生成システムの開発(委託研究); 平成30年度英知を結集した原子力科学技術・人材育成推進事業,https://jopss.jaea.go.jp/search/servlet/search?5067451,https://jopss.jaea.go.jp/pdfdata/JAEA-Review-2019-022.pdf
26991,JAERI-Data/Code 2004-009,ITBL棟における可視化環境とその利用,Visualization environment and its utilization in the ITBL building,安原 裕子*,"Yasuhara, Yuko*","コンピュータで科学技術計算を行った結果出力されるデータを視覚化する可視化技術は、計算科学のうえで非常に重要な技術の一つであり、近年さまざまな可視化ソフトウェアが数多く開発され、利用されている。計算環境の大規模化,高性能化に伴い、データ容量は年々大きくなり、より複雑な現象を扱うことが多くなってきている。数値のみのデータではなく、3次元表示や立体表示を行うことで、現象をより直感的に把握することができ、また理解も深まることから、さらなる研究の発展が期待されている。日本原子力研究所(以下、原研と略す)関西研究所にある、ITBL棟のビジュアリゼーション室には、3面スクリーンのVR(Virtual Reality)システムを始め、簡易VRシステム,Mixed Realityシステム,alchemyといった装置群が設置されており、メガネやヘッドマウントディスプレイを装着することで、簡単にVirtual Realityの世界を体験することが可能である。本報告書では、上記の可視化環境の紹介と、それらの利用状況,今後の課題等について報告を行う。","In recent years, visualization techniques have become more and more important in various fields. Especially in scientific fields, a large amount of numerical output data crucially needs to be changed into visualized form, because computations have grown to larger and larger scales as well as have become more complicated, so that computed results must be intuitively comprehensible by using various visualization techniques like 3D or stereo image construction. In the visualization room in the ITBL building, a 3-screen Virtual Reality system, a Portable Virtual Reality system, a Mixed Reality system, and Visualization tools like alchemy etc. are installed for the above-mentioned use. These devices enable us to easily change numerical data into visualized images of a virtual reality world with the use of eye-glasses or a head-mount-display device. This article describes the visualization environment in the ITBL building, it's use, and the tasks to be solved.",Japanese,31 Pages,2004/12,Visualization Environment ; Virtual Reality ; 3-screen VR System ; Portable VR System ; Mixed Reality System ; Alchemy,,https://doi.org/10.11484/jaeri-data-code-2004-009,"3d_modeling, ar_mapping, computer_vision",17,"3d, 3次元, mixed reality, visualization, 可視化",ITBL棟における可視化環境とその利用,https://jopss.jaea.go.jp/search/servlet/search?26991,https://jopss.jaea.go.jp/pdfdata/JAERI-Data-Code-2004-009.pdf
5081076,JAEA-Review 2025-023,無線UWBとカメラ画像分析を組合せたリアルタイム3D位置測位・組込システムの開発・評価(委託研究); 令和5年度英知を結集した原子力科学技術・人材育成推進事業,Development and evaluation of a real-time 3D positioning embedded system combining wireless UWB and camera image analysis (Contract research); FY2023 Nuclear Energy Science & Technology and Human Resource Development Project,廃炉環境国際共同研究センター; 東海国立大学機構*,Collaborative Laboratories for Advanced Decommissioning Science; Tokai National Higher Education and Research System*,日本原子力研究開発機構(JAEA)廃炉環境国際共同研究センター(CLADS)では、令和5年度英知を結集した原子力科学技術・人材育成推進事業(以下、「本事業」という。)を実施している。本事業は、東京電力ホールディングス株式会社福島第一原子力発電所の廃炉等をはじめとした原子力分野の課題解決に貢献するため、国内外の英知を結集し、様々な分野の知見や経験を従前の機関や分野の壁を越えて緊密に融合・連携させた基礎的・基盤的研究及び人材育成を推進することを目的としている。平成30年度の新規採択課題から実施主体を文部科学省からJAEAに移行することで、JAEAとアカデミアとの連携を強化し、廃炉に資する中長期的な研究開発・人材育成をより安定的かつ継続的に実施する体制を構築した。本研究は、令和4年度に採択された研究課題のうち、「無線UWBとカメラ画像分析を組合せたリアルタイム3D位置測位・組込システムの開発・評価」の令和5年度分の研究成果について取りまとめたものである。本研究は、原子炉建屋内の空間線量計測における人やロボットによる10cm精度未満での簡易リアルタイム3D位置測位を目標とし、最新普及技術である『無線UWB (Ultra Width Band)』と『複数カメラ物体認識』の2種類を組合せた組込システムの実現を目指している。その中で、岐阜大学・福島高専がカメラ撮影機能・カメラ分析機能・無線通信機能を有する組込装置を開発し、それら複数装置を用いて、カメラ画像群の分析に基づくリアルタイム3D位置測位の実現を目指す。また、東京大学・LocationMind(株)が、UWBリアルタイム位置測位技術の原子炉建屋内へ適用を行い、安定性向上技術の開発を試みる。なお、名古屋大学が電磁波吸収材料を使用して、ハード面からの無線UWB安定化の検証を担当し、耐放射線評価はJAEA・福島高専が協力して行う。,"The Collaborative Laboratories for Advanced Decommissioning Science (CLADS), Japan Atomic Energy Agency (JAEA), had been conducting the Nuclear Energy Science & Technology and Human Resource Development Project (hereafter referred to ""the Project"") in FY2023. The Project aims to contribute to solving problems in the nuclear energy field represented by the decommissioning of the Fukushima Daiichi Nuclear Power Station, Tokyo Electric Power Company Holdings, Inc. (TEPCO). For this purpose, intelligence was collected from all over the world, and basic research and human resource development were promoted by closely integrating/collaborating knowledge and experiences in various fields beyond the barrier of conventional organizations and research fields. The sponsor of the Project was moved from the Ministry of Education, Culture, Sports, Science and Technology to JAEA since the newly adopted proposals in FY2018. On this occasion, JAEA constructed a new research system where JAEA-academia collaboration is reinforced and medium-to-long term research/development and human resource development contributing to the decommissioning are stably and consecutively implemented. Among the adopted proposals in FY2022, this report summarizes the research results of the ""Development and evaluation of a real-time 3D positioning embedded system combining wireless UWB and camera image analysis"" conducted in FY2023. The present study aims to realize an embedded system that combines two of the latest popular technologies, ""wireless UWB (Ultra Width Band)"" and ""multi-camera object recognition"" with the goal of simple real-time 3D positioning with less than 10 cm accuracy by a human or robot for measuring air doses in nuclear reactor buildings. In this research, Gifu Univ. and National Institute of Technology, Fukushima College have developed an embedded system with camera shooting function, camera analysis function, and wireless communication function, in order to realize real-time 3D positioning based on the analysis of camera images by using these multiple devices. The Univ. of Tokyo and LocationMind Inc. will apply UWB real-time positioning technology to the inside of nuclear reactor buildings and attempt to develop technology to improve stability. Nagoya Univ. will be in charge of verifying wireless UWB stability from the hardware side by using electromagnetic wave absorbing materials. The radiation resistance evaluation will be conducted in cooperation with the JAEA and National Institute of Technology, Fukushima College.",Japanese,63 Pages,2025/11,福島第一原子力発電所事故 ; Fukushima Daiichi Nuclear Power Station Accident ; 3D Position Estimation ; UWB ; Camera Image Analysis ; Embedded Device,,https://doi.org/10.11484/jaea-review-2025-023,"3d_modeling, computer_vision, robotics_remote",16,"3d, camera, image analysis, robot, カメラ, ロボット, 物体認識",無線UWBとカメラ画像分析を組合せたリアルタイム3D位置測位・組込システムの開発・評価(委託研究); 令和5年度英知を結集した原子力科学技術・人材育成推進事業,https://jopss.jaea.go.jp/search/servlet/search?5081076,https://jopss.jaea.go.jp/pdfdata/JAEA-Review-2025-023.pdf
5081147,JAEA-Review 2025-001,燃料デブリ取り出し時における炉内状況把握のための遠隔技術に関する研究人材育成(委託研究); 令和5年度英知を結集した原子力科学技術・人材育成推進事業,Human resource development related to remote control technology for monitoring inside RPV pedestal during retrieval of fuel debris (Contract research); FY2023 Nuclear Energy Science & Technology and Human Resource Development Project,廃炉環境国際共同研究センター; 東京大学*,Collaborative Laboratories for Advanced Decommissioning Science; The University of Tokyo*,日本原子力研究開発機構(JAEA)廃炉環境国際共同研究センター(CLADS)では、令和5年度英知を結集した原子力科学技術・人材育成推進事業(以下、「本事業」という。)を実施している。本事業は、東京電力ホールディングス株式会社福島第一原子力発電所の廃炉等をはじめとした原子力分野の課題解決に貢献するため、国内外の英知を結集し、様々な分野の知見や経験を、従前の機関や分野の壁を越えて緊密に融合・連携させた基礎的・基盤的研究及び人材育成を推進することを目的としている。平成30年度の新規採択課題から実施主体を文部科学省からJAEAに移行することで、JAEAとアカデミアとの連携を強化し、廃炉に資する中長期的な研究開発・人材育成をより安定的かつ継続的に実施する体制を構築した。本研究は、令和元年度に採択された研究課題のうち、「燃料デブリ取り出し時における炉内状況把握のための遠隔技術に関する研究人材育成」の令和元年度から令和5年度分の研究成果について取りまとめたものである。本研究は、燃料デブリ取り出し時における炉内状況把握のためのモニタリングプラットフォームの構築及びプラットフォーム上を移動するセンサによる計測・可視化に関する研究開発を行う。また、このような研究課題に参画することによる研究教育、講義等の座学、施設見学の3つの柱で研究人材を育成することを目的とする。令和5年度は、各システムの検証とともに、模擬環境においてモニタリングプラットフォーム上の移動カメラから取得された画像を用いて立体復元モデルを生成し、可視化対象に対して最適視点からの映像提示が可能であることを、各研究項目協力のもと統合実験として実施した。,"The Collaborative Laboratories for Advanced Decommissioning Science (CLADS), Japan Atomic Energy Agency (JAEA), had been conducting the Nuclear Energy Science & Technology and Human Resource Development Project (hereafter referred to ""the Project"") in FY2023. The Project aims to contribute to solving problems in the nuclear energy field represented by the decommissioning of the Fukushima Daiichi Nuclear Power Station, Tokyo Electric Power Company Holdings, Inc. (TEPCO). For this purpose, intelligence was collected from all over the world, and basic research and human resource development were promoted by closely integrating/collaborating knowledge and experiences in various fields beyond the barrier of conventional organizations and research fields. The sponsor of the Project was moved from the Ministry of Education, Culture, Sports, Science and Technology to JAEA since the newly adopted proposals in FY2018. On this occasion, JAEA constructed a new research system where JAEA-academia collaboration is reinforced and medium-to-long term research/development and human resource development contributing to the decommissioning are stably and consecutively implemented. Among the adopted proposals in FY2019, this report summarizes the research results of the ""Human resource development related to remote control technology for monitoring inside RPV pedestal during retrieval of fuel debris"" conducted from FY2019 to FY2023. The present study aims to construct a monitoring platform for understanding the status inside a reactor during fuel debris removal, and measurement and visualization by sensors moving on the platform. In addition, to develop research personnel through research education by participating in such research projects, classroom lectures, and facility tours is also a goal of this project. In FY2023, along with the verification of each system, a three-dimensional reconstruction model was generated using images acquired from a moving camera on the monitoring platform in a simulated environment, and an integrated experiment was conducted to demonstrate that it is possible to present images from the optimal viewpoint for the visualization target, with the cooperation of each research theme.",Japanese,94 Pages,2025/06,福島第一原子力発電所事故 ; Fukushima Daiichi Nuclear Power Station Accident ; Monitoring Platform ; Visualization ; Teleoperation ; Radiation Measurement ; 3D Reconstruction,,https://doi.org/10.11484/jaea-review-2025-001,"3d_modeling, computer_vision, robotics_remote",16,"3d, camera, remote, visualization, カメラ, 可視化, 遠隔技術",燃料デブリ取り出し時における炉内状況把握のための遠隔技術に関する研究人材育成(委託研究); 令和5年度英知を結集した原子力科学技術・人材育成推進事業,https://jopss.jaea.go.jp/search/servlet/search?5081147,https://jopss.jaea.go.jp/pdfdata/JAEA-Review-2025-001.pdf
5077478,JAEA-Review 2024-027,無線UWBとカメラ画像分析を組合せたリアルタイム3D位置測位・組込システムの開発・評価(委託研究); 令和4年度英知を結集した原子力科学技術・人材育成推進事業,Development and evaluation of a real-time 3D positioning embedded system combining wireless UWB and camera image analysis (Contract research); FY2022 Nuclear Energy Science & Technology and Human Resource Development Project,廃炉環境国際共同研究センター; 東海国立大学機構*,Collaborative Laboratories for Advanced Decommissioning Science; Tokai National Higher Education and Research System*,日本原子力研究開発機構(JAEA)廃炉環境国際共同研究センター(CLADS)では、令和4年度英知を結集した原子力科学技術・人材育成推進事業(以下、「本事業」という。)を実施している。本事業は、東京電力ホールディングス株式会社福島第一原子力発電所の廃炉等をはじめとした原子力分野の課題解決に貢献するため、国内外の英知を結集し、様々な分野の知見や経験を、従前の機関や分野の壁を越えて緊密に融合・連携させた基礎的・基盤的研究及び人材育成を推進することを目的としている。平成30年度の新規採択課題から実施主体を文部科学省からJAEAに移行することで、JAEAとアカデミアとの連携を強化し、廃炉に資する中長期的な研究開発・人材育成をより安定的かつ継続的に実施する体制を構築した。本研究は、令和4年度に採択された研究課題のうち、「無線UWBとカメラ画像分析を組合せたリアルタイム3D位置測位・組込システムの開発・評価」の令和4年度分の研究成果について取りまとめたものである。本研究は、原子炉建屋内の空間線量計測における人やロボットによる10㎝精度未満での簡易リアルタイム3D位置測位を目標とし、最新普及技術である『無線UWB(Ultra Width Band)』と『複数カメラ物体認識』の2種類を組合せた組込システムの実現を目指している。その中で、岐阜大学・福島高専グループがカメラ撮影機能・カメラ分析機能・無線通信機能を有する組込装置を開発し、それら複数装置用いて、カメラ画像群の分析に基づくリアルタイム3D位置測位の実現を目指す。東京大学・LocationMind(株)グループが、UWBリアルタイム位置測位技術の原子炉建屋内へ適用を行い、安定性向上技術の開発を試みる。なお、名古屋大学グループが電磁波吸収材料を使用し、ハード面からの無線UWB安定化の検証を担当する。そして耐放射線評価は、原科研グループ・福島高専グループが協力して行う。,"The Collaborative Laboratories for Advanced Decommissioning Science (CLADS), Japan Atomic Energy Agency (JAEA), had been conducting the Nuclear Energy Science Technology and Human Resource Development Project (hereafter referred to ""the Project"") in FY2022. The Project aims to contribute to solving problems in the nuclear energy field represented by the decommissioning of the Fukushima Daiichi Nuclear Power Station, Tokyo Electric Power Company Holdings, Inc. (TEPCO). For this purpose, intelligence was collected from all over the world, and basic research and human resource development were promoted by closely integrating/collaborating knowledge and experiences in various fields beyond the barrier of conventional organizations and research fields. The sponsor of the Project was moved from the Ministry of Education, Culture, Sports, Science and Technology to JAEA since the newly adopted proposals in FY2018. On this occasion, JAEA constructed a new research system where JAEA-academia collaboration is reinforced and medium-to-long term research/development and human resource development contributing to the decommissioning are stably and consecutively implemented. Among the adopted proposals in FY2022, this report summarizes the research results of the ""Development and evaluation of a real-time 3D positioning embedded system combining wireless UWB and camera image analysis"" conducted in FY2022. The present study aims to realize an embedded system that combines two of the latest popular technologies, ""wireless UWB (Ultra Width Band)"" and ""multi-camera object recognition,"" with the goal of simple realtime 3D positioning with less than 10 cm accuracy by a human or robot for measuring air doses in nuclear reactor buildings.",Japanese,77 Pages,2024/11,福島第一原子力発電所事故 ; Fukushima Daiichi Nuclear Power Station Accident ; 3D positioning ; UWB ; Object recognition ; Camera image analysis ; Embedded device,,https://doi.org/10.11484/jaea-review-2024-027,"3d_modeling, computer_vision, robotics_remote",16,"3d, camera, image analysis, robot, カメラ, ロボット, 物体認識",無線UWBとカメラ画像分析を組合せたリアルタイム3D位置測位・組込システムの開発・評価(委託研究); 令和4年度英知を結集した原子力科学技術・人材育成推進事業,https://jopss.jaea.go.jp/search/servlet/search?5077478,https://jopss.jaea.go.jp/pdfdata/JAEA-Review-2024-027.pdf
5071481,JAEA-Review 2021-045,拡張型スーパードラゴン多関節ロボットアームによる圧力容器内燃料デブリ調査への挑戦(委託研究); 令和2年度英知を結集した原子力科学技術・人材育成推進事業,Challenge to investigation of fuel debris in RPV by an advanced super dragon articulated robot arm (Contract research); FY2020 Nuclear Energy Science & Technology and Human Resource Development Project,廃炉環境国際共同研究センター; 東京工業大学*,Collaborative Laboratories for Advanced Decommissioning Science; Tokyo Institute of Technology*,日本原子力研究開発機構(JAEA)廃炉環境国際共同研究センター(CLADS)では、令和2年度英知を結集した原子力科学技術・人材育成推進事業(以下、「本事業」という)を実施している。本事業は、東京電力ホールディングス株式会社福島第一原子力発電所の廃炉等をはじめとした原子力分野の課題解決に貢献するため、国内外の英知を結集し、様々な分野の知見や経験を、従前の機関や分野の壁を越えて緊密に融合・連携させた基礎的・基盤的研究及び人材育成を推進することを目的としている。平成30年度の新規採択課題から実施主体を文部科学省からJAEAに移行することで、JAEAとアカデミアとの連携を強化し、廃炉に資する中長期的な研究開発・人材育成をより安定的かつ継続的に実施する体制を構築した。本研究は、研究課題のうち、令和元年度に採択された「拡張型スーパードラゴン多関節ロボットアームによる圧力容器内燃料デブリ調査への挑戦」の令和2年度の研究成果について取りまとめたものである。本研究では、長尺の多関節ロボットアームにより、手先の位置姿勢の制御をしながら、アーム先端部の自己位置を把握しつつ炉内構造物の状況把握を行うとともに、核物質の分布状況把握を行う遠隔探査手法のアームへの実装技術を開発することを目的として、令和2年度は、模擬環境でのロボットアームの基本的動作確認、テレスコピック型多関節アーム試作、アームの構造改良としてのケーブル収納機構試作、駆動ワイヤ仕様の調査・整理、LIBSプローブの改良、マイクロチップレーザーLIBSプローブ試作、簡易型模擬アームでのプローブ可動状況把握、レーザー光焦点深度依存性・レーザー照射角度依存性調査、単一成分系模擬試験体の試作、簡易分光光学系システム改良、超音波センサの耐放射線性評価、アレイ型空中超音波センサ試作・音圧分布-指向性把握、センサ仕様整理、小型超音波送受信系改良、超音波液体適用性評価、SfM技術・超音波計測技術による形状再構成の相互補完技術の基礎開発などを行い、本報告書にとりまとめた。,"The Collaborative Laboratories for Advanced Decommissioning Science (CLADS), Japan Atomic Energy Agency (JAEA), had been conducting the Nuclear Energy Science & Technology and Human Resource Development Project (hereafter referred to ""the Project"") in FY2020. The Project aims to contribute to solving problems in the nuclear energy field represented by the decommissioning of the Fukushima Daiichi Nuclear Power Station, Tokyo Electric Power Company Holdings, Inc. (TEPCO). For this purpose, intelligence was collected from all over the world, and basic research and human resource development were promoted by closely integrating/collaborating knowledge and experiences in various fields beyond the barrier of conventional organizations and research fields. The sponsor of the Project was moved from the Ministry of Education, Culture, Sports, Science and Technology to JAEA since the newly adopted proposals in FY2018. On this occasion, JAEA constructed a new research system where JAEA-academia collaboration is reinforced and medium-to-long term research/development and human resource development contributing to the decommissioning are stably and consecutively implemented. Among the adopted proposals in FY2019, this report summarizes the research results of the ""Challenge to investigation of fuel debris in RPV by an advanced super dragon articulated robot arm"" conducted in FY2020. The present study aims to develop the implementation techniques of the remote sensing method on a robot arm for monitoring the structure status in the reactor and the distribution of nuclear materials by a longarticulated robot arm with controlling and grasping the position and posture of the robot arm hand. In FY 2020, we have conducted fundamental operation check of the robot arm in the simulated environment, prototype construction of telescopic articulated arm and cable storage mechanism, investigation of drive wire specifications, improvement of LIBS probe, prototype construction of microchip laser LIBS probe, probe movement status check in the simple simulated arm, investigation of the dependence of laser beam depth of focus and laser beam angle, prototype fabrication of single component simulated test sample, improvement of simple spectroscopic optical system, evaluation of radiation resistance of ultrasonic sensor, prototype construction of array type air-coupled ultrasonic sensor and sound pressure investigation, improvement of a compact ultrasonic transmitting/receiving system, evaluation of applicability of ultrasonic technologies to liquids, development of complementary technologies for shape reconstruction using SfM and ultrasonic measurement technologies. Finally, we summarized them into this report.",Japanese,65 Pages,2022/01,福島第一原子力発電所事故 ; Fukushima Daiichi Nuclear Power Station Accident ; Robot Arm ; Ultrasound ; SfM ; LIBS ; Remote Sensing,,https://doi.org/10.11484/jaea-review-2021-045,"3d_modeling, ar_mapping, robotics_remote",16,"remote, robot, sfm, ロボット, 位置姿勢, 超音波",拡張型スーパードラゴン多関節ロボットアームによる圧力容器内燃料デブリ調査への挑戦(委託研究); 令和2年度英知を結集した原子力科学技術・人材育成推進事業,https://jopss.jaea.go.jp/search/servlet/search?5071481,https://jopss.jaea.go.jp/pdfdata/JAEA-Review-2021-045.pdf
5069814,JAEA-Review 2020-040,拡張型スーパードラゴン多関節ロボットアームによる圧力容器内燃料デブリ調査への挑戦(委託研究); 令和元年度英知を結集した原子力科学技術・人材育成推進事業,Challenge to investigation of fuel debris in RPV by an advanced super dragon articulated robot arm (Contract research); FY2019 Nuclear Energy Science & Technology and Human Resource Development Project,廃炉環境国際共同研究センター; 東京工業大学*,Collaborative Laboratories for Advanced Decommissioning Science; Tokyo Institute of Technology*,日本原子力研究開発機構(JAEA)廃炉環境国際共同研究センター(CLADS)では、令和元年度英知を結集した原子力科学技術・人材育成推進事業(以下、「本事業」という)を実施している。本事業は、東京電力ホールディングス福島第一原子力発電所の廃炉等をはじめとした原子力分野の課題解決に貢献するため、国内外の英知を結集し、様々な分野の知見や経験を、従前の機関や分野の壁を越えて緊密に融合・連携させた基礎的・基盤的研究及び人材育成を推進することを目的としている。平成30年度の新規採択課題から実施主体を文部科学省からJAEAに移行することで、JAEAとアカデミアとの連携を強化し、廃炉に資する中長期的な研究開発・人材育成をより安定的かつ継続的に実施する体制を構築した。本研究は、研究課題のうち、「拡張型スーパードラゴン多関節ロボットアームによる圧力容器内燃料デブリ調査への挑戦」の令和元年度の研究成果について取りまとめたものである。本研究は、長尺の多関節ロボットアームにより、手先の位置姿勢の制御をしながら、アーム先端部の自己位置を把握しつつ炉内構造物の状況把握を行うとともに、核物質の分布状況把握を行う遠隔探査手法のアームへの実装技術を開発することを目的として、令和元年度は、ロボットアームの設計改良、LIBSプローブの試作・LIBS信号の確認・改良検討、LIBS改良検討のための模擬試験体の試作、超音波センサの開発、小型超音波送受信系の設計・試作、SfM技術・超音波計測技術による形状再構成の課題点の抽出などを行い、本報告書にとりまとめた。,"JAEA/CLADS had been conducting the Nuclear Energy Science & Technology and Human Resource Development Project in FY2019. Among the adopted proposals in FY2019, this report summarizes the research results of the ""Challenge to Investigation of Fuel Debris in RPV by an Advanced Super Dragon Articulated Robot Arm"" conducted in FY2019.",Japanese,55 Pages,2021/01,福島第一原子力発電所事故 ; Fukushima Daiichi Nuclear Power Station Accident ; Robot Arm ; Ultrasound ; SfM ; LIBS ; Remote Sensing,,https://doi.org/10.11484/jaea-review-2020-040,"3d_modeling, ar_mapping, robotics_remote",16,"remote, robot, sfm, ロボット, 位置姿勢, 超音波",拡張型スーパードラゴン多関節ロボットアームによる圧力容器内燃料デブリ調査への挑戦(委託研究); 令和元年度英知を結集した原子力科学技術・人材育成推進事業,https://jopss.jaea.go.jp/search/servlet/search?5069814,https://jopss.jaea.go.jp/pdfdata/JAEA-Review-2020-040.pdf
4055903,PNC TN9410 96-275,Implementation of a Particle Image Velocimetry (PIV) system; An example application of PIV to wake-flows behind objects,粒子画像流速測定(PIV)の実施; 物体後流におけるPIVの適用事例,"Tokuhiro, Akira; 菱田 公一; 大木 義久","Tokuhiro, Akira; Hishida, Koichi; Oki, Yoshihisa","粒子画像流速測定法(PIV)は,流れの中のトレーサー粒子の挙動を画像として記録することにより,流体の流れを測定する技術である。粒子は各フレーム毎に痕跡が記録され,相互相関により,2次元の流速場を得ることが出来る。これにより,3次元の流速場の測定も可能である。この測定法の画像処理にはコンピュータ,CCDカメラ,レーザー光が必要である。レーザーシートは流速場を得るべき面の粒子を発光させるために使用され,粒子と周辺流体とのコントラストを顕著にする。また,トレーサー粒子と流体や流体中を上昇する気泡界面などのレーザー光の反射面をより区別する手法としてレーザー誘起蛍光法(LIF)の適用の考えられる。LIFによる温度場の測定も可能である。本書では,PIVの導入方法について適用事例を通して述べる。適用事例としては,気泡とそれと同等な個体の後流についての試験を行った結果を示す。気泡モデルとして,幅と体積が気泡と同等である個体モデルにより近似できるものとした。この2成分2相流により空間的,時間的に変化する流れに対してのPIVの適用を実証することが出来る。さらに流れ場中の気泡や個体の画像を得るために,赤外線投影法を使用した。レーザーと赤外線の画像をCCDカメラで同時に撮影することにより,流れ場と物体の影を同時に記録できた。2次元流速場と共に,渦度,レイノルズ応力,乱流運動エネルギー(tke)分布を算出した。水による,正方流路内(100mm)対向流(Uavg~0.246m/sec)中に約10mm径の空気泡を入れた試験を行い,次の結果を得た。1)PIVは,気泡とそれと等価な大きさの個体の後方での後流について流れの違いを確認することが出来た。違いは気泡と個体の表面境界条件の違いにより生じるものである。2)気泡後方の後流場は,気泡の振動により空間的,時間的に変化する。すなわち,流速,渦度,乱流運動エネルギー分布は,振動挙動を伴った変化をする。3)気泡は,自分自身の運動によるエネルギー損失を最小にするように振る舞うため,乱流運動エネルギーを後流域に一様に分配するが,個体の場合では,乱流運動エネルギーは個体のごく近傍の制限された領域に分配される。しかしながら,乱流運動エネルギーの値はほぼ同じオーダーであることから,2つのケースでは乱流運動エネルギー散逸のメカニズムが異なっていると推測できる。また,PIVと超音波流速測定法により得られた一部の流速データに関して比較を行った。","Particle Image Velocimetry (PIV) describes a velocity measurement technique for gas and liquid flows whereby, as the name implies, movement of tracer particles in motion with the flow are recorded as images. The particles are framr-to-frame ""tracked by one of several correlation techniques from which a 2D vector field can be generated. A 3D vector field is also possible. The measurement method takes advantage of current computer, CCD camera and laser light technologies for its image processing needs. A laser light sheet is typically used to illuminate the tracer particles in the flow field of interest and when implemented accentuates the constrast between the particle and the transparent medium. One can also apply Laser Induced Fluorescence (LIF) in order to further distinguish the tracer particles, the transparent, continuous medium and any light reflecting surfaces in the flow field such as the interface of a gas bubble rising in a liquid. It is also possible to deduce the temperature field from LIF images. In the present work an introduction to PIV is given by way of an example. The selected flow configuration is that of wake-flow behind a bubble and its solid equivalent. By solid equivalent we mean a solid model with approximately the equivalent bubble breadth and volume. This two-component, two-phase flow aptly demonstrates the applicability of PIV to spatio-temporal flows. Use was additionally made of an Infrared Shadow Technique (IST) in order to capture the unlit image (shadow) of the bubble or solid within the flow field. By triggering both the laser and infrared light sources with the CCD camera, the shape of the object as well as the flow field was simultaneously recorded. Besides the 2D vector field, calculations of the vorticity, Reynolds stress and turbulent kinetic energy ( ) distributions were made. The results indicate that for counter-current flow (U sim$0.245 m/s) of water in a square channel (100 mm) with a single air bubble of ...",English,59 Pages,1996/10,no keyword,,,"3d_modeling, computer_vision, robotics_remote",16,"3d, 3次元, camera, image processing, カメラ, 画像処理, 赤外線, 超音波","画像として記録することにより,流体の流れを測定する技術である。粒子は各フレーム毎に痕跡が記録され,相互相関により,2次元の流速場を得ることが出来る。これにより,3次元の流速場の測定も可能である。この測定法の画像処理にはコンピュータ,CCDカメラ,レーザー光が必要である。レーザーシートは流速場を得るべき面の粒子を発光させるために使用され,粒子と周辺流体とのコントラストを顕著にする。また,トレーサー粒子と流",https://jopss.jaea.go.jp/search/servlet/search?4055903,https://jopss.jaea.go.jp/pdfdata/PNC-TN9410-96-275.pdf
4035275,PNC TN9420 94-017,粒子画像流速測定法に関する研究 -ナトリウム可視化および画像処理法の調査-,Investigations on 3-D velocimetry for liquid sodium flow; Review related to visualization method and image processing,大島 宏之,"Ohshima, Hiroyuki",高速炉炉内熱流動予測評価手法の開発・高度化には、冷却材である液体ナトリウムを用いた流動試験が不可欠であるが、高温かつ不透明というナトリウム環境下において、流況を正確に把握することは現状では非常に困難である。一方、近年コンピュータハードウェアの進歩に伴い、画像処理技術を応用した各種計測手法、特にトレーサを用いて多点の流速を同時に計測する粒子画像流速測定法の研究が盛んに行われている。そこで本研究では、ナトリウム流動に対する新たな流速計測手法の開発を目的として、画像処理を応用した流速場同時計測法に焦点を当て、その成立性・適用性を検討すべく調査を実施した。調査項目と結果は次のとおり。1)液体金属流速測定法の現状とナトリウム多次元流速測定への適用可能性課題が多いが、温度相関法、超音波伝播時間流速計、超音波ドップラー流速計が適用可能性あり。2)ナトリウム流動の可視化(映像化)可能性現状の可視化手法で直接適用し精度を確保できるものはないが、今後手法として確立できる可能性が高いのは超音波技術を応用して映像化するものである。3)粒子画像流速測定法の現状可視化された画像から3次元流速分布を算出する粒子画像流速測定法において、比較的ノイズの大きな画像データからでも精度の高い流速測定が可能である流速ベクトルヒストグラム法が最も有力な手法である。これらの現状調査より今後の研究の方向を、超音波を用いた可視化手法と流速ベクトルヒストグラム法を融合した多次元流速測定システムの構築とする。,"In order to develop the measurement techniques of the three-dimensional velocity distributions for the liquid sodium flow, the present measurement techniques were investigated and surmarized. In the Particle Image Velocimetry (PIV), a flow is visualized and the visualized images are processed to obtain the velocities. If the PIV technique for the sodium flow is developed, the high accurate velocity distributions in the complex sodium flow can be obtained only using simple instruments. At the present status, there exist two large problems to develop the sodium PIV technique. First, the visualization technique for the invisible sodium should be developed. Second, the generic PIV to measure the three-dimensional velocities should be improved. The current visualization techniques for the liquid metal were reviewed, showing few technique to apply the visualization of the sodium flow. However, the Ultra-Sonic visualization will be able to apply to the sodium flow with lots of improvement. The several techniques of the PIV were evaluated to measure the three-dimensional velocities. From the viewpoint of simplicity, applicability and noise-processing, the velocity vector Histogram method is recommended.",Japanese,82 Pages,1994/04,no keyword,,,"3d_modeling, computer_vision, robotics_remote",16,"3-d, 3次元, image processing, visualization, 可視化, 画像処理, 超音波",粒子画像流速測定法に関する研究 -ナトリウム可視化および画像処理法の調査-,https://jopss.jaea.go.jp/search/servlet/search?4035275,https://jopss.jaea.go.jp/pdfdata/PNC-TN9420-94-017.pdf
5077392,JAEA-Review 2024-020,無人航走体を用いた燃料デブリサンプルリターン技術の研究開発(委託研究); 令和4年度英知を結集した原子力科学技術・人材育成推進事業,Research and development of the sample-return technique for fuel debris using the unmanned underwater vehicle (Contract research); FY2022 Nuclear Energy Science & Technology and Human Resource Development Project,廃炉環境国際共同研究センター; 海上・港湾・航空技術研究所*,"Collaborative Laboratories for Advanced Decommissioning Science; National Institute of Maritime, Port and Aviation Technology*",日本原子力研究開発機構(JAEA)廃炉環境国際共同研究センター(CLADS)では、令和4年度英知を結集した原子力科学技術・人材育成推進事業(以下、「本事業」という)を実施している。本事業は、東京電力ホールディングス株式会社福島第一原子力発電所の廃炉等をはじめとした原子力分野の課題解決に貢献するため、国内外の英知を結集し、様々な分野の知見や経験を、従前の機関や分野の壁を越えて緊密に融合・連携させた基礎的・基盤的研究及び人材育成を推進することを目的としている。平成30年度の新規採択課題から実施主体を文部科学省からJAEAに移行することで、JAEAとアカデミアとの連携を強化し、廃炉に資する中長期的な研究開発・人材育成をより安定的かつ継続的に実施する体制を構築した。本研究は、令和2年度に採択された研究課題のうち、「無人航走体を用いた燃料デブリサンプルリターン技術の研究開発」の令和2年度から令和4年度分の研究成果について取りまとめたものである。本研究は、日英共同研究体制の下、耐放射線性を持ちつつ中性子検出効率を向上させた中性子検出器と、強力な切削能と収集能を持ったエンドエフェクタ並びにマニピュレータを融合させた燃料デブリサンプリング装置を開発し、それらを無人航走体へ搭載させた燃料デブリサンプリングシステムを構築することを目指したものである。さらに、システム位置を同定する測位システムと、光学カメラ、ソナー、今回開発する中性子検出器の計数情報を仮想現実システムへ投影させる技術を開発し、遠隔操作技術の向上に貢献する技術開発を行った。日本側が担当した燃料デブリマッピングツールの開発では、1)高耐放射線小型高効率中性子センサの開発、2)UUVプラットホームの開発、3)放射線環境シミュレーション及び積算中性子線量計の特性評価を実施した。実施項目1)ではシリコン半導体検出器に微細構造を施して中性子の感度を上げ、ガンマ線の感度を下げたMSNDの特性評価と専用集積回路を開発し、小型高効率中性子センサを実現した。実施項目2)では、燃料デブリマッピングツール構成要素(中性子センサ、水中カメラ、ソナー、LiDAR)が連動するための通信制御系とUUVプラットホームとのインターフェースを完成させた。,"The Collaborative Laboratories for Advanced Decommissioning Science (CLADS), Japan Atomic Energy Agency (JAEA), had been conducting the Nuclear Energy Science & Technology and Human Resource Development Project (hereafter referred to ""the Project"") in FY2022. The Project aims to contribute to solving problems in the nuclear energy field represented by the decommissioning of the Fukushima Daiichi Nuclear Power Station, Tokyo Electric Power Company Holdings, Inc. (TEPCO). For this purpose, intelligence was collected from all over the world, and basic research and human resource development were promoted by closely integrating/collaborating knowledge and experiences in various fields beyond the barrier of conventional organizations and research fields. The sponsor of the Project was moved from the Ministry of Education, Culture, Sports, Science and Technology to JAEA since the newly adopted proposals in FY2018. On this occasion, JAEA constructed a new research system where JAEA-academia collaboration is reinforced and medium-to-long term research/development and human resource development contributing to the decommissioning are stably and consecutively implemented. Among the adopted proposals in FY2020, this report summarizes the research results of the ""Research and development of the sample-return technique for fuel debris using the unmanned underwater vehicle"" conducted from FY2020 to FY2022. The present study aims to develop a fuel debris sampling device that comprises a neutron detector with radiation resistance and enhanced neutron detection efficiency, an end-effector with powerful cutting and collection capabilities, and a manipulator under the Japan-UK joint research team. We will also develop a fuel debris sampling system that can be mounted on an unmanned vehicle.",Japanese,77 Pages,2024/09,福島第一原子力発電所事故 ; Fukushima Daiichi Nuclear Power Station Accident ; Fuel Debris ; Microstructured Semiconductor Neutron Detector ; End Effector ; Manipulator ; Unmanned Underwater Vehicle ; Virtual Reality ; PHITS ; Bubble Detector,,https://doi.org/10.11484/jaea-review-2024-020,"ar_mapping, computer_vision, robotics_remote",15,"lidar, カメラ, マッピング, 遠隔操作",NDの特性評価と専用集積回路を開発し、小型高効率中性子センサを実現した。実施項目2)では、燃料デブリマッピングツール構成要素(中性子センサ、水中カメラ、ソナー、LiDAR)が連動するための通信制御系とUUVプラットホームとのインターフェースを完成させた。,https://jopss.jaea.go.jp/search/servlet/search?5077392,https://jopss.jaea.go.jp/pdfdata/JAEA-Review-2024-020.pdf
5071532,JAEA-Review 2022-027,ガンマ線画像スペクトル分光法による高放射線場環境の画像化による定量的放射能分布解析法(委託研究); 令和2年度英知を結集した原子力科学技術・人材育成推進事業,Quantitative analysis of radioactivity distribution by imaging of high radiation field environment using gamma-ray imaging spectroscopy (Contract research); FY2020 Nuclear Energy Science & Technology and Human Resource Development Project,廃炉環境国際共同研究センター; 京都大学*,Collaborative Laboratories for Advanced Decommissioning Science; Kyoto University*,日本原子力研究開発機構(JAEA)廃炉環境国際共同研究センター(CLADS)では、令和2年度英知を結集した原子力科学技術・人材育成推進事業(以下、「本事業」という)を実施している。本事業は、東京電力ホールディングス株式会社福島第一原子力発電所(1F)の廃炉等をはじめとした原子力分野の課題解決に貢献するため、国内外の英知を結集し、様々な分野の知見や経験を、従前の機関や分野の壁を越えて緊密に融合・連携させた基礎的・基盤的研究及び人材育成を推進することを目的としている。平成30年度の新規採択課題から実施主体を文部科学省からJAEAに移行することで、JAEAとアカデミアとの連携を強化し、廃炉に資する中長期的な研究開発・人材育成をより安定的かつ継続的に実施する体制を構築した。本研究は、研究課題のうち、平成30年度に採択された「ガンマ線画像スペクトル分光法による高放射線場環境の画像化による定量的放射能分布解析法」の平成30年度から令和3年度の研究成果について取りまとめたものである(令和3年度まで契約延長)。本課題は令和3年度が最終年度となるため4年度分の成果を取りまとめた。本研究では、ガンマ線イメージング装置であるETCCを1F廃炉事業での使用可能な可搬型装置でかつ高線量環境下で動作可能なように改良し、廃炉の現場に導入できるようにした。ETCCは世界初の光学カメラと同じ全単射撮像が可能なガンマ線カメラである。そのためETCCは一般的な定量的画像解析法を放射線にも適用可能とすることが可能で、1Fの廃炉に係る解決すべき6つの重点課題に革新的進展をもたらす。例えば廃炉工事で発生する汚染の飛散を3次元ガンマ線イメージングによりオンラインで検知、さらに拡散の動的な検知から精度の高い拡散予想を可能にする。それを実証するため令和元年に、1F敷地内1㎞四方を一度に画像モニタリングし、同時に100か所以上のスペクトル観測を実現し、今まで不明だったスカイシャインガンマ線スペクトル及び分布の計測に成功した。さらに京都大学複合原子力科学研究所原子炉建屋内の3次元線量計測を実施、微量なAr41の大気拡散を3次元の動画撮像に成功。廃炉を超え一般の原子炉での高精度な放射線3次元画像モニタリング及び放射能拡散予想システムが実現できることを示す画期的な成果が得られた。,"The Collaborative Laboratories for Advanced Decommissioning Science (CLADS), Japan Atomic Energy Agency (JAEA), had been conducting the Nuclear Energy Science & Technology and Human Resource Development Project (hereafter referred to ""the Project"") in FY2020. The Project aims to contribute to solving problems in the nuclear energy field represented by the decommissioning of the Fukushima Daiichi Nuclear Power Station (1F), Tokyo Electric Power Company Holdings, Inc. (TEPCO). For this purpose, intelligence was collected from all over the world, and basic research and human resource development were promoted by closely integrating/collaborating knowledge and experiences in various fields beyond the barrier of conventional organizations and research fields. The sponsor of the Project was moved from the Ministry of Education, Culture, Sports, Science and Technology to JAEA since the newly adopted proposals in FY2018. On this occasion, JAEA constructed a new research system where JAEA-academia collaboration is reinforced and medium-to-long term research/development and human resource development contributing to the decommissioning are stably and consecutively implemented. Among the adopted proposals in FY2018, this report summarizes the research results of the ""Quantitative analysis of radioactivity distribution by imaging of high radiation field environment using gamma-ray imaging spectroscopy"" conducted from FY2018 to FY2021 (this contract was extended to FY2021). Since the final year of this proposal was FY2021, the results for four fiscal years were summarized. In this study, ETCC, a gamma-ray imaging system, was modified to be a portable device that can be used in 1F decommissioning project and can operate in high-dose environments. ETCC is the world's first gamma-ray camera capable of complete bijective imaging, the same as an optical camera. Therefore, ETCC can make general quantitative image analysis methods applicable to radiation, …",Japanese,85 Pages,2022/11,福島第一原子力発電所事故 ; Fukushima Daiichi Nuclear Power Station Accident ; Spectroscopy ; Gamma-ray Imaging ; Compton Camera ; Large Eddy Simulation ; PHITS ; LOHDIM,,https://doi.org/10.11484/jaea-review-2022-027,"3d_modeling, computer_vision, robotics_remote",15,"3次元, camera, image analysis, imaging, イメージング, カメラ, 画像解析",Quantitative analysis of radioactivity distribution by imaging of high radiation field environment using gamma-ray imaging spectroscopy (Contract research); FY2020 Nuclear Energy Sci,https://jopss.jaea.go.jp/search/servlet/search?5071532,https://jopss.jaea.go.jp/pdfdata/JAEA-Review-2022-027.pdf
5069619,JAEA-Review 2020-062,被災地探査や原子力発電所建屋内情報収集のための半自律ロボットを用いたセマンティックサーベイマップ生成システムの開発(委託研究); 令和元年度英知を結集した原子力科学技術・人材育成推進事業,Development of semantic survey map building system using semi-autonomous mobile robots for surveying of disaster area and gathering of information in nuclear power station (Contract research); FY2019 Nuclear Energy Science & Technology and Human Resource Development Project,廃炉環境国際共同研究センター; 東京工芸大学*,Collaborative Laboratories for Advanced Decommissioning Science; Tokyo Polytechnic University*,"日本原子力研究開発機構(JAEA)廃炉環境国際共同研究センター(CLADS)では、令和元年度英知を結集した原子力科学技術・人材育成推進事業(以下、「本事業」という)を実施している。本事業は、東京電力ホールディングス福島第一原子力発電所の廃炉等をはじめとした原子力分野の課題解決に貢献するため、国内外の英知を結集し、様々な分野の知見や経験を、従前の機関や分野の壁を越えて緊密に融合・連携させた基礎的・基盤的研究及び人材育成を推進することを目的としている。平成30年度の新規採択課題から実施主体を文部科学省からJAEAに移行することで、JAEAとアカデミアとの連携を強化し、廃炉に資する中長期的な研究開発・人材育成をより安定的かつ継続的に実施する体制を構築した。本研究は、研究課題のうち、平成30年度に採択された「被災地探査や原子力発電所建屋内情報収集のための半自律ロボットを用いたセマンティックサーベイマップ生成システムの開発」の令和元年度の研究成果について取りまとめたものである。本研究の目的は、災害時においてヒトの立ち入りが困難となった原子力発電所建屋内などの状況調査を対象に、簡単・安全・迅速に複数種類の情報(空間線量,温度,障害物等)を含んだセマンティックサーベイマップを生成する半自律ロボットシステムの研究・開発(カメラシステム,セマンティックSLAM,移動経路学習及び安全な経路提示システム)である。","JAEA/CLADS had been conducting the Nuclear Energy Science & Technology and Human Resource Development Project in FY2019. Among the adopted proposals in FY2018, this report summarizes the research results of the ""Development of Semantic Survey Map Building System using Semi-autonomous Mobile Robots for Surveying of Disaster Area and Gathering of Information in Nuclear Power Station"" conducted in FY2019.",Japanese,47 Pages,2021/01,福島第一原子力発電所事故 ; Fukushima Daiichi Nuclear Power Station Accident ; Robot Teleoperation ; Semi-autonomous Mobile Robot ; Sensor Fusion ; SLAM ; Reinforcement Learning ; Semantic Survey Map ; Information Gathering ; Disaster Area,,https://doi.org/10.11484/jaea-review-2020-062,"ar_mapping, computer_vision, robotics_remote",15,"robot, slam, カメラ, ロボット",被災地探査や原子力発電所建屋内情報収集のための半自律ロボットを用いたセマンティックサーベイマップ生成システムの開発(委託研究); 令和元年度英知を結集した原子力科学技術・人材育成推進事業,https://jopss.jaea.go.jp/search/servlet/search?5069619,https://jopss.jaea.go.jp/pdfdata/JAEA-Review-2020-062.pdf
2075646,JAERI-M 92-112,超音波応用による位置同定方法の基礎実験,Basic experiment on an ultrasonic method of localization,藤井 義雄; 猪俣 新次; 鈴木 勝男; 鈴土 知明; 篠原 慶邦,"Fujii, Yoshio; not registered; Suzuki, Katsuo; Suzudo, Tomoaki; Shinohara, Yoshikuni",本報告は、ビデオカメラが機能できないような原子力施設内の極めて強い放射線環境や、濃い煙のような不透明媒質が充満した室内で作業を行う移動ロボットの位置決めのための、超音波を応用した位置同定方法に関する基礎実験結果について述べている。また、使用した超音波センサの基本的特性・センサ信号処理に使用したシステムの概要、構造化したプログラムの並列処理の方法等についても述べている。本実験の結果、超音波センサの使い方や信号処理の方法によっては十分に高精度な位置同定が可能であることや、高精度で安定数の優れた測定系を構成するためには、それなりの対策が必要であることなどが明らかとなった。今回用いたプロセス並列処理の方法は構造化された複数のプロセス間の同期をとって通信を行う有効な方法であり、他のセンサ信号処理システムを構築する際にも大いに活用できる。,no abstracts in English,Japanese,64 Pages,1992/08,超音波 ; 超音波センサ ; セラミック共振子 ; 超音波送波器 ; 超音波受波器 ; 指向特性 ; セマフォ ; 共有メモリ,,https://doi.org/10.11484/jaeri-m-92-112,"ar_mapping, computer_vision, robotics_remote",15,"localization, カメラ, ロボット, 超音波",超音波応用による位置同定方法の基礎実験,https://jopss.jaea.go.jp/search/servlet/search?2075646,https://jopss.jaea.go.jp/pdfdata/JAERI-M-92-112.pdf
5085119,JAEA-Review 2025-039,大規模イベント等のための核セキュリティ技術開発(共同研究),Development of nuclear security technologies for a large public event (Collaboration research),高橋 時音; 持丸 貴則*; 小泉 光生; 吉見 優希*; 山西 弘城*; 若林 源一郎*; 伊藤 史哲*,"Takahashi, Tone; Mochimaru, Takanori*; Koizumi, Mitsuo; Yoshimi, Yuki*; Yamanishi, Hirokuni*; Wakabayashi, Genichiro*; Ito, Fumiaki*",大規模イベント等において、核・放射性物質を用いたテロ行為を未然に防ぐために、それらの物質を持ち込ませない、あるいは、持ち込まれたとしても迅速に検知し対応するための監視技術の強化が求められている。従来は、イベント会場及びその周辺の要所にゲートモニターを設置し、通過する人や車両等を監視して、不審な物品の持ち込みがないことを確認する手法がとられてきたが、監視をすり抜ける場合を考慮すると、ゲート内のエリアを継続的にサーベイする補完的な技術が必要である。サーベイする領域が広い場合には、移動しながら放射線を測定し、各測定点の放射線量を地図上に記録していく放射線マッピングが有効である。複数の検出器を用いて並行して測定を進め、結果を集約することで、より効率的にサーベイを行うことができる。そこで本技術開発では、屋外で位置情報と放射線を同時に計測できる可搬型検出器を開発し、測定結果をネットワークで集約し、即時にマップ上で確認できる技術の開発を進めた。屋内においては、通過した場所の周辺環境地図を作成するSLAMに放射線測定結果を統合し、3次元地図を作成する技術を開発した。また、核物質を含む中性子源の迅速な検知のために、高速中性子検出器を用いた線源探索技術開発を進めた。本稿では、広域サーベイシステムのコンセプトについて述べるとともに、これまでの技術開発で得られた成果等について報告する。,"To prevent acts of terrorism involving nuclear or radioactive materials at major public events, it is required to have surveillance technologies that either prevent these materials from being brought in or detect quickly if somebody brings them in secretly. Setting radiation gate monitors to survey pedestrians and vehicles is one of the effective methods. However, considering the possibility of individuals bypassing these monitors, complementary technologies are needed to continuously survey areas inside the gates. To survey extensive areas, radiation mapping is effective. By using multiple detectors and aggregating the data, the survey becomes much more efficient. We have developed mobile detectors capable of simultaneously measuring location data and radiation levels outdoors, with the ability to aggregate measurement results via a network and immediately visualize them on a map. For indoor environments, we have developed a technology that integrates radiation measurement results with environmental mapping created using SLAM (Simultaneous Localization and Mapping) to produce 3D maps of the surveyed areas. Additionally, we have been working on the development of a source search technology using a fast neutron detector to quickly detect neutron sources, including nuclear materials. In this report, we describe a concept of the wide area survey system and report technology development results so far.",Japanese,34 Pages,2025/11,Wide Area Monitoring ; Nuclear Security ; Gamma Detector ; Fast Neutron Detection ; Unmanned Vehicle ; Low Power Wide Area ; Radiation Mapping ; Nuclear Material Detection ; Mobile Devices,,https://doi.org/10.11484/jaea-review-2025-039,"3d_modeling, ar_mapping",14,"3d, 3次元, localization, mapping, slam, マッピング",結果をネットワークで集約し、即時にマップ上で確認できる技術の開発を進めた。屋内においては、通過した場所の周辺環境地図を作成するSLAMに放射線測定結果を統合し、3次元地図を作成する技術を開発した。また、核物質を含む中性子源の迅速な検知のために、高速中性子検出器を用いた線源探索技術開発を進めた。本稿では、広域サーベイシステムのコンセプトについて述べるとともに、これまでの技術開発で得られた成果等について報告,https://jopss.jaea.go.jp/search/servlet/search?5085119,https://jopss.jaea.go.jp/pdfdata/JAEA-Review-2025-039.pdf
5077372,JAEA-Review 2023-023,燃料デブリ取り出し時における炉内状況把握のための遠隔技術に関する研究人材育成(委託研究); 令和4年度英知を結集した原子力科学技術・人材育成推進事業,Human resource development related to remote control technology for monitoring inside RPV pedestal during retrieval of fuel debris (Contract research); FY2022 Nuclear Energy Science & Technology and Human Resource Development Project,廃炉環境国際共同研究センター; 東京大学*,Collaborative Laboratories for Advanced Decommissioning Science; The University of Tokyo*,日本原子力研究開発機構(JAEA)廃炉環境国際共同研究センター(CLADS)では、令和4年度英知を結集した原子力科学技術・人材育成推進事業(以下、「本事業」という)を実施している。本事業は、東京電力ホールディングス株式会社福島第一原子力発電所の廃炉等をはじめとした原子力分野の課題解決に貢献するため、国内外の英知を結集し、様々な分野の知見や経験を、従前の機関や分野の壁を越えて緊密に融合・連携させた基礎的・基盤的研究及び人材育成を推進することを目的としている。平成30年度の新規採択課題から実施主体を文部科学省からJAEAに移行することで、JAEAとアカデミアとの連携を強化し、廃炉に資する中長期的な研究開発・人材育成をより安定的かつ継続的に実施する体制を構築した。本研究は、令和元年度に採択された研究課題のうち、「燃料デブリ取り出し時における炉内状況把握のための遠隔技術に関する研究人材育成」の令和4年度分の研究成果について取りまとめたものである。本研究では、燃料デブリ取り出し時における炉内状況把握のためのモニタリングプラットフォームの構築、およびプラットフォーム上を移動するセンサによる計測・可視化に関する研究開発を行う。また、このような研究課題に参画することによる研究教育、講義等の座学、施設見学の3つの柱で研究人材を育成することを目的とする。令和4年度は、最終年度に向けて各システムの改良、拡張を行い、模擬環境などでの検証実験を行った。,"The Collaborative Laboratories for Advanced Decommissioning Science (CLADS), Japan Atomic Energy Agency (JAEA), had been conducting the Nuclear Energy Science & Technology and Human Resource Development Project (hereafter referred to ""the Project"") in FY2022. The Project aims to contribute to solving problems in the nuclear energy field represented by the decommissioning of the Fukushima Daiichi Nuclear Power Station, Tokyo Electric Power Company Holdings, Inc. (TEPCO). For this purpose, intelligence was collected from all over the world, and basic research and human resource development were promoted by closely integrating/collaborating knowledge and experiences in various fields beyond the barrier of conventional organizations and research fields. The sponsor of the Project was moved from the Ministry of Education, Culture, Sports, Science and Technology to JAEA since the newly adopted proposals in FY2018. On this occasion, JAEA constructed a new research system where JAEA-academia collaboration is reinforced and medium-to-long term research/development and human resource development contributing to the decommissioning are stably and consecutively implemented. Among the adopted proposals in FY2019, this report summarizes the research results of the ""Human Resource Development Related to Remote Control Technology for Monitoring Inside RPV Pedestal during Retrieval of Fuel Debris"" conducted in FY2022. The present study aims to construct a monitoring platform for understanding the status inside a reactor during fuel debris removal, and measurement and visualization by sensors moving on the platform. In addition, to develop research personnel through research education by participating in such research projects, classroom lectures, and facility tours is also a goal of this project. In FY2022, each system was improved and expanded toward the final year, and verification experiments were conducted in simulated environments.",Japanese,99 Pages,2024/03,福島第一原子力発電所事故 ; Fukushima Daiichi Nuclear Power Station Accident ; Monitoring Platform ; Visualization ; Teleoperation ; Radiation Measurement ; 3D Reconstruction,,https://doi.org/10.11484/jaea-review-2023-023,"3d_modeling, computer_vision, robotics_remote",14,"3d, remote, visualization, 可視化, 遠隔技術",燃料デブリ取り出し時における炉内状況把握のための遠隔技術に関する研究人材育成(委託研究); 令和4年度英知を結集した原子力科学技術・人材育成推進事業,https://jopss.jaea.go.jp/search/servlet/search?5077372,https://jopss.jaea.go.jp/pdfdata/JAEA-Review-2023-023.pdf
5073943,JAEA-Review 2022-032,燃料デブリ取り出し時における炉内状況把握のための遠隔技術に関する研究人材育成(委託研究); 令和3年度英知を結集した原子力科学技術・人材育成推進事業,Human resource development related to remote control technology for monitoring inside RPV pedestal during retrieval of fuel debris (Contract research); FY2021 Nuclear Energy Science & Technology and Human Resource Development Project,廃炉環境国際共同研究センター; 東京大学*,Collaborative Laboratories for Advanced Decommissioning Science; The University of Tokyo*,日本原子力研究開発機構(JAEA)廃炉環境国際共同研究センター(CLADS)では、令和3年度英知を結集した原子力科学技術・人材育成推進事業(以下、「本事業」という)を実施している。本事業は、東京電力ホールディングス株式会社福島第一原子力発電所の廃炉等を始めとした原子力分野の課題解決に貢献するため、国内外の英知を結集し、様々な分野の知見や経験を、従前の機関や分野の壁を越えて緊密に融合・連携させた基礎的・基盤的研究及び人材育成を推進することを目的としている。平成30年度の新規採択課題から実施主体を文部科学省からJAEAに移行することで、JAEAとアカデミアとの連携を強化し、廃炉に資する中長期的な研究開発・人材育成をより安定的かつ継続的に実施する体制を構築した。本研究は、研究課題のうち、令和元年度に採択された「燃料デブリ取り出し時における炉内状況把握のための遠隔技術に関する研究人材育成」の令和3年度の研究成果について取りまとめたものである。本研究は、燃料デブリ取り出し時における炉内状況把握のためのモニタリングプラットフォームの構築、およびプラットフォーム上を移動するセンサによる計測・可視化に関する研究開発を行う。また、このような研究課題に参画することによる研究教育、講義等の座学、施設見学の3つの柱で研究人材を育成することを目的とする。令和3年度は、主に令和2年度に取り組んだ基本設計および要素開発の改良に取り組むとともに、統合実験の準備を行った。,"The Collaborative Laboratories for Advanced Decommissioning Science (CLADS), Japan Atomic Energy Agency (JAEA), had been conducting the Nuclear Energy Science & Technology and Human Resource Development Project (hereafter referred to ""the Project"") in FY2021. The Project aims to contribute to solving problems in the nuclear energy field represented by the decommissioning of the Fukushima Daiichi Nuclear Power Station, Tokyo Electric Power Company Holdings, Inc. (TEPCO). For this purpose, intelligence was collected from all over the world, and basic research and human resource development were promoted by closely integrating/collaborating knowledge and experiences in various fields beyond the barrier of conventional organizations and research fields. The sponsor of the Project was moved from the Ministry of Education, Culture, Sports, Science and Technology to JAEA since the newly adopted proposals in FY2018. On this occasion, JAEA constructed a new research system where JAEA-academia collaboration is reinforced and medium-to-long term research/development and human resource development contributing to the decommissioning are stably and consecutively implemented. Among the adopted proposals in FY2019, this report summarizes the research results of the ""Human resource development related to remote control technology for monitoring inside RPV pedestal during retrieval of fuel debris"" conducted in FY2021. The present study aims to construct a monitoring platform for understanding the status inside a reactor during fuel debris removal, and measurement and visualization by sensors moving on the platform. In addition, to develop research personnel through research education by participating in such research projects, classroom lectures, and facility tours is also a goal of this project. In FY2021, we mainly worked on improving the base design and technology development that we had worked on in the previous year, and we also prepared for integration experiments.",Japanese,102 Pages,2022/12,福島第一原子力発電所事故 ; Fukushima Daiichi Nuclear Power Station Accident ; Monitoring Platform ; Visualization ; Teleoperation ; Radiation Measurement ; 3D Reconstruction,,https://doi.org/10.11484/jaea-review-2022-032,"3d_modeling, computer_vision, robotics_remote",14,"3d, remote, visualization, 可視化, 遠隔技術",燃料デブリ取り出し時における炉内状況把握のための遠隔技術に関する研究人材育成(委託研究); 令和3年度英知を結集した原子力科学技術・人材育成推進事業,https://jopss.jaea.go.jp/search/servlet/search?5073943,https://jopss.jaea.go.jp/pdfdata/JAEA-Review-2022-032.pdf
5071488,JAEA-Review 2021-030,燃料デブリ取り出し時における炉内状況把握のための遠隔技術に関する研究人材育成(委託研究); 令和2年度英知を結集した原子力科学技術・人材育成推進事業,Human resource development related to remote control technology for monitoring inside RPV pedestal during retrieval of fuel debris (Contract research); FY2020 Nuclear Energy Science & Technology and Human Resource Development Project,廃炉環境国際共同研究センター; 東京大学*,Collaborative Laboratories for Advanced Decommissioning Science; The University of Tokyo*,日本原子力研究開発機構(JAEA)廃炉環境国際共同研究センター(CLADS)では、令和2年度英知を結集した原子力科学技術・人材育成推進事業(以下、「本事業」という)を実施している。本事業は、東京電力ホールディングス株式会社福島第一原子力発電所の廃炉等をはじめとした原子力分野の課題解決に貢献するため、国内外の英知を結集し、様々な分野の知見や経験を、従前の機関や分野の壁を越えて緊密に融合・連携させた基礎的・基盤的研究及び人材育成を推進することを目的としている。平成30年度の新規採択課題から実施主体を文部科学省からJAEAに移行することで、JAEAとアカデミアとの連携を強化し、廃炉に資する中長期的な研究開発・人材育成をより安定的かつ継続的に実施する体制を構築した。本研究は、研究課題のうち、令和元年度に採択された「燃料デブリ取り出し時における炉内状況把握のための遠隔技術に関する研究人材育成」の令和2年度の研究成果について取りまとめたものである。本研究では、燃料デブリ取り出し時における炉内状況把握のためのモニタリングプラットフォームの構築、およびプラットフォーム上を移動するセンサによる計測・可視化に関する研究開発を行う。また、このような研究課題に参画することによる研究教育、講義等の座学、施設見学、の3つの柱で研究人材を育成することを目的とする。令和2年度は、主に基本設計および要素開発に取り組んだ。,"The Collaborative Laboratories for Advanced Decommissioning Science (CLADS), Japan Atomic Energy Agency (JAEA), had been conducting the Nuclear Energy Science & Technology and Human Resource Development Project (hereafter referred to ""the Project"") in FY2020. The Project aims to contribute to solving problems in the nuclear energy field represented by the decommissioning of the Fukushima Daiichi Nuclear Power Station, Tokyo Electric Power Company Holdings, Inc. (TEPCO). For this purpose, intelligence was collected from all over the world, and basic research and human resource development were promoted by closely integrating/collaborating knowledge and experiences in various fields beyond the barrier of conventional organizations and research fields. The sponsor of the Project was moved from the Ministry of Education, Culture, Sports, Science and Technology to JAEA since the newly adopted proposals in FY2018. On this occasion, JAEA constructed a new research system where JAEA-academia collaboration is reinforced and medium-to-long term research/development and human resource development contributing to the decommissioning are stably and consecutively implemented. Among the adopted proposals in FY2019, this report summarizes the research results of the ""Human resource development related to remote control technology for monitoring inside RPV pedestal during retrieval of fuel debris"" conducted in FY2020. This study deals with construction of a monitoring platform for understanding the status inside a reactor during fuel debris removal, and measurement and visualization by sensors moving on the platform. In addition, to develop research personnel through research education by participating in such research projects, classroom lectures, and facility tours is also a goal of this project. In FY2020, the main activities were base design and underlying technology development.",Japanese,79 Pages,2021/12,福島第一原子力発電所事故 ; Fukushima Daiichi Nuclear Power Station Accident ; Monitoring Platform ; Visualization ; Teleoperation ; Radiation Measurement ; 3D Reconstruction,,https://doi.org/10.11484/jaea-review-2021-030,"3d_modeling, computer_vision, robotics_remote",14,"3d, remote, visualization, 可視化, 遠隔技術",燃料デブリ取り出し時における炉内状況把握のための遠隔技術に関する研究人材育成(委託研究); 令和2年度英知を結集した原子力科学技術・人材育成推進事業,https://jopss.jaea.go.jp/search/servlet/search?5071488,https://jopss.jaea.go.jp/pdfdata/JAEA-Review-2021-030.pdf
5069847,JAEA-Review 2020-028,燃料デブリ取り出し時における炉内状況把握のための遠隔技術に関する研究人材育成(委託研究); 令和元年度英知を結集した原子力科学技術・人材育成推進事業,Human resource development related to remote control technology for monitoring inside RPV pedestal during retrieval of fuel debris (Contract research); FY2019 Nuclear Energy Science & Technology and Human Resource Development Project,廃炉環境国際共同研究センター; 東京大学*,Collaborative Laboratories for Advanced Decommissioning Science; The University of Tokyo*,"日本原子力研究開発機構(JAEA)廃炉環境国際共同研究センター(CLADS)では、令和元年度英知を結集した原子力科学技術・人材育成推進事業(以下、「本事業」という)を実施している。本事業は、東京電力ホールディングス福島第一原子力発電所の廃炉等をはじめとした原子力分野の課題解決に貢献するため、国内外の英知を結集し、様々な分野の知見や経験を、従前の機関や分野の壁を越えて緊密に融合・連携させた基礎的・基盤的研究及び人材育成を推進することを目的としている。平成30年度の新規採択課題から実施主体を文部科学省からJAEAに移行することで、JAEA とアカデミアとの連携を強化し、廃炉に資する中長期的な研究開発・人材育成をより安定的かつ継続的に実施する体制を構築した。本研究は、研究課題のうち、「燃料デブリ取り出し時における炉内状況把握のための遠隔技術に関する研究人材育成」の令和元年度の研究成果について取りまとめたものである。本研究では、燃料デブリ取り出し時における炉内状況把握のためのモニタリングプラットフォームの構築、およびプラットフォーム上を移動するセンサによる計測・可視化に関する研究開発を行う。また、このような研究課題に参画することによる研究教育,講義等の座学,施設見学、の3つの柱で研究人材を育成することを目的とする。令和元年度は、主に概念設計,試作,コンセプト立案を行った。","The Collaborative Laboratories for Advanced Decommissioning Science (CLADS), Japan Atomic Energy Agency (JAEA), had been conducting the Nuclear Energy Science & Technology and Human Resource Development Project (hereafter referred to ""the Project"") in FY2019. The Project aims to contribute to solving problems in the nuclear energy field represented by the decommissioning of the Fukushima Daiichi Nuclear Power Station, Tokyo Electric Power Company Holdings, Inc. (TEPCO). For this purpose, intelligence was collected from all over the world, and basic research and human resource development were promoted by closely integrating/collaborating knowledge and experiences in various fields beyond the barrier of conventional organizations and research fields. The sponsor of the Project was moved from the Ministry of Education, Culture, Sports, Science and Technology to JAEA since the newly adopted proposals in FY2018. On this occasion, JAEA constructed a new research system where JAEA-academia collaboration is reinforced and medium-to-long term research/development and human resource development contributing to the decommissioning are stably and consecutively implemented. Among the adopted proposals in FY2019, this report summarizes the research results of the ""Human Resource Development Related to Remote Control Technology for Monitoring Inside RPV Pedestal during Retrieval of Fuel Debris"". This study deals with construction of a monitoring platform for understanding the status inside a reactor during fuel debris removal, and measurement and visualization by sensors moving on the platform. In addition, to develop research personnel through research education by participating in such research projects, classroom lectures, and facility tours is also a goal of this project. In FY2019, the main activities were conceptual design, prototyping, and conceptual planning.",Japanese,68 Pages,2021/01,福島第一原子力発電所事故 ; Fukushima Daiichi Nuclear Power Station Accident ; Monitoring Platform ; Visualization ; Teleoperation ; Radiation Measurement ; 3D Reconstruction,,https://doi.org/10.11484/jaea-review-2020-028,"3d_modeling, computer_vision, robotics_remote",14,"3d, remote, visualization, 可視化, 遠隔技術",燃料デブリ取り出し時における炉内状況把握のための遠隔技術に関する研究人材育成(委託研究); 令和元年度英知を結集した原子力科学技術・人材育成推進事業,https://jopss.jaea.go.jp/search/servlet/search?5069847,https://jopss.jaea.go.jp/pdfdata/JAEA-Review-2020-028.pdf
5069757,JAEA-Review 2020-044,ガンマ線画像スペクトル分光法による高放射線場環境の画像化による定量的放射能分布解析法(委託研究); 令和元年度英知を結集した原子力科学技術・人材育成推進事業,Quantitative analysis of radioactivity distribution by imaging of high radiation field environment using gamma-ray imaging spectroscopy (Contract research); FY2019 Nuclear Energy Science & Technology and Human Resource Development Project,廃炉環境国際共同研究センター; 京都大学*,Collaborative Laboratories for Advanced Decommissioning Science; Kyoto University*,日本原子力研究開発機構(JAEA)廃炉環境国際共同研究センター(CLADS)では、令和元年度英知を結集した原子力科学技術・人材育成推進事業(以下、「本事業」という)を実施している。本事業は、東京電力ホールディングス福島第一原子力発電所の廃炉等をはじめとした原子力分野の課題解決に貢献するため、国内外の英知を結集し、様々な分野の知見や経験を、従前の機関や分野の壁を越えて緊密に融合・連携させた基礎的・基盤的研究及び人材育成を推進することを目的としている。平成30年度の新規採択課題から実施主体を文部科学省からJAEAに移行することで、JAEAとアカデミアとの連携を強化し、廃炉に資する中長期的な研究開発・人材育成をより安定的かつ継続的に実施する体制を構築した。本研究は、研究課題のうち、平成30年度に採択された「ガンマ線画像スペクトル分光法による高放射線場環境の画像化による定量的放射能分布解析法」の令和元年度の研究成果について取りまとめたものである。本研究では、ガンマ線イメージング装置であるETCCを高線量環境下で動作可能に改良するとともに、可搬型システムを構築して、福島第一原子力発電所(1F)の現場に導入できるようにする。また、ETCCを応用した定量的放射能分布解析法を開発し組み合わせることで、1Fの廃炉に係る解決すべき6つの重点課題に革新的な進歩をもたらす。これにより、3次元放射線分布、その由来の放射能分布を定量的に可視化できるシステムを実現させる。,"The Collaborative Laboratories for Advanced Decommissioning Science (CLADS), Japan Atomic Energy Agency (JAEA), had been conducting the Nuclear Energy Science & Technology and Human Resource Development Project (hereafter referred to ""the Project"") in FY2019. The Project aims to contribute to solving problems in the nuclear energy field represented by the decommissioning of the Fukushima Daiichi Nuclear Power Station, Tokyo Electric Power Company Holdings, Inc. (TEPCO). For this purpose, intelligence was collected from all over the world, and basic research and human resource development were promoted by closely integrating/collaborating knowledge and experiences in various fields beyond the barrier of conventional organizations and research fields. The sponsor of the Project was moved from the Ministry of Education, Culture, Sports, Science and Technology to JAEA since the newly adopted proposals in FY2018. On this occasion, JAEA constructed a new research system where JAEA-academia collaboration is reinforced and medium-to-long term research/development and human resource development contributing to the decommissioning are stably and consecutively implemented. Among the adopted proposals in FY2018, this report summarizes the research results of the ""Quantitative analysis of radioactivity distribution by imaging of high radiation field environment using gamma-ray imaging spectroscopy"" Conducted in FY2019. In this study, a gamma-ray imaging detector, ETCC, will be improved to operate under high dose conditions, and a portable system will be constructed to be installed in the Fukushima Daiichi Nuclear PowerStation (1F). In addition, the development and combination of ETCC-based quantitative radioactivity distribution analysis methods will lead to innovative advances in the six key issues to be solved for the decommissioning of the 1F. This system will enable us to quantitatively visualize the three-dimensional radiation distribution and its origin.",Japanese,79 Pages,2021/01,福島第一原子力発電所事故 ; Fukushima Daiichi Nuclear Power Station Accident ; Spectroscopy ; Gamma-ray Imaging ; Compton Camera ; Large Eddy Simulation ; PHITS ; LOHDIM,,https://doi.org/10.11484/jaea-review-2020-044,"3d_modeling, computer_vision, robotics_remote",14,"3次元, camera, imaging, イメージング, 可視化",Quantitative analysis of radioactivity distribution by imaging of high radiation field environment using gamma-ray imaging spectroscopy (Contract research); FY2019 Nuclear Energy Sci,https://jopss.jaea.go.jp/search/servlet/search?5069757,https://jopss.jaea.go.jp/pdfdata/JAEA-Review-2020-044.pdf
4037045,JNC TN9410 2001-028,レーザ除染技術の開発(7) -レーザ除染後の汚染分析確認試験-,Development of laser decontamination technique (VII); The pollution distribution check examination of the test piece after laser decontamination,小川 竜一郎; 福井 康太; 吉澤 俊司; 谷本 健一,"not registered; Fukui, Yasutaka; not registered; Tanimoto, Kenichi",物質表面にレーザ光線を照射することにより、表面を急速に加熱して、溶融、蒸散させることが出来る。このプロセスを利用して汚染された機器表面の除染を行うレーザ除染技術を開発している。これまでに、 ノーマルパルスYAGレーザによる除染試験を実施した結果、150 m以上表面層を研磨しても、放射性核種が残留していることがわかった。このために、レーザ除染時の溶融によって放射性核種が金属中に残留している深さを確認するため、 ノーマルパルスYAGレーザを照射した金属片を用いて試験を行った。試験結果は以下のとおりである。1)マイクロスコープによる試験片の表面観察では、凹凸の幅は200 500 であった。また、溶融の際に生じたドロスの再付着による物と思われる付着物が存在していた。 2)蛍光X線分析装置を用いた金属組成分析では、アシストガスにAirを用いた試験片にCrの偏析が観察された。アシストガスにArを用いた試験片には偏析は観察されていない。3)イメージングプレート、オートラジオグラフィによる試験へのの観察では、明確な分析は確認できなかった。しかし、放射性核種は約500 m以下の表面のごく一部の範囲に存在していることは観察できた。4)試験片の段階研磨とGe測定器による放射線量測定試験からは、アシストガスにArを用いた試験片では120 m、アシストガスにAirを用いた試験片では、300 m深さまで汚染が取り込まれていることが確認できた。,"On irradiating laser ray to surface of metal, the surface is rapidly heated, melted, and evaporated. Laser decontamination technique has been developed by using the transpire process to radionuclides contaminated machine surface. The decontamination experiments using normal pulse YAG laser and hot sample were carried out. In the experiments, it was understood that even if the surface is ground by 150 m or more, radioactivities could not be completely removed. 0n this account, for the purpose of study the depth where a radioactivities merges in the metal by the laser irradiation, surveys using the hot test specimen were per拓rmed. Results are as follows. (1) Observation of topographic profile suggested that the depth of irregularity by laser irradiation were from 200 m to 500 m, and there were crud on the surface, which seems reattached melting crud by laser irradiation. (2) Metallic composition analysis with fluorescent X-ray analysis device suggested that there was the segregation of Cr in the test specimen that used Air for the assistance gas, and there were not the segregation that used Ar for the assistance gas. (3) The radioactivity analysis of the test specimen that uses the imaging plate and the radio autograph could not clear the distribution of radioactivities. However, it could be confirmed that a radioactive nuclide exited in a range of 500 m or less. (4) Grounding the test specimen and measurement of the doses of radiation with Ge measuring tool suggested that there were radioactivities up to the depth of 300 m in the test specimen which used Air for the assistance gas, and 120 m in the test specimen which used Ar for the assistance gas.",Japanese,62 Pages,2001/12,no keyword,,,"ar_mapping, computer_vision, robotics_remote",14,"ar, imaging, イメージング",よる物と思われる付着物が存在していた。 2)蛍光X線分析装置を用いた金属組成分析では、アシストガスにAirを用いた試験片にCrの偏析が観察された。アシストガスにArを用いた試験片には偏析は観察されていない。3)イメージングプレート、オートラジオグラフィによる試験へのの観察では、明確な分析は確認できなかった。しかし、放射性核種は約500 m以下の表面のごく一部の範囲に存在していることは観察できた。4)試,https://jopss.jaea.go.jp/search/servlet/search?4037045,https://jopss.jaea.go.jp/pdfdata/JNC-TN9410-2001-028.pdf
5081083,JAEA-Review 2025-020,3次元線量拡散予測法の確立と 線透過率差を利用した構造体内調査法の開発(委託研究); 令和5年度英知を結集した原子力科学技術・人材育成推進事業,Establishment of 3-D dose dispersion forecasting method and development of in-structure survey using the transparency difference of each line gamma-ray (Contract research); FY2023 Nuclear Energy Science & Technology and Human Resource Development Project,廃炉環境国際共同研究センター; 京都大学*,Collaborative Laboratories for Advanced Decommissioning Science; Kyoto University*,日本原子力研究開発機構(JAEA)廃炉環境国際共同研究センター(CLADS)では、令和5年度英知を結集した原子力科学技術・人材育成推進事業(以下、「本事業」という。)を実施している。本事業は、東京電力ホールディングス株式会社福島第一原子力発電所(1F)の廃炉等をはじめとした原子力分野の課題解決に貢献するため、国内外の英知を結集し、様々な分野の知見や経験を従前の機関や分野の壁を越えて緊密に融合・連携させた基礎的・基盤的研究及び人材育成を推進することを目的としている。平成30年度の新規採択課題から実施主体を文部科学省からJAEAに移行することで、JAEAとアカデミアとの連携を強化し、廃炉に資する中長期的な研究開発・人材育成をより安定的かつ継続的に実施する体制を構築した。本研究は、令和4年度に採択された研究課題のうち、「3次元線量拡散予測法の確立と 線透過率差を利用した構造体内調査法の開発」の令和5年度分の研究成果について取りまとめたものである。我々は核ガンマ線の方向を完全に決定し、光学カメラと同じ全単射によるガンマ線画像(線形画像)が測定できる電子飛跡検出型コンプトンカメラ(ETCC)を実現、今までに世界初の銀河拡散ガンマ線の直接観測及び1Fでは1 3号炉建屋群を含む1km四方の撮像による約100か所のスペクトル同時測定と敷地全体を覆うスカイシャインの撮像にも成功し、さらには京都大学複合原子力科学研究所の原子炉建屋内の3次元線量測定などの革新的な成果を出してきた。本研究は前研究の成果を基に、(1)サブmSv/h環境での3次元放射性物質飛散検知・予測システムの構築、(2)ETCCのMeV以上のガンマ線撮像能力を生かし透過性の高い Csガンマ線を利用した炉建屋内の3次元透視Cs分布測定法を開発及び1Fの炉建屋周辺からの測定、(3)数mSv/hでの動作を実現し、炉建屋内で同測定法の開発を行う。そのために令和5年度は、シミュレーションに基づくサブmSv環境での軽量遮蔽設計手法の開発及びETCCへの遮蔽を搭載した。同時にJAEAのFRS施設で高線量場を用いて、(1)の遮蔽能力の検証、同時にETCCデータ収集系、画像処理系の検証実験を行う。その結果を反映した改善をETCCに施した後、令和6年3月に1F内の炉建屋群全体を異なる2方向から測定する3次元線量測定を実施した。この測定でETCCの能力の検証と1F全域の3次元線量分布を今後求めていく。また、ETCCで炉建屋を数方向から計測を行い、建屋内部線量のCTスキャンの可能性をシミュレーションで検証、4方向から測定で複数のホットスポットの分布が求められる可能性が出てきた。,"The Collaborative Laboratories for Advanced Decommissioning Science (CLADS), Japan Atomic Energy Agency (JAEA), had been conducting the Nuclear Energy Science & Technology and Human Resource Development Project (hereafter referred to ""the Project"") in FY2023. The Project aims to contribute to solving problems in the nuclear energy field represented by the decommissioning of the Fukushima Daiichi Nuclear Power Station (1F), Tokyo Electric Power Company Holdings, Inc. (TEPCO). For this purpose, intelligence was collected from all over the world, and basic research and human resource development were promoted by closely integrating/collaborating knowledge and experiences in various fields beyond the barrier of conventional organizations and research fields. The sponsor of the Project was moved from the Ministry of Education, Culture, Sports, Science and Technology to JAEA since the newly adopted proposals in FY2018. On this occasion, JAEA constructed a new research system where JAEA-academia collaboration is reinforced and medium-to-long term research/development and human resource development contributing to the decommissioning are stably and consecutively implemented. Among the adopted proposals in FY2022, this report summarizes the research results of the ""Establishment of 3-D dose dispersion forecasting method and development of in-structure survey using the transparency difference of each line gamma-ray"" conducted in FY2023. We realized an electron track detecting Compton camera (ETCC) that can measure gamma-ray images (linear images) with the bijective projection. In the ""Quantitative analysis of radioactivity distribution by imaging of high radiation field environment using gamma-ray imaging spectroscopy"" (hereinafter referred to as the previous project) adopted in FY2018, the 1 km square area including the reactor buildings was imaged at once. In FY2021, 3-D dosimetry in the reactor building of the Institute for Integrated Radiation and Nuclear Science was carried out, and 3-D imaging of gamma-rays was successfully obtained. This project will build on the results of the previous project to develop a practical 3-D contaminant dispersion detection and prediction system for sub-mSv/h environments. In addition, a 3-D radiographic Cs distribution measurement method inside the reactor building using highly penetrating Cs gamma-rays will be developed. In FY2023, we fabricated a lightweight and highly effective shielding specifically for the TPC of ETCC based on simulations. In addition, by conducting calibration experiments at the FRS facility, we were also able to repair bugs in the signal processing circuit. Those meticulous advance preparations enabled us to successfully conduct a 3-D experiment within 1F in March 2024.",Japanese,74 Pages,2025/10,福島第一原子力発電所事故 ; Fukushima Daiichi Nuclear Power Station Accident ; -ray Imaging Spectroscopy ; 3-D -ray Imaging ; Electron Tracking Compton Camera,,https://doi.org/10.11484/jaea-review-2025-020,"3d_modeling, computer_vision",13,"3-d, 3次元, camera, imaging, カメラ, 画像処理",3次元線量拡散予測法の確立と 線透過率差を利用した構造体内調査法の開発(委託研究); 令和5年度英知を結集した原子力科学技術・人材育成推進事業,https://jopss.jaea.go.jp/search/servlet/search?5081083,https://jopss.jaea.go.jp/pdfdata/JAEA-Review-2025-020.pdf
5085126,JAEA-Technology 2025-007,広域放射線サーベイのためのリアルタイムマッピングソフトウェアの開発,Development of real-time mapping software for wide-area radiation survey,高橋 時音; 小泉 光生; 吉見 優希*; 持丸 貴則*,"Takahashi, Tone; Koizumi, Mitsuo; Yoshimi, Yuki*; Mochimaru, Takanori*",イベント会場等にテロ行為目的で核・放射性物質が持ち込まれることを防ぐため、放射線検出器により、出入りする人や車両を個別に検査する手法が一般的に用いられている。しかし、こうした検査をすり抜ける可能性があるため、補完的にゲート内の広範囲にわたる放射線サーベイを行い、核・放射性物質が持ち込まれていないことを確認する必要がある。広いエリアを効率的に放射線サーベイする手法として、GPSを搭載したガンマ線検出器を用い、移動しながら測定した位置情報と線量を記録する「放射線マッピング」が有効である。ネットワークを利用すると、複数台の検出器からのGPSと測定データを指揮所で集計し、測定の進行状況や、測定した放射線量マップをリアルタイムで確認することが可能となる。このような仕組みを導入することにより、測定の重複や抜け落ちを防ぐとともに、不審な放射線源を迅速に検出できるようにできる。さらに、ガンマ線検出器にスペクトロメーターを導入すると、放射性同位体の同定に基づく適切な対処が可能となる。このような広域放射線サーベイを行うため、リアルタイムマッピングソフトウェアを開発した。開発したソフトウェアは、GPS付ガンマ線スペクトルメーターから送信される測定データを受け、リアルタイムで逐次処理し、あらかじめダウンロードしておいた地図データ上に描画する。また、線量の上昇した領域でスペクトルを積算することにより放射性同位元素の同定が行え、それに基づいて対処法が決定できるようになった。さらに、本ソフトウェアは、情報セキュリティを向上させるため、ローカルネットワークのみでも利用できるようになっている。本報告書では、開発したソフトウェアの概要を紹介するとともに、エッセンスを簡易化したコードを付録で提供する。提供したコードは、オープンかつフリーのOS、ライブラリ、環境で開発しており、誰でも導入して使用可能である。,"To prevent the smuggling of nuclear and radioactive materials into event venues for the purpose of terrorism, it is common practice to individually inspect people and vehicles entering and exiting using radiation detectors. However, since there remains a risk of such inspections being bypassed, it is necessary to complement them with a wide-area radiation survey to ensure that no nuclear or radioactive materials have been brought in. Radiation mapping is an effective method for efficiently surveying large areas. In this method, a gamma-ray detector equipped with GPS is used to record location data and radiation dose rates while moving. By utilizing network connectivity, measurement data from multiple detectors can be aggregated at a central command post, allowing real-time monitoring of survey progress. This system helps to prevent both redundant and missing measurements and enables the prompt detection of suspicious radiation sources. Furthermore, by incorporating spectrometers into the gamma -ray detectors, it becomes possible to identify radioactive isotopes, thereby enabling appropriate responses. To enable such wide-area radiation surveys, we developed real-time mapping software. The developed software receives measurement data transmitted from GPS-equipped gamma-ray spectrometers, processes it sequentially in real time, and plots it onto pre -downloaded map data. Additionally, by integrating the spectral data collected from regions showing abnormal radiation levels can be displayed immediately. To enhance information security, the software is designed to function within local networks without requiring internet connectivity. In this report, we introduce an overview of the developed software and provide a simplified version of the source code as an appendix. The provided code is developed using open and free operating systems, libraries, and environments, making it freely available and usable by anyone.",Japanese,26 Pages,2025/11,Radiation Mapping ; Global Positioning System ; Real-Time Monitoring ; Visualization Software Development,,https://doi.org/10.11484/jaea-technology-2025-007,"ar_mapping, computer_vision",12,"mapping, visualization, マッピング",広域放射線サーベイのためのリアルタイムマッピングソフトウェアの開発,https://jopss.jaea.go.jp/search/servlet/search?5085126,https://jopss.jaea.go.jp/pdfdata/JAEA-Technology-2025-007.pdf
5081069,JAEA-Review 2025-033,動画像からの特徴量抽出結果に基づいた高速3次元炉内環境モデリング(委託研究); 令和5年度英知を結集した原子力科学技術・人材育成推進事業,High-speed 3D modeling for nuclear reactor environment based on feature extraction results from video images (Contract research); FY2023 Nuclear Energy Science & Technology and Human Resource Development Project,廃炉環境国際共同研究センター; 札幌大学*,Collaborative Laboratories for Advanced Decommissioning Science; Sapporo University*,日本原子力研究開発機構(JAEA)廃炉環境国際共同研究センター(CLADS)では、令和5年度英知を結集した原子力科学技術・人材育成推進事業(以下、「本事業」という。)を実施している。本事業は、東京電力ホールディングス株式会社福島第一原子力発電所(1F)の廃炉等をはじめとした原子力分野の課題解決に貢献するため、国内外の英知を結集し、様々な分野の知見や経験を従前の機関や分野の壁を越えて緊密に融合・連携させた基礎的・基盤的研究及び人材育成を推進することを目的としている。平成30年度の新規採択課題から実施主体を文部科学省からJAEAに移行することで、JAEAとアカデミアとの連携を強化し、廃炉に資する中長期的な研究開発・人材育成をより安定的かつ継続的に実施する体制を構築した。本研究は、令和5年度に採択された研究課題のうち「動画像からの特徴量抽出結果に基づいた高速3次元炉内環境モデリング」の令和5年度分の研究成果について取りまとめたものである。本研究は、1F廃炉に向けて、原子炉格納容器及び原子炉建屋内を調査する際に撮影した動画像を入力し、指定された時間、動画像から抽出された特徴量に応じて、周辺情報を補強した上で情報量が大きい立体復元手法を選択し、作業空間を3次元モデリングする研究開発を行う。令和5年度は、写真測量、深層学習に基づいた立体復元手法による解析から、良好な立体復元を得るための有効な撮影条件を抽出する手法及び少ないデータから指定された時間までに立体復元結果を生成できるように特徴量を抽出する手法の検証を行った。さらに、動画像から抽出された点群データをセグメンテーションに適用し、インスタンスラベルが付された部品に分類した。,"The Collaborative Laboratories for Advanced Decommissioning Science (CLADS), Japan Atomic Energy Agency (JAEA), had been conducting the Nuclear Energy Science & Technology and Human Resource Development Project (hereafter referred to ""the Project"") in FY2023. The Project aims to contribute to solving problems in the nuclear energy field represented by the decommissioning of the Fukushima Daiichi Nuclear Power Station (1F), Tokyo Electric Power Company Holdings, Inc. (TEPCO). For this purpose, intelligence was collected from all over the world, and basic research and human resource development were promoted by closely integrating/collaborating knowledge and experiences in various fields beyond the barrier of conventional organizations and research fields. The sponsor of the Project was moved from the Ministry of Education, Culture, Sports, Science and Technology to JAEA since the newly adopted proposals in FY2018. On this occasion, JAEA constructed a new research system where JAEA-academia collaboration is reinforced and medium-to-long term research/development and human resource development contributing to the decommissioning are stably and consecutively implemented. Among the adopted proposals in FY2023, this report summarizes the research results of the ""High-speed 3D modeling for nuclear reactor environment based on feature extraction results from video images"" conducted in FY2023. The present study aims to develop a 3D model for a workspace that maximizes the amount of information based on the features extracted from video, which is taken when surveying the primary containment vessel and inside the reactor building as part of the decommissioning of 1F, considering within a specified time. In FY2023, we verified extracting effective shooting conditions for obtaining 3D reconstruction based on photogrammetry and the method extracting feature values that can generate 3D restoration results from a small amount of data within a specified time based on deep learning. In addition, we applied point cloud data extracted from video to segmentation and classified it into parts with instance labels.",Japanese,71 Pages,2025/11,福島第一原子力発電所事故 ; Fukushima Daiichi Nuclear Power Station Accident ; 3D Modeling ; Structure from Motion ; Multi-view Stereo ; Image Processing ; Deep Learning ; Segmentation ; Generative Adversarial Networks,,https://doi.org/10.11484/jaea-review-2025-033,"3d_modeling, computer_vision",12,"3d, 3d model, 3次元, image processing, photogrammetry, point cloud, 点群",動画像からの特徴量抽出結果に基づいた高速3次元炉内環境モデリング(委託研究); 令和5年度英知を結集した原子力科学技術・人材育成推進事業,https://jopss.jaea.go.jp/search/servlet/search?5081069,https://jopss.jaea.go.jp/pdfdata/JAEA-Review-2025-033.pdf
5081122,JAEA-Review 2025-011,連携計測による線源探査ロボットシステムの開発研究(委託研究); 令和5年度英知を結集した原子力科学技術・人材育成推進事業,Development of a cooperative operation robot system for radiation source exploration (Contract research); FY2023 Nuclear Energy Science & Technology and Human Resource Development Project,廃炉環境国際共同研究センター; 東北大学*,Collaborative Laboratories for Advanced Decommissioning Science; Tohoku University*,日本原子力研究開発機構(JAEA)廃炉環境国際共同研究センター(CLADS)では、英知を結集した原子力科学技術・人材育成推進事業を実施している。本事業は、東京電力ホールディングス福島第一原子力発電所の廃炉等をはじめとした原子力分野の課題解決に貢献するため、国内外の英知を結集し、様々な分野の知見や経験を、従前の機関や分野の壁を越えて緊密に融合・連携させた基礎的・基盤的研究及び人材育成を推進することを目的としている。本研究は、令和3年度に採択された研究課題のうち、「連携計測による線源探査ロボットシステムの開発研究」の令和3年度から令和5年度分の研究成果について取りまとめたものである。本研究は、ガンマ線の飛来方向を検出可能な検出器を開発し、これを搭載した複数のロボットの連携により、単一センサーでは得られない広視野・迅速・安価な放射線源探査を実現するロボットシステム(Cooperative Operation Robot system for RAdiation Source Exploration: CORRASE、コラッセ)を開発することを目的とする。令和5年度は、これまでの研究で得られた成果を結集させて線源探査に関する実証試験を中心に研究を実施した。ガンマ線の飛来方向を検出可能な指向性検出器として、8個のBGOシンチレータと遮蔽体を用いた多面体型指向性検出器を製作した。この検出器とIMU(Inertial Measurement Unit)、LiDAR(Light Detection And Ranging)を多脚ロボットに搭載したシステムを3組構築し、連携計測による線源探査実験を行った。7.8 5.3m の部屋に障害物及び模擬放射能汚染源として10MBqの Cs密封線源を配置して線源探査実験のための未知環境とした。本システムを用いて環境地図の作成、探索計画の立案、放射線カウントのヒートマップ作成、計算された最適観測配置からの線源イメージングを行った。得られた環境地図と線源イメージを融合させて表示することに成功し、3台のロボットシステムの連携により模擬放射能汚染源の位置の特定に成功した。以上の成果から、本研究では広視野・迅速・安価な放射線源探査を実現するロボットシステムの開発に成功し、当初の目標は達成されたと結論できる。,"The Collaborative Laboratories for Advanced Decommissioning Science (CLADS), Japan Atomic Energy Agency (JAEA), had been conducting the Nuclear Energy Science &Z Technology and Human Resource Development Project (hereafter referred to ""the Project"") in FY2023. The Project aims to contribute to solving problems in the nuclear energy field represented by the decommissioning of the Fukushima Daiichi Nuclear Power Station, Tokyo Electric Power Company Holdings, Inc. (TEPCO). For this purpose, intelligence was collected from all over the world, and basic research and human resource development were promoted by closely integrating/collaborating knowledge and experiences in various fields beyond the barrier of conventional organizations and research fields. The sponsor of the Project was moved from the Ministry of Education, Culture, Sports, Science and Technology to JAEA since the newly adopted proposals in FY2018. On this occasion, JAEA constructed a new research system where JAEA-academia collaboration is reinforced and medium-to-long term research/development and human resource development contributing to the decommissioning are stably and consecutively implemented. Among the adopted proposals in FY2021, this report summarizes the research results of the ""Development of a cooperative operation robot system for radiation source exploration"" conducted from FY2021 to FY2023. The present study aims to develop a robot system (CORRASE: Cooperative Operation Robot system for RAdiation Source Exploration), realizing radiation source exploration with wide field of view, rapidity, and low cost. In FY2023, our research efforts focused on verification tests for radiation source exploration by summarizing the results of our previous studies. Polyhedral type gamma-ray directional detectors were fabricated from 8 BGO scintillators and shielding bodies. Radiation source exploration experiments were performed by developing a cooperative operation robot system consisting of 3 multi-legged robots carrying the gamma-ray detectors, IMUs (Inertial Measurement Units), and LiDARs (Light Detection And Ranging). An unknown test environment for the radiation source exploration was constructed by placing obstacles and a 10 MBq Cs sealed source as a simulated radioactive contamination source in a room measuring 7.8 5.3 m . The developed system was used to create the environmental map, to formulate the exploration plan, to create the heatmap of the radiation counts, and to image the radiation source from the calculated optimal observation position. The localization of the simulated radioactive contamination source was successfully performed with the cooperation of the 3 robot systems by displaying the image of the radiation source fused on the environmental map. It can be concluded that the initial goal of this study has been successfully achieved by developing the robot system realizing radiation source exploration.",Japanese,74 Pages,2025/08,福島第一原子力発電所事故 ; Fukushima Daiichi Nuclear Power Station Accident ; Directional Gamma-ray Detector ; Cooperative Operation Robot ; Radiation Source Exploration,,https://doi.org/10.11484/jaea-review-2025-011,"ar_mapping, robotics_remote",12,"lidar, localization, robot, イメージング, ロボット",連携計測による線源探査ロボットシステムの開発研究(委託研究); 令和5年度英知を結集した原子力科学技術・人材育成推進事業,https://jopss.jaea.go.jp/search/servlet/search?5081122,https://jopss.jaea.go.jp/pdfdata/JAEA-Review-2025-011.pdf
5070343,JAEA-Testing 2020-009,HAIROWorldPluginマニュアル,HAIROWorldPlugin operation manual,鈴木 健太; 阿部 文明; 八代 大; 川端 邦明,"Suzuki, Kenta; Abe, Fumiaki; Yashiro, Hiroshi; Kawabata, Kuniaki",本稿は、日本原子力研究開発機構(以下、原子力機構)が開発したHAIROWorldPluginのマニュアル(利用手順書)である。原子力機構楢葉遠隔技術開発センターでは、東京電力ホールディングス福島第一原子力発電所におけるロボットを用いた遠隔による廃炉作業を支援するための技術として、ロボット等の動力学シミュレーションが可能なオープンソースソフトウェアであるロボット用統合GUIソフトウェアChoreonoidを基盤としたロボットシミュレータを開発している。HAIROWorldPluginは、ロボットの遠隔操作により行われる廃炉作業を模擬するための機能を提供するChoreonoidの拡張機能である。具体的には、我々がこれまでに開発を行った水中ロボットの挙動、無人航空機の挙動、視覚効果(ノイズ・歪み・色相変化)を含む不鮮明なカメラ画像の提示、ネットワーク通信障害(遅延・帯域減少・パケットロス)を模擬し、廃炉作業時を想定したロボットの遠隔操縦体験を提供するための機能をChoreonoidプラグインとしてまとめたものである。本稿では、Ubuntu18.04-LTSにChoreonoidを導入してHAIROWorldPluginをインストールする手順と、HAIROWorldPluginが提供する機能を利用する際の操作手順やパラメータの設定方法等を、Choreonoidを初めて使用するユーザにもわかりやすいように画面のスナップショットを用いて説明している。,"This report is the user manual of HAIROWorldPlugin for Choreonoid. Our motivation is to develop a robot simulator based on Choreonoid for technological development to contribute the decommissioning work at the Fukushima Daiichi Nuclear Power Station of Tokyo Electric Power Company Holdings, Inc. Choreonoid is an open source simulator which calculates the behavior of robots. The plugin is an extended function of Choreonoid which provides simulated behavior and phenomenon related to decommissioning tasks utilizing remotely operated robots. In particular, we developed additional functionalities for simulating the behavior of an underwater swimming robot, the behavior of an unmanned aerial vehicle robot, low visibility camera images, network communication failures, etc., and packaged these in the plugin. This report describes the installation of the plugin to Choreonoid on Ubuntu18.04-LTS and parameter settings of the plugin by presenting snapshots of operation windows.",Japanese,254 Pages,2021/03,HAIROWorldPlugin ; ロボットシミュレータ ; Choreonoid ; 遠隔操作ロボット ; Fukushima Daiichi Nuclear Power Station Accident ; 福島第一原子力発電所事故,,https://doi.org/10.11484/jaea-testing-2020-009,"computer_vision, robotics_remote",12,"camera, remote, robot, カメラ, ロボット, 遠隔技術, 遠隔操作",oreonoidの拡張機能である。具体的には、我々がこれまでに開発を行った水中ロボットの挙動、無人航空機の挙動、視覚効果(ノイズ・歪み・色相変化)を含む不鮮明なカメラ画像の提示、ネットワーク通信障害(遅延・帯域減少・パケットロス)を模擬し、廃炉作業時を想定したロボットの遠隔操縦体験を提供するための機能をChoreonoidプラグインとしてまとめたものである。本稿では、Ubuntu18.04-LTSにCh,https://jopss.jaea.go.jp/search/servlet/search?5070343,https://jopss.jaea.go.jp/pdfdata/JAEA-Testing-2020-009.pdf
5041817,JAEA-Technology 2013-037,走行サーベイシステムKURAMA-IIを用いた測定の基盤整備と実測への適用,"Construction of a car-borne survey system for measurement of dose rates in air; KURAMA-II, and its application",津田 修一; 吉田 忠義; 中原 由紀夫; 佐藤 哲朗; 関 暁之; 松田 規宏; 安藤 真樹; 武宮 博; 谷垣 実*; 高宮 幸一*; 佐藤 信浩*; 奥村 良*; 小林 康浩*; 吉永 尚生*; 吉野 泰史*; 内堀 幸夫*; 石川 剛弘*; 岩岡 和輝*; 斎藤 公明,"Tsuda, Shuichi; Yoshida, Tadayoshi; Nakahara, Yukio; Sato, Tetsuro; Seki, Akiyuki; Matsuda, Norihiro; Ando, Masaki; Takemiya, Hiroshi; Tanigaki, Minoru*; Takamiya, Koichi*; Sato, Nobuhiro*; Okumura, Ryo*; Kobayashi, Yasuhiro*; Yoshinaga, Hisao*; Yoshino, Hirofumi*; Uchihori, Yukio*; Ishikawa, Masayori*; Iwaoka, Kazuki*; Saito, Kimiaki",東京電力福島第一原子力発電所事故後における広域の詳細な空間線量率マップを作成するために、原子力機構は走行サーベイシステムKURAMA-IIを用いた測定を文部科学省の委託を受けて実施した。KURAMAは、一般乗用車に多数搭載して広範囲の空間線量率を詳細かつ短期間に把握することを目的として京都大学原子炉実験所で開発されたシステムである。KURAMAは、エネルギー補償型 線検出器で測定した線量率をGPSの測位データでタグ付けしながら記録する測定器、データを受け取り可視化のための処理や解析を行うサーバ、エンドユーザがデータを閲覧するためのクライアントから構成される。第2世代のKURAMA-IIでは更なる小型化、堅牢性の向上、データ送信の完全自動化等の機能が強化されたことによって、100台の同時測定が可能となり、広域の詳細な線量率マッピングをより短期間で実施することが可能になった。本報告では、KURAMA-IIによる測定データの信頼性を確保するために実施した基盤整備と、KURAMA-IIを空間線量率マッピング事業に適用した結果について述べるとともに、多数のKURAMA-IIを使用した走行サーベイの精度を保証するための効率的なKURAMA-IIの管理方法を提案した。,"JAEA has been performing dose rate mapping in air using a car-borne survey system KURAMA-II. The KURAMA system is a GPS-aided mobile radiation monitoring system that has been newly developed by Kyoto University Research Reactor Institute in response to the nuclear disaster. The KURAMA system is composed of an energy-compensated scintillation survey meter for measuring dose rate, electric device for controlling both the dose rates and the position data from a GPS module, a computer server for processing and analyzing data from KURAMA, and client PCs for providing for end users. The KURAMA-II has been improved in small-packaging, durability, and automated data transmission. In consequence, dose rate mapping in wide area has become possible in shorter period of time. This report describes the construction of KURAMA-II, its application and a suggestion of how to manage a large number of KURAMA-II.",Japanese,54 Pages,2013/10,福島第一原子力発電所事故 ; Fukushima Daiichi Nuclear Power Station Accident,,https://doi.org/10.11484/jaea-technology-2013-037,"ar_mapping, computer_vision",12,"mapping, マッピング, 可視化",代のKURAMA-IIでは更なる小型化、堅牢性の向上、データ送信の完全自動化等の機能が強化されたことによって、100台の同時測定が可能となり、広域の詳細な線量率マッピングをより短期間で実施することが可能になった。本報告では、KURAMA-IIによる測定データの信頼性を確保するために実施した基盤整備と、KURAMA-IIを空間線量率マッピング事業に適用した結果について述べるとともに、多数のKURAMA-IIを,https://jopss.jaea.go.jp/search/servlet/search?5041817,https://jopss.jaea.go.jp/pdfdata/JAEA-Technology-2013-037.pdf
5028881,JAEA-Review 2010-078,マイクロPIXE画像技術の精緻化とその生命科学への応用(共同研究),Application of micro-PIXE and imaging technology to life science (Joint research),佐藤 隆博; 石井 慶造*,"Sato, Takahiro; Ishii, Keizo*",平成18年度から20年度までの3年間、連携重点研究「マイクロPIXE画像技術の精緻化とその生命科学への応用」が行われた。本研究は、原子力機構と東北大学工学部の共同研究により開発した、細胞内の元素の空間分布を撮像できる大気マイクロPIXE分析システムを医学分野に応用することを目的として、ビーム技術開発や生物・医学分野における元素分布情報の利用技術などについて、7テーマの共同研究から構成された。本研究レビューは、これらの研究成果をまとめたものである。,"The joint research on ""Application of micro-PIXE and imaging technology to life science"" supported by the Inter-organizational Atomic Energy Research Program, had been performed for three years, from 2006FY to 2009FY. Aiming to apply in-air micro-PIXE analytical system to life science, the research was consisting of 7 collaborative themes related to beam engineering for micro-PIXE and applied technology of element mapping in biological/medical fields. The system, so-called micro-PIXE camera, to acquire spatial element mapping in living cells was originally developed by collaborative research between the JAEA and the department of engineering of Tohoku University. This review covers these research results.",Japanese,45 Pages,2011/03,no keyword,TIARA(イオン照射研究施設),https://doi.org/10.11484/jaea-review-2010-078,"ar_mapping, computer_vision",12,"camera, imaging, mapping",Application of micro-PIXE and imaging technology to life science (Joint research),https://jopss.jaea.go.jp/search/servlet/search?5028881,https://jopss.jaea.go.jp/pdfdata/JAEA-Review-2010-078.pdf
4027559,JNC TY8400 2003-007,セル内三次元測距に関する研究(先行基礎工学研究に関する共同研究報告書),Research on in-situ measurement technique of three-dimensional distance,白石 昌武*; 青島 伸一*; 青瀬 晋一; 竹内 正行,"Shiroishi, Masatake*; Aoshima, Shinichi*; Aose, Shinichi; Takeuchi, Masayuki",セル内に設置されている機器、塔槽類、配管等は、使用目的の変更や経年劣化によって更新される。設置場所が大型セルの場合、交換、据付を遠隔操作で行うこととなり、したがって現場での位置あわせが困難である。従来からこれの自動位置決め法が強く要求されている。そのためには、まずそれらの機器や配管の状態(劣化や亀裂など)を診断する必要がある。つまり、亀裂の状態、腐食の状態、劣化の程度等を何らかの方法で検出かつ判断しなければ、機器交換の時期を知ることはできない。そこで本研究では機器や配管等の劣化状態を診断するため、レーザ光とカメラを用いたコントラスト法を提案し、キズの検出および劣化のオンライン診断法を構築した。次に機器交換を行うための情報取得を行うため、絶対基準位置を設けかつ交換用マニピュレータを含めた全体の位置を把握することを目的とした粗動計測法を提案した。そして粗動で計測できない陰影部分に対しては、移動計測可能な装置をマニピュレータ上に搭載することで局所的な計測が行える微動計測法を提案し、それによる情報取得を行った。これら二つの計測系で相互の情報補完を行い、得られたデータを適宜処理することにより機器交換時の位置決め制御の情報提供を行う新しい手法の提案を行った。そして最後に今後の展開として、VR(バーチャルリアリィテー)によるマニピュレータ操作の可能性について、途中経過を述べる。,None,Japanese,43 Pages,2003/04,no keyword,,,"3d_modeling, computer_vision, robotics_remote",12,"カメラ, 三次元, 遠隔操作",セル内三次元測距に関する研究(先行基礎工学研究に関する共同研究報告書),https://jopss.jaea.go.jp/search/servlet/search?4027559,https://jopss.jaea.go.jp/pdfdata/JNC-TY8400-2003-007.pdf
4055931,PNC TN9410 97-059,Stirring-indueced vortical motion measured by ultrasound Doppler velocimetry; Initial 2D vector plots,撹拌子による強制渦の超音波ドップラー流速計による計測; 予備試験での2次元速度分布,"Tokuhiro, Akira; 小林 順","Tokuhiro, Akira; Kobayashi, Jun",プール型の高速炉は自由表面を有する構成となっており、自由表面からのガス巻き込みの炉心に与える影響を明らかにすることが重要な研究課題の1つとなっている。原子炉工学室では、ガス巻き込みに対する基本的な知見を得るため、円筒容器内に強制渦を作り出し、強制渦の流動に関する試験を実施している。一方、当室では、音響手法による流速分布計測手法の高度化研究として、超音波流速分布測定装置を用いた多次元計測や液体金属の流速分布測定についても研究を進めている。そこで渦の流動挙動に関する理解を得るため、ガス巻き込み試験装置に超音波流速分布測定装置を用いた多次元計測手法を適用する実験を行った。本報告書では、計測された流速情報を評価することにより得られた、渦に対する知見を報告するとともに、超音波流速分布測定装置と多数本の超音波トランスデューサを用いることにより、2次元の流速場が計測できることを示す。実験は、水を用い、直径280mm 高さ280mmの円筒容器の底面中央におかれた磁石の撹拌子によって強制渦を誘発し、6本のトランスデューサを直交させて設置することによって流速の径および軸方向成分を計測した。実験の結果、得られた流速データを組み合わせることにより、r-z平面の2次元の流速ベクトル場が得られた。そして、強制渦の流れの変化の比率(すなわち渦度)が示された。本報告書の結果では使用したトランスデューサの本数が少ないため、流速場の解像度が低くなり、流速情報が限定されたものになっている。したがって、平均値や定常または規則的な過渡変化状態における変動量を評価するためには、レーザー流速計や従来から利用されている可視化技術などを並行して利用する必要がある。しかしながら、超音波流速計を用いた計測方法でも、トランスデューサの本数を増加し、平面解像度を高くすれば熱流動研究上有効な道具となりうることを示した。今後さらに3次元計測に対しても拡張を行っていく。,"An experimental investigation on stirring-induced vortical motion of a liquid was conducted in a cylindrical container measuring 280mm diameter 280mm height. The test medium was water and a magnetic stirrer located at the bottom on the container (centered) induced the flow. The motion can be generally described as rotationally induced vortex motion, which is of relevance to gas entrainment concerns, from the free surface of pool-type LMFBR. The objective of the investigation were two-fold: (1)to demonstrate that a two dimensional (2D) velocity field, using ultrasound Doppler velocimetry and a multiple number of ultrasound transducers (TDXs), could be measured and (2)to evaluate the content of the measured velocity information with respect to understanding the relevant vortex dynamics. Our results show that our first objective was fulfilled; that is, using 6 orthogonally situated TDXs to measure the V and V components of the flow field, a 2D vector field plot of a segment of the meridional plane was generated and shown to change with the rate of induced flow (rotation rate). However, because the number of TDXs used (6)were small, the coarse resolution of the velocity field limits the amount of velocity information. Therefore traditional data presentation methods to evaluate average and fluctuating quantities under steady and stepwise viewed transient conditions, are indispensible for data analysis. The measurement method holds promise as a useful tool in thermohydraulics as the number of TDXs is increased and therefore the spatial resolution. Some of these possibilities are described in this report.",English,59 Pages,1997/04,no keyword,,,"3d_modeling, computer_vision, robotics_remote",12,"3次元, 可視化, 超音波",撹拌子による強制渦の超音波ドップラー流速計による計測; 予備試験での2次元速度分布,https://jopss.jaea.go.jp/search/servlet/search?4055931,https://jopss.jaea.go.jp/pdfdata/PNC-TN9410-97-059.pdf
2074864,JAERI-M 89-023,原子力知能化システム技術の研究; 人間動作シミュレーション・プログラム、HASP、昭和63年度作業報告,A Study on intelligent nuclear systems; HASP(human acts simulation program) progress report 1988,浅井 清; 上中 淳二*; 神林 奨; 樋口 健二; 久米 悦雄; 藤崎 正英*; 藤井 実; 横川 三津夫,"not registered; not registered; not registered; Higuchi, Kenji; Kume, Etsuo; not registered; not registered; Yokokawa, Mitsuo",日本原子力研究所は1987年よりHASP(Human Acts Simulation Program)と名付けた人工知能とロボティックスに関する研究を10年計画で開始した。HASPでは、知能ロボットが自然言語で記述された作業命令を読み、意味を解釈し、自己の行動を計画し、動作列を生成し、装置や機器が保有する情報を採用し、その動作列を精密化してプラント保守作業を遂行する。ロボットの被曝線量計算を含むこれらの過程はすべて論理計算と数値計算によってシミュレーションされる。3次元空間において計算されたロボット行動は、高速画像処理装置を使用して映像化される。HASPプロジェクトの目標は、(1)知能ロボット設計の基盤技術の開発、(2)プラントの知能化、自動化技術の開発、(3)人工知能関連のシステム化された基盤技術の原子力分野への提供、である。,no abstracts in English,Japanese,167 Pages,1989/03,AI,,https://doi.org/10.11484/jaeri-m-89-023,"3d_modeling, computer_vision, robotics_remote",12,"3次元, ロボット, 画像処理",報を採用し、その動作列を精密化してプラント保守作業を遂行する。ロボットの被曝線量計算を含むこれらの過程はすべて論理計算と数値計算によってシミュレーションされる。3次元空間において計算されたロボット行動は、高速画像処理装置を使用して映像化される。HASPプロジェクトの目標は、(1)知能ロボット設計の基盤技術の開発、(2)プラントの知能化、自動化技術の開発、(3)人工知能関連のシステム化された基盤技術の原子,https://jopss.jaea.go.jp/search/servlet/search?2074864,https://jopss.jaea.go.jp/pdfdata/JAERI-M-89-023.pdf
5081066,JAEA-Review 2025-038,PCV気相漏洩位置及び漏洩量推定のための遠隔光計測技術の研究開発(委託研究); 令和5年度英知を結集した原子力科学技術・人材育成推進事業,Research and development of remote optical measurement technology for PCV gas-phase leakage location and leakage volume estimation (Contract research); FY2023 Nuclear Energy Science & Technology and Human Resource Development Project,廃炉環境国際共同研究センター; 千葉大学*,Collaborative Laboratories for Advanced Decommissioning Science; Chiba University*,日本原子力研究開発機構(JAEA)廃炉環境国際共同研究センター(CLADS)では、令和5年度英知を結集した原子力科学技術・人材育成推進事業(以下、「本事業」という。)を実施している。本事業は、東京電力ホールディングス株式会社福島第一原子力発電所の廃炉等をはじめとした原子力分野の課題解決に貢献するため、国内外の英知を結集し、様々な分野の知見や経験を従前の機関や分野の壁を越えて緊密に融合・連携させた基礎的・基盤的研究及び人材育成を推進することを目的としている。平成30年度の新規採択課題から実施主体を文部科学省からJAEAに移行することで、JAEAとアカデミアとの連携を強化し、廃炉に資する中長期的な研究開発・人材育成をより安定的かつ継続的に実施する体制を構築した。本研究は、令和5年度に採択された研究課題のうち、「PCV気相漏洩位置及び漏洩量推定のための遠隔光計測技術の研究開発」の令和5年度分の研究成果について取りまとめたものである。本研究は、ライダーをはじめとする遠隔光計測システムにより漏洩箇所の位置を特定するとともに、その位置における漏洩の可視化手法を開発することを目的としている。ライダーは視線方向に距離分解することができ、建屋内での壁面・配管とその周囲の気相分子(窒素N 、水蒸気H Oなど)及び浮遊粒子(エアロゾル)からの信号を分離して観測することができる。また、レーザー光と高感度画像センサーを組み合わせたフラッシュライダー並びに光波の干渉を利用した高感度のシアログラフィーによって、漏洩箇所の画像化・可視化を図り、漏洩量の推定を目指す。これら複数の手法の比較を通じて、漏洩箇所を特定する際の位置分解能と可視化可能な漏洩量の検出下限を明らかにする。,"The Collaborative Laboratories for Advanced Decommissioning Science (CLADS), Japan Atomic Energy Agency (JAEA), had been conducting the Nuclear Energy Science & Technology and Human Resource Development Project (hereafter referred to ""the Project"") in FY2023. The Project aims to contribute to solving problems in the nuclear energy field represented by the decommissioning of the Fukushima Daiichi Nuclear Power Station, Tokyo Electric Power Company Holdings, Inc. (TEPCO). For this purpose, intelligence was collected from all over the world, and basic research and human resource development were promoted by closely integrating/collaborating knowledge and experiences in various fields beyond the barrier of conventional organizations and research fields. The sponsor of the Project was moved from the Ministry of Education, Culture, Sports, Science and Technology to JAEA since the newly adopted proposals in FY2018. On this occasion, JAEA constructed a new research system where JAEA-academia collaboration is reinforced and medium-to-long term research/development and human resource development contributing to the decommissioning are stably and consecutively implemented. Among the adopted proposals in FY2023, this report summarizes the research results of the ""Research and development of remote optical measurement technology for PCV gas-phase leakage location and leakage volume estimation"" conducted in FY2023. The present study aims to locate leakage points using a remote optical measurement system including Lidar, and to develop a visualization method for leakage at those points. The Lidar can be distance-resolved in the line-of-sight direction and can separate and observe signals from walls and pipes in the building and surrounding gas-phase molecules (nitrogen N , water vapor H O, etc.) and suspended particles (aerosols). In addition, flash Lidar, which combines a laser beam with a high-sensitivity imaging sensor, and high-sensitivity shearography, which uses interference of light waves, are used to image and visualize the leakage location and to estimate the amount of leakage. Through comparison of these methods, we will clarify the positional resolution in locating the leakage point and the lower detection limit of the leakage amount that can be visualized.",Japanese,84 Pages,2025/12,福島第一原子力発電所事故 ; Fukushima Daiichi Nuclear Power Station Accident ; Lidar ; Raman ; Fukushima ; PCV ; Nitrogen ; Remote ; Leakage ; Shearography,,https://doi.org/10.11484/jaea-review-2025-038,"computer_vision, robotics_remote",11,"imaging, lidar, remote, visualization, 可視化",Research and development of remote optical measurement technology for PCV gas-phase leakage location and leakage volume estimation (Contract research); FY,https://jopss.jaea.go.jp/search/servlet/search?5081066,https://jopss.jaea.go.jp/pdfdata/JAEA-Review-2025-038.pdf
5077472,JAEA-Review 2023-030,連携計測による線源探査ロボットシステムの開発研究(委託研究); 令和4年度英知を結集した原子力科学技術・人材育成推進事業,Development of a cooperative operation robot system for radiation source exploration (Contract research); FY2022 Nuclear Energy Science & Technology and Human Resource Development Project,廃炉環境国際共同研究センター; 東北大学*,Collaborative Laboratories for Advanced Decommissioning Science; Tohoku University*,日本原子力研究開発機構(JAEA)廃炉環境国際共同研究センター(CLADS)では、令和4年度英知を結集した原子力科学技術・人材育成推進事業(以下、「本事業」という)を実施している。本事業は、東京電力ホールディングス株式会社福島第一原子力発電所の廃炉等をはじめとした原子力分野の課題解決に貢献するため、国内外の英知を結集し、様々な分野の知見や経験を、従前の機関や分野の壁を越えて緊密に融合・連携させた基礎的・基盤的研究及び人材育成を推進することを目的としている。平成30年度の新規採択課題から実施主体を文部科学省からJAEAに移行することで、JAEAとアカデミアとの連携を強化し、廃炉に資する中長期的な研究開発・人材育成をより安定的かつ継続的に実施する体制を構築した。本研究は、令和3年度に採択された研究課題のうち、「連携計測による線源探査ロボットシステムの開発研究」の令和4年度分の研究成果について取りまとめたものである。本研究は、ガンマ線の飛来方向を検出可能な検出器を開発し、これを搭載した複数のロボットの連携により、単一センサーでは得られない広視野・迅速・安価な放射線源探査を実現するロボットシステム(Cooperative Operation Robot system for RAdiation Source Exploration: CORRASE、コラッセ)を開発することを目的とする。東京電力ホールディングス(株)福島第一原子力発電所の現場への投入に資することを目的として、線源探査を行う小型ロボットに放射線計測機器を搭載したシステムを3年間の計画終了時に完成させるための研究を行う。令和4年度は以下の成果を得た。多面体型とコーデットキューブ型のガンマ線イメージャーの製作を行い、点線源の位置推定に成功した。LiDARを用いた周囲環境測定結果に基づく環境地図作成システムの開発および環境地図上に放射線源分布推定結果を融合して表示するシステムの開発を行った。環境地図と粗い放射線源分布推定結果に基づき、検出器の特性に応じて複数台のロボットが指定した箇所の詳細な測定を行うための観測地点計画手法の開発を行った。小型ロボットに搭載する放射線測定器の評価のために検出器姿勢自動制御システムを製作した。また、多面体型検出器による線源探査のシミュレーションを行った。複数の線源がある場合でもほぼ線源位置を特定することができた。,"The Collaborative Laboratories for Advanced Decommissioning Science (CLADS), Japan Atomic Energy Agency (JAEA), had been conducting the Nuclear Energy Science & Technology and Human Resource Development Project (hereafter referred to ""the Project"") in FY2022. The Project aims to contribute to solving problems in the nuclear energy field represented by the decommissioning of the Fukushima Daiichi Nuclear Power Station, Tokyo Electric Power Company Holdings, Inc. (TEPCO). For this purpose, intelligence was collected from all over the world, and basic research and human resource development were promoted by closely integrating/collaborating knowledge and experiences in various fields beyond the barrier of conventional organizations and research fields. The sponsor of the Project was moved from the Ministry of Education, Culture, Sports, Science and Technology to JAEA since the newly adopted proposals in FY2018. On this occasion, JAEA constructed a new research system where JAEA-academia collaboration is reinforced and medium-to-long term research/development and human resource development contributing to the decommissioning are stably and consecutively implemented. Among the adopted proposals in FY2021, this report summarizes the research results of the ""Development of a cooperative operation robot system for radiation source exploration"" conducted in FY2022. The present study aims to develop a Cooperative Operation Robot system for RAdiation Source Exploration (CORRASE). The multiple robot system provides radiation source exploration with wide field of view, rapidity, and low cost. The radiation source exploration is realized with multiple robots carrying directional gamma-ray detectors determining the incident direction of the incoming gamma-rays. We will develop the system by the final year of this proposal aiming for application in the Fukushima Daiichi Nuclear Power Station.",Japanese,80 Pages,2024/03,福島第一原子力発電所事故 ; Fukushima Daiichi Nuclear Power Station Accident ; Directional Gamma-Ray Detector ; Cooperative Operation Robot ; Scintillation Detector,,https://doi.org/10.11484/jaea-review-2023-030,"ar_mapping, robotics_remote",11,"lidar, robot, ロボット, 地図作成",連携計測による線源探査ロボットシステムの開発研究(委託研究); 令和4年度英知を結集した原子力科学技術・人材育成推進事業,https://jopss.jaea.go.jp/search/servlet/search?5077472,https://jopss.jaea.go.jp/pdfdata/JAEA-Review-2023-030.pdf
5073133,JAEA-Testing 2021-004,HAIROWorldPluginマニュアル(改訂版),HAIROWorldPlugin operation manual (Revised edition),鈴木 健太; 八代 大; 川端 邦明,"Suzuki, Kenta; Yashiro, Hiroshi; Kawabata, Kuniaki",本稿は、日本原子力研究開発機構(以下、原子力機構)が開発したHAIROWorldPluginの利用手順書(HAIROWorldPluginマニュアル[JAEA-Testing2020-009])の改訂版である。原子力機構楢葉遠隔技術開発センターでは、東京電力ホールディングス株式会社(以下、東京電力HD)福島第一原子力発電所におけるロボットを用いた遠隔による廃炉作業を支援するための技術として、ロボット等の動力学シミュレーションが可能なオープンソースソフトウェアであるロボット用統合GUIソフトウェアChoreonoidを基盤としたロボットシミュレータを開発している。HAIROWorldPluginは、ロボットの遠隔操作により行われる廃炉作業を模擬するための拡張機能をChoreonoidプラグインとしてまとめたものである。改訂版の本利用手順書では、最新のHAIROWorldPluginが廃炉作業時を想定したロボットの遠隔操縦体験を提供するための機能(水中ロボット/無人航空機の挙動模擬、ノイズ・歪み・色相変化等を含む不鮮明なカメラ画像提示、遅延・帯域減少・パケットロス等の通信障害効果の付与)に加えて、新たに追加された機能の設定と操作手順を説明している。具体的には、シミュレーションをしているロボットと他の物体との間の干渉状態を記録する機能、ジョイスティックの入力状態を表示・記録する機能、環境物体のモデル(パイプ・グレーチング・スロープ)を生成する機能、慣性モーメントを計算する機能、使用頻度の高いシミュレーションの設定を簡易な操作で呼び出す機能、シミュレーションの履歴を記録・表示する機能について説明を追記した。本稿では、Ubuntu20.04LTSにChoreonoidを導入してHAIROWorldPluginをインストールする手順と、HAIROWorldPluginが提供する機能を利用する際の操作手順やパラメータの設定方法を、Choreonoidを初めて使用するユーザにもわかりやすいように画面のスナップショットを用いて説明している。,"This report is updated HAIROWorldPlugin Operation Manual (JAEA-Testing 2020-009). Our motivation is to develop a robot simulator based on Choreonoid for technological development to contribute the decommissioning work at the Fukushima Daiichi Nuclear Power Station of Tokyo Electric Power Company Holdings, Inc. Choreonoid is an open source simulator which calculates the behavior of robots. We are developing HAIROWorldPlugin which is an extended function of Choreonoid for providing a virtual decommissioning experience. In the latest HAIROWorldPlugin, the several functions were additionally implemented. In particular, we implemented new functionalities: logging a collision status between a robot and an object, showing and logging a status of the joystick input signals, generating an environmental object model (pipe, grating, and slope), bookmarking an often used simulation settings, and recording histories of a simulation settings. In addition, this report describes the installation of the plugin to Choreonoid on Ubuntu20.04-LTS and parameter settings of the plugin by presenting snapshots of operation windows.",Japanese,125 Pages,2022/03,ロボットシミュレータ ; 動力学シミュレーション ; Choreonoid ; 福島第一原子力発電所事故 ; Fukushima Daiichi Nuclear Power Station Accident,,https://doi.org/10.11484/jaea-testing-2021-004,"computer_vision, robotics_remote",11,"robot, カメラ, ロボット, 遠隔技術, 遠隔操作",orldPluginが廃炉作業時を想定したロボットの遠隔操縦体験を提供するための機能(水中ロボット/無人航空機の挙動模擬、ノイズ・歪み・色相変化等を含む不鮮明なカメラ画像提示、遅延・帯域減少・パケットロス等の通信障害効果の付与)に加えて、新たに追加された機能の設定と操作手順を説明している。具体的には、シミュレーションをしているロボットと他の物体との間の干渉状態を記録する機能、ジョイスティックの入力状態を,https://jopss.jaea.go.jp/search/servlet/search?5073133,https://jopss.jaea.go.jp/pdfdata/JAEA-Testing-2021-004.pdf
5067578,JAEA-Review 2019-036,ガンマ線画像スペクトル分光法による高放射線場環境の画像化による定量的放射能分布解析法(委託研究); 平成30年度英知を結集した原子力科学技術・人材育成推進事業,Quantitative analysis method for radiation distribution in high radiation environment by gamma-ray image spectroscopy (Contract research); FY2018 Center of World Intelligence Project for Nuclear Science/Technology and Human Resource Development,廃炉国際共同研究センター; 京都大学*,Collaborative Laboratories for Advanced Decommissioning Science; Kyoto University*,日本原子力研究開発機構(JAEA)廃炉国際共同研究センター(CLADS)では、平成30年度英知を結集した原子力科学技術・人材育成推進事業(以下、「本事業」という)を実施している。本事業は、東京電力ホールディングス福島第一原子力発電所の廃炉等をはじめとした原子力分野の課題解決に貢献するため、国内外の英知を結集し、様々な分野の知見や経験を、従前の機関や分野の壁を越えて緊密に融合・連携させた基礎的・基盤的研究及び人材育成を推進することを目的としている。平成30年度の新規採択課題から実施主体を文部科学省からJAEAに移行することで、JAEAとアカデミアとの連携を強化し、廃炉に資する中長期的な研究開発・人材育成をより安定的かつ継続的に実施する体制を構築した。本研究は、研究課題のうち、平成30年度「ガンマ線画像スペクトル分光法による高放射線場環境の画像化による定量的放射能分布解析法」について取りまとめたものである。電子飛跡検出型コンプトンカメラ(ETCC)は、前段にガス増幅型位置検出器を用いて電子の3次元飛跡を測定することにより、従来型のコンプトンカメラの分解能を大幅に向上する技術として、これまで宇宙観測用として開発し医療への応用も進めて来た。本研究では、医療用に開発したETCCをもとに、現場での操作性を重視した軽ETCCを試作し、フィールド試験により実用性を評価する。,"JAEA/CLADS, had been conducting the Center of World Intelligence Project for Nuclear Science/Technology and Human Resource Development (hereafter referred to ""the Project"") in FY2018. The Project aims to contribute to solving problems in nuclear energy field represented by the decommissioning of the Fukushima Daiichi Nuclear Power Station, Tokyo Electric Power Company Holdings, Inc. For this purpose, intelligence was collected from all over the world, and basic research and human resource development were promoted by closely integrating/collaborating knowledge and experiences in various fields beyond the barrier of conventional organizations and research fields. The sponsor of the Project was moved from the Ministry of Education, Culture, Sports, Science and Technology to JAEA since the newly adopted proposals in FY2018. On this occasion, JAEA constructed a new research system where JAEA-academia collaboration is reinforced and medium-to-long term research/development and human resource development contributing to the decommissioning are stably and consecutively implemented. Among the adopted proposals in FY2018, this report summarizes the research results of the ""Quantitative Analysis Method for Radiation Distribution in High Radiation Environment by Gamma-ray Image Spectroscopy"". Electron-tracking Compton camera (ETCC) has been developed originally for nuclear gamma-ray astronomy, and also applied to medical use as a technology that greatly improves the resolution of conventional Compton camera by measuring three-dimensional tracking of electrons using a gaseous 3-dimensional position detector (so called Time Projection Chamber) in the first stage. In the present study, based on the ETCC that has been developed for medical use, we produce a prototype of light weight ETCC with the emphasis on the operability at the site, and evaluate its practicability by field tests.",Japanese,65 Pages,2020/03,Gaseous Time Projection Chamber ; nuclear gamma-ray ; GSO scintillator ; Electron tracking Compton camera ; gamma-ray imaging spectroscopy ; SPECT ; ion Beam therapy ; Skyshine gamma ; Fukushima Daiichi Nuclear Power Station Accident ; 福島第一原子力発電所事故,,https://doi.org/10.11484/jaea-review-2019-036,"3d_modeling, computer_vision",11,"3次元, camera, imaging, カメラ",環境の画像化による定量的放射能分布解析法」について取りまとめたものである。電子飛跡検出型コンプトンカメラ(ETCC)は、前段にガス増幅型位置検出器を用いて電子の3次元飛跡を測定することにより、従来型のコンプトンカメラの分解能を大幅に向上する技術として、これまで宇宙観測用として開発し医療への応用も進めて来た。本研究では、医療用に開発したETCCをもとに、現場での操作性を重視した軽ETCCを試作し、フィール,https://jopss.jaea.go.jp/search/servlet/search?5067578,https://jopss.jaea.go.jp/pdfdata/JAEA-Review-2019-036.pdf
5067625,JAEA-Review 2019-038,アルファダストの検出を目指した超高位置分解能イメージング装置の開発(委託研究); 平成30年度英知を結集した原子力科学技術・人材育成推進事業,Development of imaging system with ultra-high spatial resolution aiming to detect alpha-dust (Contract research); FY2018 Center of World Intelligence Project for Nuclear Science/Technology and Human Resource Development,廃炉国際共同研究センター; 東北大学*,Collaborative Laboratories for Advanced Decommissioning Science; Tohoku University*,日本原子力研究開発機構(JAEA)廃炉国際共同研究センター(CLADS)では、平成30年度英知を結集した原子力科学技術・人材育成推進事業(以下、「本事業」という)を実施している。本事業は、東京電力ホールディングス福島第一原子力発電所の廃炉等をはじめとした原子力分野の課題解決に貢献するため、国内外の英知を結集し、様々な分野の知見や経験を、従前の機関や分野の壁を越えて緊密に融合・連携させた基礎的・基盤的研究及び人材育成を推進することを目的としている。平成30年度の新規採択課題から実施主体を文部科学省からJAEAに移行することで、JAEAとアカデミアとの連携を強化し、廃炉に資する中長期的な研究開発・人材育成をより安定的かつ継続的に実施する体制を構築した。本研究は、研究課題のうち、平成30年度「アルファダストの検出を目指した超高位置分解能イメージング装置の開発」について取りまとめたものである。本研究は、デブリ取り出し時に発生する ダストの挙動解明をめざし、アルファ線を新規シンチレータで可視光に変え、レンズとSi-半導体カメラ(CMOSカメラ)による超高解像度(10 m以下)イメージングと、スペクトルのアンフォールディングによる核種判別を可能とするシステムを試作し、日本原子力研究開発機構のPu燃(ダストサンプラー)で実証試験を実施する。CMOSカメラの感度が高い発光波長をもち、かつ高発光のシンチレータの開発と高純度化、および、単結晶以外の形状での開発が鍵となる。,"JAEA/CLADS, had been conducting the Center of World Intelligence Project for Nuclear Science/Technology and Human Resource Development (hereafter referred to ""the Project"") in FY2018. The Project aims to contribute to solving problems in nuclear energy field represented by the decommissioning of the Fukushima Daiichi Nuclear Power Station, Tokyo Electric Power Company Holdings, Inc. For this purpose, intelligence was collected from all over the world, and basic research and human resource development were promoted by closely integrating/collaborating knowledge and experiences in various fields beyond the barrier of conventional organizations and research fields. Among the adopted proposals in FY2018, this report summarizes the research results of the ""Development of Imaging System with Ultra-high Spatial Resolution Aiming to Detect Alpha-dust"". In the present study, we have developed a prototype of a system aiming to elucidate the behavior of alpha-dust generated at the time of debris retrieval. In this system, alpha-ray is first converted to visible light by novel scintillator. Then, imaging with ultra-high resolution will be possible using a lens and an Si-semiconductor camera (CMOS camera). Also, it will be possible to identify the species of alpha-ray emitting nuclides by unfolding of the spectra. The demonstration tests of the system will be conducted for dust samplers at the Plutonium Fuel Development Center, JAEA. In the development of the present system, it is important to use scintillator whose emission wavelength is sensitive to the CMOS camera as well as high emission scintillator. Considering these conditions, the key technology will be the improvement of the purity of crystals and optimization of the shapes of the materials including powers.",Japanese,57 Pages,2020/03,scintillator ; red emission ; alpha dust ; high position resolution ; novel materials ; Fukushima Daiichi Nuclear Power Station Accident ; 福島第一原子力発電所事故,,https://doi.org/10.11484/jaea-review-2019-038,"computer_vision, robotics_remote",11,"camera, imaging, イメージング, カメラ, 可視光",アルファダストの検出を目指した超高位置分解能イメージング装置の開発(委託研究); 平成30年度英知を結集した原子力科学技術・人材育成推進事業,https://jopss.jaea.go.jp/search/servlet/search?5067625,https://jopss.jaea.go.jp/pdfdata/JAEA-Review-2019-038.pdf
5067260,JAEA-Review 2019-031,"RADREMOTE 2018; Proceedings of The 5th Fukushima Research Conference (FRC) 2018; Radiation hardness, smartness and measurement in remote technology for the decommissioning of the Fukushima Daiichi Nuclear Power Station",RADREMOTE 2018; 2018年度第5回福島リサーチカンファレンス(FRC)報文集; 廃炉遠隔技術のための耐放射線化、運用技術及び計測技術の高度化の展望,冠城 雅晃; 鳥居 建男; 小川 徹,"Kaburagi, Masaaki; Torii, Tatsuo; Ogawa, Toru","福島第一原子力発電所の廃炉をはじめとした過酷な放射線環境下で、現場作業者の被ばく線量を低減するため、遠隔技術やロボティクスの高度化に大きな期待が集まっている。しかし、ロボットの遠隔制御のための最先端の要素技術やセンサー, 電子機器の耐放射線性にも厳しい限界がある。原子力へのロボット技術の応用拡大に向けて、機器の耐放射線性の向上(Radiation hardness)や運用における放射線環境への適応力(Radiation smartness)が求められる。さらに、将来の核燃料デブリの探査と取り出しに向けては、福島第一原子力発電所内の高線量率現場での放射線イメージングや核燃料デブリの検出といった、放射線計測(Radiation measurement)および位置認識・周辺環境の把握のための技術の開発が必要である。今回の福島リサーチカンファレンスでは、遠隔技術のさらなる進展のため、さまざまな分野の専門化を交えて将来のビジョンを共有することを目指している。","There is high expectation for advanced remote technology and robotics to reduce the radiation exposure for workers in harsh nuclear environments such as the decommissioning of the Fukushima Daiichi Nuclear Power Station (FDNPS). However, the radiation tolerance of state-of-the-art key components, sensors and electronic devices, for remote operation is still limited. In order to extend the application of robotics in nuclear energy, it is pertinent to develop ""Radiation hardness"" of components and ""Radiation smartness"" in operation procedures. Furthermore, developments of ""Radiation measurement"" and ""Technology to recognize the location and to grasp the surrounding environment"", including the radiation imaging of the high dose-rate fields inside the FDNPS and the detection of nuclear fuel debris, are necessary for the future nuclear fuel debris retrieval. This Fukushima Research Conference aims to share the future vision for advancing the remote technology among experts from diverse fields.",English,251 Pages,2020/01,福島リサーチカンファレンス ; 遠隔技術 ; 耐放射線性 ; 放射線計測 ; 福島第一原子力発電所事故 ; Fukushima Daiichi Nuclear Power Station Accident,,https://doi.org/10.11484/jaea-review-2019-031,"computer_vision, robotics_remote",11,"imaging, remote, robot, イメージング, ロボット, 遠隔技術","RADREMOTE 2018; Proceedings of The 5th Fukushima Research Conference (FRC) 2018; Radiation hardness, smartness and measurement in",https://jopss.jaea.go.jp/search/servlet/search?5067260,https://jopss.jaea.go.jp/pdfdata/JAEA-Review-2019-031.pdf
5059197,JAEA-Research 2017-014,幌延深地層研究センターにおける掘削損傷領域の可視化手法の検討(共同研究),Visualization of fractures in an Excavation Damaged Zone in the Horonobe Underground Research Laboratory (Joint research),"青柳 和平; Chen, Y.*; 櫻井 彰孝; 石井 英一; 石田 毅*","Aoyagi, Kazuhei; Chen, Y.*; Sakurai, Akitaka; Ishii, Eiichi; Ishida, Tsuyoshi*",本研究では、坑道掘削により周辺岩盤に形成された掘削損傷領域の割れ目の三次元的な可視化を行うことを目的として、幌延深地層研究センターの地下350mの調査坑道を対象として、樹脂を坑道周辺の岩盤に注入し、掘削損傷領域の割れ目を固定し、紫外線照射下の観察により割れ目の連結性や開口幅の検討を行った。原位置における樹脂の注入に際しては、粘性が低く紫外線照射によって発光する樹脂を開発して坑道周辺岩盤へ圧入した。その結果、割れ目の状態を乱すことなく、坑道周辺に形成された割れ目へ樹脂を浸透させ、固定させることに成功した。さらに、割れ目への固定の後に、注入孔周辺をオーバーコアリングし、孔壁面及び得られたコア表面を紫外線照射下で観察した。観察の結果、割れ目は孔口から約0.9mの範囲まで発達していた。また、孔口から約0.3mまでは、複数本の割れ目が交差しており、開口幅は1-2mm程度であったのに対し、孔口から0.3-0.9mに分布する割れ目は単独で存在し、開口幅は1mmよりも小さいことがわかった。一方、ボアホールテレビューア観察では、孔口から0.2mまでの明瞭に開口した割れ目しか検出されていないことから、カメラの分解能の影響で開口幅の小さい割れ目を検出することが難しいため、割れ目の発達の範囲を過小評価する可能性があることがわかった。,"In this research, we performed the resin injection experiment at the 350 m gallery of the Horonobe Underground Research Laboratory in order to identify the three dimensional distribution of fractures induced around the gallery owing to excavation. To this end, the low viscosity resin mixed with a fluorescent substance was developed and applied to the in situ resin injection experiment. As a result, the resin was successfully penetrated into the fractures around the gallery without disturbing their situation and then fixed within them. After the experiment, the rock cores around the injection borehole were drilled for the observation. The observation under ultraviolet light revealed that the extent of the development of fractures was about 0.9 m into the borehole wall. In addition, the aperture of the fractures distributed within 0.3 m from the gallery wall was ranged 1 to 2 mm, and that distributed from 0.3 to 0.9 m was less than 1 mm. On the other hand, in the borehole televiewer (BTV) survey, only one fracture within 0.2 m from the wall could be detected owing to the resolution of the survey system. Thus, it is expected that the BTV survey underestimate the extent of the development of fractures.",Japanese,49 Pages,2018/01,Excavation Damaged Zone ; Resin injection ; Visualization ; Fracture ; Horonobe Underground Research Laboratory,深地層研究所,https://doi.org/10.11484/jaea-research-2017-014,"3d_modeling, computer_vision",11,"visualization, カメラ, 三次元, 可視化",幌延深地層研究センターにおける掘削損傷領域の可視化手法の検討(共同研究),https://jopss.jaea.go.jp/search/servlet/search?5059197,https://jopss.jaea.go.jp/pdfdata/JAEA-Research-2017-014.pdf
5049546,JAEA-Data/Code 2014-027,PHITSシミュレーション結果の4次元可視化・解析ツールの開発,Development of software tools for 4-D visualization and quantitative analysis of PHITS simulation results,古高 和禎,"Furutaka, Kazuyoshi","放射線輸送シミュレーション・コードPHITSにより得られた結果を4次元(3次元空間+時間)可視化することにより、シミュレーション結果の定量的理解を容易にし、それを用いた装置開発を促進することを目的として、ソフトウェア・ツールを開発した。実用に堪えるツールを可能な限り早く使用に供するために、使用可能な既存のソフトウェアを最大限活用することにし、可視化にはParaViewを、解析にはROOTを用いることにした。そして、PHITSによるシミュレーション結果をParaViewで可視化することができるようにするために、データ形式の変換ツール及び可視化を簡単化するツール(angel2vtk, DispDCAS1, CamPos)を作成した。一方、dieawayプロットの解析のためには、ROOTを利用したソフトウェア、dianaを作成した。","A suite of software tools has been developed to facilitate the development of apparatus using a radiation transport simulation code PHITS by enabling 4D visualization (3D space and time) and quantitative analysis of so-called dieaway plots. To deliver useable tools as soon as possible, the existing software was utilized as much as possible; ParaView will be used for the 4D visualization of the results, whereas the analyses of dieaway plots will be done with ROOT toolkit with a tool named ""diana"". To enable 4D visualization using ParaView, a suite of tools (angel2vtk, DispDCAS1, CamPos) have been developed for the conversion of the data format to the one which can be read from ParaView and to ease the visualization.",Japanese,32 Pages,2015/02,Radiation transport ; PHITS ; 4D visualization ; dieaway-plot analysis,,https://doi.org/10.11484/jaea-data-code-2014-027,"3d_modeling, computer_vision",11,"3d, 3次元, visualization, 可視化",PHITSシミュレーション結果の4次元可視化・解析ツールの開発,https://jopss.jaea.go.jp/search/servlet/search?5049546,https://jopss.jaea.go.jp/pdfdata/JAEA-Data-Code-2014-027.pdf
4020708,JNC TN7400 2005-007,繰り返しアプローチに基づく地質構造のモデル化(Step1およびStep2),The Construction of geological model using an iterative approach; Step 1 and step 2,松岡 稔幸; 熊崎 直樹*; 三枝 博光; 佐々木 圭一; 遠藤 令誕*; 天野 健治,"Matsuoka, Toshiyuki; Kumazaki, Naoki*; Saegusa, Hiromitsu; Sasaki, Keiichi; Endo, Yoshinobu*; Amano, Kenji",地層処分研究開発の基盤となる深地層の科学的研究の一環として進めている、超深地層研究所計画においては、繰り返しアプローチを実施すること(「計画立案」 「調査」 「解釈/データセット」 「概念化/モデル化/解析」 「アウトプット」の一連のプロセスを繰り返すこと)により、各研究スケールにおける深部地質環境の体系的な調査・解析・評価技術の基盤を整備することを主たる研究目標としている。本報告では、瑞浪超深地層研究所用地(以下、研究所用地)を包含する数百m 数km四方の領域(サイトスケール)を対象に、Step1:「既存の情報、地質踏査および反射法弾性波探査」、およびStep2:「Step1の情報に既存ボーリング孔を利用した調査および浅層ボーリング調査における情報を付加」の2段階の情報に基づき、繰り返しアプローチによる地質構造モデルを構築し、研究所用地周辺に分布する地質・地質構造の可視化を行った。その結果、各段階の情報に基づき、地質構造モデルに表現すべき要素を抽出するとともに、研究所用地に分布する主要な不連続構造として、北北西走向、東西走向、北東走向に卓越する数条の断層を確認・推定した。,"One of the main goals of the Mizunami Underground Research Laboratory (MIU) Project is to establish appropriate methodologies for reliably investigating and assessing the deep subsurface. This report documents the results of geological modeling of Step1 and Step2 using the iterative investigation approach at the site-scale (several 100m to several km in area). For the Step1 model, existing information (e.g. literature), and results from geological mapping and reflection seismic survey were used. For the Step2 model, additional information obtained from the geological investigation using existing borehole and the shallow borehole investigation were incorporated. As a result of this study, geological elements that should be represented in the model were defined, and several major faults with trends of NNW, EW and NE trend were identified (or inferred) in the vicinity of the MIU-site.",Japanese,99 Pages,2005/03,no keyword,,,"ar_mapping, computer_vision",11,"mapping, 可視化",調査および浅層ボーリング調査における情報を付加」の2段階の情報に基づき、繰り返しアプローチによる地質構造モデルを構築し、研究所用地周辺に分布する地質・地質構造の可視化を行った。その結果、各段階の情報に基づき、地質構造モデルに表現すべき要素を抽出するとともに、研究所用地に分布する主要な不連続構造として、北北西走向、東西走向、北東走向に卓越する数条の断層を確認・推定した。,https://jopss.jaea.go.jp/search/servlet/search?4020708,https://jopss.jaea.go.jp/pdfdata/JNC-TN7400-2005-007.pdf
4036991,JNC TN9400 2001-106,"Effects of Nuclear Date Library on BFS and ZPPR Fast Reactor Core Analysis Results, 2; BFS-62 Analysis Results","BFS及びZPPR高速臨界実験解析における核データライブラリ効果の評価,2; BFS-62炉心の実験解析における効果","Mantourov, G.","Mantourov, G.","本研究は、ロシアの高速発電所BN-600における解体核余剰Pu処分のために、ロシア物理エネルギー研究所(IPPE)のBFS-2臨界実験装置を利用するJNC-IPPE共同研究の一環として実施したものである。本報告書は、BS炉心及びZPPR炉心の実験解析結果に及ぼす核データライブラリの影響を調査した結果を示す2冊目のものである。臨界実験解析には、ロシアで使用されているABBN-93核データライブラリに基づく実効定数計算システムCONSYST/ABBNと核燃料サイクル開発機構(JNC)の拡散計算コードCITATION-FBRを用いた。セル内の空間非均質性と共鳴干渉効果の評価は、衝突確率法とサブグループ法が適用可能な格子計算コードFFCPにより行った。FFCPにより計算した実効断面積を、専用の変換プログラムにより、JNCで使用されているPDSファイル形式に変換した。次に、CITATION-FBRコードを用いて、BFS-62炉心及びZPPRにおけるJUPITER臨界実験シリーズ炉心の3次元Hex-Z体系計算を行った。実験解析結果に及ぼす核データライブラリの影響は、上記のようにして求めた解析値を、日本の核データライブラリJENDL-3.2に基づく実効断面積とCITATION-FBRコードを用いて得た解析値と比較して評価した。臨界性については、BFS-62炉心における4種類の実験体系(BFS-62-1 4)、及びZPPR炉心における3種類の実験体系(ZPPR-9, 13A, 及び17A)に関する結果を示した。反応率分布については、BFS-62炉心における2種類のU0 燃料炉心(BFS-62-1及びBFS-62-2)に関する結果を示した。種々の計算手法による補正項の大きさは、すべての解析ケースにおいて1.0%以下であった。解析誤差として見込むべき不確かさは、ZPPR炉心の場合約0.3%、BFS-62炉心の場合約0.2%と評価できる。JNCの解析手法においてABBN-93核データライブラリを適用することによる臨界性への影響は、ZPPR炉心及びBFS-62炉心のうち燃料領域にPuを含む炉心(BFS-62-3及びBFS-62-4)の場合約0.3%であった。BFS-62炉心のうちU0 燃料炉心(BFS-62-1及びBFS-62-2)においては、核データライブラリによる影響は約0.1%であった。引き続いて実施した感度解析により、この差異を引き起こす主要因子はウランと鉄の断面積であることがわかった。","This work was fulfilled in the frame of JNC-IPPE Collaboration on Ex- perimental investigation of Excess Weapon Pu Disposition in BN-600 re-actor Using BFS-2 Facility. Data processing system CONSYST/ABBN cou- pled with ABBN-93 nuclear data libraty was used in analysis of BFS-62 and ZPPR JUPITER series fast reactor cores, applying JNC core calcu- lation code CITATION-FBR. FFCP cell code was used for taking into ac- count the spatial cell heterogeneity and response effect based on the first Flight collision Probability method and subgroup approach. Espe-cially two converting programs were written to transmit the prepared effective cross section to JNC standard PDS files to let then the CI- TATION code be applied for 3-D HEXZ neitronics calculation of the in- vestigated cores. The effects of nuclear data library have been stu- died by comparing the results calculated using ABBN-93 nuclear data library with the former ones obtained in JNC based on JENDL-3.2 nucle-ar data library. The",English,67 Pages,2001/11,no keyword,,,"3d_modeling, ar_mapping",11,"3-d, 3次元, ar","Effects of Nuclear Date Library on BFS and ZPPR Fast Reactor Core Analysis Results, 2; BFS-62 Analysis Results",https://jopss.jaea.go.jp/search/servlet/search?4036991,https://jopss.jaea.go.jp/pdfdata/JNC-TN9400-2001-106.pdf
4020353,JNC TJ7400 2001-002,長期岩盤挙動評価のための微視的観点による基礎的研究(平成12年度),None,市川 康明*,"Ichikawa, Yasuaki*",岩盤の1万年以上にも渡る長期の挙動を予測するためには、岩石・岩盤のミクロ構造まで考慮に入れた精度の高い解析が要求される。本研究では、花崗岩の長期挙動を解明するために1.X線トモグラフィ(XTM)による花崗岩造鉱物の三次元組織構造観察、2.顕微鏡下における浸水一軸・三軸圧縮試験並びに応力緩和試験によるマイクロクラック発生進展のメカニズムの解明、3.均質化法粘弾性解析における花崗岩の長期挙動の予測とミクロ・マクロレベルの応力評価、を実施した。第2章では、岩石の特徴を表す様々な物性の中でも組成鉱物の割合と配置に着目し、各々の組成鉱物が示すX線吸収係数の違いを利用してXTM画像から代表的な鉱物を別々に抽出する作業について、画像処理ソフトを用いて自動化する方法を提案した。さらに、ミクロレベルの有限要素解析に画像データを用いるためにデータ処理を行う際に、初期段階の処理を自動化する方法についても提案する。また、画像解析では各鉱物の割合を調べ、3次元画像を構築した。第3章では、浸水三軸応力下における花崗岩内に生じるマイクロクラックの進展を、実体顕微鏡を用いて連続的に観察し、岩石破壊過程を明らかにするとともに、均質化法粘弾性解析を用いて室内実験と同様の条件下で長期間にわたる岩石の時間依存挙動解析を行い、マクロ応力変化とマイクロクラックの方向、長さなどの影響について考察した。,no abstracts in English,Japanese,74 Pages,2001/03,no keyword,,,"3d_modeling, computer_vision",11,"3次元, 三次元, 画像処理, 画像解析",クロレベルの有限要素解析に画像データを用いるためにデータ処理を行う際に、初期段階の処理を自動化する方法についても提案する。また、画像解析では各鉱物の割合を調べ、3次元画像を構築した。第3章では、浸水三軸応力下における花崗岩内に生じるマイクロクラックの進展を、実体顕微鏡を用いて連続的に観察し、岩石破壊過程を明らかにするとともに、均質化法粘弾性解析を用いて室内実験と同様の条件下で長期間にわたる岩石の時間依存,https://jopss.jaea.go.jp/search/servlet/search?4020353,https://jopss.jaea.go.jp/pdfdata/JNC-TJ7400-2001-002.pdf
4036853,JNC TN9410 2001-022,照射後試験用X線CT装置の開発-データ活用法の検討-,Development of X-ray CT apparatus for the post-irradiation examination; Practical application of the CT images,永峯 剛; 勝山 幸三; 松元 愼一郎,"not registered; not registered; Matsumoto, Shinichiro",照射燃料集合体試験施設では、照射後試験用X線CT装置を開発・設置し、平成11年から供用を開始した。本報では「常陽」使用済炉心燃料集合体(PFD512)のCT画像データに基づき本装置の活用方法について検討したものである。以下に結果を示す。(1)3次元可視化像によって集合体内部状況の観察における視認性が格段に向上する。 (2)断層画像の数値化処理による燃料ピン配置状況などの定量情報は、サブチャンネル解析などに反映できるデータとして期待される。 (3)CT値によって燃料ペレットやラッパ管の密度が得られることを確認した。破壊試験結果との比較評価が必要であるが大きなスエリングについては評価に役立つ。(4)燃料ペレットの中心空孔径を 0.1mm程度の精度で測定できる見通しが得られた。このデータは照射条件の確認、金相観察位置の選定の際に役立つ。(5)3次元可視化によって燃料スタックや燃料ピン全長データが集合体を解体せずに取得できる。 以上の様に照射後試験用X線CT装置は集合体の異常の早期発見、解体を許されない継続照射用リグの中間検査に有効である。また、使用際な破壊試験計画の立案時のピン選定及び観察位置特定などにも活用が期待される。,"The X-ray CT apparatus for post-irradiation examination (PIE) was developed and installed in the Fuel Monitoring Facility (FMF). The apparatus started the common use for PIE in 1999. In this paper, the practical applicability of the CT image of this apparatus, based on the CT data of JOYO fuel subassembly (PFD512) is described. The results are as follows. (1)By the three-dimensional visualization of the CT images, the visibility to observation of the inside situation of the fuel assemblies was remarkably improved. (2)CT image analysis provides quantitative information such as the fuel pin rearrangements. It is expected as the data, which can reflect in the sub-channel analysis, etc. (3)By the CT data, it was confirmed that the information of the density variation of fuel pellets and ducts was obtained. Though the comparison with the destructive tests was necessity, this data is useful for evaluation when the swelling is big. (4)The apparatus measured fuel pellet center void diameters with an accuracy of about 0.1mm. This data is useful for confirming irradiation conditions and for selecting the position for optical macrograph observations. (5)The three-dimensional image provides fuel stack length and overall pin length without dismantling the fuel subassembly. The X-ray CT apparatus for PIE is useful for the early detection of fuel subassembly abnormalities and intermediate inspections of continuous irradiation rigs where dismantling is not permitted. The apparatus is also usefu1 for the selection of pins and observation positions in detailed destructive tests.",Japanese,41 Pages,2000/12,no keyword,,,"3d_modeling, computer_vision",11,"3次元, image analysis, visualization, 可視化",供用を開始した。本報では「常陽」使用済炉心燃料集合体(PFD512)のCT画像データに基づき本装置の活用方法について検討したものである。以下に結果を示す。(1)3次元可視化像によって集合体内部状況の観察における視認性が格段に向上する。 (2)断層画像の数値化処理による燃料ピン配置状況などの定量情報は、サブチャンネル解析などに反映できるデータとして期待される。 (3)CT値によって燃料ペレットやラッパ管の,https://jopss.jaea.go.jp/search/servlet/search?4036853,https://jopss.jaea.go.jp/pdfdata/JNC-TN9410-2001-022.pdf
4819,JAERI-Data/Code 2000-021,実時間可視化システムのためのボリュームレンダリング・モジュールの開発,Development of volume rendering module for real-time visualization system,大谷 孝之; 村松 一弘,"Otani, Takayuki; Muramatsu, Kazuhiro",ボリュームレンダリングは、3次元の解析空間における物理量の分布について物理量の境界面のみならず内部の情報構造も透かして観ることのできる可視化手法である。そのため科学技術計算における計算結果データの解析等の際には非常に有用な可視化機能であるが、反面、ほかの可視化に比べて計算時間が膨大になるという短所をもつ。本報告では、並列計算機上での流体解析のための実時間可視化システムの機能の一つとして開発したボリュームレンダリングモジュールについて記述する。このモジュールは構造格子を用いて計算された結果を直接可視化できる。また、発見的な手法を用いることでレンダリングの一部を高速化している。さらに、並列処理によるボリュームレンダリングの高速化についても考察する。,no abstracts in English,Japanese,p.26 - 0,2000/03,Visualization ; 3D Image ; Ray Casting ; Simulation ; Computer Graphics,,https://doi.org/10.11484/jaeri-data-code-2000-021,"3d_modeling, computer_vision",11,"3d, 3次元, visualization, 可視化",実時間可視化システムのためのボリュームレンダリング・モジュールの開発,https://jopss.jaea.go.jp/search/servlet/search?4819,https://jopss.jaea.go.jp/pdfdata/JAERI-Data-Code-2000-021.pdf
2006033,JAERI-Data/Code 98-032,ETC-Relコード; トカマクにおける相対論的電子の軌道解析,ETC-Rel code; Orbit trace code of relativistic electrons in a tokamak,徳田 伸二; 樋口 高年*,"Tokuda, Shinji; not registered",トカマクにおける相対論的電子の軌道を追跡するコードETC-Relを開発した。このコードの開発のために、相対論的電子の案内中心運動に対する正準ハミルトン形式を新たに導いた。このとき、案内中心の運動方程式はBoozer座標で記述される。そのため、軌道を実空間(デカルト座標)で可視化するための写像ルーチンも開発した。また、ETC-Relコードを用いてシミュレーションを行い、ディスラプション時の磁場揺動が逃走電子の無衝突損失を引き起こすことを実証した。この予測は、逃走電子発生を回避するプラズマ緊急停止に関して最近行われたJT-60U実験とよく一致する。,no abstracts in English,Japanese,36 Pages,1998/11,Relativistic Electron ; Guiding Centrer Drift Motion ; Canonical Hamiltonian Form ; Boozer Coordinate ; Mapping ; Magnetic Perturbations ; Collisionless Loss,,https://doi.org/10.11484/jaeri-data-code-98-032,"ar_mapping, computer_vision",11,"mapping, 可視化",子の案内中心運動に対する正準ハミルトン形式を新たに導いた。このとき、案内中心の運動方程式はBoozer座標で記述される。そのため、軌道を実空間(デカルト座標)で可視化するための写像ルーチンも開発した。また、ETC-Relコードを用いてシミュレーションを行い、ディスラプション時の磁場揺動が逃走電子の無衝突損失を引き起こすことを実証した。この予測は、逃走電子発生を回避するプラズマ緊急停止に関して最近行われた,https://jopss.jaea.go.jp/search/servlet/search?2006033,https://jopss.jaea.go.jp/pdfdata/JAERI-Data-Code-98-032.pdf
4024940,PNC TN8410 94-269,"Discrete Fracture Modelling of the Aspo LPT-2,Large Scale Pumping and Tracer Test",None,*,not registered,本論は、Aspo Hard Rock Laboratoryで行われた、LPT-2大規模揚水・トレーサー試験の亀裂ネットワークシミュレーション結果をまとめたものである。本研究は、地下水流動と物質移動研究に係る国際共同研究プログラム「Aspo Task Force」のもとに実施された。シミュレーションには、個々の亀裂を三次元空間に発生させ、それが構成する亀裂ネットワーク構造をモデル化可能な亀裂ネットワークコードFracManを用いた。シミュレーション領域は、Aspo島南部の揚水孔を中心とする一辺約1kmの立方体である。亀裂モデルは主に2つのタイプの亀裂群から構成される。一つはfracture zones(破砕帯)であり、その位置、方向はSKBによるAspoサイトの概念モデルに基づいて設定した。他方はfracture zones以外の亀裂であり(non-zone fracturesと呼ぶ)、統計的に発生させた。それぞれのグループの亀裂の幾何学と水理学的特性の決定にあたっては、SKBのデータベースを基に解析した。non-zone fracturesの亀裂の長さについては、別途筆者らが独自に行った地表露頭の亀裂マッピングデータを基に設定した。一辺が1kmの立方体領域に分布する全ての亀裂をモデル化することは不可能であり、したがって、亀裂分布の母集団から水理学的に重要な亀裂のみを抽出しモデル化した。1993年の3月と9月に行われた2回のTask Force Mcetingにおいて、それぞれ異なったモデルを使用した。3月モデルでは、厚さ10mの平板内に直径30mの亀裂を分布させfracture zonesとした。9月モデルでは、各fracture zoneを1枚の平板で代表させ、その平板を20m 30mスケールの要素に離散化し、地球統計法に基づいて不均質に透水係数を割り当てた。また、9月モデルでは、ボーリング孔における透水量係数の実測値を再現できるよう条件付けした亀裂発生(conditioning)も行った。3月モデルは破砕帯内における亀裂の連結性をより現実的にモデル化しているが、数値解法上は9月モデルがより効率的である。どちらのモデルも、揚水試験時の非定常の圧力変化と水位低下のシミュレーションに用いた。トレーサー試験シミュレーションは9月モデルのみを用いて行った。シミュレーシ,"This report describes FracMan discrete fracture flow transport modelling of the LPT-2, large-scale pumping and tracer test, at the SKB Aspo Hard Rock Laboratory. This work was carried out under the international cooperation program of the AsPo Task Force on Groundwater Flow and Transport of Solutes. The scale of simulation was approximately a one-kilometer cube. The discrete fracture model contains two major fracture types - fracture zones, which were located deterministically according to SKB's conceptual model of the Aspo site, and fractures outside the fracture zones which were generated stochastically. The geometric and hydraulic properties of each group were developed from the SKB modeling database, except for non-zone fracture length which we developed from our own mapping of surface outcrops. Two separate models were prepared for the March and September, 1993, task force meetings respectively. The March model represented the fracture zones as 10-m thick Planar regions containing populations of 30-m radius discrete fractures. The September model represented the fracture zones as single planes, which were discretized on a 20- to 30-m scale for a geostatistical assignment of properties. The September model also included conditioning of the properties to the borehole data. Both models generally reproduce the drawdown and transient pressure interference responses of the experiment. The tracer breakthroughs were simulated using only the September model. Calibration runs of the transport model varied the mean transport aperture, aperture variance, and aperture correlation length. The results of this modelling exercise show that a discrete fracture model can be applied at kilometer scales if the flow is dominated by a small portion of fracture population. The results also show that the SKB conceptual model is consistent with the field measurements.",English,77 Pages,1994/07,Aspo ; Aspo Task Force ; Aspo島 ; FracMan ; LPT-2 ; SKB ; シミュレーション ; スウェーデン ; トレーサー試験 ; トレーサ法 ; モデリング ; 亀裂 ; 亀裂ネットワークシミュレーション ; 計算機コード ; 国際共同研究 ; 国際共同研究プログラム ; 国際協力 ; 地下水流動 ; 地層処分 ; 地中処分 ; 透水係数 ; 破砕帯 ; 廃棄物 ; 物質移動 ; 放射性廃棄物 ; 揚水 ; 揚水・トレーサ試験,,,"3d_modeling, ar_mapping",11,"mapping, マッピング, 三次元",的特性の決定にあたっては、SKBのデータベースを基に解析した。non-zone fracturesの亀裂の長さについては、別途筆者らが独自に行った地表露頭の亀裂マッピングデータを基に設定した。一辺が1kmの立方体領域に分布する全ての亀裂をモデル化することは不可能であり、したがって、亀裂分布の母集団から水理学的に重要な亀裂のみを抽出しモデル化した。1993年の3月と9月に行われた2回のTask Force M,https://jopss.jaea.go.jp/search/servlet/search?4024940,https://jopss.jaea.go.jp/pdfdata/PNC-TN8410-94-269.pdf
4033162,PNC TN9410 88-181,SNR300遮蔽プラグの3次元温度-応力分布解析; INTERATON-PNCベンチマーク解析(PNC側解析結果),3 Dimensional temperature-stress analysis of SNR300 shield plug; INTERATOM-PNC Benchmark calculations (PNC side report),大平 博昭*,not registered,"SNR300遮蔽プラグ外周にあるアニュラス状""h""-GapにおけるArガス自然対流と構造材との相互作用を評価するために、西ドイツInteratom社とPNCの間でそれぞれ所有のコードを用いたベンチマーク解析を行っている。PNC側は先に開発した、熱流体-構造物連成解析のためのインターフェイスプログラム(FLUSH)を用いて、SNR300遮蔽プラグの詳細形状データを基にナトリウム温度420 及び556 の2条件について、Arガスの自然対流に起因するガス及び構造材の3次元温度分布を実施した。得られた結果は次のとおり。(1)遮蔽プラグ上面温度は106.6 176.0 と比較的高い範囲で分布している。これは、ECC(FmergencyCoolingCircuit)が発熱原として効いていることに困る。(2)""h""-Gapにおける周方向温度分布は最大81.0 であった。又、これに起因する遮蔽プラグ上板での応力値は最大37.6N/mm2であった。今後、Interatom側での解析結果及び試験データとの比較・検討を通じて総合的に評価が行われる。","In order to evaluate the natural convection of Ar gas and structures interaction of the upper closure system of SNR300, the benchmark calculations were carried out at both Interatom GmbH and PNC in the same conditions. Three dimensional temperature distribution analysis of the cover gas and the shield plug, and thermal stress analysis of the shield plug were carried out in the different two cases of sodium temperature, 420 C and 556 C, using the Interface Program for Fluid and Structures Interaction, ""FLUSH"", at PNC. And following results were obtained; (1)The surface temperature on the upper plate was in the region of 106.6 C 176.0 C. These rather high values were caused by the ECC (Emergency Cooling Circuit) in the shield plug being performed as the heat source. (2)The maximum circumferential temperature difference was 81.0 C, and the maximum thermal stress on the upper plate caused by that ununiform temperature difference was 37.6N/mm . The technical information exchange meeting is going to be held in order to compare the PNC results with the SNR300 experimental data and the calculation results performed by using COMMIX/STINT code at Interaton.",Japanese,130 Pages,1988/12,LMFBR型原子炉 ; アルゴン ; プラグ ; 温度分布 ; 気体 ; 構造材料 ; 三次元 ; 自然対流 ; 遮蔽 ; 熱応力,,,"3d_modeling, ar_mapping",11,"3次元, ar, 三次元",SNR300遮蔽プラグの3次元温度-応力分布解析; INTERATON-PNCベンチマーク解析(PNC側解析結果),https://jopss.jaea.go.jp/search/servlet/search?4033162,https://jopss.jaea.go.jp/pdfdata/PNC-TN9410-88-181.pdf
5086995,JAEA-Technology 2026-004,HASWS貯蔵廃棄物の取出しに向けた水中ROV等の操作性向上に係るデータの取得,Data acquisition related to improving operability of ROVs for the retrieval of HASWS stored waste,爲田 惟斗; 佐野 恭平; 高野 祐吾*; 山本 昌彦; 中崎 和寿; 秋山 和樹,"Tameta, Yuito; Sano, Kyohei; Takano, Yugo*; Yamamoto, Masahiko; Nakazaki, Katsutoshi; Akiyama, Kazuki",東海再処理施設の高放射性固体廃棄物貯蔵庫(HASWS)では、再処理工程から発生した高放射性固体廃棄物を貯蔵しており、HASWSを構成する設備のうち、湿式セル(ハル貯蔵庫)では使用済燃料をせん断・溶解して残った燃料被覆管(ハル)・燃料端未部(エンドピース)等を収納したハル缶、使用済みのフィルタ類・汚染機器類を貯蔵している。HASWSに貯蔵している廃棄物の取出しに向け、英国の廃止措置において使用実績がある水中ROVと、海洋分野において海底に沈んだ物品の浮上げや運搬に用いられる水中リフタを活用することを検討しており、2022年度及び2023年度にモックアップ試験を実施し、水中ROVと水中リフタによる廃棄物の取出し方法の成立性を確認した。本報告では、より安全かつ確実な廃棄物の取出しに向けて、水中ROV付属ケーブル、廃棄物把持用グラブ、水中ROV取扱い用回収吊具、水中リフタ、水中ROV操作用カメラそれぞれについて改善を施し、操作性向上に係るデータを取得した。水中ROV付属ケーブルについては、ケーブル後方に浮きを装着し、水中ROVにかかるケーブルの重量負荷を軽減することで前傾操作がし易くなり、水中ROVの姿勢安定性が向上した。廃棄物把持用グラブについては、水中リフタ(グラブ式)に用いるグラブの爪先端に治具を取り付け、ハル缶の直径に対する爪先端の接触位置の深さを約60%に増強することで、ハル缶の把持安定性が向上した。水中ROV取扱い用回収吊具については、水中リフタ(吊具式)の回収吊具リングの大きさを従前の 8cmから 15cmに変更することで、リングの把持に要する時間の短縮が図られ、回収吊具へのアクセス性が向上した。水中リフタについては、内部構造を変更した水中リフタ(チューブ内蔵型、気室分割型)を用いることで、微細な空気量の調整や、浮き部が折れ曲がることによる空気の流路の閉塞が改善され、水中リフタの給排気の安定性が向上した。水中ROV操作用カメラについては、セル内の低照度環境下において、廃棄物取出し作業を俯瞰する水中ROV操作用カメラ近傍にライトを追加で設置することにより、セル内の照度が確保されケーブル類の視認性の向上が図られた。,"At the High Active Solid Waste Storage (HASWS) of Tokai Reprocessing Plant, high active solid waste generated from the reprocessing process is stored. In the wet cell, hull cans containing fuel cladding tubes (hulls) and end pieces are stored, along with used filters and contaminated equipment. It is being considered that utilizes a small underwater remotely operated vehicle (ROV) along with a lifter for recovering and transporting objects from the seafloor for the retrieval of the waste stored in the HASWS. Mock-up tests were conducted in FY2022 and FY2023 to verify the feasibility of retrieving waste using the ROV and the lifter. In this study, to achieve safer and more reliable waste retrieval, improvements were made to each component, including the ROV cable, waste gripping grab, lifting hook, lifter, and ROV monitoring camera, and data were collected to evaluate operational performance. For the ROV cable, attaching a float to the rear section of the ROV cable to reduce its weight facilitated forward-tilt operation and improved the ROV's attitude stability during wire-cutting. For the waste gripping grab, attaching a jig to the tips of the grab of the lifter (grabtype) enhanced the gripping stability of the hull can. For the lifting hook, setting the ring diameter of the lifter (hook-type) to 15 cm shortened the time required for grasping and improved accessibility to the hook. For the lifter, using lifters with modified internal structures enabled fine air-volume adjustment and reduced blockage of air passages, thereby improving the stability of air supply and exhaust. For the ROV monitoring camera, adding a light near the ROV monitoring camera in a dark environment ensured sufficient cell illumination and enhanced cable visibility.",Japanese,27 Pages,2026/05,東海再処理施設 ; HASWS ; 廃止措置 ; 水中ROV ; 水中リフタ,再処理施設,https://doi.org/10.11484/jaea-technology-2026-004,"computer_vision, robotics_remote",10,"camera, remote, rov, カメラ",HASWS貯蔵廃棄物の取出しに向けた水中ROV等の操作性向上に係るデータの取得,https://jopss.jaea.go.jp/search/servlet/search?5086995,https://jopss.jaea.go.jp/pdfdata/JAEA-Technology-2026-004.pdf
5086563,JAEA-Technology 2025-015,令和6年度緊急時対応技術適用のためのバックグラウンド航空機モニタリング及び無人航空機による放射線モニタリングに係る技術開発(受託研究),Background aerial monitoring and UAV radiation monitoring technology development for emergency response and preparedness in the fiscal year 2024 (Contract research),普天間 章; 越智 康太郎; 佐々木 美雪; 中間 茂雄; 川崎 義晴*; 岩井 毅行*; 平賀 祥吾*; 萩野谷 仁*; 松永 祐樹*; 眞田 幸尚; 工藤 保,"Futemma, Akira; Ochi, Kotaro; Sasaki, Miyuki; Nakama, Shigeo; Kawasaki, Yoshiharu*; Iwai, Takeyuki*; Hiraga, Shogo*; Haginoya, Masashi*; Matsunaga, Yuki*; Sanada, Yukihisa; Kudo, Tamotsu",2011年(平成23年)3月11日に発生した東北地方太平洋沖地震に伴う津波により、東京電力福島第一原子力発電所事故が発生し、大量の放射性物質が周辺環境に飛散した。事故直後から、放射線の分布を迅速かつ広範囲に測定する手段として、有人ヘリコプター等による航空機モニタリングが活用されてきた。日本原子力研究開発機構は原子力規制庁からの受託事業として、緊急時モニタリングの迅速化に向け、発電所周辺のバックグラウンド線量率や地形、管制空域等の情報整備を進めている。令和6年度は、島根原子力発電所周辺で航空機モニタリングを実施し、線量率マップ等を作成し、地上測定値や他機関データと比較して妥当性を確認した。原子力総合防災訓練では、有人ヘリコプターに加え無人航空機を用いた訓練フライトを実施し、搭載方法やリアルタイム通信、迅速なマッピングの有効性を確認した。さらに、無人機データ収集システムの整備を進め、リアルタイム解析やマルチプラットフォームでの運用を検証し、改良課題を抽出した。マルチコプターの操作講習も実施し、運用技術の向上を図った。加えて、米国、フランス、韓国、カナダと合同環境放射線モニタリングを行い、各国の測定技術や運用体制に関する知見を得るとともに、国際的な情報共有の重要性を確認した。本報告書は、これら令和6年度の受託研究で得られた成果と技術的課題を取りまとめ、今後の緊急時モニタリング技術の高度化に資する知見を提供するものである。,"On March 11, 2011, the 2011 off the Pacific coast of Tohoku Earthquake and tsunami caused the Fukushima Daiichi Nuclear Power Station accident, releasing radioactive material. Since then, Aerial Radiation Monitoring (ARM) with manned helicopters has been used to assess radiation distribution quickly. In FY2024, the Japan Atomic Energy Agency (JAEA), under commission from the Nuclear Regulation Authority, conducted ARM around the Shimane Nuclear Power Station, producing background dose rate maps validated against ground and other data. During a nuclear emergency drill, UAV training flights complemented manned monitoring, confirming the effectiveness of real-time communication and rapid mapping. The UAV data system was developed and demonstrated for real-time analysis and multi-platform use. Skill training for multicopters was also conducted to strengthen operational capability. Additionally, joint monitoring with the U.S., France, South Korea, and Canada provided insights into international technologies and practices, emphasizing the value of information sharing. This report summarizes the results and technical challenges from these FY2024 activities, contributing to the advancement of emergency radiation monitoring.",Japanese,171 Pages,2026/03,Fukushima Daiichi Nuclear Power Station Accident ; 福島第一原子力発電所事故 ; 航空機モニタリング ; 原子力防災 ; 自然放射性核種 ; 無人航空機 ; Aerial Radiation Monitoring ; Nuclear Emergency Preparedness ; Natural Radionuclide ; Unmanned Aerial Vehicles,,https://doi.org/10.11484/jaea-technology-2025-015,"ar_mapping, robotics_remote",10,"mapping, uav, マッピング",Background aerial monitoring and UAV radiation monitoring technology development for emergency response and preparedness in the fiscal year 2024 (Contract r,https://jopss.jaea.go.jp/search/servlet/search?5086563,https://jopss.jaea.go.jp/pdfdata/JAEA-Technology-2025-015.pdf
5081081,JAEA-Review 2025-031,高放射線耐性の低照度用太陽電池を利用した放射線場マッピング観測システム開発(委託研究); 令和5年度英知を結集した原子力科学技術・人材育成推進事業,Development of radiation field mapping measurement system based on high radiation tolerant solar cells for low-light illumination (Contract research); FY2023 Nuclear Energy Science & Technology and Human Resource Development Project,廃炉環境国際共同研究センター; 理化学研究所*,Collaborative Laboratories for Advanced Decommissioning Science; Institute of Physical and Chemical Research*,日本原子力研究開発機構(JAEA)廃炉環境国際共同研究センター(CLADS)では、令和5年度英知を結集した原子力科学技術・人材育成推進事業(以下、「本事業」という。)を実施している。本事業は、東京電力ホールディングス株式会社福島第一原子力発電所(1F)の廃炉等をはじめとした原子力分野の課題解決に貢献するため、国内外の英知を結集し、様々な分野の知見や経験を従前の機関や分野の壁を越えて緊密に融合・連携させた基礎的・基盤的研究及び人材育成を推進することを目的としている。平成30年度の新規採択課題から実施主体を文部科学省からJAEAに移行することで、JAEAとアカデミアとの連携を強化し、廃炉に資する中長期的な研究開発・人材育成をより安定的かつ継続的に実施する体制を構築した。本研究は、令和4年度に採択された研究課題のうち、「高放射線耐性の低照度用太陽電池を利用した放射線場マッピング観測システム開発」の令和5年度分の研究成果について取りまとめたものである。本研究は、自立・遠隔で駆動するセンサーを応用した放射線場マッピングが可能なシステムを開発することで、原子炉格納容器(PCV)内の放射線情報を網羅的かつリアルタイムで取得し、非常に透過性が高く、事故の要因となりえるガンマ線や中性子などの漏洩監視により、作業員や住民に対する安全性が担保可能なシステムを実環境に実装するため実証研究を行うものである。太陽電池型線量計は、宇宙用太陽電池として開発された高放射線耐性を有する半導体素子を利用し、自立駆動形の省電力・小型センサーとして開発を進め、PCVへの適応可能性について議論してきたが、CIGS太陽電池型線量計をベースとした1F実装には、素子の高機能化及びシステム化が必要となる。高機能化として、さらなる難アクセス箇所への探索を目指したフレキシブルシート化、マッピングモニタリングシステム開発基盤となる多接続化及び再臨界事故評価システム開発に向けたガンマ線・中性子検出構造の最適化を実施している。令和5年度は、CIGS太陽電池素子構造をベースとしたフレキシブル素子作成条件の探査とガラス基板CIGS素子を用いた試作機による初期特性をガンマ線、電子線及び中性子線照射試験により解明する。中性子検出構造においては、変換材料のホウ素を塗布による成膜条件の探査、ミリングによる粉末材料粒径の調整条件の解明や塗布法及び溶剤条件に関する選定を行う。また、マッピング計測では、複数のセンサーの計測及び線量情報を表示可能なシステム開発を行う。,"The Collaborative Laboratories for Advanced Decommissioning Science (CLADS), Japan Atomic Energy Agency (JAEA), had been conducting the Nuclear Energy Science & Technology and Human Resource Development Project (hereafter referred to ""the Project"") in FY2023. The Project aims to contribute to solving problems in the nuclear energy field represented by the decommissioning of the Fukushima Daiichi Nuclear Power Station (1F), Tokyo Electric Power Company Holdings, Inc. (TEPCO). For this purpose, intelligence was collected from all over the world, and basic research and human resource development were promoted by closely integrating/collaborating knowledge and experiences in various fields beyond the barrier of conventional organizations and research fields. The sponsor of the Project was moved from the Ministry of Education, Culture, Sports, Science and Technology to JAEA since the newly adopted proposals in FY2018. On this occasion, JAEA constructed a new research system where JAEA-academia collaboration is reinforced and medium-to-long term research/development and human resource development contributing to the decommissioning are stably and consecutively implemented. Among the adopted proposals in FY2022, this report summarizes the research results of the ""Development of radiation field mapping measurement system based on high radiation tolerant solar cells for low-light illumination"" conducted in FY2023. The present study aims to develop a system that can map radiation fields by applying independent and remotely operated sensors to obtain radiation information in the Primary Containment Vessel (PCV) in real time. The system will be implemented in a real environment to ensure the safety of workers and equipment by monitoring the leakage of gamma rays and neutrons, which are highly penetrating and can be a cause of accidents. A solar cell dosimeter is being developed as a compact sensor of the built-in potential drive type that utilizes a device with high radiation tolerance that has been developed as a solar cell for space use. The CIGS solar cell dosimeter is the basis for the development of a system with high functionality and systemization for 1F packaging. In FY2023, we will investigate the conditions for creating a flexible device based on the structure of a CIGS solar cell device, and clarify the initial characteristics of a prototype device using a CIGS device on a glass substrate through irradiation tests using gamma rays, electron beams, and neutron beams. In the neutron detection structure, we will explore the conditions for applying the conversion material boron, investigate the conditions for adjusting the particle size of the powder material by milling, and select the coating method and solvent conditions. In mapping measurements, we will develop a system that can display dose information by measuring multiple sensors.",Japanese,124 Pages,2025/12,福島第一原子力発電所事故 ; Fukushima Daiichi Nuclear Power Station Accident ; CIGS Solar Cell ; Radiation Detector ; Mapping System. Powder Coating,,https://doi.org/10.11484/jaea-review-2025-031,"ar_mapping, robotics_remote",10,"mapping, remote, マッピング",高放射線耐性の低照度用太陽電池を利用した放射線場マッピング観測システム開発(委託研究); 令和5年度英知を結集した原子力科学技術・人材育成推進事業,https://jopss.jaea.go.jp/search/servlet/search?5081081,https://jopss.jaea.go.jp/pdfdata/JAEA-Review-2025-031.pdf
5077476,JAEA-Review 2024-023,高放射線耐性の低照度用太陽電池を利用した放射線場マッピング観測システム開発(委託研究); 令和4年度英知を結集した原子力科学技術・人材育成推進事業,Development of radiation field mapping measurement system based on high radiation tolerant solar cells for low-light illumination (Contract research); FY2022 Nuclear Energy Science & Technology and Human Resource Development Project,廃炉環境国際共同研究センター; 京都大学*,Collaborative Laboratories for Advanced Decommissioning Science; Kyoto University*,日本原子力研究開発機構(JAEA)廃炉環境国際共同研究センター(CLADS)では、令和4年度英知を結集した原子力科学技術・人材育成推進事業(以下、「本事業」という。)を実施している。本事業は、東京電力ホールディングス株式会社福島第一原子力発電所(以下、「1F」という。)の廃炉等をはじめとした原子力分野の課題解決に貢献するため、国内外の英知を結集し、様々な分野の知見や経験を、従前の機関や分野の壁を越えて緊密に融合・連携させた基礎的・基盤的研究及び人材育成を推進することを目的としている。平成30年度の新規採択課題から実施主体を文部科学省からJAEAに移行することで、JAEAとアカデミアとの連携を強化し、廃炉に資する中長期的な研究開発・人材育成をより安定的かつ継続的に実施する体制を構築した。本研究は、令和4年度に採択された研究課題のうち、「高放射線耐性の低照度用太陽電池を利用した放射線場マッピング観測システム開発」の令和4年度分の研究成果について取りまとめたものである。本研究は、自立・遠隔で駆動するセンサーを応用した放射線場マッピングが可能なシステムを開発することで、PCV内の放射線情報を網羅的かつリアルタイムで取得し、非常に透過性が高く事故の要因となりえるガンマ線や中性子などの漏洩監視により作業員や住民に対する安全性を担保可能なシステムを実環境に実装するための実証研究を行うものである。太陽電池型線量計は、宇宙用太陽電池として開発されてきた高放射線耐性を有する半導体素子を利用した自立駆動形の省電力・小型センサーとして開発を進めており、PCVへの適応可能性について議論してきた。CIGS太陽電池型線量計をベースとして1F実装に向けた素子の高機能化及びシステム化が必要となる。高機能化として、さらなる難アクセス箇所への探索を目指したフレキシブルシート化、マッピングモニタリングシステム開発基盤となる多接続化及び再臨界事故評価システム開発に向けたガンマ線・中性子検出構造の最適化を実施している。令和4年度では、CIGS太陽電池素子構造をベースとしたフレキシル素子の作製設備の整備及びガラス基板CIGS素子を用いた試作機による初期特性をガンマ線、電子線及び中性子線照射試験により解明する。中性子検出構造においては、変換材料のホウ素を塗布による成膜を検討しており、粉末材料粒径の調製条件の解明や、塗布法及び溶剤条件に関する選定を行う。,"The Collaborative Laboratories for Advanced Decommissioning Science (CLADS), Japan Atomic Energy Agency (JAEA), had been conducting the Nuclear Energy Science & Technology and Human Resource Development Project (hereafter referred to ""the Project"") in FY2022. The Project aims to contribute to solving problems in the nuclear energy field represented by the decommissioning of the Fukushima Daiichi Nuclear Power Station (1F), Tokyo Electric Power Company Holdings, Inc. (TEPCO). For this purpose, intelligence was collected from all over the world, and basic research and human resource development were promoted by closely integrating/collaborating knowledge and experiences in various fields beyond the barrier of conventional organizations and research fields. The sponsor of the Project was moved from the Ministry of Education, Culture, Sports, Science and Technology to JAEA since the newly adopted proposals in FY2018. On this occasion, JAEA constructed a new research system where JAEA-academia collaboration is reinforced and medium-to-long term research/development and human resource development contributing to the decommissioning are stably and consecutively implemented. Among the adopted proposals in FY2022, this report summarizes the research results of the ""Development of radiation field mapping measurement system based on high radiation tolerant solar cells for low-light illumination"" conducted in FY2022. The objective of the present study is to develop a system that can map radiation fields by applying independent and remotely operated sensors to obtain real-time radiation information in PCV. The system will be implemented in an actual environment to ensure the safety of workers and equipment by monitoring the leakage of gamma rays and neutrons, which are highly penetrating and can be a cause of accidents.",Japanese,78 Pages,2024/10,福島第一原子力発電所事故 ; Fukushima Daiichi Nuclear Power Station Accident,,https://doi.org/10.11484/jaea-review-2024-023,"ar_mapping, robotics_remote",10,"mapping, remote, マッピング",高放射線耐性の低照度用太陽電池を利用した放射線場マッピング観測システム開発(委託研究); 令和4年度英知を結集した原子力科学技術・人材育成推進事業,https://jopss.jaea.go.jp/search/servlet/search?5077476,https://jopss.jaea.go.jp/pdfdata/JAEA-Review-2024-023.pdf
5071531,JAEA-Review 2022-065,アルファダストの検出を目指した超高位置分解能イメージング装置の開発(委託研究); 令和3年度英知を結集した原子力科学技術・人材育成推進事業,Development of high-resolution imaging camera for alpha dust (Contract research); FY2021 Nuclear Energy Science & Technology and Human Resource Development Project,廃炉環境国際共同研究センター; 東北大学*,Collaborative Laboratories for Advanced Decommissioning Science; Tohoku University*,日本原子力研究開発機構(JAEA)廃炉環境国際共同研究センター(CLADS)では、令和3年度英知を結集した原子力科学技術・人材育成推進事業(以下、「本事業」という)を実施している。本事業は、東京電力ホールディングス株式会社福島第一原子力発電所の廃炉等をはじめとした原子力分野の課題解決に貢献するため、国内外の英知を結集し、様々な分野の知見や経験を、従前の機関や分野の壁を越えて緊密に融合・連携させた基礎的・基盤的研究及び人材育成を推進することを目的としている。平成30年度の新規採択課題から実施主体を文部科学省からJAEAに移行することで、JAEAとアカデミアとの連携を強化し、廃炉に資する中長期的な研究開発・人材育成をより安定的かつ継続的に実施する体制を構築した。本研究は、研究課題のうち、平成30年度に採択された「アルファダストの検出を目指した超高位置分解能イメージング装置の開発」の平成30年度から令和3年度の研究成果について取りまとめたものである。本課題は令和3年度が最終年度となるため4年度分の成果を取りまとめた。本研究は、スミヤろ紙上に付着するより細かい 線核種を含む微細なダストの詳細な分布を可視化することを可能にする技術の開発を目的の1つとする。この目的を満たすためには、これまでの研究から、シンチレータ信号の効率化と、発光した信号の収集効率の向上が必要であり、その工夫を行い、位置分解能10 m以下を達成することができた。これらの研究課題の過程で、新たなシンチレータ材料の創成が期待でき、上記の ダストモニタのみならず、多くの応用が期待できた。特に当該研究に関連して、非常に高い線量率場における線量率の分布を、光ファイバーを用いて測定できるかもしれないとの着想を得た。そこで、光ファイバーを用いた高線量率モニタの実証についても、最大数kSv/h程度の線量率下の環境で実施することができた。,"The Collaborative Laboratories for Advanced Decommissioning Science (CLADS), Japan Atomic Energy Agency (JAEA), had been conducting the Nuclear Energy Science & Technology and Human Resource Development Project (hereafter referred to ""the Project"") in FY2021. The Project aims to contribute to solving problems in the nuclear energy field represented by the decommissioning of the Fukushima Daiichi Nuclear Power Station, Tokyo Electric Power Company Holdings, Inc. (TEPCO). For this purpose, intelligence was collected from all over the world, and basic research and human resource development were promoted by closely integrating/collaborating knowledge and experiences in various fields beyond the barrier of conventional organizations and research fields. The sponsor of the Project was moved from the Ministry of Education, Culture, Sports, Science and Technology to JAEA since the newly adopted proposals in FY2018. On this occasion, JAEA constructed a new research system where JAEA-academia collaboration is reinforced and medium-to-long term research/development and human resource development contributing to the decommissioning are stably and consecutively implemented. Among the adopted proposals in FY2018, this report summarizes the research results of the ""Development of high-resolution imaging camera for alpha dust"" conducted from FY2018 to FY2021. Since the final year of this proposal was FY2021, the results for four fiscal years were summarized. The present study aims to develop a novel alpha-ray camera consisting of imaging and an energy spectrometer to find the alpha dust to reduce the risk of health damage in decommissioning. We have developed the camera with a position resolution of less than 10 m, and the measurement test for the energy spectra was operated using several alpha-ray sources with an unfolding method.",Japanese,111 Pages,2023/03,福島第一原子力発電所事故 ; Fukushima Daiichi Nuclear Power Station Accident ; Alpha Dust ; Scintillator ; Unfolding ; Imaging ; Red and Infrared Emission Band ; Optical Fiber,,https://doi.org/10.11484/jaea-review-2022-065,"computer_vision, robotics_remote",10,"camera, imaging, イメージング, 可視化",アルファダストの検出を目指した超高位置分解能イメージング装置の開発(委託研究); 令和3年度英知を結集した原子力科学技術・人材育成推進事業,https://jopss.jaea.go.jp/search/servlet/search?5071531,https://jopss.jaea.go.jp/pdfdata/JAEA-Review-2022-065.pdf
5071471,JAEA-Review 2021-044,アルファダストの検出を目指した超高位置分解能イメージング装置の開発(委託研究); 令和2年度英知を結集した原子力科学技術・人材育成推進事業,Development of high-resolution imaging camera for alpha dust (Contract research); FY2020 Nuclear Energy Science & Technology and Human Resource Development Project,廃炉環境国際共同研究センター; 東北大学*,Collaborative Laboratories for Advanced Decommissioning Science; Tohoku University*,日本原子力研究開発機構(JAEA)廃炉環境国際共同研究センター(CLADS)では、令和2年度英知を結集した原子力科学技術・人材育成推進事業(以下、「本事業」という)を実施している。本事業は、東京電力ホールディングス株式会社福島第一原子力発電所の廃炉等をはじめとした原子力分野の課題解決に貢献するため、国内外の英知を結集し、様々な分野の知見や経験を、従前の機関や分野の壁を越えて緊密に融合・連携させた基礎的・基盤的研究及び人材育成を推進することを目的としている。平成30年度の新規採択課題から実施主体を文部科学省からJAEAに移行することで、JAEAとアカデミアとの連携を強化し、廃炉に資する中長期的な研究開発・人材育成をより安定的かつ継続的に実施する体制を構築した。本研究は、研究課題のうち、平成30年度に採択された「アルファダストの検出を目指した超高位置分解能イメージング装置の開発」の令和2年度の研究成果について取りまとめたものである。本研究では、廃炉のある段階から作業員が実際に炉内に立ち入る際に、体内被曝の影響が指摘されるアルファ線を放出する核種を含むダストやデブリについての、形状や核種を観測するための装置や素材の開発を目的としている。さらに、作業員が立ち入る前の高線量率場での分布測定についても計測するための装置や素材についても、その開発を目的とする。令和2年度には、これらの目的に対して、前者は撮像カメラ、エネルギー測定部位、および、それらを統合したシステム開発と実証を行うことができた。また、後者についても、令和元年度に引き続き、新しい赤色・近赤外発光シンチレータ材料の開発と実証試験を行うことができた。,"The Collaborative Laboratories for Advanced Decommissioning Science (CLADS), Japan Atomic Energy Agency (JAEA), had been conducting the Nuclear Energy Science & Technology and Human Resource Development Project (hereafter referred to ""the Project"") in FY2020. The Project aims to contribute to solving problems in the nuclear energy field represented by the decommissioning of the Fukushima Daiichi Nuclear Power Station, Tokyo Electric Power Company Holdings, Inc. (TEPCO). For this purpose, intelligence was collected from all over the world, and basic research and human resource development were promoted by closely integrating/collaborating knowledge and experiences in various fields beyond the barrier of conventional organizations and research fields. The sponsor of the Project was moved from the Ministry of Education, Culture, Sports, Science and Technology to JAEA since the newly adopted proposals in FY2018. On this occasion, JAEA constructed a new research system where JAEA-academia collaboration is reinforced and medium-to-long term research/development and human resource development contributing to the decommissioning are stably and consecutively implemented. Among the adopted proposals in FY2018, this report summarizes the research results of the ""Development of high-resolution imaging camera for alpha dust"" conducted in FY2020. The present study aims to develop a novel alpha-ray camera consisting of imaging and an energy spectrometer to find the alpha dust to reduce the risk of health damage in Decommissioning. We have developed the camera in FY2020, and the measurement test for the energy spectra. Moreover, the imaging test has been operated. In addition, we have also developed a high-dose-rate monitor system using novel scintillators with red/infra-red emission.",Japanese,58 Pages,2022/01,福島第一原子力発電所事故 ; Fukushima Daiichi Nuclear Power Station Accident ; Alpha Dust ; CMOS Camera ; Red and Infrared Emission Band ; Scintillator ; Optical Fiber,,https://doi.org/10.11484/jaea-review-2021-044,"computer_vision, robotics_remote",10,"camera, imaging, イメージング, カメラ",アルファダストの検出を目指した超高位置分解能イメージング装置の開発(委託研究); 令和2年度英知を結集した原子力科学技術・人材育成推進事業,https://jopss.jaea.go.jp/search/servlet/search?5071471,https://jopss.jaea.go.jp/pdfdata/JAEA-Review-2021-044.pdf
5069762,JAEA-Review 2020-039,アルファダストの検出を目指した超高位置分解能イメージング装置の開発(委託研究); 令和元年度英知を結集した原子力科学技術・人材育成推進事業,Development of high-resolution imaging camera for alpha dust (Contract research); FY2019 Nuclear Energy Science & Technology and Human Resource Development Project,廃炉環境国際共同研究センター; 東北大学*,Collaborative Laboratories for Advanced Decommissioning Science; Tohoku University*,日本原子力研究開発機構(JAEA)廃炉環境国際共同研究センター(CLADS)では、令和元年度英知を結集した原子力科学技術・人材育成推進事業(以下、「本事業」という)を実施している。本事業は、東京電力ホールディングス福島第一原子力発電所の廃炉等をはじめとした原子力分野の課題解決に貢献するため、国内外の英知を結集し、様々な分野の知見や経験を、従前の機関や分野の壁を越えて緊密に融合・連携させた基礎的・基盤的研究及び人材育成を推進することを目的としている。平成30年度の新規採択課題から実施主体を文部科学省からJAEAに移行することで、JAEAとアカデミアとの連携を強化し、廃炉に資する中長期的な研究開発・人材育成をより安定的かつ継続的に実施する体制を構築した。本研究は、研究課題のうち、平成30年度に採択された「アルファダストの検出を目指した超高位置分解能イメージング装置の開発」の令和元年度の研究成果について取りまとめたものである。本研究は、福島第一原発の廃炉を進めるうえで、ある段階からは作業員が実際に炉内、ないしは、炉のがれき・破片を解体・撤去する際に、ダストとして舞う放射線核種、特に体内被曝の影響が高いアルファ線を放出する核種などの把握を目指した撮像カメラの開発を行うものである。ダストの把握に必要な10 m程度以下の優れた位置分解能を達成するために、シンチレータの高性能化、カメラの最適化などに取り組んできた。また、ここで得られた技術をもとに、光ファイバーを用いた超高線量場でのリアルタイム線量モニタの開発も取り組んだ。,"The Collaborative Laboratories for Advanced Decommissioning Science (CLADS), Japan Atomic Energy Agency (JAEA), had been conducting the Nuclear Energy Science & Technology and Human Resource Development Project (hereafter referred to ""the Project"") in FY2019. The Project aims to contribute to solving problems in the nuclear energy field represented by the decommissioning of the Fukushima Daiichi Nuclear Power Station, Tokyo Electric Power Company Holdings, Inc. (TEPCO). For this purpose, intelligence was collected from all over the world, and basic research and human resource development were promoted by closely integrating/collaborating knowledge and experiences in various fields beyond the barrier of conventional organizations and research fields. The sponsor of the Project was moved from the Ministry of Education, Culture, Sports, Science and Technology to JAEA since the newly adopted proposals in FY2018. On this occasion, JAEA constructed a new research system where JAEA-academia collaboration is reinforced and medium-to-long term research/development and human resource development contributing to the decommissioning are stably and consecutively implemented. Among the adopted proposals in FY2018, this report summarizes the research results of the ""Development of high-resolution imaging camera for alpha dust"" conducted in FY2019. We have developed an imaging camera with a position resolution of less than approximately 10 m to monitor alpha dust in the nuclear plant during the decommissioning process, because the operators avoid to drawing in such dusts. Moreover, we have developed real-time monitor system with optical fiber and scintillator under high dose-rate condition.",Japanese,59 Pages,2021/01,福島第一原子力発電所事故 ; Fukushima Daiichi Nuclear Power Station Accident ; Alpha Dust ; High-resolution-imaging ; Lenses ; Scintillator ; Imaging ; Red-emitter,,https://doi.org/10.11484/jaea-review-2020-039,"computer_vision, robotics_remote",10,"camera, imaging, イメージング, カメラ",アルファダストの検出を目指した超高位置分解能イメージング装置の開発(委託研究); 令和元年度英知を結集した原子力科学技術・人材育成推進事業,https://jopss.jaea.go.jp/search/servlet/search?5069762,https://jopss.jaea.go.jp/pdfdata/JAEA-Review-2020-039.pdf
5062018,JAEA-Review 2019-003,燃料研究棟の汚染に係る空気力学的放射能中央径の評価; イメージングプレートを用いたPu粒子径の分析,Activity median aerodynamic diameter relating to contamination at Plutonium Fuel Research Facility in Oarai Research and Development Center; Particle size analysis for plutonium particles using imaging plate,高崎 浩司; 安宗 貴志; 橋本 周; 前田 宏治; 加藤 正人; 吉澤 道夫; 百瀬 琢麿,"Takasaki, Koji; Yasumune, Takashi; Hashimoto, Makoto; Maeda, Koji; Kato, Masato; Yoshizawa, Michio; Momose, Takumaro",平成29年6月6日に大洗研究開発センター燃料研究棟の管理区域内において、貯蔵容器の点検等作業中、貯蔵容器内にある核燃料物質が入った容器を封入した樹脂製の袋が破裂した。室内で作業をしていた作業員5名は半面マスクを着用していたが、5名全員が飛散したPu等のダストで汚染され、体内摂取による内部被ばくが生じた。国際放射線防護委員会は作業者による放射性核種の吸入摂取について、空気力学的放射能中央径(AMAD)の1 mと5 mの実効線量係数を示しており、内部被ばく線量の評価において、放射性粒子のAMADは重要な情報である。事象発生後に採取した室内のスミヤ試料14枚とPuダストモニタのサンプリングろ紙1枚について、イメージングプレートで測定し、画像解析により室内に飛散したPu等の粒子のAMADを評価した。評価の結果、スミヤ試料からは硝酸Pu塩と仮定した場合のAMADは4.3 11 m以上、酸化Puと仮定した場合のAMADは5.6 14 m以上と評価された。また、Puダストモニタの集塵ろ紙については、硝酸Pu塩とした場合のAMADは3.0 m以上、酸化Puとした場合は3.9 m以上と評価された。,"June 6, 2017, at Plutonium Fuel Research Facility in Oarai Research and Development Center of JAEA, when five workers were inspecting storage containers containing plutonium and uranium, resin bags in a storage container ruptured, and radioactive dust spread. Though they were wearing a half face mask respirator, they inhaled radioactive materials. In the evaluation of the internal exposure dose, the aerodynamic radioactive median diameter (AMAD) is an important parameter. We measured 14 smear samples and a dust filter paper with imaging plates, and estimated the AMAD by image analysis. As a result of estimating the AMAD, from the 14 smear samples, the AMADs are 4.3 to 11 m or more in the case of nitrate plutonium, and the AMADs are 5.6 to 14 m or more in the case of the oxidized plutonium. Also, from the dust filter paper, the AMAD is 3.0 m or more in the case of nitrate plutonium, and the AMAD is 3.9 m or more in the case of the oxidized plutonium.",Japanese,48 Pages,2019/03,Imaging Plate ; AMAD ; Contamination at Plutonium Fuel Research Facility ; Plutonium ; Image J ; Particle Size,,https://doi.org/10.11484/jaea-review-2019-003,"computer_vision, robotics_remote",10,"image analysis, imaging, イメージング, 画像解析",燃料研究棟の汚染に係る空気力学的放射能中央径の評価; イメージングプレートを用いたPu粒子径の分析,https://jopss.jaea.go.jp/search/servlet/search?5062018,https://jopss.jaea.go.jp/pdfdata/JAEA-Review-2019-003.pdf
5043924,JAEA-Technology 2013-049,汚染部位調査用ガンマカメラの開発; 福島第一原子力発電所2号機オペレーティングフロア汚染調査を通じた -eyeIIの性能実証,Development of gamma camera for survey of contamination distribution; Performance demonstration of gamma camera based on survey of contamination on operating floor of the Fukushima Daiichi Nuclear Power Plant Unit 2 reactor building by -eyeII,金山 文彦; 岡田 尚; 福嶋 峰夫; 吉元 勝起*; 羽生 敏紀; 川野邊 崇之,"Kanayama, Fumihiko; Okada, Takashi; Fukushima, Mineo; Yoshimoto, Katsunobu*; Hanyu, Toshinori; Kawanobe, Takayuki",東京電力は、2号機原子炉建屋5階のオペレーティングフロアからの燃料取り出し準備として遮へい・除染計画を立案するため、当該フロアの状況調査を行い、空間線量率が数十mSv/hから数百mSv/hであることをロボットで確認しているが、汚染部位計測には至っていない。そこで、原子力機構は自ら開発したガンマカメラである -eyeIIの汚染部位計測への適用性を事前に確認したうえで、当該フロアの詳細な汚染分布や汚染密度の情報収集を実施した。事前確認の結果、 -eyeIIが比較的高い空間線量率環境下にあっても、当該フロアに想定された高い汚染部位を計測可能であることを確認した。そして当該フロアの汚染部位計測の結果、調査範囲の主たる汚染源は原子炉ウェル上部であり、推定表面汚染密度は約10Mから100MBq/cm であること、またブローアウトパネル開口部近辺の床面にも原子炉ウェル上部と同程度の汚染があると推定されること、さらに当該フロアの西側床面の推定表面汚染密度は10MBq/cm 未満であることが評価できた。以上の調査を通し、 -eyeIIの性能を実証するとともに、ガンマカメラ開発に係る種々の知見を得ることができた。,"For planning of removing fuels and debris from the Unit 2 reactor building, TEPCO has already started to measure dose rate over the floor by remotely operated vehicle. Because the measured data were widely distributed in the range of several decades to one thousand mSv/h, it is necessary for TEPCO to survey of contamination distribution on operation floor 2 for more detail planning. JAEA estimated sensitivity of developed gamma camera system named "" -eye II"" in consistency with actual radiation condition, and carried a demonstration experiment at Fukushima Daiichi N.P.P. to confirm a strength of jamming by back ground dose. Then, JAEA surveyed contamination distribution of operating floor using -eye II. At the result of survey, it was found that, - main radiation source in survey area was located on upper reactor well, - western floor in survey area was lower the margin of capacity of -eye II, -there was a highly contaminated spot on the floor near the opened BOP.",Japanese,60 Pages,2014/03,福島第一原子力発電所事故 ; Fukushima Daiichi Nuclear Power Station Accident,,https://doi.org/10.11484/jaea-technology-2013-049,"computer_vision, robotics_remote",10,"camera, remote, カメラ, ロボット",汚染部位調査用ガンマカメラの開発; 福島第一原子力発電所2号機オペレーティングフロア汚染調査を通じた -eyeIIの性能実証,https://jopss.jaea.go.jp/search/servlet/search?5043924,https://jopss.jaea.go.jp/pdfdata/JAEA-Technology-2013-049.pdf
5041813,JAEA-Testing 2013-002,原子力機構スーパーコンピュータシステムにおける大規模データの可視化,Visualization environment of the large-scale data of JAEA's supercomputer system,坂本 健作; 星 芳幸*,"Sakamoto, Kensaku; Hoshi, Yoshiyuki*",原子力分野の研究開発では、数値シミュレーションの結果を直感的に理解するための手段として結果データの可視化は特に有用である。原子力機構において数値シミュレーションを行っている研究者の多くは、当機構に導入されているスーパーコンピュータにある結果ファイルを研究者の手元にあるパソコンに転送し可視化を行っている。近年は機構スパコンの高性能化に伴い結果ファイルも大規模化しており、大規模データにおける可視化処理時間の短縮及び当機構ネットワークの効率利用が必要となっている。このため、可視化処理の途中段階のデータを転送する機能によりデータ転送量を低減でき、可視化処理の一部を機構スパコン上で並列処理する機能によりスパコン資源を活用できる遠隔可視化システムを機構スパコンに導入している。本報告書では、各拠点において、可視化ソフトの違い、データサイズの違い、データ転送する段階(描画モード)の違い、並列数の違いなどに対して可視化処理性能を調査し、各拠点における遠隔可視化の利用ガイドラインとして取りまとめた。これにより、研究者が、遠隔可視化システムをどのように利用すれば、処理時間を短縮できるか、また、ネットワーク資源や計算機資源をより効率的に利用できるかが明らかとなる。加えて、さらに大規模データを扱う必要が生じる、次期機構スパコンの利用における可視化について、ネットワーク増速の必要性などを検討し、次期可視化システムの整備方針をまとめた。,"On research and development of various fields of nuclear energy, visualization of calculated data is especially useful to understand the result of simulation in an intuitive way. Many researchers who run simulations on the supercomputer in Japan Atomic Energy Agency (JAEA) are used to transfer calculated data files from the supercomputer to their local PCs for visualization. In recent years, as the size of calculated data has gotten larger with improvement of supercomputer performance, reduction of visualization processing time as well as efficient use of JAEA network is being required. As a solution, we introduced a remote visualization system which has abilities to utilize parallel processors on the supercomputer and to reduce the usage of network resources by transferring data of intermediate visualization process. This paper reports a study on the performance of image processing with the remote visualization system. The visualization processing time is measured and the influence of network speed is evaluated by varying the drawing mode, the size of visualization data and the number of processors. Based on this study, a guideline for using the remote visualization system is provided to show how the system can be used effectively. An upgrade policy of the next system is also shown.",Japanese,80 Pages,2013/11,no keyword,大型計算機・スパコン(東海),https://doi.org/10.11484/jaea-testing-2013-002,"computer_vision, robotics_remote",10,"image processing, remote, visualization, 可視化",原子力機構スーパーコンピュータシステムにおける大規模データの可視化,https://jopss.jaea.go.jp/search/servlet/search?5041813,https://jopss.jaea.go.jp/pdfdata/JAEA-Testing-2013-002.pdf
5035025,JAEA-Technology 2012-027,高速実験炉「常陽」における原子炉容器内保守・補修技術開発; 高速炉における原子炉容器内観察技術開発,Inspection and repair techniques in the reactor vessel of the experimental fast reactor Joyo; Observation technical development in a reactor vessel of the fast reactor,今泉 和幸; 齊藤 隆一; 飛田 茂治; 長井 秋則; 北村 了一; 岡崎 義広,"Imaizumi, Kazuyuki; Saito, Takakazu; Tobita, Shigeharu; Nagai, Akinori; Kitamura, Ryoichi; Okazaki, Yoshihiro",原子炉容器内観察技術は、供用期間中の原子炉の安全性及び健全性を確認する技術として重要な役割が期待されている。一方で、ナトリウム冷却型高速炉にあっては、観察装置等を高温・高放射線・ナトリウム環境といった過酷な条件で使用することから、当該技術の信頼性を担保するために、実機環境下で機能確認することが重要である。「常陽」では、第15回定期検査時に発生したトラブルの原因究明を一つの契機とし、以下の観察技術を新たに開発し、実機に適用した。(1)回転プラグ貫通孔上のアクリルプレートに設置したビデオカメラを用いた集合体等頂部観察技術。(2)遠隔操作装置により狭隘部に挿入した耐放射線ファイバスコープを用いた炉心上部機構下面観察技術。本技術開発を通じて、原子炉容器内観察にかかわる装置設計・作業手順策定等にかかわる経験を蓄積するとともに、照明・放射線の影響や画像拡張処理技術にかかわる基礎データを拡充し今後の原子炉容器内観察技術に資することができた。,"In-Vessel Observations (IVO) techniques for Sodium cooled Fast Reactors (SFRs) are important in confirming its safety and integrity. In order to secure the reliability of IVO techniques, it was necessary to demonstrate the performance under the actual reactor environment with high temperature, high radiation dose and remained sodium. During the investigation of an incident occurred in Joyo, the following observation systems were specifically developed for Joyo. And the following two observations were conducted. (1) Simple overhead observation using a standard video camera for the top of the sub-assemblies and the in-vessel storage rack (2) Narrow space observation using remote handling device equipped with radiation-resistant fiberscope for the bottom face of the upper core structure. As a result, the observations under the actual reactor environment were successfully made even in the narrow space in the reactor vessel and the results provided useful information on incident investigations and planning of restoration work.",Japanese,49 Pages,2012/08,no keyword,常陽(高速増殖炉実験炉),https://doi.org/10.11484/jaea-technology-2012-027,"computer_vision, robotics_remote",10,"camera, remote, カメラ, 遠隔操作",定期検査時に発生したトラブルの原因究明を一つの契機とし、以下の観察技術を新たに開発し、実機に適用した。(1)回転プラグ貫通孔上のアクリルプレートに設置したビデオカメラを用いた集合体等頂部観察技術。(2)遠隔操作装置により狭隘部に挿入した耐放射線ファイバスコープを用いた炉心上部機構下面観察技術。本技術開発を通じて、原子炉容器内観察にかかわる装置設計・作業手順策定等にかかわる経験を蓄積するとともに、照明・放,https://jopss.jaea.go.jp/search/servlet/search?5035025,https://jopss.jaea.go.jp/pdfdata/JAEA-Technology-2012-027.pdf
5024735,JAEA-Technology 2010-051,MOX燃料製造施設の放射線管理へのイメージングプレートの適用,Application of imaging plate to the radiation protection in the MOX fuel fabrication facility,佐川 直貴; 山崎 巧; 黒澤 重行*; 井崎 賢二; 水庭 春美; 高崎 浩司,"Sagawa, Naoki; Yamazaki, Takumi; Kurosawa, Shigeyuki*; Izaki, Kenji; Mizuniwa, Harumi; Takasaki, Koji",イメージングプレートを用いた画像解析手法は最近の技術であり、放射能強度分布の情報をPSLという単位で得ることができるものである。われわれはMOX燃料製造施設の放射線管理にイメージングプレート(IP)を適用させるため、放射線管理試料を用いてプルトニウム(Pu)のPSL画像について調査を行った。また、バックグラウンドを約99%除外する閾値によってPSL画像からスポットを抽出し、さらに40ピクセル以上のスポットを抽出することによってプルトニウムの識別を行った。そして識別したPuのスポット領域のPSL強度から平均バックグラウンドを差し引き、フェーディングを考慮した換算計数によってPuのスポットの放射能量を評価した。,"The image analysis method using a imaging plate (IP) is recent technique, and this method can get the information of radioactivity distribution by the unit of Photo Simulated Luminescence (PSL). We have investigated the PSL images obtained by measuring some plutonium samples which are radiation protection samples in order to apply imaging plate to the radiation protection at the MOX fuel facility. Plutonium spots were extracted from the PSL image extracted by the threshold, in which about 99% of the back ground was excluded, and identified by the additional requirement that the spot size is more than 40 pixels. The average background is subtracted from PSL strength of the spot area identified as Pu, and the radioactivity of the Pu spot was evaluated by multiplying the conversion calculation that is in consideration of fading.",Japanese,35 Pages,2011/03,no keyword,,https://doi.org/10.11484/jaea-technology-2010-051,"computer_vision, robotics_remote",10,"image analysis, imaging, イメージング, 画像解析",MOX燃料製造施設の放射線管理へのイメージングプレートの適用,https://jopss.jaea.go.jp/search/servlet/search?5024735,https://jopss.jaea.go.jp/pdfdata/JAEA-Technology-2010-051.pdf
5022521,JAEA-Technology 2009-082,"3次元表示による2液相を呈するヨウ化水素,硫酸,ヨウ素及び水の4成分系溶液組成分布の解析","An Analysis of composition distributions for 2 liquid phase separation solution composed of HI, H SO , I and H O by 3-dimensional visualization",中島 隼人*; 今井 良行; 久保 真治,"Nakajima, Hayato*; Imai, Yoshiyuki; Kubo, Shinji","熱化学水素製造法ISプロセスにおいて、プラント運転時の操作条件決定に重要であるとともにプロセス熱効率に強く相関するヨウ化水素,硫酸,ヨウ素及び水の4成分系による2液相分離特性を、3次元可視化手法により解析した。大気圧環境下で293K及び363Kの温度条件における4成分系溶液の組成を実験的に取得し、それらの分布と形状を正四面体を利用した3次元空間内に可視化することにより、2次元表示では得られなかった2液相分離を生じる組成領域の境界面を明らかにするとともに、各相の酸濃度(ヨウ素を除いた3成分系におけるヨウ化水素モル分率と硫酸モル分率の和)が等しいことを見いだした。これにより、2液相分離を生じる組成領域,酸濃度といった、運転操作や熱効率推算に有用な組成情報を得ることができた。","Concerning the thermochemical water-splitting Iodine-Sulfur process, understanding of solution compositions on 2 liquid phase separation is essential for making good choices of operating conditions and for accurate estimations of thermal efficiency. The compositions of 4-component system composed of HI, H SO , I and H O were examined experimentally and were analysed by a 3-dimensional visualization technique. A chemical titration method was adapted to determine the mole fractions of the solutions at 293 K and 363 K, and the fraction were represented by scattered points in an equilateral tetrahedron. Two valuable features were found from a visualized shape viewed as an aggregate of the points, which were difficult to find out by 2-dimensional presentations.",Japanese,35 Pages,2010/08,no keyword,,https://doi.org/10.11484/jaea-technology-2009-082,"3d_modeling, computer_vision",10,"3次元, visualization, 可視化","3次元表示による2液相を呈するヨウ化水素,硫酸,ヨウ素及び水の4成分系溶液組成分布の解析",https://jopss.jaea.go.jp/search/servlet/search?5022521,https://jopss.jaea.go.jp/pdfdata/JAEA-Technology-2009-082.pdf
5018480,JAEA-Research 2009-050,幌延深地層研究計画におけるひずみ軟化挙動と物性の深度依存性を考慮した三次元立坑逐次掘削解析,Excavation analysis of vertical shaft in sedimentary rock taken into account strain softening and depth variation of rock properties,真田 祐幸; 松井 裕哉; 小川 豊和*; 木ノ村 幸士*; 青木 智幸*; 山本 卓也*,"Sanada, Hiroyuki; Matsui, Hiroya; Ogawa, Toyokazu*; Kinomura, Koji*; Aoki, Tomoyuki*; Yamamoto, Takuya*","坑道を掘削したことにより坑道周辺岩盤に生じる掘削影響を把握することは、地層処分における性能評価並びに処分坑道に設置するプラグの設計をするうえで必要不可欠な情報である。幌延深地層研究計画における地上からの調査において、当該地域の珪質岩は坑道掘削時にひずみの局所化による破壊面の形成が起こりうる可能性が高いことや岩盤物性が深度依存性を有することがわかっている。そのため、地下施設の建設時に想定される掘削影響を把握するために、先に示した物性の深度依存性や実際の施工方法を忠実に再現した三次元でのひずみ軟化立坑逐次掘削解析を行った。その結果、声問層と稚内層の境界領域で、ひずみ軟化による坑道周辺に著しい損傷が生じることが推定された。また、坑道掘削に伴う応力変化から諸物性値の変化を推察したところ、遷移帯を除いた稚内層では掘削影響は発生しないが、その他の領域では60cmから120cm程度の掘削影響領域が発生し、その物性変化の程度は弾性波速度で2割,弾性係数で約3割,透水係数で約1オーダーであることがわかった。","It is important to understand EDZ in assessing performance of repository and designing of plug. It is known that it remains possible that the large-scale EDZ is generated due to strain localization from boring investigations and tunnel excavation analyses and rock properties changes with increase of depth. Excavation analysis of vertical shaft in sedimentary rock taken into account strain softening, depth variation of rock properties and the actual construction procedure had been done in order to understand EDZ of Horonobe URL. The large-scale EDZ due to strain localization was generated around the border between Koetoi formation and Wakkanai formation. From result obtained from excavation analysis, scale of EDZ obtained from excavation analysis is from 60 cm to 120 cm. And it was estimated that seismic velocity changed by 20 percent, elastic modulus changed by 30 percent and hydraulic conductivity changed by 0.1 m/s order.",Japanese,57 Pages,2010/01,no keyword,深地層研究所,https://doi.org/10.11484/jaea-research-2009-050,"3d_modeling, ar_mapping",10,"localization, 三次元",幌延深地層研究計画におけるひずみ軟化挙動と物性の深度依存性を考慮した三次元立坑逐次掘削解析,https://jopss.jaea.go.jp/search/servlet/search?5018480,https://jopss.jaea.go.jp/pdfdata/JAEA-Research-2009-050.pdf
4019154,JNC TN5400 2005-009,幌延深地層研究計画における電磁探査を用いた断層帯調査; 大曲断層の三次元分布と水理特性,Characterization of fault zone by audio-frequency magneto telluric survey in the Horonobe Underground Research Laboratory project; Three-dimensional distribution and hydrogeological property of the Omagari Fault,石井 英一; 安江 健一,"Ishii, Eiichi; Yasue, Kenichi",北海道北部、第三紀堆積岩分布域においてAMT探査とともに、地表割れ目踏査、ボーリング調査(コア観察・EMI検層・比抵抗検層・水質分析)、および反射法地震探査を実施し、当域に分布する大曲断層の位置、連続性、および水理特性について検討した。その結果、以下のことが示唆された。(1)大曲断層はダメージゾーンを主体とした幅120m程度の断層帯であり、その透水性は高く、透水性異方性は弱い。(2)大曲断層は研究所設置地区近辺において、地表部ではover-stepし、地下では収斂する形態をなす。(3)「塩水系」と「淡水系」の2種類の地層水が存在し、顕著な岩相変化を示さない全体として均質的な岩相を呈す新第三紀堆積岩においては、電磁探査を用いた調査が、断層帯の位置、連続性、および水理特性など検討する際に有効である。,"Fault zones have significant influences on ground water flow. It is important to understand the characteristics of fault zones for hydrogeological modeling. We investigated the geological structure and the hydrogeological property of the fault in Neogene siliceous sedimentary rocks of northern Hokkaido, by geological mappings, borehole investigations, reflection seismic surveys, and audio-frequency magneto telluric surveys. The results of these investigations suggest the following,a) The Omagari Fault has a fault zone of about 120 m width that consists of mainly damage zone and that is a permeable structure without the strong anisotropy in permeability. b) The result of magneto telluric surveys shows several high-resistivity zones, and one of the high-resistivity zones corresponds to the position of the Omagari fault inferred from the results of the reflection seismic surveys. c) The high resistivity zones overlap with the low saline concentration zones, and the overlapping suggests the infiltration of the fresh water from the surface into the deeper part through the Omagari Fault as permeable structures. d) The Omagari Fault is over-stepping at the surface but is converging at deep underground. e) For the characterization of three-dimensional distribution and hydrogeological property of a fault zone in the Neogene sedimentary rocks that have two kind groundwater of saline and fresh water and have lithologically homogeneous facies, investigation using magneto telluric method is effective.",Japanese,34 Pages,2005/08,no keyword,,,"3d_modeling, ar_mapping",10,"mapping, 三次元",幌延深地層研究計画における電磁探査を用いた断層帯調査; 大曲断層の三次元分布と水理特性,https://jopss.jaea.go.jp/search/servlet/search?4019154,https://jopss.jaea.go.jp/pdfdata/JNC-TN5400-2005-009.pdf
4037637,JNC TN9520 2004-005,多次元ナトリウム; 水反応解析コードSERAPHIM取扱い説明書,Instruction manual of multi-dimensional sodium-water reaction analysis code SERAPHIM,渡部 晃*; 高田 孝; 山口 彰,"Watanabe, Akira*; Takata, Takashi; Yamaguchi, Akira",多次元Na-水反応解析コードSERAPHIM (Sodium-watEr Reaction Analysis: PHysics of Interdisciplinary Multi-phase flow)は、高速炉における蒸気発生器内での水漏えいより生じるNa-水反応現象を詳細かつ定量的に評価することを目的に核燃料サイクル開発機構で開発された数値解析コードである。 本書はSERAPHIMコードについて、入力データ作成から解析結果ポスト処理までの一連の取扱い方法をまとめたものである。また、3次元可視化ポスト処理で用いる可視化ソフトとしては、市販ソフトであるMicroAVS (株式会社 ケイ・ジー・ティー)及びFIELDVIEW (米国 Intelligent Light社)を用いている。,"A multi-dimensional sodium-water reaction analysis code SERAPHIM(Sodium-watEr Reaction Analysis: PHysics of Interdisciplinary Multi-phase flow) has been developed in Japan Nuclear Cycle Development Institute. Using this code, one can investigate a sodium-water reaction phenomenon quantitatively, which will take place in a steam generator of sodium-cooled fast reactor when water or water vapor leaks from a failed heat transfer tube into liquid sodium. This instruction manual describes a series of handling procedure of SERAPHIM code. MicroAVS(KGT Inc. in Japan) and FIELDVIEW(Intelligent Light in U.S.A.), which are famous commercial software, are used as a software for three-dimensional visualization of computational results.",Japanese,74 Pages,2005/02,no keyword,,,"3d_modeling, computer_vision",10,"3次元, visualization, 可視化",で開発された数値解析コードである。 本書はSERAPHIMコードについて、入力データ作成から解析結果ポスト処理までの一連の取扱い方法をまとめたものである。また、3次元可視化ポスト処理で用いる可視化ソフトとしては、市販ソフトであるMicroAVS (株式会社 ケイ・ジー・ティー)及びFIELDVIEW (米国 Intelligent Light社)を用いている。,https://jopss.jaea.go.jp/search/servlet/search?4037637,https://jopss.jaea.go.jp/pdfdata/JNC-TN9520-2004-005.pdf
4020895,JNC TJ7400 2005-042,花崗岩分布地域を対象としたマルチオフセットVSP探査,Multi-offset VSP Survey in Area of Granite distribution,新沼 岩保*; 相澤 隆生*; 伊東 俊一郎*,"Niinuma, Iwao*; Aizawa, Takao*; Ito, Shunichiro*",本業務は広域地下水流動研究の一環として、サイクル機構が掘削したボーリング孔を利用してVSP探査、物理検層、ボアホールテレビューア計測を実施し、取得されたデータの解析を行ったものである。本業務の目的は、ボーリング孔で遭遇する花崗岩内部の断層破砕帯や割れ目などに対応する弾性波応答の把握および、花崗岩分布におけるボーリング孔周辺の地質構造分布、試錐孔と交差する割れ目帯等の連続性などを把握する上でのVSP探査手法の確認を行うことにある。,"A Vertical Seismic Profiling(VSP), Geophysical Logging and Borehole televiewer (BHTV) were performed in borehole 03RT-03. The objectives of this work are to obtain of the elastic wave response corresponding to fractures and fault zones in the granite, and to understand the application of VSP technique to survey continuity of fault zones or fractures in granite. The contents of this survey were presented in this report. In VSP survey, five shot points were set along the direction of borehole drilling. VSP processing and 3D imaging of seismic reflector were performed in order to obtain the continuity and directivity of fault zones or fractures. The events in seismic processing section, corresponding to fault zone or fractures in the granite, accepted by core information. The results of those processing were compared with the geological information acquired from the data of Geophysical logging and BHTV.",Japanese,344 Pages,2004/03,no keyword,,,"3d_modeling, computer_vision",10,"3d, 3d imaging, imaging",ot points were set along the direction of borehole drilling. VSP processing and 3D imaging of seismic reflector were performed in order to obtain the continuity and directivity of fault zones or fractur,https://jopss.jaea.go.jp/search/servlet/search?4020895,https://jopss.jaea.go.jp/pdfdata/JNC-TJ7400-2005-042.PDF
4021016,JNC TJ7440 2005-090,立坑・坑道壁面調査・解析データを対象とした管理・可視化データの作成・解析およびモデル化作業,None,高野 仁*; 木村 仁*,"Takano, Hitoshi*; Kimura, Hitoshi*","瑞浪超深地層研究所・研究坑道周辺に分布する地質・地質構造を三次元的に把握するために,立坑・坑道壁面の調査・解析データを対象とした管理・可視化データの作成・解析およびモデル化作業を行った。 瑞浪超深地層研究所の立坑を中心とした1km平方内の領域を対象として,地質・地質構造の解析に必要なデータセットを作成した。このデータセットから地質・地質構造データ管理・可視化システムVULCAN(ヴァルカン)を用いて三次元の地質構造モデルを構築した。作成したモデルは被覆堆積岩4層,基盤花崗岩上限面の計5層に加え,堆積岩内の礫岩層と花崗岩内の上部割れ目帯,下部割れ目低密度帯,風化帯の細区分を行った。また,リニアメントおよび断層面の三次元モデルも作成した。地質・地質構造モデルの構築に際しては,ボーリングデータやリニアメント調査結果などの既往データとの整合性や矛盾点を吟味して精度の向上を図った。",no abstracts in English,Japanese,210 Pages,2004/03,no keyword,,,"3d_modeling, computer_vision",10,"三次元, 三次元モデル, 可視化",立坑・坑道壁面調査・解析データを対象とした管理・可視化データの作成・解析およびモデル化作業,https://jopss.jaea.go.jp/search/servlet/search?4021016,https://jopss.jaea.go.jp/pdfdata/JNC-TJ7440-2005-090.PDF
4020851,JNC TJ7440 2005-089,地質・地質構造データ管理・可視化システムの購入および初期データ作成作業,None,高野 仁*; 木村 仁*,"Takano, Hitoshi*; Kimura, Hitoshi*",瑞浪超深地層研究所・研究坑道周辺に分布する地質・地質構造を三次元的に把握するために、立坑・坑道壁面の調査・解析データを対象とした管理・可視化データの作成・解析およびモデル化作業を行った。瑞浪超深地層研究所の立坑を中心とした1km2内の領域を対象として、地質・地質構造の解析に必要なデータセットを作成した。このデータセットから地質・地質構造データ管理・可視化システムVULCAN(ヴアルカン)を用いて三次元の地質構造モデルを構築した。作成したモデルは被覆堆積岩4層、基盤花崗岩上限面の計5層に加え、堆積岩内の礫岩層と花崗岩内の上部割れ目帯、下部割れ目帯低密度帯、風化帯の細区分を行った。また、リニアメントおよび断層面の三次元モデルも作成した。,no abstracts in English,Japanese,35 Pages,2004/03,no keyword,,,"3d_modeling, computer_vision",10,"三次元, 三次元モデル, 可視化",地質・地質構造データ管理・可視化システムの購入および初期データ作成作業,https://jopss.jaea.go.jp/search/servlet/search?4020851,https://jopss.jaea.go.jp/pdfdata/JNC-TJ7440-2005-089.PDF
4037377,JNC TN9400 2003-063,大口径・高流速配管の流力振動試験(1) 試験計画の検討と試験装置の製作,Flow-induced Vibration Tests for Large Diameter and High Velocity Piping (1) Test Planning and Fabrication of Test Facility,藤井 正; 西口 洋平; 此村 守,"Fujii, Tadashi; Nishiguchi, Yohei; Konomura, Mamoru",実用化戦略調査研究で概念設計を進めているナトリウム冷却大型炉では、建設コスト削減の観点から、冷却系ループ数を2ループに削減している。これに伴い、薄肉構造の1次冷却系配管は大口径化(ホットレグ配管:内径1.27m)するとともに、管内の平均流速は従来設計を大幅に上回る9m/s台に高速化され、レイノルズ数は107オーダの条件となる。このような高流速、高レイノルズ数条件下における配管エルボ部の流動は、従来のレイノルズ数範囲での圧力変動特性やはく離域の形成範囲とは異なる可能性がある。また、内部流体の不安定流動に起因する配管振動の発生が懸念されるが、大口径の薄肉配管を対象とした流力振動特性に関する知見は限られている。そこで、1次系配管設計の成立性を確認するため、実機ホットレグ配管を1/3縮尺で模擬した水流動試験装置を製作し、高レイノルズ数条件での試験により配管エルボ部での流動特性やエルボ部の3次元流れによる不安定に起因する流力振動特性を把握する試験を計画した。本試験では、アクリル製の可視化試験体を用いて、エルボ部の流況を調べるとともに、流力振動の要因となるエルボ部での圧力変動を計測する。また、実機と剛性を合わせたステンレス製の振動試験体を用いて、配管系の振動モードや振動応答挙動を計測する。平成14年度までにおいて、試験装置の設計、およびエルボ試験体や試験ループ配管類の製作を終了した。平成15年度は、試験設備の製作・据付を完了し、可視化試験の一部を開始する計画である。,"The conceptual design study of the large-scale sodium-cooled reactor is in progress in the ""Feasibility Study on Commercialized Fast Reactor Cycle Systems (F/S)"".The cooling system of a large-scale sodium-cooled reactor is composed of two loops in order to reduce construction cost. According to reduction of the loop number, the large diameter pipings are adopted in the primary cooling system (for example, inner diameter of a hot leg piping is 1.27m). And the average velocity in the piping increases to 9 m/s level, which is well over to a conventional plant design, therefore, Reynolds number reaches 10 order levels. The hydraulic behaviors of the piping elbow, such as pressure fluctuation characteristics and formation range of flow separated layer near an elbow, under high velocity and high Reynolds number conditions are expected to be different to those under lower Reynolds number which is the highest existing number. Further, there would be the possibility of vibration of the piping by flow instability under high velocity condition. However, information of flow-induced vibration behaviors for large diameter piping is limited.Then, flow visualization and flow-induced vibration tests using 1/3 scale water test facility, which simulates hot leg piping, have been planned in order to confirm the realization of the piping design for primary cooling system. Flow pattern in the piping and pressure fluctuation near the elbow, which is a main cause of flow-induced vibration, will be measured in the flow visualization tests using the acrylic elbow model. Moreover, vibration modes and vibration response characteristics of the piping system will be measured in the flow-induced vibration tests using the stainless steel elbow model.The design of the test facility and production of the elbow models and the loop pipings were finished by 2002. In 2003, fabrication and installation of the test facility will be finished and a part of flow visualization tests will be started.",Japanese,73 Pages,2003/08,no keyword,,,"3d_modeling, computer_vision",10,"3次元, visualization, 可視化",設計の成立性を確認するため、実機ホットレグ配管を1/3縮尺で模擬した水流動試験装置を製作し、高レイノルズ数条件での試験により配管エルボ部での流動特性やエルボ部の3次元流れによる不安定に起因する流力振動特性を把握する試験を計画した。本試験では、アクリル製の可視化試験体を用いて、エルボ部の流況を調べるとともに、流力振動の要因となるエルボ部での圧力変動を計測する。また、実機と剛性を合わせたステンレス製の振動試,https://jopss.jaea.go.jp/search/servlet/search?4037377,https://jopss.jaea.go.jp/pdfdata/JNC-TN9400-2003-063.pdf
21872,JAERI-Tech 2002-099,可視化ツール整備; 3DAVS及び簡易VRシステム,Visualization tool; 3DAVS & polarization-type VR system,武田 康宏*; 上島 豊,"Takeda, Yasuhiro*; Ueshima, Yutaka",昨今、大規模な計算機環境が利用できるようになり、より複雑な現象を扱うことも多くなりつつある。これにより多くのデータを扱う可視化作業もさらに重要性が求められている。データの可視化結果は、複雑な現象を伝える手段の1つであるが、現状を見る限りは、静止画や2次元動画を利用したものに留まっている。しかし可視化ソフトウェア自身は、3次元を利用したさまざまな表示を行うことが可能であり、これを十分に生かすツールが不足している。本報告書では、可視化処理後のデータ表現方法として、3DAVSと簡易VRシステムの2つの可視化ツールについて、紹介及び解説を行うものである。,no abstracts in English,Japanese,28 Pages,2003/01,可視化 ; プレゼンテーション ; 立体視 ; VRシステム,,https://doi.org/10.11484/jaeri-tech-2002-099,"3d_modeling, computer_vision",10,"3次元, visualization, 可視化",可視化ツール整備; 3DAVS及び簡易VRシステム,https://jopss.jaea.go.jp/search/servlet/search?21872,https://jopss.jaea.go.jp/pdfdata/JAERI-Tech-2002-099.pdf
4037261,JNC TN9520 2002-004,多次元ナトリウム燃焼解析コードAQUA-SF取扱説明書,Instruction manual of multi-dimensional sodium combustion analysis code AQUA-SF,高田 孝; 山口 彰,"Takata, Takashi; Yamaguchi, Akira",トリウム燃焼現象について多次元効果を考慮して機構論的に解析するみとを目的とし、核燃料サイクル開発機構で開発された多次元ナトリウム燃焼解析コードAQUA-SF(Advanced simulation using Quadrtic Upstream difficulting Algorithm-Sodium Fire version)の入出力データに関する取り扱いをまとめた。また、解析結果の3次元可視化に関し、市販ソフトであるMicroAVS(株式会社ケイ・ジー・ディ)およびFIELDVIEW(米国 Intelligent Light社)への入力ファイルを作成するポスト処理プログラムに関する使用方法を記述している。,A multi-dimensional sodium combustion analysis code AQUA-SF Advanced simulation using Quadratic Upstream differencing Algorithm - Sodium Fire version) has been developed for the purpose of analyzing the sodium combustion phenomenon considering the multi-dimensional effect in Japan Nuclear Cycle Development Institute. This report describes an instruction manual of AQUA-SF code for making an input data set and leveraging an output data set. This report also notes how to use a post processor for three-dimensional visualization. The postprocessor arrange an input data set of MicroAVS (KGT Inc. in Japan) and FIELDVIEW (Intelligent Light in the U.S.A.) that are famous commercial software for visualization of computing results.,Japanese,99 Pages,2002/11,no keyword,,,"3d_modeling, computer_vision",10,"3次元, visualization, 可視化",pstream difficulting Algorithm-Sodium Fire version)の入出力データに関する取り扱いをまとめた。また、解析結果の3次元可視化に関し、市販ソフトであるMicroAVS(株式会社ケイ・ジー・ディ)およびFIELDVIEW(米国 Intelligent Light社)への入力ファイルを作成するポスト処理プログラムに関する使用方法を記述している。,https://jopss.jaea.go.jp/search/servlet/search?4037261,https://jopss.jaea.go.jp/pdfdata/JNC-TN9520-2002-004.pdf
4037028,JNC TN9400 2002-026,配管合流部の混合現象に関する研究 -流体内温度測定試験結果-,Study on mixing phenomena in T-pipe junction; Results of fluid temperature measurement test,五十嵐 実; 田中 正暁; 林 謙二; 飛田 昭; 上出 英樹,"not registered; not registered; Hayashi, Kenji; Tobita, Akira; Kamide, Hideki","温度の異なる流体が混合することによって発生する温度変動により、構造材内部に熱疲労が発生する現象(サーマルストライピング現象)を評価することは重要な課題である。核燃料サイクル開発機構では、設計に適用できる評価ツールを構築するために実験及び解析ツールの整備を実施している。 T字管体系の配管合流部におけるサーマルストライピング現象に関しては、評価ツールの具体化及び混合現象を解明するために、長周期温度変動水流動試験(WATLON:Water Experiment of Fluid Mixing in T-pipe with Long Cycle Fluctuation) を実施している。本研究では、配管合流部における詳細な温度分布を測定するために、熱電対ツリーによる 3次元温度計測を実施した。可視化試験の結果から、流入条件の違いにより噴流形態を 1)衝突噴流 2)偏向噴流 3)再付着噴流 4)壁面噴流に分類できることがわかっている。今回の流体温度測定試験では各噴流形態での温度変動挙動に着目して計測を実施した。試験の結果から、温度変動挙動の空間分布は主/枝配管の運動量比が同じであれば、ほぼ同様の分布を示すことがわかった。温度変動強度は枝配管噴流の境界部で大きくなり、この場所では温度変動の卓越周波数がSt=0.2となり、枝配管噴流を柔な構造物としたカルマン渦的な渦が発生していることが示された。また、壁面近傍において計測時間内での変動の最大振幅値である Tp・pと温度変動強度(Trms)を比較すると,空間分布はほぼ同様の傾向を示しており、値も Tp・pは温度変動強度の約6倍(3 )の中に収まることが確認できた。","Temperature fluctuation due to mixing between hot and cold fluids gives thermal fatigue to the structure (thermal striping phenomena). Research of this phenomenon is significant for the safety of a fast reactor which uses liquid metal as the coolant. In Japan Nuclear Cycle Development Institute, experiments and the improvement of the analyses have been carried out to understand this phenomena and also to construct the evaluation rule which can be applied to the design. The Water Experiment of Fluid Mixing in T-pipe with Long Cycle Fluctuation (WATLON), aiming at examining thermal striping phenomena in the T-pipe junction, is performed to investigate the key factor of mixing phenomena and reasons of long cycle fluctuation observed in a plant. In this study, a detailed fluid temperature distribution in the main pipe was measured using a movable thermocouple tree. From the flow visualization test, the jet form could be classified into (1)impinging jet (2)deflecting jet (3)re-attachment jet (4)wall jet according to the inflow condition. Then, in this fluid temperature measurerment test, it measured aiming at the temperature fluctuation behavior in each jet form. The results of the test showed when the momentum ratio of the main and the branch pipes is the same, temperature fluctuation intensity shows the almost same distribution. Temperature fluctuation intensity increased along the edge of the jet from branch piping. In this place, the Karman vortex which used the branch pipe jet regarded as a soft object has occurred. The maximum amplitude of temperature fluctuation ( Tp-p) during 120s showed a similar spatial distribution to that of the root mean square of temperature fluctuation (T ). As a value, Tp-p was about 6 times larger than T .",Japanese,90 Pages,2002/03,no keyword,,,"3d_modeling, computer_vision",10,"3次元, visualization, 可視化",e with Long Cycle Fluctuation) を実施している。本研究では、配管合流部における詳細な温度分布を測定するために、熱電対ツリーによる 3次元温度計測を実施した。可視化試験の結果から、流入条件の違いにより噴流形態を 1)衝突噴流 2)偏向噴流 3)再付着噴流 4)壁面噴流に分類できることがわかっている。今回の流体温度測定試験では各噴流形態での温度変動挙動に着目して計測を実施した。,https://jopss.jaea.go.jp/search/servlet/search?4037028,https://jopss.jaea.go.jp/pdfdata/JNC-TN9400-2002-026.pdf
4020855,JNC TJ7420 2005-045,断層周辺岩盤中の水みちに関する調査,Preliminary report on past pathways of groundwater along fault shear zone in rock mass,神原 洋*; 一ノ瀬 孜*,"Kambara, Hiroshi*; Ichinose, Tsutomu*","断層破砕帯周辺の過去の水みちの三次元的な分布および割れ目と水みちの地応力の関係に関する情報を収集する目的で,熱水性鉱脈型鉱床の代表である豊羽鉱床を対象にして,文献調査および現地調査を実施した。さらに,文献調査で収集した地質・鉱床に関する基礎データ(坑道の天盤のスケッチ,試錐柱状図,地質鉱床図等)を補足して,調査結果を整理し,豊羽鉱床における裂罅およびその周辺岩盤の割れ目の分布の特徴と,周辺岩盤の水理地質的特徴について整理した。鉱化作用は断層系の中の特殊な構造的部分に集中しており,鉱脈の組織は断続的な沈殿の歴史を記録している。そのため,浅熱水性鉱脈は断裂・裂罅の水みちの化石と認識できるので,地下深部における熱水循環に関するナチュラルアナログとしての価値が高いと考えられる。豊羽鉱床では,鉱化作用を伴う熱水活動が2百万年にわたって,現在まで継続していたことが最近のK-Ar年代測定で示されている。鉱脈の内部組織から,裂罅形成・開口 鉱石の沈殿・膠結が繰り返し起こったことが理解できる。すなわち,脈は裂罅開口・充填・破壊といった複雑な応力場の段階的な歴史の産物である。","To collect information on the relation of three-dimensional distribution of past pathways of groundwater around the fault shear zone, crack, and ground stresses, a document investigation and a local investigation were executed for the Toyoha deposit, Hokkaido as a representative of hydrothermal polymetallic ore veins. In addition, we have supplemented with the basic data concerning the geology and the ore deposit collected by the document investigation (sketch of hanging wall in drifts and drilling core, and geological features deposit maps, etc.), the investigation result was summarized in aspect of the geological and hydrodynamic characteristic of the surrounding bedrock, and the distribution of the fissure of the Toyoha deposit. Mineralization would concentrate on a special part in the fault system and vein structure indicates the history of intermitted precipitation. Therefore, hydrothermal vein system is recognized as a fossil of past pathways of water in deep, the vein systems should be natural analogue of hot water circulation. Current K-Ar dating of Toyoha deposit suggests that the hydrothermal activity with mineralization was continuing over 2 million years. Vein structure of Toyoha shows ore minerals repeatedly precipitate during the time of fissure formation. That is, the pulse is a product of an intermittent nature such as like fissure opening, filling, and destruction etc, under the regional complex stress field.",Japanese,135 Pages,2001/03,no keyword,,,"3d_modeling, ar_mapping",10,"ar, 三次元",Preliminary report on past pathways of groundwater along fault shear zone in rock mass,https://jopss.jaea.go.jp/search/servlet/search?4020855,https://jopss.jaea.go.jp/pdfdata/JNC-TJ7420-2005-045.pdf
3285,JAERI-Data/Code 99-049,沿岸海域における3次元海流モデルの開発,Development of three dimensional ocean current model for coastal region,小林 卓也,"Kobayashi, Takuya",日本の沿岸海域に放出される放射性物質等の移行挙動現象を明らかにするために、プリンストン大学の開発した海水の流動場を定量的に把握・予測する3次元モデルPOMを導入し、試計算を行うとともに、日本域でのシミュレーションのための改良を行った。本報告書ではモデル方程式、数値解法、モデルの改良等について記述するとともに、計算を実施する際に必要となるデータベース及び可視化システムについても言及した。また、試計算は下北地区を対象に行い、境界条件が及ぼす計算結果への影響を明らかにした。,no abstracts in English,Japanese,p.47 - 0,1999/12,Coastal Region ; Numirical Model ; Visualization ; Shimokita ; Ocean Current ; Radionuclides ; Migration,,https://doi.org/10.11484/jaeri-data-code-99-049,"3d_modeling, computer_vision",10,"3次元, visualization, 可視化",沿岸海域における3次元海流モデルの開発,https://jopss.jaea.go.jp/search/servlet/search?3285,https://jopss.jaea.go.jp/pdfdata/JAERI-Data-Code-99-049.pdf
2006120,JAERI-Research 97-070,Essential technologies for developing human and robot collaborative system,人間・ロボット協調システム開発のための要素技術,石川 信行; 鈴木 勝男,"Ishikawa, Nobuyuki; Suzuki, Katsuo",本研究においては、原子力プラント点検作業のために、新しい概念のロボットシステム、「人間・ロボット協調システム」を開発することを目的としている。本論文では、そのために開発した2つの要素技術(自律走行プログラム・ロボット自己位置推定法)及びシステムの基本概念について述べる。開発した自律走行プログラムは、従来の自律移動ロボットの走行プログラムに、人間協調動作で必要となる随時割り込み機能を付加することにより実現した。また、高精度な自己位置推定法を実現するために、ジャイロとテレビ画像を用いた方法を提案し、その実用可能性を実験並びに数値シミュレーションにより評価した。,no abstracts in English,English,20 Pages,1997/10,Human-robot Collaborative System ; Autonomous Navigation Program ; Position Estimation,,https://doi.org/10.11484/jaeri-research-97-070,"ar_mapping, robotics_remote",10,"robot, ロボット, 自己位置推定",Essential technologies for developing human and robot collaborative system,https://jopss.jaea.go.jp/search/servlet/search?2006120,https://jopss.jaea.go.jp/pdfdata/JAERI-Research-97-070.pdf
4055928,PNC TN9410 97-053,"ナトリウム用液面可視化システム及び気泡検出器の開発;音響シミュレーション,水中基礎試験の画像化特性検討",The development of liquid surface visualization and void detection system for sodium; Imaging characteristic examination of sound propagation simulation and underwater basic test,林田 均; 平林 勝,"Hayashida, Hitoshi; Hirabayashi, Masaru",FBRプラントは1次冷却材中にカバーガスが巻き込まれない様にする必要があり、実証炉以降では原子炉がコンパクト化されるために、その対策が特に重要になる。そのため、設計段階でナトリウム試験により炉容器内等の自由液面の挙動を把握する必要がある。また、実プラントにおいて冷却材中に気泡が混入していないことを確認するために、原子炉容器入口配管にて気泡を計測する技術も安全性向上のために求められる。そこで超音波を用いてナトリウム液面の挙動を画像化する液面可視化システムと、ナトリウム配管中の気泡を画像化して検出する気泡検出器について、基礎的な画像化特性に関する知見を得るために音響伝播シミュレーションと水中基礎試験を行った。先ず、最初に超音波を用いて対象を画像化した場合の基本的な特性を調べるために、液面の巻き込み渦モデルについて音響伝播シミュレーションを行った。次に、複数の超音波トランスデューサを同時に送受信し、相互相関法で各トランスデューサと対象物間の伝播時間を求め開口合成法により画像化する計測システムを試作(試作システムは、信号処理能力の制限から、ある一定時間の連続データを取得した後に、オフラインで相互相関及び開口合成処理を行うものとした。)し、ポリスチレンフィルムの棒による押下による模擬液面の変動や水中を浮上する気泡の画像化について水中基礎試験を行った。その結果、音響シミュレーションでは液面の巻き込み渦モデルを画像化できることが確認でき、水中基礎試験では模擬液面や浮上する気泡の移動に対応した画像を得ることができた。ただし、課題として巻き込み渦の傾斜部の画像がうまく得られない点があり、現状の様に巻き込み渦の下方にのみ超音波トランスデューサを配置する方式に対し、巻き込み渦を取り囲むように側面方向にも受信(あるいは送信)用トランスデューサを配置する方式について検討する必要があると考えている。また、気泡検出については、得られる気泡の画像の大きさ及び形状と、実際の対応について今後定量的な評価が必要となる。,"On the FBR plant, it is necessary that cover gas would not involve in the primary coolant, and especially the measures is very important in order to compact the reactor on the design of DFBR. Thus the behavior of free liquid surface must be evaluated in sodium pool tests at the design phase. And also from the viewpoint of safety analyses, the void detection system which measure the void in the reactor vessel inlet piping is also developed as a measurement system for confirming that the void has not been entrapped in the coolant. Then on the liquid surface visualization system which image the behavior of liquid sodium surface and the void detection system which image the detected void using the ultrasonic wave, the sound propagation simulations and the underwater basic tests were carried out to obtain a knowledge on the basic imaging characteristics. As a first step, the sound propagation simulations were carried out to evaluate the imaging characteristics of the vortex model. As the next step, the measurement system was produced tentatively in order to image the fluctuating liquid surface and the rising void in the underwater basic tests. The signals from some ultrasonic transducers to image them were processed by the cross correlation method and the aperture synthesis method. However the imaging processed in off-line because of the limitation of thc signal processing ability. As the results, it was confirmed that the vortex model could be imaged by the sound propagation simulations. And the fluctuating liquid surface and the rising void could be also imaged by the measurement system in the underwater basic tests. However since the slope of vortex can't be imaged well, the most suitable arrangement of the transducers will be examined to image the slope. And it will be necessary for the measurement system to confirm that the size and shape of void can be imaged accurately.",Japanese,29 Pages,1997/05,no keyword,,,"computer_vision, robotics_remote",10,"imaging, visualization, 可視化, 超音波","ナトリウム用液面可視化システム及び気泡検出器の開発;音響シミュレーション,水中基礎試験の画像化特性検討",https://jopss.jaea.go.jp/search/servlet/search?4055928,https://jopss.jaea.go.jp/pdfdata/PNC-TN9410-97-053.pdf
2006083,JAERI-Research 97-033,ジャイロとオドメトリを併用した移動ロボット位置推定の評価実験,Experimental evaluation on position estimation of mobile robot by the combined use of odometry and gyro,石川 信行; 前山 祥一*; 油田 信一*; 鈴木 勝男,"Ishikawa, Nobuyuki; not registered; not registered; Suzuki, Katsuo",本研究では移動ロボットの自己位置推定精度の向上を図るために、圧電振動ジャイロで測定される角速度を併用した位置推定法の実験的検討を行っている。ジャイロの併用により、誤差発生の一因であるスリップによる瞬時的オドメトリ誤差の低減が可能なことを実験で確認した。実験では、まず圧電振動ジャイロによる角度算出の精度ならびにドリフト特性を測定した。その結果、圧電振動ジャイロではドリフトが比較的大きいためその補正が必要であることがわかった。その補正法としてローパスフィルタを用いた簡便な方法を提案し、その有効性を実験で確認した。位置推定実験では人為的に瞬時的オドメトリ誤差を発生させ、オドメトリだけからの推定法とジャイロを併用した推定法の結果を比較し、ジャイロ併用の有効性を示した。,no abstracts in English,Japanese,20 Pages,1997/05,位置推定 ; 瞬時的オドメトリ誤差 ; 圧電振動ジャイロ ; ジャイロ併用 ; ドリフト補正,,https://doi.org/10.11484/jaeri-research-97-033,"ar_mapping, robotics_remote",10,"robot, ロボット, 自己位置推定",ジャイロとオドメトリを併用した移動ロボット位置推定の評価実験,https://jopss.jaea.go.jp/search/servlet/search?2006083,https://jopss.jaea.go.jp/pdfdata/JAERI-Research-97-033.pdf
4021058,JNC TJ7400 2005-071,比抵抗トモグラフィ調査法データの解析精度向上に関する研究(その2),None,佐々木 裕*,"Sasaki, Yutaka*",地下構造の解明に用いる比抵抗トモグラフィー調査法の地下構造分解能の向上のため、2次元インバージョン数値実験を行った。解析精度の向上には、空間的に高密度サンプリングだけでなく、電極配置の選択が重要であるため、実験では3通りの電極配置を比較した。この結果、ダイポールダイポール、ポールダイポール、ポールポールの順に分解能が良いことがわかった。地形効果については、解析断面に地形を組み入れることで、ほぼ完全に除去できることを確認した。また孔-地表間マッピング法データの3次元インバージョンにより、深部比抵抗体を明瞭に再現できることを示した。,no abstracts in English,Japanese,27 Pages,1993/03,no keyword,,,"3d_modeling, ar_mapping",10,"3次元, マッピング",ルの順に分解能が良いことがわかった。地形効果については、解析断面に地形を組み入れることで、ほぼ完全に除去できることを確認した。また孔-地表間マッピング法データの3次元インバージョンにより、深部比抵抗体を明瞭に再現できることを示した。,https://jopss.jaea.go.jp/search/servlet/search?4021058,https://jopss.jaea.go.jp/pdfdata/JNC-TJ7400-2005-071.PDF
2075169,JAERI-M 90-100,計算結果の可視化,Visualization of computed results,鶴岡 卓哉*; 石黒 美佐子,not registered; not registered,計算結果の可視化は、物理現象をより良く理解するために不可欠な手段となってきている。原研においても、計算結果のアニメーション化の試行を昭和63年度末より開始した。平成元年度では、U字管内の熱流動挙動、レーザー同位体分離過程において電子ビームで加熱された金属片内の熱流動挙動、及び高温ガス炉炉心におけるキセノン振動の3例に対してアニメーション化を実施し、それぞれ実時間で数分のアニメーション画面作成した。画像作成には、3次元カラー・グラフィックス用ソフトウェアFACOM CGMSを用いて、M-780、又はVPにより画像計算を行なった。本報告では、アニメーション化のために用いた種々の可視化手法について説明する。,no abstracts in English,Japanese,49 Pages,1990/07,Visualization ; Animation ; FACOM CGMS ; Graphics System ; Frame ; Computer Graphics ; Heat Flow ; Atomic Vapor Laser method ; Xenon-induced Oscillation,,https://doi.org/10.11484/jaeri-m-90-100,"3d_modeling, computer_vision",10,"3次元, visualization, 可視化",計算結果の可視化,https://jopss.jaea.go.jp/search/servlet/search?2075169,https://jopss.jaea.go.jp/pdfdata/JAERI-M-90-100.pdf
5081067,JAEA-Review 2025-036,高バックグラウンド放射線環境における配管内探査技術の開発(委託研究); 令和5年度英知を結集した原子力科学技術・人材育成推進事業,Development of inspection technology for pipes in high background radiation environments (Contract research); FY2023 Nuclear Energy Science & Technology and Human Resource Development Project,廃炉環境国際共同研究センター; 福井大学*,Collaborative Laboratories for Advanced Decommissioning Science; University of Fukui*,日本原子力研究開発機構(JAEA)廃炉環境国際共同研究センター(CLADS)では、令和5年度英知を結集した原子力科学技術・人材育成推進事業(以下、「本事業」という。)を実施している。本事業は、東京電力ホールディングス株式会社(以下、「東京電力」という。)福島第一原子力発電所の廃炉等をはじめとした原子力分野の課題解決に貢献するため、国内外の英知を結集し、様々な分野の知見や経験を従前の機関や分野の壁を越えて緊密に融合・連携させた基礎的・基盤的研究及び人材育成を推進することを目的としている。平成30年度の新規採択課題から実施主体を文部科学省からJAEAに移行することで、JAEAとアカデミアとの連携を強化し、廃炉に資する中長期的な研究開発・人材育成をより安定的かつ継続的に実施する体制を構築した。本研究は、令和5年度に採択された研究課題のうち、「高バックグラウンド放射線環境における配管内探査技術の開発」の令和5年度分の研究成果について取りまとめたものである。本研究は、東京電力へのヒアリングで配管内部観察について示された、(1)水素含有量、(2)析出物の存在、(3) 線/ 線の放出核種の有無の3つのニーズに対応する技術を総合的に開発することを目的に、下記の2つの研究を実施している。まず、既存の非破壊検査装置の小型化と非破壊で配管内部をイメージング可能な専用の放射線検出器の開発により、レーザ等を用いた非破壊検査により配管内の情報を取得すること及び配管内の 核種の有無や配管等の内部状況を明らかにすることを目的とする。また、高線量率環境下における 核種の可視化、 核種の弁別判定を行う装置を開発するとともに配管内の内容物を調査する技術を開発する。開発した技術の展開は、東京電力、民間企業によって実用化されることを見込む。,"The Collaborative Laboratories for Advanced Decommissioning Science (CLADS), Japan Atomic Energy Agency (JAEA), had been conducting the Nuclear Energy Science & Technology and Human Resource Development Project (hereafter referred to ""the Project"") in FY2023. The Project aims to contribute to solving problems in the nuclear energy field represented by the decommissioning of the Fukushima Daiichi Nuclear Power Station, Tokyo Electric Power Company Holdings, Inc. (TEPCO). For this purpose, intelligence was collected from all over the world, and basic research and human resource development were promoted by closely integrating/collaborating knowledge and experiences in various fields beyond the barrier of conventional organizations and research fields. The sponsor of the Project was moved from the Ministry of Education, Culture, Sports, Science and Technology to JAEA since the newly adopted proposals in FY2018. On this occasion, JAEA constructed a new research system where JAEA-academia collaboration is reinforced and medium-to-long term research/development and human resource development contributing to the decommissioning are stably and consecutively implemented. Among the adopted proposals in FY2023, this report summarizes the research results of the ""Development of inspection technology for pipes in high background radiation environments"" conducted in FY2023. The following two studies are being conducted with the aim of comprehensively developing technologies to address the three needs indicated in the hearing with TEPCO regarding observation of the inside of piping: (1) Hydrogen content, (2) Presence of precipitates, (3) Presence or absence of / radiation emitting nuclides. First, by downsizing existing nondestructive inspection equipment and developing a dedicated radiation detector capable of nondestructively imaging the inside of piping, we aim to obtain information on the inside of piping by nondestructive inspection using lasers, etc., and to clarify the presence or absence of -nuclides in piping and the internal conditions of piping, etc. In addition, we will develop equipment to visualize -nuclides and discriminate -nuclides in high dose rate environments, as well as technology to investigate the contents of the piping. Deployment of the developed technology is expected to be put into practical use by TEPCO and private companies.",Japanese,88 Pages,2025/11,福島第一原子力発電所事故 ; Fukushima Daiichi Nuclear Power Station Accident ; Non-destructive Inspection ; Laser Ultrasonic ; Piping ; High Background ; Active Thermography ; Low Energy Gamma Rays,,https://doi.org/10.11484/jaea-review-2025-036,"computer_vision, robotics_remote",9,"imaging, イメージング, 可視化",放出核種の有無の3つのニーズに対応する技術を総合的に開発することを目的に、下記の2つの研究を実施している。まず、既存の非破壊検査装置の小型化と非破壊で配管内部をイメージング可能な専用の放射線検出器の開発により、レーザ等を用いた非破壊検査により配管内の情報を取得すること及び配管内の 核種の有無や配管等の内部状況を明らかにすることを目的とする。また、高線量率環境下における 核種の可視化、 核種の弁別判定を行う装置,https://jopss.jaea.go.jp/search/servlet/search?5081067,https://jopss.jaea.go.jp/pdfdata/JAEA-Review-2025-036.pdf
5081124,JAEA-Review 2025-013,世界初の同位体分析装置による少量燃料デブリの性状把握分析手法の確立(委託研究); 令和5年度英知を結集した原子力科学技術・人材育成推進事業,Establishment of characterization method for small fuel debris using the world's first isotope micro imaging apparatus (Contract research); FY2023 Nuclear Energy Science & Technology and Human Resource Development Project,廃炉環境国際共同研究センター; 工学院大学*,Collaborative Laboratories for Advanced Decommissioning Science; Kogakuin University*,日本原子力研究開発機構(JAEA)廃炉環境国際共同研究センター(CLADS)では、令和5年度英知を結集した原子力科学技術・人材育成推進事業(以下、「本事業」という。)を実施している。本事業は、東京電力ホールディングス株式会社福島第一原子力発電所の廃炉等をはじめとした原子力分野の課題解決に貢献するため、国内外の英知を結集し、様々な分野の知見や経験を従前の機関や分野の壁を越えて緊密に融合・連携させた基礎的・基盤的研究及び人材育成を推進することを目的としている。平成30年度の新規採択課題から実施主体を文部科学省からJAEAに移行することで、JAEAとアカデミアとの連携を強化し、廃炉に資する中長期的な研究開発・人材育成をより安定的かつ継続的に実施する体制を構築した。本研究は、研究課題のうち、令和3年度に採択された「世界初の同位体分析装置による少量燃料デブリの性状把握分析手法の確立」の令和3年度から令和5年度の研究成果について取りまとめたものである。本研究は、少量燃料デブリの取り出し把握に必要な直接的なデータを世界で初めて取得して評価・検討を行うことを目的とする。SEM-EDS等やTEM-EDSでは、同位体識別やPu、Bの分析ができない。一方、ICP-MS等のバルク分析では微小視野での情報が欠落する。つまり、既存の方法では、燃焼率指標情報( NdとUの組成比)、中性子毒物Gdや中性子吸収物質Bの存在比などの局所分析データを含めて燃料デブリ性状を把握するための分析手段がないことが大きな課題である。令和3年度は、JAEA大洗研究所へ導入した同位体マイクロイメージング装置について、高線量試料に対応した装置整備を主に進めた。令和4年度には、JAEA大洗研究所にある同位体マイクロイメージング装置の整備を行い、ウラン含有実粒子の分析に成功した。令和5年度は、工学院大学にあるプロトタイプ機を用いて、今後大洗研究所の装置に反映できるように、一連の分析ルーチンを自動化・遠隔化するための開発を完了した。JAEA大洗研究所では、手動操作を含むが、共鳴イオン化により実粒子からCsの各同位体を分析することに成功した。再委託先の名古屋大学においては、共鳴イオン化におけるイオンビームスパッタによる電子状態の差異を検討するために装置改良を行い、イオンビームによってスパッタされた中性粒子から共鳴イオン化の信号を取得することに成功した。連携先のJAEACLDASでは、重要核種であるNdやGdの最適なイオン化スキームについて実験的に調査し、提案されたイオン化スキームについて、工学院大学の同位体マイクロイメージング装置で同位体比やイオン化効率の検証を行った。,"The Collaborative Laboratories for Advanced Decommissioning Science (CLADS), Japan Atomic Energy Agency (JAEA), had been conducting the Nuclear Energy Science & Technology and Human Resource Development Project (hereafter referred to ""the Project"") in FY2023. The Project aims to contribute to solving problems in the nuclear energy field represented by the decommissioning of the Fukushima Daiichi Nuclear Power Station, Tokyo Electric Power Company Holdings, Inc. (TEPCO). For this purpose, intelligence was collected from all over the world, and basic research and human resource development were promoted by closely integrating/collaborating knowledge and experiences in various fields beyond the barrier of conventional organizations and research fields. The sponsor of the Project was moved from the Ministry of Education, Culture, Sports, Science and Technology to JAEA since the newly adopted proposals in FY2018. On this occasion, JAEA constructed a new research system where JAEA-academia collaboration is reinforced and medium-to-long term research/development and human resource development contributing to the decommissioning are stably and consecutively implemented. Among the adopted proposals in FY2021, this report summarizes the research results of the ""Establishment of characterization method for small fuel debris using the world's first isotope micro imaging apparatus"" conducted from FY2021 to FY2023. The present study aims to obtain, for the first time in the world, the important data necessary for clarifying the retrieval of small amounts of fuel debris, and to evaluate and examine them. The isotope microimaging apparatus (developed by Kogakuin University) introduced at the JAEA Fuel Monitoring Facility (FMF) can obtain local quantitative data such as isotope composition while processing cross-sections of radioactive micro-samples, which can be used to determine the properties of fuel debris. In FY2021, we improved the isotope microimaging apparatus introduced to the JAEA FMF to accommodate high radiation dose samples. In FY2022, we maintained the isotope microimaging apparatus at the JAEA FMF and succeeded in analyzing real particles containing uranium. In FY2023, we completed development to automate and remotely perform analysis routines using a prototype machine at Kogakuin University. At the JAEA FMF, although manual operations were involved, we succeeded in analyzing each Cs isotope from real particles by resonance ionization. In Nagoya University, we improved the RIMS apparatus to investigate the difference in electronic state caused by ion beam sputtering. And we succeeded in obtaining resonance ionization signals from neutral particles generated by ion beam sputtering. At the JAEA CLADS, they investigated the ionization scheme for important nuclides Nd and Gd. Those proposed ionization schemes were examined at Kogakuin University.",Japanese,111 Pages,2025/10,福島第一原子力発電所事故 ; Fukushima Daiichi Nuclear Power Station Accident ; TOF-SIMS ; R-SNMS ; Isotope Micro Imaging ; Isotope Ratio ; Fine Particle,,https://doi.org/10.11484/jaea-review-2025-013,"computer_vision, robotics_remote",9,"imaging, remote, イメージング",acterization method for small fuel debris using the world's first isotope micro imaging apparatus (Contract research); FY2023 Nuclear Energy Science & Technology and Human Resource Development Project,https://jopss.jaea.go.jp/search/servlet/search?5081124,https://jopss.jaea.go.jp/pdfdata/JAEA-Review-2025-013.pdf
5073988,JAEA-Review 2022-070,無人航走体を用いた燃料デブリサンプルリターン技術の研究開発(委託研究); 令和3年度英知を結集した原子力科学技術・人材育成推進事業,Research and development of the sample-return technique for fuel debris using the unmanned underwater vehicle (Contract research); FY2021 Nuclear Energy Science & Technology and Human Resource Development Project,廃炉環境国際共同研究センター; 海上・港湾・航空技術研究所*,"Collaborative Laboratories for Advanced Decommissioning Science; National Institute of Maritime, Port and Aviation Technology*",日本原子力研究開発機構(JAEA)廃炉環境国際共同研究センター(CLADS)では、令和3年度英知を結集した原子力科学技術・人材育成推進事業(以下、「本事業」という)を実施している。本事業は、東京電力ホールディングス株式会社福島第一原子力発電所の廃炉等を始めとした原子力分野の課題解決に貢献するため、国内外の英知を結集し、様々な分野の知見や経験を、従前の機関や分野の壁を越えて緊密に融合・連携させた基礎的・基盤的研究及び人材育成を推進することを目的としている。平成30年度の新規採択課題から実施主体を文部科学省からJAEAに移行することで、JAEAとアカデミアとの連携を強化し、廃炉に資する中長期的な研究開発・人材育成をより安定的かつ継続的に実施する体制を構築した。本研究は、研究課題のうち、令和2年度に採択された「無人航走体を用いた燃料デブリサンプルリターン技術の研究開発」の令和3年度の研究成果について取りまとめたものである。本研究は、日英共同研究体制の下、耐放射線性を持ちつつ中性子検出効率を向上させた中性子検出器と、強力な切削能と収集能を持ったエンドエフェクタ並びにマニピュレータを融合させた燃料デブリサンプリング装置を開発し、それらを無人航走体へ搭載させた燃料デブリサンプリングシステムを構築することを目指すものである。さらに、システム位置を同定する測位システムと、光学カメラ、ソナー、今回開発する中性子検出器の計数情報を仮想現実システムへ投影させる技術を開発し、遠隔操作技術の向上に貢献する技術開発を行う。,"The Collaborative Laboratories for Advanced Decommissioning Science (CLADS), Japan Atomic Energy Agency (JAEA), had been conducting the Nuclear Energy Science & Technology and Human Resource Development Project (hereafter referred to ""the Project"") in FY2021. The Project aims to contribute to solving problems in the nuclear energy field represented by the decommissioning of the Fukushima Daiichi Nuclear Power Station, Tokyo Electric Power Company Holdings, Inc. (TEPCO). For this purpose, intelligence was collected from all over the world, and basic research and human resource development were promoted by closely integrating/collaborating knowledge and experiences in various fields beyond the barrier of conventional organizations and research fields. The sponsor of the Project was moved from the Ministry of Education, Culture, Sports, Science and Technology to JAEA since the newly adopted proposals in FY2018. On this occasion, JAEA constructed a new research system where JAEA-academia collaboration is reinforced and medium-to-long term research/development and human resource development contributing to the decommissioning are stably and consecutively implemented. Among the adopted proposals in FY2020, this report summarizes the research results of the ""Research and development of the sample-return technique for fuel debris using the unmanned underwater vehicle"" conducted in FY2021. The present study aims to develop a fuel debris sampling device that comprises a neutron detector with radiation resistance and enhanced neutron detection efficiency, an end-effector with powerful cutting and collection capabilities, and a manipulator under the Japan-UK joint research team. We will also develop a fuel debris sampling system that can be mounted on an unmanned vehicle. In addition, we will develop a positioning system to identify the system position, and a technique to project the counting information of optical cameras, sonar, and neutron detectors to be developed ...",Japanese,70 Pages,2023/03,福島第一原子力発電所事故 ; Fukushima Daiichi Nuclear Power Station Accident ; Fuel Debris ; Microstructured Semiconductor Neutron Detectors ; End Effector ; Manipulator ; Unmanned Underwater Vehicle ; Virtual Reality ; PHITS ; Bubble Detector,,https://doi.org/10.11484/jaea-review-2022-070,"computer_vision, robotics_remote",9,"camera, カメラ, 遠隔操作",グ装置を開発し、それらを無人航走体へ搭載させた燃料デブリサンプリングシステムを構築することを目指すものである。さらに、システム位置を同定する測位システムと、光学カメラ、ソナー、今回開発する中性子検出器の計数情報を仮想現実システムへ投影させる技術を開発し、遠隔操作技術の向上に貢献する技術開発を行う。,https://jopss.jaea.go.jp/search/servlet/search?5073988,https://jopss.jaea.go.jp/pdfdata/JAEA-Review-2022-070.pdf
5071509,JAEA-Review 2021-049,無人航走体を用いた燃料デブリサンプルリターン技術の研究開発(委託研究); 令和2年度英知を結集した原子力科学技術・人材育成推進事業,Research and development of the sample-return technique for fuel debris using the unmanned underwater vehicle (Contract research); FY2020 Nuclear Energy Science & Technology and Human Resource Development Project,廃炉環境国際共同研究センター; 海上・港湾・航空技術研究所*,"Collaborative Laboratories for Advanced Decommissioning Science; National Institute of Maritime, Port and Aviation Technology*",日本原子力研究開発機構(JAEA)廃炉環境国際共同研究センター(CLADS)では、令和2年度英知を結集した原子力科学技術・人材育成推進事業(以下、「本事業」という)を実施している。本事業は、東京電力ホールディングス株式会社福島第一原子力発電所の廃炉等をはじめとした原子力分野の課題解決に貢献するため、国内外の英知を結集し、様々な分野の知見や経験を、従前の機関や分野の壁を越えて緊密に融合・連携させた基礎的・基盤的研究及び人材育成を推進することを目的としている。平成30年度の新規採択課題から実施主体を文部科学省からJAEAに移行することで、JAEAとアカデミアとの連携を強化し、廃炉に資する中長期的な研究開発・人材育成をより安定的かつ継続的に実施する体制を構築した。本研究は、研究課題のうち、令和2年度に採択された「無人航走体を用いた燃料デブリサンプルリターン技術の研究開発」の令和2年度の研究成果について取りまとめたものである。本研究は、日英共同研究体制の下、耐放射線性を持ちつつ中性子検出効率を向上させた中性子検出器と、強力な切削能と収集能を持ったエンドエフェクタ並びにマニピュレータを融合させた燃料デブリサンプリング装置を開発し、それらを無人航走体へ搭載させた燃料デブリサンプリングシステムを構築することを目指すものである。さらに、システム位置を同定する測位システムと、光学カメラ、ソナー、今回開発する中性子検出器の計数情報を仮想現実システムへ投影させる技術を開発し、遠隔操作技術の向上に貢献する技術開発を行う。,"The Collaborative Laboratories for Advanced Decommissioning Science (CLADS), Japan Atomic Energy Agency (JAEA), had been conducting the Nuclear Energy Science & Technology and Human Resource Development Project (hereafter referred to ""the Project"") in FY2020. The Project aims to contribute to solving problems in the nuclear energy field represented by the decommissioning of the Fukushima Daiichi Nuclear Power Station, Tokyo Electric Power Company Holdings, Inc. (TEPCO). For this purpose, intelligence was collected from all over the world, and basic research and human resource development were promoted by closely integrating/collaborating knowledge and experiences in various fields beyond the barrier of conventional organizations and research fields. The sponsor of the Project was moved from the Ministry of Education, Culture, Sports, Science and Technology to JAEA since the newly adopted proposals in FY2018. On this occasion, JAEA constructed a new research system where JAEA-academia collaboration is reinforced and medium-to-long term research/development and human resource development contributing to the decommissioning are stably and consecutively implemented. Among the adopted proposals in FY2020, this report summarizes the research results of the ""Research and development of the sample-return technique for fuel debris using the unmanned underwater vehicle"" conducted in FY2020. The present study aims to develop a fuel debris sampling device that comprises a neutron detector with radiation resistance and enhanced neutron detection efficiency, an end-effector with powerful cutting and collection capabilities, and a manipulator under the Japan-UK joint research team. We will also develop a fuel debris sampling system that can be mounted on an unmanned vehicle. In addition, we will develop a positioning system to identify the system position, and a technique to project the counting information of optical cameras, sonar, …",Japanese,67 Pages,2022/01,福島第一原子力発電所事故 ; Fukushima Daiichi Nuclear Power Station Accident ; Fuel Debris ; Microstructured Semiconductor Neutron Detectors ; End Effector ; Manipulator ; Unmanned Underwater Vehicle ; Virtual Reality ; PHITS ; Bubble Detector,,https://doi.org/10.11484/jaea-review-2021-049,"computer_vision, robotics_remote",9,"camera, カメラ, 遠隔操作",グ装置を開発し、それらを無人航走体へ搭載させた燃料デブリサンプリングシステムを構築することを目指すものである。さらに、システム位置を同定する測位システムと、光学カメラ、ソナー、今回開発する中性子検出器の計数情報を仮想現実システムへ投影させる技術を開発し、遠隔操作技術の向上に貢献する技術開発を行う。,https://jopss.jaea.go.jp/search/servlet/search?5071509,https://jopss.jaea.go.jp/pdfdata/JAEA-Review-2021-049.pdf
5069620,JAEA-Review 2020-036,ナノ粒子を用いた透明遮へい材の開発研究(委託研究); 令和元年度英知を結集した原子力科学技術・人材育成推進事業,Research and development of transparent materials for radiation shield using nanoparticles (Contract research); FY2019 Nuclear Energy Science & Technology and Human Resource Development Project,廃炉環境国際共同研究センター; 九州大学*,Collaborative Laboratories for Advanced Decommissioning Science; Kyushu University*,日本原子力研究開発機構(JAEA)廃炉環境国際共同研究センター(CLADS)では、令和元年度英知を結集した原子力科学技術・人材育成推進事業(以下、「本事業」という)を実施している。本事業は、東京電力ホールディングス福島第一原子力発電所の廃炉等をはじめとした原子力分野の課題解決に貢献するため、国内外の英知を結集し、様々な分野の知見や経験を、従前の機関や分野の壁を越えて緊密に融合・連携させた基礎的・基盤的研究及び人材育成を推進することを目的としている。平成30年度の新規採択課題から実施主体を文部科学省からJAEAに移行することで、JAEAとアカデミアとの連携を強化し、廃炉に資する中長期的な研究開発・人材育成をより安定的かつ継続的に実施する体制を構築した。本研究は、研究課題のうち、平成30年度に採択された「ナノ粒子を用いた透明遮へい材の開発研究」の令和元年度の研究成果について取りまとめたものである。本研究は、燃料デブリ取り出しや分析における作業員の被ばく低減や遠隔カメラの光学系・電子系の劣化低減を目的として、遮へい材料をナノ粒子化してエポキシ樹脂に分散・固化することにより透明な遮へい体を開発する。ホウ化物や重金属化合物をナノ粒子化して中性子とガンマ線を同時に遮へいし、中性子から生じる二次ガンマ線も抑制する遮へい体を開発する。,"The Collaborative Laboratories for Advanced Decommissioning Science (CLADS), Japan Atomic Energy Agency (JAEA), had been conducting the Nuclear Energy Science & Technology and Human Resource Development Project (hereafter referred to ""the Project"") in FY2019. The Project aims to contribute to solving problems in the nuclear energy field represented by the decommissioning of the Fukushima Daiichi Nuclear Power Station, Tokyo Electric Power Company Holdings, Inc. (TEPCO). For this purpose, intelligence was collected from all over the world, and basic research and human resource development were promoted by closely integrating/collaborating knowledge and experiences in various fields beyond the barrier of conventional organizations and research fields. The sponsor of the Project was moved from the Ministry of Education, Culture, Sports, Science and Technology to JAEA since the newly adopted proposals in FY2018. On this occasion, JAEA constructed a new research system where JAEA-academia collaboration is reinforced and medium-to-long term research/development and human resource development contributing to the decommissioning are stably and consecutively implemented. Among the adopted proposals in FY2018, this report summarizes the research results of the ""Research and Development of Transparent Materials for Radiation Shield Using Nanoparticles"" conducted in FY2019. The present study aims to reduce radiation exposure of workers in debris retrieval/analysis and reduce deterioration of optical and electronic systems in remote cameras. For these purposes, we develop transparent radiation shield by making the shield materials into nanoparticles, and dispersing/solidifying them in epoxy resin. By making boride or heavy metal compounds into nanoparticles, we will also develop a radiation shield that shields both neutrons and gamma-rays, and also suppresses secondary gamma-rays produced from neutrons.",Japanese,176 Pages,2021/01,福島第一原子力発電所事故 ; Fukushima Daiichi Nuclear Power Station Accident ; Transparent Radiation Shield ; Epoxy Resin ; Boride Nanoparticle ; Heavy Metal Nanoparticle ; Thermal Plasma,,https://doi.org/10.11484/jaea-review-2020-036,"computer_vision, robotics_remote",9,"camera, remote, カメラ",ナノ粒子を用いた透明遮へい材の開発研究」の令和元年度の研究成果について取りまとめたものである。本研究は、燃料デブリ取り出しや分析における作業員の被ばく低減や遠隔カメラの光学系・電子系の劣化低減を目的として、遮へい材料をナノ粒子化してエポキシ樹脂に分散・固化することにより透明な遮へい体を開発する。ホウ化物や重金属化合物をナノ粒子化して中性子とガンマ線を同時に遮へいし、中性子から生じる二次ガンマ線も抑制する,https://jopss.jaea.go.jp/search/servlet/search?5069620,https://jopss.jaea.go.jp/pdfdata/JAEA-Review-2020-036.pdf
5067549,JAEA-Data/Code 2020-007,地下水流動解析コードMIG2DF第2版の開発,Development of MIG2DF Version 2,高井 静霞; 木村 英雄*; 打越 絵美子*; 宗像 雅広; 武田 聖司,"Takai, Shizuka; Kimura, Hideo*; Uchikoshi, Emiko*; Munakata, Masahiro; Takeda, Seiji",計算コードMIG2DFは、放射性廃棄物地中処分の安全評価を目的とした多孔質媒体中における地下水流・核種移行解析コードとして、平成4年に第1版が開発された。MIG2DF第1版では、2次元(鉛直断面・水平面および軸対称3次元)の有限要素法によるモデルに対し、密度を考慮した飽和-不飽和地下水流解析及び核種移行解析を行うことが可能である。一方放射性廃棄物地中処分では、長期的な地質・気候関連事象として、サイトに応じた隆起・侵食による地形変化や、沿岸域においては海水準変動に伴う塩淡境界の変化による地下水流動への影響を合わせて考慮する必要がある。こうした事象に対する評価手法を整備するために、本グループではMIG2DF第1版に対する改良、および、非定常な地形変化に対応したMIG2DFによる解析を可能とするための外部プログラムの整備を行っている。これらの開発のうち、本報告書ではMIG2DF第1版を改良した第2版について、その構成・解法・使用方法・検証計算を示す。また本報告書では、整備したMIG2DFの複数の外部プログラムのうち、地下水流路解析コード(PASS-TRAC)、解析用データセット作成コード(PASS-PRE)、および、ポスト表示コード(PASS-POST)についても構成・解法・使用方法を示す。,"The MIG2DF computer code is a computer program that simulates groundwater flow and radionuclide transport in porous media for the safety assessment of radioactive waste disposal. The original version of MIG2DF was released in 1992. The original code employs a two-dimensional (vertical or horizontal cross-section, or an axisymmetric configuration) finite-element method to approximate the governing equations for density-dependent saturated-unsaturated groundwater flow and radionuclide transport. Meanwhile, for geological disposal of radioactive wastes, landscape evolution such as uplift and erosion needs to be assessed as a long-term geological and climate events, considering site conditions. In coastal areas, the impact to groundwater flow by change of salinity distribution to sea level change also needs to be considered. To deal with these events in the assessment, we have revised the original version of MIG2DF and developed the external program which enables MIG2DF to consider unsteady landscape evolution. In these developments, this report describes an upgrade of MIG2DF (Version 2) and presents the configuration, equations, methods, and verification. This reports also give the explanation external programs of MIG2DF: PASS-TRAC (the particle tracking code), PASS-PRE (the code for dataset preparation), and PASS-POST (the post-processing visualization system).",Japanese,174 Pages,2020/09,地下水流動 ; 核種移行 ; 有限要素法 ; 飽和-不飽和 ; 移流 ; 分散 ; 吸着 ; 地層処分 ; 地形変化 ; 海水準変動,,https://doi.org/10.11484/jaea-data-code-2020-007,"3d_modeling, computer_vision",9,"3次元, visualization",価を目的とした多孔質媒体中における地下水流・核種移行解析コードとして、平成4年に第1版が開発された。MIG2DF第1版では、2次元(鉛直断面・水平面および軸対称3次元)の有限要素法によるモデルに対し、密度を考慮した飽和-不飽和地下水流解析及び核種移行解析を行うことが可能である。一方放射性廃棄物地中処分では、長期的な地質・気候関連事象として、サイトに応じた隆起・侵食による地形変化や、沿岸域においては海水準,https://jopss.jaea.go.jp/search/servlet/search?5067549,https://jopss.jaea.go.jp/pdfdata/JAEA-Data-Code-2020-007.pdf
5067626,JAEA-Review 2019-039,ナノ粒子を用いた透明遮へい材の開発研究(委託研究); 平成30年度英知を結集した原子力科学技術・人材育成推進事業,Research and development of transparent materials for radiation shield using nanoparticles (Contract research); FY2018 Center of World Intelligence Project for Nuclear Science/Technology and Human Resource Development,廃炉国際共同研究センター; 九州大学*,Collaborative Laboratories for Advanced Decommissioning Science; Kyushu University*,日本原子力研究開発機構(JAEA)廃炉国際共同研究センター(CLADS)では、平成30年度英知を結集した原子力科学技術・人材育成推進事業(以下、「本事業」という)を実施している。本事業は、東京電力ホールディングス福島第一原子力発電所の廃炉等をはじめとした原子力分野の課題解決に貢献するため、国内外の英知を結集し、様々な分野の知見や経験を、従前の機関や分野の壁を越えて緊密に融合・連携させた基礎的・基盤的研究及び人材育成を推進することを目的としている。平成30年度の新規採択課題から実施主体を文部科学省からJAEAに移行することで、JAEAとアカデミアとの連携を強化し、廃炉に資する中長期的な研究開発・人材育成をより安定的かつ継続的に実施する体制を構築した。本研究は、研究課題のうち、平成30年度「ナノ粒子を用いた透明遮へい材の開発研究」について取りまとめたものである。本研究は、燃料デブリ取り出しや分析における作業員の被ばく低減や遠隔カメラの光学系・電子系の劣化低減を目的として、遮へい材料をナノ粒子化してエポキシ樹脂に分散・固化することにより透明な遮へい体を開発する。B CやWをナノ粒子化して中性子とガンマ線を同時に遮へいし、中性子から生じる二次ガンマ線も抑制する遮へい体を開発する。,"The Collaborative Laboratories for Advanced Decommissioning Science (CLADS), Japan Atomic Energy Agency (JAEA), had been conducting the Center of World Intelligence Project for Nuclear Science/Technology and Human Resource Development (hereafter referred to ""the Project"") in FY2018. The Project aims to contribute to solving problems in nuclear energy field represented by the decommissioning of the Fukushima Daiichi Nuclear Power Station, Tokyo Electric Power Company Holdings, Inc. For this purpose, intelligence was collected from all over the world, and basic research and human resource development were promoted by closely integrating/collaborating knowledge and experiences in various fields beyond the barrier of conventional organizations and research fields. The sponsor of the Project was moved from the Ministry of Education, Culture, Sports, Science and Technology to JAEA since the newly adopted proposals in FY2018. On this occasion, JAEA constructed a new research system where JAEA-academia collaboration is reinforced and medium-to-long term research/development and human resource development contributing to the decommissioning are stably and consecutively implemented. Among the adopted proposals in FY2018, this report summarizes the research results of the ""Research and Development of Transparent Materials for Radiation Shield using Nanoparticles"". The present study aims to reduce radiation exposure of workers in debris retrieval/analysis and reduce deterioration of optical and electronic systems in remote cameras. For these purposes, we develop transparent radiation shield by making the shield materials into nanoparticles, and dispersing/solidifying them in epoxy resin. By making B C and W into nanoparticles, we will also develop a radiation shield that shields both neutrons and gamma-rays, and also suppresses secondary gamma-rays produced from neutrons.",Japanese,104 Pages,2020/03,Transparent Radiation Shield ; Neutrons Shielding ; Gamma-ray Shielding ; Epoxy Resin ; Boride Nanoparticle ; Heavy Metal Nanoparticle ; Thermal Plasma ; Plasma Processing ; Fukushima Daiichi Nuclear Power Station Accident ; 福島第一原子力発電所事故,,https://doi.org/10.11484/jaea-review-2019-039,"computer_vision, robotics_remote",9,"camera, remote, カメラ",のうち、平成30年度「ナノ粒子を用いた透明遮へい材の開発研究」について取りまとめたものである。本研究は、燃料デブリ取り出しや分析における作業員の被ばく低減や遠隔カメラの光学系・電子系の劣化低減を目的として、遮へい材料をナノ粒子化してエポキシ樹脂に分散・固化することにより透明な遮へい体を開発する。B CやWをナノ粒子化して中性子とガンマ線を同時に遮へいし、中性子から生じる二次ガンマ線も抑制する遮へい体を開,https://jopss.jaea.go.jp/search/servlet/search?5067626,https://jopss.jaea.go.jp/pdfdata/JAEA-Review-2019-039.pdf
5040190,JAEA-Technology 2013-029,"MOX燃料製造施設の放射線管理へのイメージングプレートの適用,2; 露光条件及び解析条件変更による影響評価","Application of imaging plate to the radiation protection in the MOX fuel fabrication facility, 2; The effect of changing exposure conditions and analysis conditions",佐川 直貴; 井崎 賢二; 水庭 春美*,"Sagawa, Naoki; Izaki, Kenji; Mizuniwa, Harumi*",MOX燃料製造施設の放射線管理において汚染の可視化及びその定量化は、作業環境の汚染管理における汚染状況の迅速な把握に極めて有効である。現在用いているIPの基本的な取扱方法や解析方法、Puの検出及び定量方法は、露光条件や解析条件が一定であることが条件である。しかし、現場で汚染が発生した場合、汚染試料はPuのみの状態ではなく、RnTnやPbが含まれている場合もある。そして、IP操作をしている同室で他作業を行っている場合には、室内を暗くすることが困難なため、IP露光面に光が当たりPSLの減少が起こる。本研究では、MOX燃料製造施設におけるさらなる放射線防護の高度化を図るため、露光条件の変化として、Pu露光時に鉛が混在した場合やIP露光面に光が照射されPSLの減衰が起きた場合について調査した。また、解析条件の変更として、解像度を変更した場合における解析方法について調査した。,"Developed in the Mixed Oxide fuel fabrication facility, Basic handling of IP, analysis method, detection of Pu and radioactivity quantification. These are the conditions that the exposure conditions and the analysis condition are constant. However, in the case of Contamination has occurred in the workplace, contaminated samples are not only Pu. It may contain a Pb or RnTn. Then, if other work is being carried out in a room that is the operation of IP, it's difficult to darken the room. PSL is reduced when light hits the IP. In this study, we have investigated in order to upgrade radiation protection, in the case of Containing the Pb or PSL reduction by light. Additionally, regarding change of analysis condition, the analysis method was examined when the resolution was changed to 50 micro, 100 micro and 200 micro.",Japanese,28 Pages,2013/11,no keyword,プルトニウム燃料製造施設,https://doi.org/10.11484/jaea-technology-2013-029,"computer_vision, robotics_remote",9,"imaging, イメージング, 可視化","MOX燃料製造施設の放射線管理へのイメージングプレートの適用,2; 露光条件及び解析条件変更による影響評価",https://jopss.jaea.go.jp/search/servlet/search?5040190,https://jopss.jaea.go.jp/pdfdata/JAEA-Technology-2013-029.pdf
5035946,JAEA-Research 2012-020,除染効果評価システムCDEの開発,"Development of calculation system for decontamination effect, CDE",佐藤 大樹; 小嶋 健介; 大泉 昭人; 松田 規宏; 久語 輝彦; 坂本 幸夫*; 遠藤 章; 岡嶋 成晃,"Satoh, Daiki; Kojima, Kensuke; Oizumi, Akito; Matsuda, Norihiro; Kugo, Teruhiko; Sakamoto, Yukio*; Endo, Akira; Okajima, Shigeaki","平成23年3月11日に発生した東北地方太平洋沖地震に伴う東京電力福島第一原子力発電所の事故を受けて、福島県をはじめとする東日本各地では、除染による線量の低減化が期待されている。原子力機構では、除染作業で効果的に線量率を低減させる計画の立案を支援するため、除染効果評価システムCDE(Calculation system for Decontamination Effect)を開発した。CDEは、環境中に分布する放射性セシウムに対して作成した線量寄与データベースを用いて、適用する除染技術に応じた放射性物質の除去効果(除染係数)から、除染前後の空間線量率を計算する。これにより、除染効果を示す線量率の減少(線量率減少係数)が得られ、その結果は除染対象地域の地図上に可視化される。計算結果の妥当性は、3次元放射線輸送コードPHITSを用いた除染領域と線量低減効果の解析結果と比較して検討した。これにより、CDEは短時間の計算で、PHITSによる解析と同等の精度で結果を与えることが確認された。本報告書では、CDEの概要,計算手法,検証解析を示すとともに、付録として線量計算プログラムのソースコードと取扱説明書を掲載する。","A computer software, named CDE (Calculation system for Decontamination Effect), has been developed to support planning the decontamination. CDE calculates the dose rates before the decontamination by using a database of dose contributions by radioactive cesium. The decontamination factor is utilized in the prediction of the dose rates after the decontamination, and dose rate reduction factor is evaluated to express the decontamination effect. The results are visualized on the image of a target zone with color map. In this paper, the overview of the software and the dose calculation method are reported. The comparison with the calculation results by a three-dimensional radiation transport code PHITS is also presented. In addition, the source code of the dose calculation program and user's manual of CDE are attached as appendices.",Japanese,97 Pages,2012/08,福島第一原子力発電所事故 ; Fukushima Daiichi Nuclear Power Station Accident,,https://doi.org/10.11484/jaea-research-2012-020,"3d_modeling, computer_vision",9,"3次元, 可視化","前後の空間線量率を計算する。これにより、除染効果を示す線量率の減少(線量率減少係数)が得られ、その結果は除染対象地域の地図上に可視化される。計算結果の妥当性は、3次元放射線輸送コードPHITSを用いた除染領域と線量低減効果の解析結果と比較して検討した。これにより、CDEは短時間の計算で、PHITSによる解析と同等の精度で結果を与えることが確認された。本報告書では、CDEの概要,計算手法,検証解析を示すと",https://jopss.jaea.go.jp/search/servlet/search?5035946,https://jopss.jaea.go.jp/pdfdata/JAEA-Research-2012-020.pdf | https://rdreview.jaea.go.jp/review_jp/2012/pdf/j2012_1-12.pdf
5011828,JAEA-Technology 2008-028,イメージングプレートによるプルトニウム試料の画像解析法の開発; MOX燃料製造施設のプルトニウム試料の測定,Development of image-analysis method of plutonium samples by imaging plate; Measurement of plutonium samples in mixed oxide fuel fabrication facility,高崎 浩司; 佐川 直貴; 黒澤 重行*; 塩谷 聡; 鈴木 一教; 堀越 義紀; 水庭 春美,"Takasaki, Koji; Sagawa, Naoki; Kurosawa, Shigeyuki*; Shioya, Satoshi; Suzuki, Kazunori; Horikoshi, Yoshinori; Mizuniwa, Harumi","近年、イメージングプレートが開発され、各種の放射能測定への応用が研究されている。日本原子力研究開発機構においても先行工学基礎研究でイメージングプレートによるPu分析が実施され、Puの検出及びラドン子孫核種弁別の有効性が示された。本研究は、これらの研究成果をもとにイメージングプレートの放射線管理現場への適用として、Puの放射能評価,ラドン子孫核種とPuの弁別,Pu粒子の空気力学的放射能中央径の簡便な評価等の実用化を目的とするものである。従来のポラロイドフィルムによるオートラジオグラフィでは目視によるPuの汚染状態の把握のみであるが、イメージングプレートでは位置ごとの放射線に比例した数値データが得られ、目視では不可能なレベルの検出及びPu粒子の放射能評価が可能となる。今回の研究の結果、イメージングプレートは従来オートラジオグラフィと同様に 線に適用可能であるとともに、 線にも適用可能であった。また、Pu粒子の測定では、Image J(汎用画像解析ソフト)の解析機能は非常に有効であった。 スペクトルによる感度の影響が見られたものの、Puの放射能の評価が可能であった。","Recently, an imaging plate (IP) was developed. Pu analysis by an IP was studied in the JAEA Cooperative Research Scheme on the Nuclear Fuel Cycle, and the availability about detection of Pu and discrimination with radon progenies was shown. In order to apply these results to the radiation control, this research aims at evaluation of radioactivity, discrimination with radon progenies, and evaluation of AMAD by an IP. In the conventional autoradiography (ARG) by a ZnS and Polaroid film, Contamination of Pu can only be grasped by viewing. Since the digital data of the radiation and location is obtained by an IP, Pu can be detected quantitatively and radioactivity can be evaluated. As a result of this research, the image of alpha emitter on an IP is the same as that of the conventional ARG, and can be applied also to the ARG of beta and emitter. In measurement of Pu, the function of Image J (image-analysis software) was very available. Pu radioactivity was evaluated by an IP.",Japanese,73 Pages,2008/03,no keyword,プルトニウム燃料製造施設,https://doi.org/10.11484/jaea-technology-2008-028,"computer_vision, robotics_remote",9,"imaging, イメージング, 画像解析",イメージングプレートによるプルトニウム試料の画像解析法の開発; MOX燃料製造施設のプルトニウム試料の測定,https://jopss.jaea.go.jp/search/servlet/search?5011828,https://jopss.jaea.go.jp/pdfdata/JAEA-Technology-2008-028.pdf
29906,JAERI-Research 2004-019,輝尽性蛍光体SrBPO :Eu を用いた中性子イメージングプレートの中性子イメージ特性,Neutron image characteristics of imaging plates using SrBPO :Eu photostimulabe phosphors,坂佐井 馨; 片桐 政樹; 中村 龍也,"Sakasai, Kaoru; Katagiri, Masaki; Nakamura, Tatsuya","新しい中性子イメージングプレートの材料として、比較的軽元素から構成され、中性子コンバータであるホウ素(B)を母体に含むSrBPO :Eu 輝尽性蛍光体の中性子イメージ特性について調べた。本蛍光体は中性子照射に対して赤色レーザーを照射することによって約390nmの輝尽性蛍光を発し、市販のイメージングプレートと同じ励起波長及び蛍光波長を有するという大きな特徴を持つ。このため、本蛍光体をAlプレートに塗布したイメージングプレートを作成した。本イメージングプレートに中性子を照射し、市販のイメージングプレート用リーダを利用して、リチウムブロックで製作した被写体の中性子イメージを読み取る実験を行った。塗布するのに使用した接着剤は、ラッカー系,合成樹脂系、及びガラス系の3種類である。実験の結果、輝尽性蛍光強度は小さいものの、中性子イメージが取得できることが確認できた。また、位置分解能はリーダの読み取り精度を50 mとした場合、0.2mmであった。さらに位置分解能性能を向上させるためには、蛍光体粉末粒度の制御が肝要である。","As a new candidate for raw materials of a neutron imaging plate, characteristics of a SrBPO :Eu phosphor that has boron (B) in the base matrix as a neutron converter have been investigated. The phosphor has a strong merit that it generates photostimulated luminescence of 390 nm by illumination of red laser light after neutron irradiation. The emission and excitation wavelengths were the same as those of commercially available neutron imaging plate. Therefore, the authors have fabricated neutron imaging plates by painting the phosphor on Al plates. Neutron imaging experiments using the fabricated imaging plates were carried out with a commercially available image reader. A Li block was used as a camera subject in the experiments. As a result of the experiments, it was confirmed that the neutron image was clearly obtained, though the intensity of the image was not so high. The position resolution of 0.2 mm was obtained when the readout resolution of 50 m in the reader was used.",Japanese,33 Pages,2004/12,Neutron Imaging Plates ; SrBPO :Eu ; Neutron Sensitivity ; -ray Sensitivity ; Position Resolution,JRR-3M(研究炉3),https://doi.org/10.11484/jaeri-research-2004-019,"computer_vision, robotics_remote",9,"camera, imaging, イメージング",輝尽性蛍光体SrBPO :Eu を用いた中性子イメージングプレートの中性子イメージ特性,https://jopss.jaea.go.jp/search/servlet/search?29906,https://jopss.jaea.go.jp/pdfdata/JAERI-Research-2004-019.pdf
4027806,JNC TN8400 2004-008,走行式放射線モニタの高度化に関する研究,Development of the Self Moving Survey System,石川 久; 根本 典雄; 井崎 賢二; 小林 博英; 谷澤 輝明*; 金澤 吉人*,"Ishikawa, Hisashi; Nemoto, Norio; Izaki, Kenji; Kobayashi, Hirohide; Tanizawa, Teruaki*; Kanazawa, Yoshito*",安全研究年次計画「走行式放射線モニタの高度化に関する研究」に基づき放射線モニタリング機能の強化を目的とした走行式放射線モニタの高度化として台車、データ伝送システムの設計、ハンドリング機能の調査及びモニタリング用機器の災害環境下を想定した耐久性試験を実施したので、その結果について報告する。走行式放射線モニタの基本性能としては、小型・軽量化を念頭に施設内での平面走行、不整地面走行、階段昇降、扉の開閉等が可能な機能を有すること、操作方式は搭載したカメラによるPHS回線又はSS無線による遠隔操作とした。また、現場の災害状況をモニタリングできる機能として、計測機器( 線計測、 線計測、中性子線計測を中心とした放射線計測機器)をモジュール化して搭載する設計とした。搭載機器の耐久性試験では、臨界事故や火災・爆発事故等を想定した環境下での放射線状況等のモニタリングとして、走行式放射線モニタ搭載予定機器等の耐熱、耐湿度、耐放射線、耐エアロゾル(煙)試験を実施し、想定環境下での機器の健全性確認を行った耐久性試験では、耐熱試験の温度を0 60 、耐湿度試験の湿度を60 90%とした。放射線試験では、1GyのX線照射の耐久試験及び中性子線、X線、 線による特性試験を行った。耐エアロゾル試験では、ベントナイト(中位径2 m)を用い、濃度40g/m3で耐久性試験を実施した。以上、試験の結果、半導体検出器を除く全ての機器が上記の条件下で正常に作動することを確認した。,"In order to strengthen the functions of the self moving survey system, the design of the truck and the data transmission system, the investigation of the handling function and the durability test assumed under the disaster environment were executed.As the basic performance of the self moving survey system, it was demanded to have the functions in order to run on the bumpy road, go up and down the stairs and open and shut of the door. And the remote control by the PHS line or the SS wireless is adopted as an operational method. Moreover, as the function that can monitor the disaster situation in the facility, it was assumed the design that make modular the measurement equipments, which mainly measure alpha ray, gamma ray and neutron, and installed it.In consideration of the radiation monitoring under the environment that assumes the critical accident and a fire and the explosion etc. heat test, humidity test, radiation test, and aerosol (smoke) test for monitoring equipments were executed. As a result of the tests, it was confirmed that all equipment except the semiconductor detector operated normally.",Japanese,124 Pages,2004/05,no keyword,,,"computer_vision, robotics_remote",9,"remote, カメラ, 遠隔操作",る。走行式放射線モニタの基本性能としては、小型・軽量化を念頭に施設内での平面走行、不整地面走行、階段昇降、扉の開閉等が可能な機能を有すること、操作方式は搭載したカメラによるPHS回線又はSS無線による遠隔操作とした。また、現場の災害状況をモニタリングできる機能として、計測機器( 線計測、 線計測、中性子線計測を中心とした放射線計測機器)をモジュール化して搭載する設計とした。搭載機器の耐久性試験では、臨界,https://jopss.jaea.go.jp/search/servlet/search?4027806,https://jopss.jaea.go.jp/pdfdata/JNC-TN8400-2004-008.pdf
4027670,JNC TN8430 2003-010,超音波探傷法による抵抗溶接部品質保証法の開発 -抵抗溶接部用STBの試作と探傷試験-,Development of Quality Assurance System for Resistance Welding by Ultrasonic Examination -Fabrication of STB for Resistance Welding and Ultrasonic Examination-,河野 秀作; 関 正之; 石橋 藤雄; 平子 一仁*; 塚田 竜也*,"Kono, Shusaku; Seki, Masayuki; Fujio, Ishibashi,; Hirako, Kazuhiko*; Tsukada, Tatsuya*",抵抗溶接部に発生する欠陥は、微細であるため、従来からのX線による検査では、その欠陥を識別できないため、X線検査法に変わる手法としてより欠陥の分解能が高い、超音波法の適用について開発を行ってきた。超音波は、X線よりも物質内部へ伝わり易く、直進性も良いため、欠陥の検出能力に優れているが、超音波で得られる欠陥信号の強度と欠陥の大きさは必ずしも相対しない。これは、超音波の欠陥からの反射エコーの大きさが、反射源である欠陥の形状、向きに大きく影響されるためである。そこで、パルスモーターで探触子と試料回転軸を駆動制御させ、欠陥位置データと超音波エコーを組み合わせて画像処理を行い、欠陥の寸法及び位置を正確に把握できる溶接部超音波検査装置を開発した。しかし、超音波検査法は、あくまで比較検査法であるため、検査装置の持つ欠陥検出能や探傷感度の保証には、既知の欠陥を持つ、標準試験片や対比試験片が必要となる。標準試験片は、JIS等でも規定されているが、抵抗溶接部のような特殊な部位に発生する特異な欠陥に対しては、その形状に特化した標準試験片が必要となる。そこで、標準試験片加工方法の検討を行い、放電加工と拡散接合により標準試験片を試作した。この試作標準試験片の人工欠陥を用いて探傷感度、データ画像処理用しきい値の校正を行い、超音波による探傷結果とその部位の金相試験による実測と比較した結果、欠陥深さ方向分解能が3 m、欠陥寸法、接合長さ測定において誤差が10 m以内の探傷性能を持つことが判明し、標準試験片による探傷条件校正の有効性が確認された。また、溶接部欠陥の出来方と探傷画像に特異なパターンが存在することも探傷結果と金相試験の対比により確認された。,"The defect occurred at the resistance welding zone is very minute and therefore cannot be identified by X-ray inspection. Then, the ultrasonic examination method, in which the resolution of the defect is higher than that of the X-ray inspection method, has been developed. The ultrasonic wave sounds straight easier in the material than X rays, excels in defecting the micro defect. However, the pulse amplitude of ultrasonic wave is influenced by the shape and direction of the defect. Then, the ultrasonic inspection equipement, in which the ultrasonic probe and the sample rotation axis are controlled to drive with the pulse motor and the defect data (position and size)are analized by image processing ultrasonic signal, was developed to measure the shape and the position of defect accurately. However, an ultrasonic examination method is the comparative inspection method. Therefore, the standard test block or the reference block is indispensable to guarantee the defectability and the ultrasonic echo sensibility of the inspection device. The standard test block is provided in JIS etc, it is needed to defect the peculiar defect occurred at the resistance welding zone. Then, the method of processing a standard test block is examined, the standard test block was made experimentally by electric discharge processing and diffusion junction method. The ultrasonic echo sensitivity and the threshold for image processing were proofread by using the standard test block, the ultrasonic inspection and metallographic inspection were executed. Comparing the ultrasonic inspection results with the metallographic inspection results, the detectability of defect depth and the measurement accuracy were proved to be 3 m and with errors less than 10 m respectively. From these results, the effectireness of proofreading the ultrasonic inspection condition by the standard test block was confirmed. Moreover, it was confirmed that there was a peculiar relationship between the depth ...",Japanese,28 Pages,2003/07,no keyword,,,"computer_vision, robotics_remote",9,"image processing, 画像処理, 超音波",超音波探傷法による抵抗溶接部品質保証法の開発 -抵抗溶接部用STBの試作と探傷試験-,https://jopss.jaea.go.jp/search/servlet/search?4027670,https://jopss.jaea.go.jp/pdfdata/JNC-TN8430-2003-010.pdf
4019005,JNC TN4400 2003-001,FBR実用炉に向けた検査技術の開発; 平成14年度研究報告,Development of inspection technique for future commercialized FBRs,尾上 彰; 山田 文昭,"not registered; Yamada, Fumiaki",FBR実用炉においては、将来の軽水炉に匹敵するプラント稼働率を達成するため、定期検査期間を短縮することが不可欠である。そのためには、系統機器内に冷却材が存在したままの状態で検査する技術を確立・実証していることが必要である。この観点から実用化戦略調査研究の一環として、ナトリウム中目視検査技術及び高温用蒸気発生器伝熱管体積検査技術を検討した。その結果は以下の通りである。(1)ナトリウム中目視検査技術の開発。理想的な環境条件からの解像度の低下要因を検討するため、炉内と同じ条件を考慮して超音波センサの画像化性能を解析により評価した。その結果、センサ素子の信号雑音(S/N)比や対象物との角度は解像度への影響は小さいが、温度揺らぎは解像度へ与える影響が大きかった。また、改訂されたASME基準は高さ2.7mmの英語小文字が読み取れることを要求しているが、超音波の周波数を10MHzの場合でも読み取ることが出来なかった。そのため、英語小文字の画像化については、解像度の向上が必要であることが分かった。(2)高温用蒸気発生器伝熱管体積検査技術の開発欠陥検出性を確認するために、耐熱性を有する材料と構成部品を用いて、ボビン型ECTセンサとリモートフィールドECTセンサを試作した。その試作したセンサを用いて欠陥検出性試験を12Cr鋼と2 1/4Cr-1Mo鋼に対して行い、耐熱性試験を12Cr鋼に対して行った。常温 200 Cにおいていずれの材質の欠陥に対してもS/N比=8以上になっており、十分な欠陥検出性を有していることを確認した。また、200 Cにおける100時間以上の連続耐熱性試験を実施した。その結果、センサには損傷が認められず、連続試験中S/N比=7.5以上になっており、十分な耐熱性を有していることを確認した。,"To achieve the availability factor of the Light Water Reactors (LWRs) for the commercialized Fast Breeder reactors (FBRs) in the future, it is necessary to shorten the period inspection. For this purpose, it is important to develop to develop and to verify inspection techniques for the FBR in the state of filling with opaque liquid sodium. From this point of view, we have investigated the volumetric inspection technique for steam generator (SG) tube at high temperature and the under-sodium visual inspection technique as a part of feasibility study for future commercialized EBRs. The results are as follows: (1)Development of under-sodium Visual Inspection Technique. In order to verify the deterioration of the special resolution, the ability of visualization of ultrasonic wave sensor in an ideal environmental condition as in a reactor vessel have been evaluated by analytic method. As a result, the effects from the signal to noise (S/N) ratio of sensor elements and the angle between the sensor and the target are smaller, and that from the temperature fluctuation in the reactor vessel is bigger. Though ASME section IX rule requires to identify the English lower-case letters with size 2.7mm at the distance of 1.2m, the ultrasound technique used here is hardly to clearly read out the letters at frequency of 10MHz. Therefore, it is necessary to improve the spatial resolution. (2)Development of Volumetric Inspection Technique for Steam Generator Tubes at High Temperature. In order to verify the detectability for flaws, the sensor probes of bobbin ECT and remote field (R/F)-ECT which are composed of heat resistant material and parts have been fabricated. The flaws inspection for 12Cr steel tubes and 2 1/4Cr-1Mo steel tubes and the continuous heat-test for 12Cr steel tubes have been made. The S/N ratios are more than 8 from room temperature to 200 C, their detectability has been verified. The eontinuous heat resistance test for more than 100 hours at the temper",Japanese,81 Pages,2003/06,no keyword,,,"computer_vision, robotics_remote",9,"remote, visualization, 超音波",技術を検討した。その結果は以下の通りである。(1)ナトリウム中目視検査技術の開発。理想的な環境条件からの解像度の低下要因を検討するため、炉内と同じ条件を考慮して超音波センサの画像化性能を解析により評価した。その結果、センサ素子の信号雑音(S/N)比や対象物との角度は解像度への影響は小さいが、温度揺らぎは解像度へ与える影響が大きかった。また、改訂されたASME基準は高さ2.7mmの英語小文字が読み取れるこ,https://jopss.jaea.go.jp/search/servlet/search?4019005,https://jopss.jaea.go.jp/pdfdata/JNC-TN4400-2003-001.pdf
4020631,JNC TN7400 2003-002,広域地下水流動研究 年度報告書(平成14年度),Tono Regional Hydrogeological Study Project Annual Report 2002,天野 健治; 岩月 輝希; 上原 大二郎; 佐々木 圭一; 竹内 真司; 中間 茂雄,"Amano, Kenji; Iwatsuki, Teruki; Uehara, Daijiro; Sasaki, Keiichi; Takeuchi, Shinji; Nakama, Shigeo","核燃料サイクル開発機構東濃地科学センターでは,地層処分研究開発の基盤となる深地層の科学的研究(地層科学研究)を実施している。この研究の一環として,広域における地表から地下深部までの地質・地質構造,地下水の流動特性や地球化学特性などを明らかにするために必要な調査・解析技術,ならびに調査・解析結果の妥当性を評価するための技術の開発を主な目的として,「広域地下水流動研究」を平成4年度から岐阜県土岐市にある東濃鉱山の周辺域を研究開発の場として実施している。これまでに,約10km四方の研究実施領域においてリモートセンシング調査,空中物理探査,地上物理探査,地表地質調査,表層水理調査,試錐調査および地下水長期観測を実施してきた。これらの調査研究により,表層地質の分布,土岐花崗岩体の岩相(粒度・鉱物組成)の不均質性などの地質学的情報,岩盤の透水性や地下水の水頭分布などの水理学的情報,花崗岩中における地下水の水質分布などの地球化学的情報を蓄積した。平成14年度においては,リージョナルスケールを対象とした調査・研究として,リージョナルスケールにおける地下水流動解析を実施し,リージョナルスケールのモデル化の領域設定方法の考え方を提示した。また,リージョナルスケールでの地下水の違いが解析結果に与える影響について検討した。また,ローカルスケールのモデル化・解析領域およびその境界条件の設定方法の考え方を提示し,ローカルスケールを対象とした調査として,リニアメント調査,反射法弾性波探査を実施した。さらに,DH-2号孔を利用したVSP探査,地下水調査などを実施するとともに,既存試錐孔を利用した地下水の長期観測を実施した。調査技術開発として調査に適用された要素技術の評価ならびに調査手法・調査機器の開発・改良を継続した。","Tono Geoscience Center, Japan Nuclear Cycle Development Institute has been conducting a wide range of geoscientific research in order to build firm scientific and technological basis for the research and development of geological disposal. One of the ongoing geoscientific research programme is a Regional Hydrogeological Study (RHS) project in the Tono region, central Japan. The main goal of the RHS project is to develop and demonstrate the surface-based investigation methodologies to characterize geological environments on regional scale in Japan. The RHS project was initiated in 1992. To date, remote sensing, geological mapping, airborne and ground geophysical investigations have been carried out and thirteen deep boreholes have been also drilled and investigations include geophysical logging, hydraulic tests etc. using these boreholes have been done in the study area of the RHS project (c. 100 km ). Groundwater chemistry and hydraulic head monitoring is under way in these boreholes. Important results that have been obtained from these investigations include various information concerning the heterogeneity of lithological, hydrogeological and geochemical parameters, and evolution of the groundwater geochemistry. During fiscal year 2002, as the research for regional scale, groundwater simulation was carried out, and the domain setting method of modeling in regional scale was shown and the domain of local scale in the RHS project area was determined. The setting method of modeling/simulation of the local scale domain and its boundary condition were shown. Lineament investigation and reflection seismic survey were carried out in the local scale domain. VSP survey and some investigations concerning groundwater flow and chemistry were conducted in DH-2 borehole. Long-term groundwater monitoring using the existing boreholes was continued. Improvement of the instruments of hydraulic test and groundwater sampling was also continued.",Japanese,40 Pages,2003/04,no keyword,,,"ar_mapping, robotics_remote",9,"mapping, remote","pan. The RHS project was initiated in 1992. To date, remote sensing, geological mapping, airborne and ground geophysical investigations have been carried out and thirteen deep boreholes have been also drille",https://jopss.jaea.go.jp/search/servlet/search?4020631,https://jopss.jaea.go.jp/pdfdata/JNC-TN7400-2003-002.pdf
4020590,JNC TN7410 2002-007,広域地下水流動研究 年度報告書(平成13年度),Tono regional hydrogeological study project; Annual report fiscal year 2001,仙波 毅; 大澤 英昭; 後藤 淳一; 藪内 聡; 竹内 真司; 濱 克宏; 松岡 稔幸,"Semba, Tsuyoshi; Osawa, Hideaki; not registered; Yabuuchi, Satoshi; Takeuchi, Shinji; Hama, Katsuhiro; Matsuoka, Toshiyuki",核燃料サイクル開発機構・東濃地科学センターでは、地層処分技術に関する研究であり、地層処分研究開発の基盤となる深地層の科学的研究(地層科学研究)を実施している。この研究の一環として、広域における地質環境を把握するための体系的な調査・評価技術の開発を重要な研究課題として、「広域地下水流動研究」を平成4年度から岐阜県土岐市にある東濃鉱山の周辺域を研究開発の場として実施している。これまでに、約10km四方の研究実施領域を対象にリモートセンシング調査、空中物理探査、地上物理探査、地表地質調査、表層水理調査、試錐調査及び地下水長期観測が実施されている。これらの調査研究により、表層地質の分布、土岐花崗岩体の岩相(粒度・鉱物組成)の不均質性などの地質学的情報、岩盤の透水性や地下水の水頭分布などの水理学的情報、花崗岩中における地下水の水質分布などの地球化学的情報が蓄積されている。平成13年度においては、平成12年度に掘削したDH-13号孔を利用した水理試験・地下水採水、並びにリモートセンシング調査で判読されたリニアメントを対象とした高密度電気探査などを実施した。また、表層水理定数観測及び試錐孔を利用した地下水の長期観測を継続した。解析作業としては、瑞浪超深地層研究所用地を対象とした広域地下水流動解析のモデル化・解析実施領域の設定に関する検討に着手した。調査技術開発に関しては、調査に適用された要素技術の評価、並びに調査手法・調査機器の開発・改良を継続した。,"Tono Geoscience Center, Japan Nuclear Cycle Development Institute has been conducting a wide range of geoscientific research in order to build a firm scientific and technological basis for the research and development of geological disposal. One of the major components of the ongoing geoscientific research programme is the Regional Hydrogeological Study (RHS) project in the Tono region, central Japan. The main goal of the RHS project is to develop and demonstrate surface-based investigation methodologies to characterize geological environments on a regional scale in Japan. The RHS project was initiated in 1992. To date, remote sensing, geological mapping, airborne and ground geophysical investigations, and measurements in eleven deep boreholes have been carried out in the study area (c. 100 km ). Groundwater chemistry and hydraulic head monitoring is under way in these boreholes. Important results that have been obtained from these investigations include various information concerning the heterogeneity of lithological, hydrogeological and geochemical, and evolution of the groundwater geochemistry. During fiscal year 2001, hydraulic testing and groundwater sampling were conducted in borehole DH-13 which was drilled during fiscal year 2000. High density electrical resitivity measurements were conducted on a lineament. Groundwater monitoring was continued in the existing boreholes. As a part of evaluation of data uncertainties for modeling and simulation, study was started with the purpose of setting of modeling and simulation area around MIU constructionsite. Development of investigation instruments were also continued.",Japanese,51 Pages,2002/10,no keyword,,,"ar_mapping, robotics_remote",9,"mapping, remote","pan. The RHS project was initiated in 1992. To date, remote sensing, geological mapping, airborne and ground geophysical investigations, and measurements in eleven deep boreholes have been carried out in the",https://jopss.jaea.go.jp/search/servlet/search?4020590,https://jopss.jaea.go.jp/pdfdata/JNC-TN7410-2002-007.pdf
4027380,JNC TN8410 2002-007,蒸発缶内部点検報告書(1),Report of inspection about an evaporating vessel (I),星野 昌人; 村山 保美; 芳中 一行; 茂垣 為佐男*,not registered; not registered; not registered; not registered,廃溶媒処理技術開発施設(ST施設)は、昭和61年2月の運転開始以降15年が経過しており、経年変化を考慮した機器の点検が必要な時期にきている。ST施設に設置されている機器類のうち、リン酸廃液を蒸発濃縮する蒸発缶は、処理廃液の特殊性及び蒸気加熱という運転面を考慮すると、使用条件の厳しい機器である。そのため、経年変化の確認の対象機器として本蒸発缶を選定し、内部点検を実施することとした。本蒸発缶については、供用期間中の検査として外観検査、自主検査として肉厚測定、浸透探傷試験及び超音波探傷試験をそれぞれ定期的に実施し、その健全性を確認している。今回、経年変化の確認として、従来からの検査に加えて、蒸発缶内のカランドリア加熱部の健全性を確認するため、内部点検を実施した。主な要旨は以下のとおりである。1.内部点検方法を検討するため、蒸発缶の仕様及び現在までに実施した検査実績を整理した。その結果をもとに、加熱用カランドリア管の溶接部について、外観検査及び蛍光浸透探傷試験を実施する計画を立案し、蒸発缶内部の検査装置を設計した。2.検査装置は、CCDカメラによる外観観察が可能な装置であり、一部改造を行えば、蛍光浸透探傷試験も実施可能なように設計した。3.蒸発缶予備ノズルを改造し、検査装置を挿入できるようにした。4.本検査装置により蒸発缶のCCDカメラによる内部観察を実施し、その画像から、カランドリア加熱部が健全であることを確認した。なお、今後は、検査装置を改造した上で、蛍光浸透探傷試験法による検査を実施し、カランドリア加熱部の溶接部の健全性を詳細に確認する計画としている。,"It passed fifteen years from February 1986, hot operation had been started at Solvent Waste Treatment Demonstration Facility (ST). It has come when it has been necessary to inspect equipments, because they are old. The evaporator of phosphoric waste is the severest equipment m ST, from the viewpoint of corrosion. The condition is included phosphoric acid waste, and heated by steam for running. So, we chose the evaporator for inspection of inside. We had already inspected appearance of the evaporator as ISI (in service inspection), measuring thickness and the examination for seeking a crack by PT (Penetrate Testing) and supersonic waves had been carried out. We confirmed it had no damage. In this paper, we reported the special inspection. We inspected the heating Part inside of the evaporator of calandria tube in order to search any damage. The abstract is as follows. (1)In order to decide inspection technique, we put together actual result about specification and past inspection. We planed inspection of observation appearance and examination for seeking a crack on heating part by PT (Penetrate Testing). We designed inspectional device for the inside of an evaporator of calandria tube. (2)Designed inspectional device is able to inspect an appearance by CCD camera. If it is reconstructed partly, it will be able to do PT (Penetrate Testing). (3)We reconstructed the reserve nozzle with changing the closed plug to the flange in order to insert inspectional device to inspect inside of the evaporator of calandria tube (4)We inspected inside of the evaporator of calandria tube by this inspectional device, and confirmed it had no damage inside too. Moreover, we will reconstruct inspectional device, inspect for seeking a clack by PT (Penetrate Testing), and confirmation healthiness of heating point more quantitative.",Japanese,85 Pages,2002/07,no keyword,,,"computer_vision, robotics_remote",9,"camera, カメラ, 超音波",の結果をもとに、加熱用カランドリア管の溶接部について、外観検査及び蛍光浸透探傷試験を実施する計画を立案し、蒸発缶内部の検査装置を設計した。2.検査装置は、CCDカメラによる外観観察が可能な装置であり、一部改造を行えば、蛍光浸透探傷試験も実施可能なように設計した。3.蒸発缶予備ノズルを改造し、検査装置を挿入できるようにした。4.本検査装置により蒸発缶のCCDカメラによる内部観察を実施し、その画像から、カラ,https://jopss.jaea.go.jp/search/servlet/search?4027380,https://jopss.jaea.go.jp/pdfdata/JNC-TN8410-2002-007.pdf
4037154,JNC TN9400 2002-028,高速炉構造材料の高サイクル疲労特性(I),High-cycle fatigue properties of structural materials for FBR (I); The study on the high-cycles fatigue properties of SUS304 at elevated temperature,鬼澤 高志; 加藤 章一; 長谷部 慎一; 吉田 英一,"Onizawa, Takashi; not registered; not registered; Yoshida, Eiichi",物質表面にレーザ光線を照射することにより、表面を急速に加熱して、溶融、蒸散させることが出来る。このプロセスを利用して汚染された機器表面の除染を行うレーザ除染技術を開発している。これまでに、 ノーマルパルスYAGレーザによる除染試験を実施した結果、150 m異常表面層を研磨しても、放射性核種が残留していることがわかった。このために、レーザ除染時の溶融によって放射性核種が残留していることがわかった。このために、レーザ除染時の溶融によって放射性核種が金属中に残留している深さを確認するため、ノーマルパルスYAGレーザを照射した試験片を用いて試験を行った。 試験結果は以下のとおりである。1)マイクロスコープによる試験片の断面観察では、凹凸の幅は200 m 500 mであった。また、溶融の際に、生じたドロスの再付着による物と思われる付着物が存在していた。2)蛍光X線分析装置を用いた金属組成分析では、アシストガスにAirを用いた試験片にCrの偏析が観察された。 アシストガスにArを用いた試験片には偏析は観察されていない。3)イメージングプレート、オートラジオグラフィによる試験片の観察では、明確な分析は確認できなかった。しかし、放射性核種は表面から約500 m以下のごく表面のごく一部の範囲に存在していることは観察できた。4)試験片の段階研磨とGe測定器による放射線量測定試験からは、アシストガスにArを用いた試験片では120 m、アシストガスにAiを用いた試験片では300 m深さまで汚染が取り込まれているいることが確認できた。,"Fatigue fractures caused by high-cycle fatigue with thermal-striping or flow induced vibration have been occurred recently. For this reason, the importance of high-cycle fatigue life evaluation has been recognized. In this study, the high-cycle fatigue behavior was evaluated based on the results of high-cycle fatigue test up to 10 cycles at elevated temperature on Type 304 stainless steel, and the effect of notch on the high-cycle fatigue lives were investigated, too. The tests were carried out at 500 C under a load control mode with frequency set at 30Hz. The results obtained from this study are as follows. (1)The date of high-cycle fatigue properties were obtained in the range below l0 cycles at 500 C (2)It is considered that the fatigue limit exists from the examination results in the range up to 10 cycles on smooth fatigue specimen. The internal fatigue fracture wasn't observed in the high-cycle region. (3)The fatigue lives increased with decreasing stress range below 10 cycles on notch specimen. The fatigue lives that calculated from the specimen shape were conservatively evaluated at 10 cycles. (4)Fracture that affect of stationary crack was observed near the crack initiation point on the notch specimen in the high-cycle region.",Japanese,65 Pages,2002/03,no keyword,,,"ar_mapping, robotics_remote",9,"ar, イメージング",よる物と思われる付着物が存在していた。2)蛍光X線分析装置を用いた金属組成分析では、アシストガスにAirを用いた試験片にCrの偏析が観察された。 アシストガスにArを用いた試験片には偏析は観察されていない。3)イメージングプレート、オートラジオグラフィによる試験片の観察では、明確な分析は確認できなかった。しかし、放射性核種は表面から約500 m以下のごく表面のごく一部の範囲に存在していることは観察でき,https://jopss.jaea.go.jp/search/servlet/search?4037154,https://jopss.jaea.go.jp/pdfdata/JNC-TN9400-2002-028.pdf
16999,JAERI-Tech 2002-001,"中性子ラジオグラフィによる照射済燃料・材料の非破壊試験法の開発,3; 中性子イメージングプレート法及びCT法による未照射燃料ピンの撮影","Development of advanced neutron radiography for inspection on irradiated fuels and materials, 3; Examination of neutron imaging plate and computed tomography methods on unirradiated fuel rod",安田 良; 松林 政仁; 仲田 祐仁; 原田 克也; 天野 英俊; 安藤 均*; 笹島 文雄; 西 雅裕; 堀口 洋二,"Yasuda, Ryo; Matsubayashi, Masahito; Nakata, Masahito; Harada, Katsuya; Amano, Hidetoshi; Ando, Hitoshi*; Sasajima, Fumio; Nishi, Masahiro; Horiguchi, Yoji","日本原子力研究所ホット試験室では、照射済燃料・材料中のクラック,形状変化及び水素化物等の欠陥・組成分布等を調べる非破壊検査法として中性子ラジオグラフィの有効性に着目し、中性子イメージングプレート法(IP法)や中性子断層撮影法(CT法)等を用いた先進的な中性子ラジオグラフィ技術の照射後試験(PIE)への適用を検討している。IP法及びCT法を核燃料に応用した例は少ないため、照射後試験への適用を検討するための基礎データの収集を必要としている。本稿では、基礎データ収集を目的として行った未照射燃料ピンを用いた中性子ラジオグラフィ試験の結果について報告する。試験は、JRR-3Mの中性子ラジオグラフィ装置TNRF-2において行った。中性子イメージングプレート法は、燃料ピンの透過像を撮影し、CT法では、燃料ピンの断面画像データを取得した。試験に用いた燃料ピンは、寸法,形状及び濃縮度の異なる複数の燃料ペレットが装荷されており、画像上及び画像解析処理によりそれらの相違を評価した。試験の結果、中性子イメージングプレート法においては、ペレットの形状,ペレット間の寸法の相違及びペレット間の濃縮度の相違が、画像上から確認され、CT法においても、ペレットの断面形状を示す良好な画像が得られた。","Advanced neutron radiography techniques such as neutron imaging plate (NIP) and Computed Tomography (CT) methods have been investigated the practicality for Post Irradiation Examination (PIE). In this work, an unirradiated fuel rod was examined by NIP and CT methods in order to collect the fundamental data for applying these techniques to PIE.The fuel rod is composed of seven-enriched UO2 pellet and two-natural UO2 pellet that are loaded into a Zircaloy tube. There are somewhat difference in the size and shape among those UO2 pellets. A transmitted and cross-sectional images were obtained by NIP and CT methods, respectively.In the NIP image, the difference in the size, shape, and enrichment among the UO2 pellets is obviously recognized. In the case of CT method, the images clearly show the detailed shape of the cross section in the pellets, in addition, the difference in the enrichment between the natural and enriched pellets is recognized.",Japanese,23 Pages,2002/02,中性子ラジオグラフィ ; 中性子イメージングプレート ; CT ; UO 燃料 ; 非破壊試験法,JRR-3M(研究炉3),https://doi.org/10.11484/jaeri-tech-2002-001,"computer_vision, robotics_remote",9,"imaging, イメージング, 画像解析","中性子ラジオグラフィによる照射済燃料・材料の非破壊試験法の開発,3; 中性子イメージングプレート法及びCT法による未照射燃料ピンの撮影",https://jopss.jaea.go.jp/search/servlet/search?16999,https://jopss.jaea.go.jp/pdfdata/JAERI-Tech-2002-001.pdf
4020529,JNC TN7410 2001-017,広域地下水流動研究 年度報告書(平成12年度),Tono regional hydrogeological study project annual report fiscal year 2000,小出 馨; 清水 和彦,"Koide, Kaoru; Shimizu, Kazuhiko","核燃料サイクル開発機構・東濃地科学センターでは,地層処分研究開発の基盤となる深地層の科学的研究(地層科学研究)を実施している。この研究の一環として,広域における地質環境を把握するための体系的な調査・評価技術の開発を重要な研究課題として,「広域地下水流動研究」を平成4年度から岐阜県土岐市にある東濃鉱山の周辺域を研究開発の場として実施している。これまでに,約10km四方の研究実施領域を対象にリモートセンシング調査,空中物理探査,地上物理探査,地表地質調査,表層水理調査,試錐調査及び地下水長期観測が実施されている。これらの調査研究により,表層地質の分布,土岐花崗岩体の岩相(粒度・鉱物組成)の不均質性などの地質学的情報,岩盤の透水性や地下水の水頭分布などの水理学的情報,花崗岩中における地下水の水質分布などの地球化学的情報が蓄積されている。平成12年度においては,新規に深度1,000m級の試錐孔を2孔(DH-12,13号孔)掘削し,試錐孔を利用した各種試験,並びに採取された試料を用いた室内試験を実施した。また,表層水理定数観測及び試錐孔を利用した地下水の長期観測を継続した。解析作業としては,試錐調査及び地上物理探査結果の取りまとめを行った。また,調査量に伴う不確実性に関する検討の一環として,調査の初期段階で得られる情報のみで地質構造モデル及び水理地質構造モデルを構築し,研究対象とする地下水流動系の範囲を推定するための地下水流動解析を実施した。さらに,試錐孔から採取した地下水の水質データ等に基づき地下水の水質形成機構を検討した。調査技術開発に関しては,水理試験機及び採水装置に対して装置の水密性を向上させるための改良を行った。また,深度1,000m対応の初期応力測定装置のプロトタイプを完成させた。","The Japan Nuclear Cycle Development Institute (JNC) has been conducting a wide range of geoscientific research in order to build a firm scientific and technological basis for the research and development of geological disposal. One of the major components of the ongoing geoscientific research programme is the Regional Hydrogeological Study (RHS) project in the Tono region, central Japan. The main goal of the RHS project is to develop and demonstrate surface-based investigation methodologies to characterize geological environments on a regional scale in Japan. The RHS project was initiated in 1992. To date, remote sensing, geological mapping, airborne and ground geophysical investigations, and measurements in eleven deep boreholes have been carried out in the study area (c. 100 km ). Groundwater monitoring (water ehemistry and hydraulic head) is continuing in these boreholes. Important results that have been obtained from these investigations include muiti-disciplinary information about the heterogeneity of lithological, hydrogeological, geochemical and rock mechanical properties of the granitic rock, and evolution of the groundwater geochemistry. During fiscal year 2000, two 1,000 m long cored boreholes (DH-12 and DH-13) were drilled. Core logging, geophysical logging, hydraulic testing and groundwater sampling were conducted in these boreholes. Laboratory tests were performed to provide information about physical, rock mechanical and geochemical properties of granite in deep sections of these boreholes. Groundwater monitoring was continued in the existing boreholes. The usefulness and applicability of ground geophysical investigation methods were evaluated. As part of evaluation of data uncertainties for modeling and simulation, geological and hydrogeological models were developed based on information obtained in an initial investigation stage. Groundwater flow simulation was conducted in order to estimate the extent of groundwater flow system in the ...",Japanese,70 Pages,2001/12,no keyword,,,"ar_mapping, robotics_remote",9,"mapping, remote","pan. The RHS project was initiated in 1992. To date, remote sensing, geological mapping, airborne and ground geophysical investigations, and measurements in eleven deep boreholes have been carried out in the",https://jopss.jaea.go.jp/search/servlet/search?4020529,https://jopss.jaea.go.jp/pdfdata/JNC-TN7410-2001-017.pdf
4020521,JNC TN7410 2001-008,広域地下水流動研究 年度報告書(平成11年度),Tono regional hydrogeological study project annual report fiscal year 1999,小出 馨; 杉原 弘造,"Koide, Kaoru; not registered","核燃料サイクル開発機構・東濃地科学センターでは、地層処分研究開発の基盤となる深部地質環境の科学的研究を地層科学研究として実施している。この研究の一環として、広域における地質環境,特に地下水の流動特性と地球化学特性を把握するための体系的な調査・解析技術の開発を重要な研究課題として,「広域地下水流動研究」を平成4年度から岐阜県土岐市にある東濃鉱山およびその周辺域を研究開発の場として実施している。これまでに、約10km四方の研究実施領域を対象にリモートセンシング調査,空中物理探査,地上物理探査,地表地質調査,表層水理調査,試錐調査および地下水長期観測が実施されている。これらの調査研究により,表層地質の分布,花崗岩体の岩相(粒度・鉱物組成)の不均質性などの地質学的情報,花崗岩の透水性や地下水の水頭分布などの水理学的情報,花崗岩中における地下水の水質分布などの地球化学情報が蓄積されている。平成11年度においては,新規に深度1,000m級の試錐孔を2孔(DH-10,11号孔)掘削し,試錐孔を利用した各種試験,ならびに採取された飼料を用いた室内試験を実施した。また,表層水理定数観測および試錐孔を利用した地下水の長期観測を継続した。解析作業としては、試錐調査および空中・地上物理探査結果の取りまとめを行うと共に、地質構造概念モデルを構築した。また、水理地質構造モデルにおける地層の区分方法および境界条件の設定方法を検討するための地下水流動解析を実施した。さらに,試錐孔から採取した地下水の水質データ等に基づき地下水の水質形成機構を検討した。調査技術開発に関しては,部分保孔装置およびリバース三重管ワイヤライン工法の開発を終了した。その他の開発項目については,開発・改良を継続した。","The Japan Nuclear Cycle Development Institute (JNC) has been conducting a wide range of geoscientific research in order to build a firm scientific and technological basis for the research and development of geological disposal. One of the major components of the ongoing geoscientific research programme is the Regional Hydrogeological Study (RHS) project in the Tono region, central Japan. The main goal of the RHS project is to develop and demonstrate surface-based investigation methodologies to characterize geological environments at a regional scale in Japan. The RHS project was initiated in 1992. To date, remote sensing, geological mapping, airborne and ground geophysical investigations, and measurements in nine deep boreholes have been carried out in the study area(ca. 100km ). Groundwater monitoring (water chemistry and pressure) is continuing in the these boreholes. Important results that have been obtained from these investigations include multi-disciplinary information about the heterogeneity of lithological, hydrogeological, geochemical and rock mechanical properties of the granitic rock, and evolution of the groundwater geochemistry. During fiscal year 1999, two 1,000 m long cored boreholes (DH-10 and DH-11) were drilled. Core logging, geophysical logging, hydraulic testing and groundwater sampling were conducted in these boreholes. Laboratory tests provided information about physical, rock mechanical and geochemical properties of granite in deep sections of these boreholes. Groundwater monitoring was continued in the existing boreholes. The usefulness and applicability of airborne and ground geophysical investigation methods were evaluated. Geological and hydrogeological models were developed based on information obtained until 1999. Groundwater flow simulation was conducted in order to evaluate the influence of boundary conditions and properties assigned to each hydrogeological unit. A conceptual model of the evolution of groundwater ...",Japanese,96 Pages,2001/03,no keyword,,,"ar_mapping, robotics_remote",9,"mapping, remote","pan. The RHS project was initiated in 1992. To date, remote sensing, geological mapping, airborne and ground geophysical investigations, and measurements in nine deep boreholes have been carried out in the s",https://jopss.jaea.go.jp/search/servlet/search?4020521,https://jopss.jaea.go.jp/pdfdata/JNC-TN7410-2001-008.pdf
4020540,JNC TJ7400 2001-004,地質環境データ解析・可視化システムにおける地下水流動解析コードの高度化,None,池田 孝夫*; 吉田 英爾*,"Ikeda, Takao*; Yoshida, Hideji*","地質環境データ解析・可視化システム(GEOMASS)は、ボーリングをはじめとする多種多様なデータにもとづき地質構造を解析・モデル化し,その結果を3次元的に可視化するとともに、更に水理学的な情報を付加して地下水流動解析に至る作業を包括的に支援するソフトウエアパッケージであり、平成9年度の開発以降、東濃地科学センター周辺の地質構造/水理地質構造理解のための諸研究、ならびに瑞浪市い計画されている超深地層研究所計画に関連したモデル構築において多くの成果を収めている。本システムを構成する主要なソフトウエアのうち地下水流動解析コードにおいては、解析対象を多孔質媒体と亀裂性媒体の両者の特徴を兼ね備えたハイブリットとして評価することが可能であり、昨年度の作業で評価対象を飽和地下水流動解析から不飽和地下水流動解析へと拡張するとともに、立杭掘削影響解析を行うための内部境界条件設定機能を追加し、超深地層研究所計画への対応が図られた。一方、超深地層研究所計画用地及びその周辺における地質調査やモデル構築に伴う理解の増進によって、この地域の地下水流動を評価する上で重要と考えられる水理学的な特徴が把握されてきたこと、コードの使用を通じて幾つかの機能の必要性が指摘されたことに対応して、引き続き解析コードを高度化する必要性が認識された。そこで、本年度の作業では、以下の事項を中心にコードを高度化し、超深地層研究所計画に関連したモデル構築/地下水流動解析への本システムの適用性を高めた。・透水異方性を考慮するための機能の導入・亀裂分布推定機能の追加・亀裂情報の出力機能の導入・亀裂交差部の透水性設定機能の追加・不均質透水係数場の設定機能の追加 また、これらの機能を確認するための試解析として、個別の機能を確認するための比較的簡単な解析と、超深地層研究所計画用地を中心とした場(サイトスケール:約4km 6km)を対象に、追加された機能を総合的に取り入れた飽和定常地下水流動解析を行い、解析コードの適用性を確認するとともに、サイトスケールの定常地下水流動解析として一つのモデル計算を提供した。加えて、揚水試験の模擬解析について幾つかの試解析を行い、解析の方向性を提示した。さらに、本システム利用のサポートとして、東濃地科学センターにおける2回の実地支援とインターネットを主体としたリモート支援を行った。この中で、",no abstracts in English,Japanese,170 Pages,2001/02,no keyword,,,"3d_modeling, computer_vision",9,"3次元, 可視化",地質環境データ解析・可視化システムにおける地下水流動解析コードの高度化,https://jopss.jaea.go.jp/search/servlet/search?4020540,https://jopss.jaea.go.jp/pdfdata/JNC-TJ7400-2001-004.pdf
4017226,JNC TN1400 2001-004,並列処理型温度・変形シームレス解析システム「TESTPAS」の開発,None,月森 和之; 菅谷 寿男; 北川 和士*; 松永 繁*; 早川 透*,"Tsukimori, Kazuyuki; Sugaya, Toshio; Kitagawa, Kazushi*; Matsunaga, Shigeru*; Hayakawa, Toru*",高速炉を構成する主要な機器は高温に晒されるため、その構造健全性を評価する場合、温度解析とその結果として生じる変形による応力ひずみ変動の解析(以下、「変形解析」という)が必要となる場合が多い。従来はまず温度解析を実施し、得られた結果を使って変形解析を行うというやり方であり、それぞれは独立した解析であった。しかし、実際には、両者は同時に進行しており、特に双方向的な影響が無視できない場合には、このような方法では現象を再現する上で充分とは言えない。また、機器の構造健全性についての実証試験を数値解析によって合理化するためには非弾性挙動をともなう多ステップ計算や大規模問題を効率的に計算することが求められている。しかも、複雑な非線形解析において、精度のよい結果を1回の計算で得ることは通常難しく、結果を吟味しながら解析の条件設定を変えて何度か計算するというプロセスをたどる。従来のやり方では、計算効率が悪いだけではなく、一連の計算が終わるまで状況把握ができず、労力、時間の点からもロスとなる。このような問題を解消するために、複数のプロセッサーを用いた並列処理により計算効率を上げるとともに、温度解析と変形解析を逐次的にほぼ同時に実施し、また、解析者が計算の途中で介入して条件の変更ができる解析システムの開発が必要となった。本研究においては、これを並列処理型温度・変形シームレス解析システム「TESTPAS」と呼び、平成9年度から平成11年度までの3ヶ月で3次元ソリッドおよびシェル構造の解析システムの開発を行った。平成9年度はソリッド要素を用いて、並列計算による温度解析プログラムと変形解析プログラムが同時進行でシミュレーション可能な試作プログラムを開発した。また、平成10年度は、計算実施状況の途中経過可視化、シェル要素の組み込み等を実施し、システム化に向けた機能の拡張・整備を行った。平成11年度では、平成9年度、10年度の成果を踏まえ、使い易く、効率のより良いシステムとして改良・整備した。本報では、平成11年度の成果を中心に、本システムの開発概要、主要な機能、適用例等について述べる。,no abstracts in English,Japanese,360 Pages,2001/02,no keyword,,,"3d_modeling, computer_vision",9,"3次元, 可視化",ステムの開発が必要となった。本研究においては、これを並列処理型温度・変形シームレス解析システム「TESTPAS」と呼び、平成9年度から平成11年度までの3ヶ月で3次元ソリッドおよびシェル構造の解析システムの開発を行った。平成9年度はソリッド要素を用いて、並列計算による温度解析プログラムと変形解析プログラムが同時進行でシミュレーション可能な試作プログラムを開発した。また、平成10年度は、計算実施状況の途中,https://jopss.jaea.go.jp/search/servlet/search?4017226,https://jopss.jaea.go.jp/pdfdata/JNC-TN1400-2001-004.pdf
4020412,JNC TN7400 2000-014,広域地下水流動研究の現状 -平成4年度 平成11年度-,Regional hydrogeological study project; Results from 1992-1999 period,小出 馨; 中野 勝志; 竹内 真司; 濱 克宏; 松井 裕哉; 池田 幸喜; 杉原 弘造,"Koide, Kaoru; Nakano, Katsushi; Takeuchi, Shinji; Hama, Katsuhiro; not registered; Ikeda, Koki; not registered",核燃料サイクル開発機構(以下、サイクル機構という)の東濃地科学センターでは、地層処分研究開発の基盤となる深部地質環境の科学的研究を地層科学研究として実施している。この研究の一環として、広域における地質環境、特に地下水の流動と地球化学的性質を把握するための体系的な調査・解析技術の開発を重要な研究課題として、「広域地下水流動研究」を平成4年度から岐阜県土岐市にある東濃鉱山およびその周辺域を研究開発の場として実施している。本研究では、開始後の5年間(平成4年度 平成8年度)までは、主として調査・解析に関する要素技術の開発とその有効性・適用性の確認に主眼を置いた研究が行われ、深度1000m対応の水理試験装置・採水装置などをはじめ、深部地質環境の特性を把握するための調査機器・手法が実用化された。その後は、要素技術の開発と並行して、広域を対象とした地下水の流動および地球化学的性質に関する研究を通して、地質環境調査技術の体系化に向けた研究開発が進められている。これまでに、約10km四方の研究実施領域を対象にリモートセンシング調査、空中物理探査、地上物理探査、地表地質調査、表層水理調査、試錐調査および地下水長期観測が実施された。これにより、表層地質の分布、花崗岩体の岩相(粒度・鉱物組成)の不均質性などの地質学的情報、花崗岩の透水性や地下水の水頭分布などの水理学的情報、花崗岩中における地下水の水質形成機構などの地球化学的情報が得られている。さらに、これらの調査研究を通して、地質環境を調査するための方法論や個々の手法について、技術的知見や経験が蓄積されている。これらの調査・研究成果は、深部地質環境のデータとしてサイクル機構が平成11年度に国へ提出した地層処分研究開発成果の第2次取りまとめに反映されると共に、大学などの外部研究機関の研究活動にも活用されている。今後は、地層処分の安全規制などの科学的・技術的根拠となるよう研究を進める計画である。,"The Japan Nuclear Cycle Development Institute (JNC) has been conducting a wide range of geoscientific research in order to build a firm scientific and technological basis for the research and development of geological disposal. One of the major components of the ongoing geoscientific research programme is the Regional Hydrogeological Study (RHS) project in the Tono region, central Japan. The main goal of the RHS project is to develop and demonstrate surface-based investigation methodologies to characterize geological environments at a regional scale in Japan. The RHS project was initiated in 1992. The first five years of the project were devoted mainly to develop methodologies and techniques for deep borehole investigations in crystalline rock in Japan. Investigations to verify the performance of new instruments and methods for borehole drilling, hydraulic testing and groundwater sampling were conducted. In the last four years, surface-based investigations and a stepwise development of models of the geological environment have been carried out. To date, remote sensing, geological mapping, airborne and ground geophysical investigations, and measurements in eleven deep boreholes have been carried out. Hydro monitorring is continuing in these boreholes. Important results that have been obtained from these investigations include multi-disciplinaly information about the heterogeneity of lithology and hydraulic, geochemical and rock mechanical properties of the granitic rock, and evolution of the groundwater geochemistry. Technical knowledge and experience have been accumulated, which allow application of the methodologies and techniques to characterize the geological environment in crystalline rock. The results from these R%D activities were used as prime inputs for the H12 report that JNC submitted to the Japanese Government in l999. Results from such R&D is also acknowledged by other geoscientific studies in general. JNC will synthesize the results from R&D ...",Japanese,83 Pages,2000/11,ボーリング調査 ; リモートセンシング ; 花こう岩 ; 岐阜 ; 空中物理探査 ; 試錐調査 ; 水理特性 ; 地下水 ; 地下水流動 ; 地球化学 ; 地質 ; 地質環境 ; 地質構造 ; 地質構造モデル ; 地質調査 ; 地層科学 ; 地層研究 ; 地層処分 ; 地中処分 ; 土岐市 ; 東濃鉱山 ; 同位体分析 ; 物理探査,,,"ar_mapping, robotics_remote",9,"mapping, remote","ological environment have been carried out. To date, remote sensing, geological mapping, airborne and ground geophysical investigations, and measurements in eleven deep boreholes have been carried out. Hydro",https://jopss.jaea.go.jp/search/servlet/search?4020412,https://jopss.jaea.go.jp/pdfdata/JNC-TN7400-2000-014.pdf
4020642,JNC TN7400 2003-007,Regional Hydrogeological Study Project; Results from 1992-1999 (Revised Edition),None,齊藤 宏,"Saito, Hiroshi",核燃料サイクル開発機構(以下、サイクル機構という)の東濃地科学センターでは、地層処分研究開発の基盤となる深部地質環境の科学的研究を地層科学研究として実施している。この研究の一環として、広域における地質環境、特に地下水の流動と地球化学的性質を把握するための体系的な調査・解析技術の開発を重要な研究課題として、「広域地下水流動研究」を平成4年度から岐阜県土岐市にある東濃鉱山およびその周辺域を研究開発の場として実施している。本研究では、開始後の5年間(平成4年度 平成8年度)までは、主として調査・解析に関する要素技術の開発とその有効性・適用性の確認に主眼を置いた研究が行われ、深度1000m対応の水理試験装置・採水装置などをはじめ、深部地質環境の特性を把握するための調査機器・手法が実用化された。その後は、要素技術の開発と平行して、広域を対象とした地下水の流動および地球化学的性質に関する研究を通して、地質環境調査技術の体系化に向けた研究開発が進められている。これまでに、約10km四方の研究実施領域を対象にリモートセンシング調査、空中物理探査、地上物理探査、地表地質調査、表層水理調査、試錐調査および地下水長期観測が実施された。これにより、表層地質の分布、花崗岩体の岩相(粒度・鉱物組成)の不均質性などの地質学的情報、花崗岩の透水性や地下水の水頭分布などの水理学的情報、花崗岩中における地下水の水質形成機構などの地球化学的情報が得られている。さらに、これらの調査・研究を通して、地質環境を調査するための方法論や個々の手法について、技術的知見や経験が蓄積されている。これらの調査・研究成果は、深部地質環境のデータとしてサイクル機構が平成11年度に国へ提出した地層処分研究開発成果の第2次取りまとめに反映されると共に、大学などの外部研究機関の研究活動にも活用されている。今後は、地層処分の安全規制などの科学的・技術的根拠となるよう研究を進める計画である。,"The Japan Nuclear Cycle Development Institute (JNC) has been carrying out a wide range of geoscientific research in order to build a firm scientific basis for development of geological diposal. One of the major components of JNC's ongoing geoscientific research programs is the Regional Hydrogeological Study (RHS) Project in the Tono area, central Japan. The main goal of the RHS Project is to develop and demonstrate surface-based investigation methodologies to characterize geological environments at a regional scale in Japan. The RHS Project was initiated in 1992. The first five years of the Project were devoted primarily to the development of methodologies and techniques for deep borehole investigations in crystalline rock. Investigations to assess the performance of new techniques and equipment for borehole drilling, hydraulic testing and groundwater sampling were carried out. Thereafter, surface-based investigations and a stepwise development of models of the geological environment have been carried out. To date, remote sensing, geological mapping, airborne, ground and borehole geophysical surveys, and hydrogeological measurements and tests in eleven deep boreholes have been carried out. Hydrological monitoring is continuing in these boreholes. Important results obrained from these multi-disciplinary investigations include information about the heterogeneity of lithologies, about the hydrogeological and hydrochemical properties of the granitic rock and evolution of the groundwater chemistry. Technical knowledge and experience have been acquired, which allow application of the methodologies and techniques to characterize the geological environment in crystalline rock.",English,91 Pages,2000/11,no keyword,,,"ar_mapping, robotics_remote",9,"mapping, remote","ological environment have been carried out. To date, remote sensing, geological mapping, airborne, ground and borehole geophysical surveys, and hydrogeological measurements and tests in eleven deep boreholes",https://jopss.jaea.go.jp/search/servlet/search?4020642,https://jopss.jaea.go.jp/pdfdata/JNC-TN7400-2003-007.pdf
4020538,JNC TJ7400 2000-006,地質環境データ解析・可視化システム解析コードの拡張,None,池田 孝夫*; 吉田 英爾*,"Ikeda, Takao*; Yoshida, Hideji*",地層科学研究においては、ボーリングをはじめとする多種多様のデータに基づき地質構造を解析・モデル化し、その結果を3次元的に可視化するとともに、これらの情報に基づき透水係水場を推定して地下水流動解析を行うことが重要である。そこで、これらの評価・検討を支援するシステムとして、各種地質データの解析を支援するLand Mark、地質構造モデルの構築を支援するEarth Vision、透水係水場を推定し地下水流動解析を行うFrac-Affinityから構成される「地質環境データ解析・可視化システム」を平成9年度に開発している。しかし、上記ソフトウエアのうち地下水流動解析を行うFrac-Affinityは、解析対象が飽和解析に限定されていたことから、超深地層研究所の建設に対応してコードを飽和・不飽和解析に拡張することが必要となっていた。そこで本業務では、昨年度の検討を通じてコード拡張の理論的可能性が明らかにされたのを受け、ソルバー等の改良によりFrac-Affinityを飽和不飽和解析に拡張するとともに、超深地層研究所に関連する地下水流動解析の中で実施時期の観点から最も優先順位が高いと考えられる、立坑掘削の影響評価解析に必要なコードの改良を行った。主なコードの改良点は次の通りである。・コードの飽和不飽和解析への拡張・ソルバーの改良による解析可能最大接点数の向上・入出力インターフェースの改良、具体的には主として以下の事項 飽和不飽和解析に対応した入力項目の追加 差分メッシュ(Frac-Affinityネットワーク)や流速ベクトルの可視化 エラー情報の充実・飽和不飽和解析に対応した境界条件(自由浸出、涵養)の追加・立坑掘削を模擬するための内部境界の形状や境界条件の経時変化を取り扱う機能の追加・差分メッシュ(Frac-Affinityネットワーク)構築方法の改良と、部分的に差分メッシュの密度を調整する機能の追加 これに加えて、飽和・不飽和地下水流動解析に対して拡張したFrac-Affinityにより、立坑掘削の影響解析を含む一連の試解析の実施し、Frac-Affinityの飽和・不飽和解析、特に立坑掘削の影響の評価に対する基本的な適用性を確認した。また、「地質環境データ解析・可視化システム」では、Land Mark、Earth VisionならびにFrac-Affnityの有機的な,no abstracts in English,Japanese,159 Pages,2000/02,Frac‐Affinity ; エラー情報 ; ソルバー ; データ解析 ; ベクトル ; 可視システム ; 解析コード ; 境界条件 ; 計算機コード ; 差分メッシュ ; 自由浸出 ; 水文解析 ; 地下水 ; 地下水流動 ; 地質環境 ; 地層科学 ; 地層研究 ; 透水係数 ; 入出力インターフェース ; 飽和不飽和解析 ; 立抗掘削 ; 流速,,,"3d_modeling, computer_vision",9,"3次元, 可視化",地質環境データ解析・可視化システム解析コードの拡張,https://jopss.jaea.go.jp/search/servlet/search?4020538,https://jopss.jaea.go.jp/pdfdata/JNC-TJ7400-2000-006.pdf
4020292,JNC TJ7440 99-011,地質環境データ解析・可視化システム解析コードの改良,None,池田 孝夫*; 吉田 英爾*,"Ikeda, Takao*; Yoshida, Hideji*",地層科学研究においては、ボーリングをはじめとする多種多様のデータに基づき地質構造のモデル化を行い、その結果を3次元的に可視化するとともに、さらにこれらの情報に基づき透水係数場を推定し地下水流動解析を行うことが重要である。このような評価・検討を支援するシステムとして、幾つかのアプリケーション・ソフトウェアと解析コードによって構成される「地質環境データ解析・可視化システム」を昨年度開発した。本システムのうち、ある領域内の透水係数場の生成並びに地下水流動解析は、解析コード「Frac-Affinity」によって行われる。このコードにより、岩盤マトリクスの透水係数をフラクタルスケーリング則に基づいて不均質に設定するとともに、岩盤中に透水性の亀裂を決定論的・確率論的に生成し(ハイブリッド媒体)、飽和地下水流動解析を行うことが可能となった。一方、将来の地下研究所の建設時を想定した場合には解析領域内に不飽和領域が生じることが予想されることから、上記コードを飽和-不飽和地下水流動の評価については既往の研究においても前例がないことから、まずこのような問題の解析可能性を明らかにするとともに、数値計算を行うソルバーの基本的な仕様を求めることが重要となった。また地質構造のモデル化や3次元的な可視化については、アプリケーション・ソフトウェア(Earth Vision)操作の習熟度を高めることが重要となった。そこで本研究では、飽和-不飽和地下水流動問題に対する支配方程式を調査・検討し、Richard'sの方程式の使用が適切であることを示すとともに、本方程式を数値計算によって評価するため各種の検討を行った。具体的には、Richard'sの方程式が強い非線形を有することから、これをP1変換によって数値計算に適した形式に変換するとともに、これを解くソルバーについても、現行のコードが使用しているソルバーの限界を明確にし、Picard反復法を用いた新たなソルバーの必要性を明らかにした。またPicard反復法を用いたソルバーによる計算可能性を確認するため、必要最低限度の解析機能を有するプロトタイプソルバー,no abstracts in English,Japanese,108 Pages,1999/02,no keyword,,,"3d_modeling, computer_vision",9,"3次元, 可視化",地質環境データ解析・可視化システム解析コードの改良,https://jopss.jaea.go.jp/search/servlet/search?4020292,https://jopss.jaea.go.jp/pdfdata/JNC-TJ7440-99-011.pdf
4016696,JNC TJ1400 99-015,ニアフィールド水理/核種移行評価モデルの整備・統合化に関する研究(研究委託内容報告書),None,中島 研吾*,not registered,"連続体モデルを用いたニアフィールド多孔質岩盤中の水理/核種移行評価は以下のような手順によって実施されている:・三次元飽和・不飽和浸透流解析コード「TAGSAC」により三次元不均質多孔質岩盤中の地下水流れを解く・核種移行経路抽出コード「TR3D」により流れ場の中から流線に沿った核種移行経路とその経路上の情報を抽出する・一次元核種移行解析コード「CRYSTAL」により抽出した各経路での核種移行を解析する 本研究では,一連の核種移行評価体系を整備・統合化し,各解析コード間でのデータ受け渡しを自動化するとともに,不均質場や移行経路等の可視化のためのプリ・ポスト環境の整備を実施した。また,第2次取りまとめに向けた多孔質岩盤中の核種移行計算を実施した。",no abstracts in English,Japanese,154 Pages,1999/02,no keyword,,,"3d_modeling, computer_vision",9,"三次元, 可視化",連続体モデルを用いたニアフィールド多孔質岩盤中の水理/核種移行評価は以下のような手順によって実施されている:・三次元飽和・不飽和浸透流解析コード「TAGSAC」により三次元不均質多孔質岩盤中の地下水流れを解く・核種移行経路抽出コード「TR3D」により流れ場の中から流線に沿った核種移行経路とその経路上の情報を抽出する・一次元核種移行解析コード「CRYSTA,https://jopss.jaea.go.jp/search/servlet/search?4016696,https://jopss.jaea.go.jp/pdfdata/JNC-TJ1400-99-015.pdf
4016697,JNC TJ1400 99-016,ニアフィールド水理/核種移行評価モデルの整備・統合化に関する研究(研究委託内容報告書 要約版),None,中島 研吾*,not registered,"連続体モデルを用いたニアフィールド多孔質岩盤中の水理/核種移行評価は以下のような手順によって実施されている:・三次元飽和・不飽和浸透流解析コード「TAGSAC」により三次元不均質多孔質岩盤中の地下水流れを解く・核種移行経路抽出コード「TR3D」により流れ場の中から流線に沿った核種移行経路とその経路上の情報を抽出する・一次元核種移行解析コード「CRYSTAL」により抽出した各経路での核種移行を解析する 本研究では,一連の核種移行評価体系を整備・統合化し,各解析コード間でのデータ受け渡しを自動化するとともに,不均質場や移行経路等の可視化のためのプリ・ポスト環境の整備を実施した。また,第2次取りまとめに向けた多孔質岩盤中の核種移行計算を実施した。",no abstracts in English,Japanese,24 Pages,1999/02,ニアフィールド岩盤 ; プリ・ポスト環境 ; マイグレーション ; モデル検査 ; 解析コード ; 核種移行経路 ; 岩盤 ; 経路 ; 経路抽出 ; 計算機コード ; 高レベル廃棄物 ; 高レベル放射性廃棄物 ; 三次元流 ; 浸透流 ; 水理モデル ; 多孔質岩盤 ; 多孔質体 ; 多孔質中の流れ ; 地下水流 ; 地下水流線 ; 地層処分 ; 地中処分 ; 地表面 ; 廃棄物 ; 廃棄物処理 ; 放射性同位体 ; 流れの可視化 ; 連続体モデル,,,"3d_modeling, computer_vision",9,"三次元, 可視化",連続体モデルを用いたニアフィールド多孔質岩盤中の水理/核種移行評価は以下のような手順によって実施されている:・三次元飽和・不飽和浸透流解析コード「TAGSAC」により三次元不均質多孔質岩盤中の地下水流れを解く・核種移行経路抽出コード「TR3D」により流れ場の中から流線に沿った核種移行経路とその経路上の情報を抽出する・一次元核種移行解析コード「CRYSTA,https://jopss.jaea.go.jp/search/servlet/search?4016697,https://jopss.jaea.go.jp/pdfdata/JNC-TJ1400-99-016.pdf
4015891,PNC TJ1201 96-002,地層処分システムの設計手法の開発(2)(概要),None,栗原 雄二*; 宮崎 清*; 五十嵐 治世*; 玉野 達*; 速水 卓哉*; 田中 達也*,"not registered; not registered; not registered; not registered; not registered; Tanaka, Tatsuya*",本研究は、人工バリア及び処分施設に要求される性能を確保し得る技術的方法を具体的に明らかにするために必要な地層処分システムの設計手法を開発することを目的とするものである。昨年度の研究成果を踏まえ、本年度は以下の項目について実施した。1.GISCAEの改良開発2.データベースの開発検討3.断層離間距離の検討4.解析による設計検討5.サイト特性調査手法の検討この内、1のGISCAEの改良開発では、熱解析の結果をより明確に把握するための改良を行うと共に、IRIS適用可能な画像処理ツールの調査を行った。2のデータベースの開発検討では、積算単価データベースとして3ケースの処分場建設単価の積算を行うと共に、岩盤工学データベースとして地下発電所における岩盤物性の調査を行った。3の断層離間距離の検討では、断層破砕帯の規模とレイアウトの関係を調査し、事例においては幅100m規模の断層は処分場として避け、幅20m程度の断層は処分区画として避けていることがわかった。また、空洞掘削が破砕帯部に与える力学的影響に関する感度解析では、坑道径の約3倍以上の離間距離において影響はごく小さいという結果を得た。4の検討では、掘削段階を考慮した2次元飽和-不飽和浸透流解析を行い、不飽和物性値の解析結果に対する影響を調べると共に、3次元解析に向けての課題の抽出を行った。また、3次元の熱解析では昨年度の解析の検証を行い。本年度の解析結果が昨年度の4ケースの解析の内の1ケースに合致することがわかった。5の検討では、段階を考慮したサイト特性調査の目標や内容、対象領域、調査期間の検討を行い、適用が考えられる調査手法について、いつくかの観点からその適用性の検討を行った。,None,Japanese,69 Pages,1996/02,データベース ; 安定性 ; 岩質 ; 岩石物性 ; 岩盤 ; 資料管理 ; 人工バリア ; 浅地層処分 ; 断層 ; 地下水流動 ; 熱分析 ; 破砕帯 ; 廃棄物 ; 廃棄物処分施設 ; 放射性廃棄物,,,"3d_modeling, computer_vision",9,"3次元, 画像処理",において影響はごく小さいという結果を得た。4の検討では、掘削段階を考慮した2次元飽和-不飽和浸透流解析を行い、不飽和物性値の解析結果に対する影響を調べると共に、3次元解析に向けての課題の抽出を行った。また、3次元の熱解析では昨年度の解析の検証を行い。本年度の解析結果が昨年度の4ケースの解析の内の1ケースに合致することがわかった。5の検討では、段階を考慮したサイト特性調査の目標や内容、対象領域、調査期間の,https://jopss.jaea.go.jp/search/servlet/search?4015891,https://jopss.jaea.go.jp/pdfdata/PNC-TJ1201-96-002.pdf
4015890,PNC TJ1201 96-001,地層処分システムの設計手法の開発(2),None,栗原 雄二*; 宮崎 清*; 五十嵐 治世*; 玉野 達*; 速水 卓哉*; 田中 達也*,"not registered; not registered; not registered; not registered; not registered; Tanaka, Tatsuya*",本研究は、人工バリア及び処分施設に要求される性能を確保し得る技術的方法を具体的に明らかにするために必要な地層処分システムの設計手法を開発することを目的とするものである。昨年度の研究成果を踏まえ、本年度は以下の項目について実施した。1.GISCAEの改良開発2.データベースの開発検討3.断層離間距離の検討4.解析による設計検討5.サイト特性調査手法の検討この内、1のGISCAEの改良開発では、熱解析の結果をより明確に把握するための改良を行うと共に、IRISに適用可能な画像処理ツールの調査を行った。2のデータベースの開発検討では、積算単価データベースとして3ケースの処分場建設単価の積算を行うと共に、岩盤工学データベースとして地下発電所における岩盤物性の調査を行った。3の断層離間距離の検討では、断層破砕帯の規模とレイアウトの関係を調査し、事例においては幅100m規模の断層は処分場として避け、幅20m程度の断層は処分区画として避けていることがわかった。また、空洞掘削が破砕帯部に与える力学的影響に関する感度解析では、坑道径の約3倍以上の離間距離において影響はごく小さいという結果を得た。4の検討では、掘削段階を考慮した2次元飽和-不飽和浸透流解析を行い、不飽和物性値の解析結果に対する影響を調べると共に、3次元解析に向けての課題の抽出を行った。また、3次元の熱解析では昨年度の解析の検証を行い。本年度の解析結果が昨年度の4ケースの解析の内の1ケースに合致することがわかった。5の検討では、段階を考慮したサイト特性調査の目標や内容、対象領域、調査期間の検討を行い、適用が考えられる調査手法について、いくつかの観点からその適用性の検討を行った。,None,Japanese,288 Pages,1996/02,CAD ; システム設計 ; 安全管理 ; 岩盤力学 ; 高レベル廃棄物 ; 浸透流 ; 浅地層処分 ; 断層 ; 地下水流動 ; 地質工学 ; 熱伝達 ; 破砕帯 ; 廃棄物処分施設 ; 配置計画 ; 敷地選定,,,"3d_modeling, computer_vision",9,"3次元, 画像処理",において影響はごく小さいという結果を得た。4の検討では、掘削段階を考慮した2次元飽和-不飽和浸透流解析を行い、不飽和物性値の解析結果に対する影響を調べると共に、3次元解析に向けての課題の抽出を行った。また、3次元の熱解析では昨年度の解析の検証を行い。本年度の解析結果が昨年度の4ケースの解析の内の1ケースに合致することがわかった。5の検討では、段階を考慮したサイト特性調査の目標や内容、対象領域、調査期間の,https://jopss.jaea.go.jp/search/servlet/search?4015890,https://jopss.jaea.go.jp/pdfdata/PNC-TJ1201-96-001.pdf
4025306,PNC TJ8124 95-010,模擬ハル圧縮体X線CT撮影,None,*,not registered,加速器X線CTにより撮影された模擬ハル圧縮体の3次元CT画像に対する画像解析手法に基づいて、模擬ハル圧縮体の空隙率の評価及び異種金属材料の密度同定等について予備的な検討を実施した。空隙率に関しては、単純化した評価サンプルにより、事前に適用性を検討し、ついで模擬ハル圧縮体について空隙率約18%(仕様値約20%)という結果が得られたが、同時に今後の技術課題も明らかになった。また、模擬ハル圧縮体内に混在された異種金属材料の密度同定については、妥当な結果が得られた。,no abstracts in English,Japanese,30 Pages,1995/08,no keyword,,,"3d_modeling, computer_vision",9,"3次元, 画像解析",加速器X線CTにより撮影された模擬ハル圧縮体の3次元CT画像に対する画像解析手法に基づいて、模擬ハル圧縮体の空隙率の評価及び異種金属材料の密度同定等について予備的な検討を実施した。空隙率に関しては、単純化した評価サンプルにより、事前に適用性を検討し、ついで模擬ハル圧縮体について空隙率約18%,https://jopss.jaea.go.jp/search/servlet/search?4025306,https://jopss.jaea.go.jp/pdfdata/PNC-TJ8124-95-010.pdf
2076374,JAERI-Tech 95-012,移動ロボットの自己位置同定を目的とした特徴抽出画像処理プログラムの開発,Program development of the feature extraction from an intensity image for identifying the location of the mobile robot,海老原 健一,"Ebihara, Kenichi",原子力施設内において、自律的に移動し、点検作業を行う知能ロボットにとって、環境内での自己位置の情報は、必要かつ重要な情報の1つである。さらに、その情報を環境内の機器の配置等から得ることは、知能ロボットの作業環境に対する制限を少なくする点から望ましいことである。そこで、知能ロボットの自己位置の情報を環境内の機器の画像を用いて得るために、カラー画像から特徴点を抽出するためのプログラムを開発した。また、環境内の映像を得るための装置であり、原研情報システムセンターにおいて設計、製作を行った「原子力施設巡回点検用センシングシステム」の概要についても記述する。,no abstracts in English,Japanese,53 Pages,1995/03,Intelligent Robot ; Sensing System ; Position Identification ; Feature Extraction,,https://doi.org/10.11484/jaeri-tech-95-012,"computer_vision, robotics_remote",9,"robot, ロボット, 画像処理",移動ロボットの自己位置同定を目的とした特徴抽出画像処理プログラムの開発,https://jopss.jaea.go.jp/search/servlet/search?2076374,https://jopss.jaea.go.jp/pdfdata/JAERI-Tech-95-012.pdf
2075407,JAERI-M 91-101,"原子力知能化システム技術の研究,人間動作シミュレーション・プログラム:HASP; 平成2年度作業報告書",A Study on intelligent nuclear systems(HASP: Human Acts Simulation Program); Progress report 1990,浅井 清; 藤井 実; 樋口 健二; 久米 悦雄; 大谷 孝之; B.H.Fair*; 神林 奨; 秋元 正幸,"not registered; not registered; Higuchi, Kenji; Kume, Etsuo; Otani, Takayuki; B.H.Fair*; not registered; not registered",日本原子力研究所は、1987年からHASP(Human Acts Simulation Program)と名付けた人工知能とロボティックスに関する研究を10年計画で開始した。これは、知能ロボット、知能化プラントの基盤技術を研究開発するものである。その内容は、自然言語理解、経路探索、視覚認識、ソリッド・モデルによるプラントの三次元モデル化、二足歩行ロボットの動作シミュレーションと映像化、被曝線量計算、これらに加えて被曝線量計算等のモンテカルロ・シミュレーションの高速化を目的とするモンテカルロ計算装置の設計・試作などである。本報告は、平成2年度のHASPの作業内容について記述する。,no abstracts in English,Japanese,176 Pages,1991/06,Artificial Intelligence ; Natural Language Processing ; Knowledge-base ; Monte Carlo Method ; Qualitative Reasoning ; Pattern Recognition ; Robotics ; Graphics ; Supercomputer ; Simulation,,https://doi.org/10.11484/jaeri-m-91-101,"3d_modeling, robotics_remote",9,"robot, ロボット, 三次元, 三次元モデル",7年からHASP(Human Acts Simulation Program)と名付けた人工知能とロボティックスに関する研究を10年計画で開始した。これは、知能ロボット、知能化プラントの基盤技術を研究開発するものである。その内容は、自然言語理解、経路探索、視覚認識、ソリッド・モデルによるプラントの三次元モデル化、二足歩行ロボットの動作シミュレーションと映像化、被曝線量計算、これらに加えて被曝線量計算等のモ,https://jopss.jaea.go.jp/search/servlet/search?2075407,https://jopss.jaea.go.jp/pdfdata/JAERI-M-91-101.pdf
4033770,PNC TN9410 90-145,サーマル・ストライピング基礎試験(1)予備試験,Experimental study of thermal striping (I); Preliminary test,宮越 博幸*,not registered,"高速炉の炉心出口近傍においては、高温の炉心燃料集合体と比較的低温のブランケットや制御棒集合体から流出する冷却材が混合する過程で、不規則な温度揺らぎが発生する。この温度揺らぎ(サーマル・ストライピング)により、炉心出口の下流に位置する構造材は高サイクル熱疲労を受ける。このサーマル・ストライピングに対する構造材の健全性を評価するには、冷却材の混合による温度揺らぎ特性を解明する必要がある。本研究は、サーマル・ストライピング現象の基本特性の把握を目的として、炉心出口部を炉心からの流出孔を幅50mm,ピッチ100mmの3本の平行スリットと幅600mm 奥行き490mm 高さ1000mmの模擬上部プレナムの単純形状で模擬した水模型実験を行ったものである。本報では、研究に先立ち、実験装置特性の把握及び計測技術の確立を目的として、ビデオカメラによる流況観察、熱電対及びレーザ流速計による温度及び流速の揺らぎ測定を実施し、以下に示す知見を得るとともに、装置及び計測システムの変更・改良点を明らかにした。(1)スリット出口流れは、スリット間の水平平板上部において不規則な周期で生成・放出を繰り返す渦により揺動する。この揺動により温度及び流速の揺らぎは左右非対称な三次元的な変動特性を示す。従って、実験解析は試験部全体を三次元でモデル化として行う必要がある。(2)また、外側スリット出口近傍の温度揺らぎには、容器の側壁側に生じる循環流とスリット出口流れとのミキシングによるスパイク状の変動がみられた。この容器壁の影響を小さくするには、スリットと容器壁間との距離を50cm以上大きくする必要がある。(3)30cm/s以下と比較的遅い本実験体系のような流れ場では、レーザによる流速測定に通常用いられる後方散乱では、連続的な時系列データ(サンプリング周期20Hzの場合)を得ることが困難となる。このため、レーザ流速計を、後方散乱システムに比べ約100倍の散乱光強度が得られる。前方散乱システムに変更する改良を行い、これにより所定の測定が可能である見通しを得た。今後は、これらの予備実験で得られた成果を基に、サーマル・ストライピング現象の解明と解析手法の実験検証に必要な基礎データを取得する。","Temperature fluctuations (thermal striping) occur at the core exit of a LMFBR due to the mixing of hot and cold flows coming from subassemblies. The thermal striping induces high cycle thermal road on the structure surface located at the downstream of the core exit. The thermal striping may affects the structure. Thus, the understanding of temperature fluctuation characteristics is essential to assess the structural integrity of reactor components. The flow characteristic test was performed in water to evaluate the thermal striping phenomena with a two-dimensional simple geometry model. The model was designed to simulate the core exit flow of a LMFBR. In this paper the preliminary test results of a flow visualizatoin and measurements of temperature and velocity fluctuations were reported. The velocity fluctuation was measured using a laser-Doppler velocimeter. The test aims the establishment of experimental technics and the improvement of the test model. The simulating core exit flows (slit flows) showed an oscillatory manner due to eddies generated among the three slits. The eddies were intermittently discharged to the down-stream. Thus, temperature and flow velocity fluctuations showed non-symmetric and three dimensional characteristics. This indicates that the experimental analysis should be performed with a three dimensional model. In addition, sharp temperature oscillations were observed in the outside slit flow due to the entrainment of the surrounding cold fluid. The downward flow along the vessel wall facilitates the entrainment effect. Thus, the distance between the slit and the vessel wall should be enlarged so as to lessen the entrainment effect. Time history data (sampling cycle of 20 Hz) of the flow velocity were not obtained with the present back-scatter LDV system because of the weakness of the Doppler signal due to the low flow velocity (maximum : 30 cm/s). The LDV system should be changed to the front-scatter system. Measurement signals of the front",Japanese,140 Pages,1990/10,no keyword,,,"3d_modeling, computer_vision",9,"カメラ, 三次元",1000mmの模擬上部プレナムの単純形状で模擬した水模型実験を行ったものである。本報では、研究に先立ち、実験装置特性の把握及び計測技術の確立を目的として、ビデオカメラによる流況観察、熱電対及びレーザ流速計による温度及び流速の揺らぎ測定を実施し、以下に示す知見を得るとともに、装置及び計測システムの変更・改良点を明らかにした。(1)スリット出口流れは、スリット間の水平平板上部において不規則な周期で生成・放出,https://jopss.jaea.go.jp/search/servlet/search?4033770,https://jopss.jaea.go.jp/pdfdata/PNC-TN9410-90-145.pdf
2075129,JAERI-M 90-060,"原子力知能化システム技術の研究; 人間動作シミュレーション・プログラム(HASP),平成元年度作業報告","A Study on intelligent nuclear system, HASP: Human acts simulation program, progress report 1989",浅井 清; 藤井 実; 上中 淳二*; 神林 奨; 樋口 健二; 久米 悦雄; 大谷 直之*; 秋元 正幸,"not registered; not registered; not registered; not registered; Higuchi, Kenji; Kume, Etsuo; not registered; not registered",日本原子力研究所は、1987年からHASP(Human Acts Simulation Program)と名付けた人工知能とロボティックスに関する研究を10年間計画で開始した。これは、知能ロボット、知能化プラントの基盤技術を研究開発するものである。その内容は、自然言語理解、ロボット動作計画、神経ネットワーク手法によるパターン認識、ソリッド・モデルによるプラントの三次元モデル化、二足歩行ロボットの動作シミュレーションと映像化、被爆線量計算、ロボット視覚計算の高速化を目的とするモンテカルロ計算装置の設計・試作などである。本報告書は平成元年度のHASPの作業内容について記述する。,no abstracts in English,Japanese,102 Pages,1990/03,Artificial Intelligence ; Natural Language Processing ; Knowledge Base ; Neural Network ; Patterm Recognition ; Robotics ; Graphics ; Monte Carlo Method ; Supercomputer ; Simulation,,https://doi.org/10.11484/jaeri-m-90-060,"3d_modeling, robotics_remote",9,"robot, ロボット, 三次元, 三次元モデル",年からHASP(Human Acts Simulation Program)と名付けた人工知能とロボティックスに関する研究を10年間計画で開始した。これは、知能ロボット、知能化プラントの基盤技術を研究開発するものである。その内容は、自然言語理解、ロボット動作計画、神経ネットワーク手法によるパターン認識、ソリッド・モデルによるプラントの三次元モデル化、二足歩行ロボットの動作シミュレーションと映像化、被爆線量,https://jopss.jaea.go.jp/search/servlet/search?2075129,https://jopss.jaea.go.jp/pdfdata/JAERI-M-90-060.pdf
4032472,PNC TN9410 86-129,超音波パルスの可視化試験装置の開発; 偏光シュリーレン法装置の開発試験(1),Development for visual test equipment of the ultrasonic pulse waveform; Development and test result of polarized light schlieren method equipment (1),谷本 健一*; 伊達 和博*; 菊池 晧*; 佐藤 稔*,not registered; not registered; not registered; not registered,"超音波探傷試験における欠陥の検出や欠陥の性状を評価する際は,超音波探傷試験に使用する超音波探触子から放射された超音波ペルスの音場や超音波パルスの波形等に関する性能を知る必要がある。超音波探触子の性能評価法として,今までは,水中の超音波パルスはシュリーレン法装置で,固体モデル中の超音波パルスは光弾性実験法装置で別々に行っていた。水浸型超音波探触子や直接接触型超音波探触子などの総合的な性能評価や検定などを行うことができなかった。この問題を解決するために,シュリーレン法と光弾性実験法の両方の特徴を応用して,水中と固体モデル中の超音波パルスを同時に可視化できる,偏光シュリーレン法を考案した。偏光シュリーレン法の原理に基づき,2面対向法のシュリーレン法装置と偏光板および偏光板製ナイフエッジを組み合わせた偏光シュリーレン法装置を試作開発した。偏光シュリーレン法装置で,観測用の水槽内に配置したパイレックスガラス製の固体モデルを水浸探傷法で探傷して,その際の起音波パルスが水中と固体モデル中で同時に可視化できることの確認と,可視化像から超音波パルスを定量的に測定することができる可能性について試験した。試験の結果,水中と固体モデル中の超音波パルスが同時に可視化でき,可視化像から水中,水中と固体モデルの境界部,固体モデル中の超音波パルスの音圧分布,方向,周波数,波動モード等が定量的に測定できる見通しを得た。今後は,偏光シュリーレン法装置の機能性能の向上試験と改良等を図って行く計画である。","It is necessary for detecting and characterizing the defects with ultrasonic non-destructive testing to know the characteristics of the sound field and the pulse waveform transmitted by a ultrasonic probe. As a visual measuring technique relating the ultrasonic pulse waveform and sound pressure field generated by the probe, schlieren method for the wave in water and photo-elastic method for the wave in solid were used separately. Since there is a difficulty to observe simultaneously the sound field in the water and the solid by each method respectively, various types of the probe, such as a immersion type probe which is widly used in ultrasonic testing, cannot by evaluated and authorized the overall performance of the probe. To remove this difficulty, we have developed the polarized light schlieren method, which is combined the schlieren method with the photo-elastic method, for the visualization of ultrasonic pulses in both water and solid simultaneously. Following the principle of the polarized light schlieren method, we have made the visual test equipment having two concave mirrors, a polarizer and a knife edge made by polarizer film. Using this equipment, we have examined the performance and the possibility of the quantitative measurement of ultrasonic wave from the visual images. travelling directivity, frequency and wave mode of ultrasonic wave by using the polarized light schlieren method. In the future, we intend to improve the performance of our equipment and visualize the various ultrasonic wave behavior, especially liquid and solid interface. From the test results of this equipment, it is confirmed that ultrasonic wave in both water and transparent solid model, made by pyrex glass, is visualized simultaneously through the window of the water tank, and it is suggested that it can be evaluated quantitatively the sound pressure field.",Japanese,77 Pages,1986/12,no keyword,,,"computer_vision, robotics_remote",9,"visualization, 可視化, 超音波",超音波パルスの可視化試験装置の開発; 偏光シュリーレン法装置の開発試験(1),https://jopss.jaea.go.jp/search/servlet/search?4032472,https://jopss.jaea.go.jp/pdfdata/PNC-TN9410-86-129.pdf
3009808,JAERI 1063,原研20MeV電子線加速器の放射線管理,Radiation Control at the 20-MeV Linear Electron Accelerator in JAERI,吉田 芳和; 北野 匡四郎; 芹沢 正彦; 白石 忠男,"not registered; not registered; not registered; Shiraishi, Tadao",原研20MeV LINACは1963年2月に50m中性子飛行管が完成した。本稿は、LINACの放射線管理のためにおこなわれたモニタリングの結果および放射線防護施設と放射線管理の概要について述べたものである。高放射線区域への立入りはインターロック、安全キィ、非常スイッチ盤等により管理されている。漏洩放射線の測定結果に基いて遮蔽の補強、管理区域の拡大設計がなされ、現在問題になるような放射線の漏洩は認められない。運転中、空気の放射化により生成されるガスとしてNの(r、m)反応生成物 Nのほかに、Arの(r、p)反応生成物 C1が検出されたが、いずれも許容濃度以下であり、障害上問題にはならない。ターゲット容器、加速管の構成材の誘導放射能は、その核種が主に 放射体であるために全身被曝のほか、 線による皮ふ線量が問題になる。その線量率は被曝時間で制御できる程度以上であって、治具の使用、遠隔操作による被曝の防衛が必要であり、その被曝の監視と防衛に留意しなければならない。,no abstracts in English,Japanese,33 Pages,1964/06,電子線加速器,,https://doi.org/10.11484/jaeri-1063,"ar_mapping, robotics_remote",9,"ar, 遠隔操作",Radiation Control at the 20-MeV Linear Electron Accelerator in JAERI,https://jopss.jaea.go.jp/search/servlet/search?3009808,https://jopss.jaea.go.jp/pdfdata/JAERI-1063.pdf
5081127,JAEA-Review 2025-004,建屋応答モニタリングと損傷イメージング技術を活用したハイブリッド型の原子炉建屋長期健全性評価法の開発研究(委託研究); 令和5年度英知を結集した原子力科学技術・人材育成推進事業,Development of a hybrid method for evaluating the long-term structural soundness of nuclear reactor buildings using response monitoring and damage imaging technologies (Contract research); FY2023 Nuclear Energy Science & Technology and Human Resource Development Project,廃炉環境国際共同研究センター; 東北大学*,Collaborative Laboratories for Advanced Decommissioning Science; Tohoku University*,日本原子力研究開発機構(JAEA)廃炉環境国際共同研究センター(CLADS)では、令和5年度英知を結集した原子力科学技術・人材育成推進事業(以下、「本事業」という。)を実施している。本事業は、東京電力ホールディングス株式会社福島第一原子力発電所の廃炉等をはじめとした原子力分野の課題解決に貢献するため、国内外の英知を結集し、様々な分野の知見や経験を、従前の機関や分野の壁を越えて緊密に融合・連携させた基礎的・基盤的研究及び人材育成を推進することを目的としている。平成30年度の新規採択課題から実施主体を文部科学省からJAEAに移行することで、JAEAとアカデミアとの連携を強化し、廃炉に資する中長期的な研究開発・人材育成をより安定的かつ継続的に実施する体制を構築した。本研究は、令和3年度に採択された研究課題のうち、「建屋応答モニタリングと損傷イメージング技術を活用したハイブリッド型の原子炉建屋長期健全性評価法の開発研究」の令和3年度から令和5年度分の研究成果について取りまとめたものである。本研究は、高放射線量率と高汚染のため、現場への接近性が極端に限られるような事故を経験した原子炉建屋の長期構造健全性の見通しを得るために必要な評価手法を開発しようとするものである。3ヵ年計画の最終年度目である令和5年度は、令和4年度までの成果を踏まえ、本研究の最終的な成果をまとめることを目的として、(1)地震等の外乱応答モニタリングによる建屋の振動性状・応答評価法の開発、(2)電磁波を用いたコンクリート構造物の損傷検知技術の開発、(3)損傷検知情報に基づくコンクリート材料・構造物の性能評価法の開発、(4)総合的な建屋安全性評価手法の開発と長期保全計画の提案、(5)研究推進の研究項目について試験、解析や活動を行い、3ヵ年計画の所期の目標を達成した。,"The Collaborative Laboratories for Advanced Decommissioning Science (CLADS), Japan Atomic Energy Agency (JAEA), had been conducting the Nuclear Energy Science & Technology and Human Resource Development Project (hereafter referred to ""the Project"") in FY2023. The Project aims to contribute to solving problems in the nuclear energy field represented by the decommissioning of the Fukushima Daiichi Nuclear Power Station, Tokyo Electric Power Company Holdings, Inc. (TEPCO). For this purpose, intelligence was collected from all over the world, and basic research and human resource development were promoted by closely integrating/collaborating knowledge and experiences in various fields beyond the barrier of conventional organizations and research fields. The sponsor of the Project was moved from the Ministry of Education, Culture, Sports, Science and Technology to JAEA since the newly adopted proposals in FY2018. On this occasion, JAEA constructed a new research system where JAEA-academia collaboration is reinforced and medium-to-long term research/development and human resource development contributing to the decommissioning are stably and consecutively implemented. Among the adopted proposals in FY2021, this report summarizes the research results of the ""Development of a hybrid method for evaluating the long-term structural soundness of nuclear reactor buildings using response monitoring and damage imaging technologies"" conducted from FY2021 to FY2023. The present study aims to develop an evaluation method necessary to obtain a perspective on the long-term structural soundness of accident-damaged reactor buildings, where accessibility to work sites is extremely limited due to high radiation dose rate and high contamination. In FY2023, the final year of the three-year project, experimental and analytical research activities were performed to develop, (1) Method for evaluating the building by monitoring the response to earthquakes and other disturbances, (2) Damage detection technology for concrete structures using electromagnetic waves, (3) Evaluation method for concrete materials and structures based on damage detection information, (4) Comprehensive soundness evaluation method and a long-term maintenance plan, (5) Promotion of the research. Expected results and final goals are achieved based on the outcomes including achievements up to FY2022.",Japanese,186 Pages,2025/07,福島第一原子力発電所事故 ; Fukushima Daiichi Nuclear Power Station Accident ; Concrete Structure ; Long-term Soundness ; Degradation ; Soundness Evaluation ; Non-destructive Inspection & Monitoring ; Acceleration & Gyro Sensor ; Tera Hertz Wave ; Maintenance Plan,,https://doi.org/10.11484/jaea-review-2025-004,"computer_vision, robotics_remote",8,"imaging, イメージング",建屋応答モニタリングと損傷イメージング技術を活用したハイブリッド型の原子炉建屋長期健全性評価法の開発研究(委託研究); 令和5年度英知を結集した原子力科学技術・人材育成推進事業,https://jopss.jaea.go.jp/search/servlet/search?5081127,https://jopss.jaea.go.jp/pdfdata/JAEA-Review-2025-004.pdf
5077477,JAEA-Review 2024-024,障害物等による劣悪環境下でも通信可能なパッシブ無線通信方式の開発(委託研究); 令和4年度英知を結集した原子力科学技術・人材育成推進事業,Development of passive wireless communication systems operatable under inferior-wireless environment with obstacles (Contract research); FY2022 Nuclear Energy Science & Technology and Human Resource Development Project,廃炉環境国際共同研究センター; 横浜国立大学*,Collaborative Laboratories for Advanced Decommissioning Science; Yokohama National University*,日本原子力研究開発機構(JAEA)廃炉環境国際共同研究センター(CLADS)では、令和4年度英知を結集した原子力科学技術・人材育成推進事業(以下、「本事業」という)を実施している。本事業は、東京電力ホールディングス株式会社福島第一原子力発電所の廃炉等をはじめとした原子力分野の課題解決に貢献するため、国内外の英知を結集し、様々な分野の知見や経験を、従前の機関や分野の壁を越えて緊密に融合・連携させた基礎的・基盤的研究及び人材育成を推進することを目的としている。平成30年度の新規採択課題から実施主体を文部科学省からJAEAに移行することで、JAEAとアカデミアとの連携を強化し、廃炉に資する中長期的な研究開発・人材育成をより安定的かつ継続的に実施する体制を構築した。本研究は、令和4年度に採択された研究課題のうち、「障害物等による劣悪環境下でも通信可能なパッシブ無線通信方式の開発」の令和4年度分の研究成果について取りまとめたものである。本研究は、上記無線通信システム実現のための基地局とセンサノード、センサ位置特定アルゴリズム、電磁波遮蔽領域に対する無線エリア形成手法を開発した。基地局アンテナとしては、ダウンリンクに2.45GHz、アップリンクに2倍高調波である4.9GHzを用いる基地局アンテナを開発した。またこれに対応するセンサノードを開発した。また開発した回路およびアンテナが放射線の影響を受けずに動作することを確認した。センサ位置特定アルゴリズムに関する研究としては、原子炉建屋内など対象エリア内のロボットや作業者の位置を可視化および座標化するための多重波電波トモグラフィー法を計算機シミュレーションにより開発し、単純な実験室環境での測定による動作確認を行った。また高分解能測定系構築と信号処理手法として、伝搬特性の類似した到来波同士をクラスタ化する手法を開発し、求められたクラスタから電波伝搬メカニズムを同定し、多重波経路を求める手法を構築した。電磁波遮蔽領域に対する無線エリア形成手法に関する研究として、原子炉格納容器内のような電波遮蔽領域に対してペネトレーションを無線リンク確立手段とした導波路およびアンテナ素子を開発した。,"The Collaborative Laboratories for Advanced Decommissioning Science (CLADS), Japan Atomic Energy Agency (JAEA), had been conducting the Nuclear Energy Science & Technology and Human Resource Development Project (hereafter referred to ""the Project"") in FY2022. The Project aims to contribute to solving problems in the nuclear energy field represented by the decommissioning of the Fukushima Daiichi Nuclear Power Station, Tokyo Electric Power Company Holdings, Inc. (TEPCO). For this purpose, intelligence was collected from all over the world, and basic research and human resource development were promoted by closely integrating/collaborating knowledge and experiences in various fields beyond the barrier of conventional organizations and research fields. The sponsor of the Project was moved from the Ministry of Education, Culture, Sports, Science and Technology to JAEA since the newly adopted proposals in FY2018. On this occasion, JAEA constructed a new research system where JAEA-academia collaboration is reinforced and medium-to-long term research/development and human resource development contributing to the decommissioning are stably and consecutively implemented. Among the adopted proposals in FY2022, this report summarizes the research results of the ""Development of passive wireless communication systems operatable under inferior-wireless environment with obstacles"" conducted in FY2022. The present study aims to develop a wireless system, sensor positioning algorithms, and wireless area formation technology for electromagnetically shielded areas. We developed a base station antenna and a sensor node that use 2.45 GHz for downlink and 4.9 GHz, which is the second harmonic, for uplink. We also confirmed that the developed circuit and antenna operate in a strong radioactive environment.",Japanese,88 Pages,2024/11,福島第一原子力発電所事故 ; Fukushima Daiichi Nuclear Power Station Accident ; antennas ; RFID ; positioning algorithms ; wireless communications ; DOA estimation,,https://doi.org/10.11484/jaea-review-2024-024,"computer_vision, robotics_remote",8,"ロボット, 可視化",た。また開発した回路およびアンテナが放射線の影響を受けずに動作することを確認した。センサ位置特定アルゴリズムに関する研究としては、原子炉建屋内など対象エリア内のロボットや作業者の位置を可視化および座標化するための多重波電波トモグラフィー法を計算機シミュレーションにより開発し、単純な実験室環境での測定による動作確認を行った。また高分解能測定系構築と信号処理手法として、伝搬特性の類似した到来波同士をクラスタ化,https://jopss.jaea.go.jp/search/servlet/search?5077477,https://jopss.jaea.go.jp/pdfdata/JAEA-Review-2024-024.pdf
5081344,JAEA-Research 2024-006,多層膜スーパーミラーを用いたWolter I型中性子磁気顕微鏡の光学設計,Neutron optics design of a neutron magnetic microscope using Wolter type I supermirror,曽山 和彦; 林田 洋寿*; 丸山 龍治; 山崎 大; 後藤 惟樹*; 小林 勇輝*; 荒川 翔平*; 山本 有悟*; 須場 健太*; 山村 和也*,"Soyama, Kazuhiko; Hayashida, Hirotoshi*; Maruyama, Ryuji; Yamazaki, Dai; Goto, Yoshiki*; Kobayashi, Yuki*; Arakawa, Shohei*; Yamamoto, Yugo*; Suba, Kenta*; Yamamura, Kazuya*",磁性体中の磁場イメージングを目的として、Wolter I型光学系に多層膜スーパーミラーを適用した中性子磁気顕微鏡の光学設計を行った。拡大率12.5倍の拡大結像光学系について、軌跡シミュレーションコードを用いて、偏極中性子の磁性体試料によるdepolarizationの解析、レプリカ法で作製されるWolterミラーの形状精度が顕微鏡の空間分解能へ与える影響の検討を行った。その結果、マイクロメートルオーダーの空間分解能を得るために必要な形状精度に関する知見を得た。,"A neutron optics design has been conducted for a neutron magnetic microscope that utilize a Wolter type I multilayer supermirror for the purpose of magnetic fields imaging in magnetic materials. Ray trace simulation was performed for a magnifying imaging optical system with a magnification rate of 12.5 times. Based on classical model of Lamor precession, depolarization due to magnetic domains was simulated, and the effect of slope errors on the Wolter mirror created by the replica method on the spatial resolution of the microscope was investigated. As a result, reference data about the shape error required to obtain spatial resolution on the order of micrometers was obtained.",Japanese,15 Pages,2024/10,中性子顕微鏡 ; 多層膜スーパーミラー ; Wolter光学系,J-PARC物質・生命科学実験施設,https://doi.org/10.11484/jaea-research-2024-006,"computer_vision, robotics_remote",8,"imaging, イメージング",磁性体中の磁場イメージングを目的として、Wolter I型光学系に多層膜スーパーミラーを適用した中性子磁気顕微鏡の光学設計を行った。拡大率12.5倍の拡大結像光学系について、軌跡シミュレーションコードを用いて、偏極中性子の磁性体試料によるdepolarization,https://jopss.jaea.go.jp/search/servlet/search?5081344,https://jopss.jaea.go.jp/pdfdata/JAEA-Research-2024-006.pdf
5077442,JAEA-Review 2024-015,世界初の同位体分析装置による少量燃料デブリの性状把握分析手法の確立(委託研究); 令和4年度英知を結集した原子力科学技術・人材育成推進事業,Establishment of characterization method for small fuel debris using the world's first isotope micro imaging apparatus (Contract research); FY2022 Nuclear Energy Science & Technology and Human Resource Development Project,廃炉環境国際共同研究センター; 工学院大学*,Collaborative Laboratories for Advanced Decommissioning Science; Kogakuin University*,日本原子力研究開発機構(JAEA)廃炉環境国際共同研究センター(CLADS)では、令和4年度英知を結集した原子力科学技術・人材育成推進事業(以下、「本事業」という)を実施している。本事業は、東京電力ホールディングス株式会社福島第一原子力発電所の廃炉等をはじめとした原子力分野の課題解決に貢献するため、国内外の英知を結集し、様々な分野の知見や経験を、従前の機関や分野の壁を越えて緊密に融合・連携させた基礎的・基盤的研究及び人材育成を推進することを目的としている。平成30年度の新規採択課題から実施主体を文部科学省からJAEAに移行することで、JAEAとアカデミアとの連携を強化し、廃炉に資する中長期的な研究開発・人材育成をより安定的かつ継続的に実施する体制を構築した。本研究は、令和3年度に採択された研究課題のうち、「世界初の同位体分析装置による少量燃料デブリの性状把握分析手法の確立」の令和4年度分の研究成果について取りまとめたものである。本研究は、少量燃料デブリの取り出し把握に必要な直接的なデータを世界で初めて取得して評価・検討を行っていくことを目的とする。SEM-EDS等やTEM-EDSでは同位体識別やPu、Bの分析ができない。一方、ICP-MS等のバルク分析では微小視野での情報が欠落する。つまり、既存の方法では、燃焼率指標情報( NdとUの組成比)、中性子毒物Gdや中性子吸収物質Bの存在比などの局所分析データを含めて燃料デブリ性状を把握するための分析手段がないことが大きな課題である。JAEA大洗研究所に導入した同位体マイクロイメージング装置(工学院大学開発)は放射性の微小試料に断面加工を行いながら同位体組成などの局所的な定量データが多量に得られ、燃料デブリの性状を正しくかつ迅速に把握できる。令和4年度は、ホット試料の分析と併せて、同位体マイクロイメージング装置の実用性の向上のための改良を令和3年度に引き続き行った。具体的には、同位体マイクロイメージング内にホット試料を導入し、数十 m程度の粒子に対して複数回FIB断面加工を行い、粒子の表面から内部にかけて、成分イメージングを行った。その結果、 Zrと U Oが同じ分布で存在していることが確認された。また、CとFe、Uの分布がそれぞれ分離して存在していることが確認された。また、 U、 Uの同位体比についてもホット試料から粒子単位で測定することに世界で初めて成功した。,"The Collaborative Laboratories for Advanced Decommissioning Science (CLADS), Japan Atomic Energy Agency (JAEA), had been conducting the Nuclear Energy Science & Technology and Human Resource Development Project (hereafter referred to ""the Project"") in FY2022. The Project aims to contribute to solving problems in the nuclear energy field represented by the decommissioning of the Fukushima Daiichi Nuclear Power Station, Tokyo Electric Power Company Holdings, Inc. (TEPCO). For this purpose, intelligence was collected from all over the world, and basic research and human resource development were promoted by closely integrating/collaborating knowledge and experiences in various fields beyond the barrier of conventional organizations and research fields. The sponsor of the Project was moved from the Ministry of Education, Culture, Sports, Science and Technology to JAEA since the newly adopted proposals in FY2018. On this occasion, JAEA constructed a new research system where JAEA-academia collaboration is reinforced and medium-to-long term research/development and human resource development contributing to the decommissioning are stably and consecutively implemented. Among the adopted proposals in FY2021, this report summarizes the research results of the ""Establishment of characterization method for small fuel debris using the world's first isotope micro imaging apparatus"" conducted in FY2022. The present study aims to obtain, for the first time in the world, the important data necessary for clarifying the retrieval of small amounts of fuel debris, and to evaluate and examine them. SEM-EDS and TEM-EDS cannot be used for isotopic identification and analysis of Pu and B. On the other hand, bulk analysis such as ICP-MS lacks the information in a micro region.",Japanese,99 Pages,2024/09,福島第一原子力発電所事故 ; Fukushima Daiichi Nuclear Power Station Accident ; isotope micro imaging ; hot-particle ; RIMS ; SNMS ; SIMS,,https://doi.org/10.11484/jaea-review-2024-015,"computer_vision, robotics_remote",8,"imaging, イメージング",acterization method for small fuel debris using the world's first isotope micro imaging apparatus (Contract research); FY2022 Nuclear Energy Science & Technology and Human Resource Development Project,https://jopss.jaea.go.jp/search/servlet/search?5077442,https://jopss.jaea.go.jp/pdfdata/JAEA-Review-2024-015.pdf
5081199,JAEA-Testing 2024-001,中性子共鳴イメージング解析コードRAIMマニュアル,"Manuals for resonance analysis code for neutron IMaging ""RAIM""",長谷美 宏幸; 甲斐 哲也,"Hasemi, Hiroyuki; Kai, Tetsuya",RAIM (Resonance Analysis code for neutron IMaging)は大強度陽子加速器施設J-PARCの物質・生命科学実験施設(MLF)などのパルス中性子源で測定した共鳴吸収スペクトルを解析し、試料の原子核の密度や温度などの情報を求める解析コードである。RAIMは中性子のパルス関数と断面積データをもとにした共鳴吸収関数の畳み込み計算によりパルス中性子源で測定される共鳴吸収スペクトルを再現し、測定で得られた共鳴吸収スペクトルデータに対してフィッティングを行うことで、試料に含まれる特定の元素の密度や温度を求めることができる。また、RAIMは計算設定のパラメータを極力少なくすることや、2次元検出器で測定した数多くのスペクトルを一括で処理するスクリプトを用意するなど、共鳴イメージングデータを容易に解析することを念頭に開発されている。本書はRAIMの計算機へのインストール方法および共鳴吸収スペクトルのシミュレーションと測定データへのフィッティング方法について説明するマニュアルである。,"RAIM is an analysis code that analyzes resonance absorption spectra measured at pulsed neutron sources such as the Materials and Life Science Experimental Facility (MLF) at the Japan Proton Accelerator Research Complex (J-PARC) to obtain information on nuclear densities and temperatures. By calculating the convolution of the pulse functions of neutron beam and the resonance capture function that is based on the nuclear cross section data, RAIM reproduces the resonance absorption spectrum measured by a pulsed neutron source. Then, RAIM determines the density and temperature of specific nuclides in a sample by performing spectral fitting on the resonance absorption spectrum data. In addition, RAIM is developed to facilitate the analysis of resonance imaging data by minimizing the number of parameters for calculation setup and by providing scripts for processing many resonance absorption spectra measured by a two-dimensional detector at once. This manual explains how to install RAIM on a computer and how to simulate resonance absorption spectra and fit them to measured data.",Japanese,39 Pages,2024/08,RAIM ; Neutron Resonance Transmission Analysis ; Neutron Resonance Capture Analysis ; Neutron Imaging ; MLF ; J-PARC,J-PARC物質・生命科学実験施設,https://doi.org/10.11484/jaea-testing-2024-001,"computer_vision, robotics_remote",8,"imaging, イメージング",中性子共鳴イメージング解析コードRAIMマニュアル,https://jopss.jaea.go.jp/search/servlet/search?5081199,https://jopss.jaea.go.jp/pdfdata/JAEA-Testing-2024-001.pdf
5078056,JAEA-Review 2024-005,世界初の同位体分析装置による少量燃料デブリの性状把握分析手法の確立(委託研究); 令和3年度英知を結集した原子力科学技術・人材育成推進事業,Establishment of characterization method for small fuel debris using the world's first isotope micro imaging apparatus (Contract Research); FY2021 Nuclear Energy Science & Technology and Human Resource Development Project,廃炉環境国際共同研究センター; 工学院大学*,Collaborative Laboratories for Advanced Decommissioning Science; Kogakuin University*,日本原子力研究開発機構(JAEA)廃炉環境国際共同研究センター(CLADS)では、令和3年度英知を結集した原子力科学技術・人材育成推進事業(以下、「本事業」という。)を実施している。本事業は、東京電力ホールディングス株式会社福島第一原子力発電所の廃炉等を始めとした原子力分野の課題解決に貢献するため、国内外の英知を結集し、様々な分野の知見や経験を、従前の機関や分野の壁を越えて緊密に融合・連携させた基礎的・基盤的研究及び人材育成を推進することを目的としている。平成30年度の新規採択課題から実施主体を文部科学省からJAEAに移行することで、JAEAとアカデミアとの連携を強化し、廃炉に資する中長期的な研究開発・人材育成をより安定的かつ継続的に実施する体制を構築した。本研究は、令和3年度に採択された研究課題のうち、「世界初の同位体分析装置による少量燃料デブリの性状把握分析手法の確立」の令和3年度の研究成果について取りまとめたものである。本研究は、少量燃料デブリの取り出し把握に必要な直接的なデータを世界で初めて取得して評価・検討を行っていくことを目的とする。SEM-EDS等やTEM-EDSでは同位体識別やPu、Bの分析ができない。一方、ICP-MS等のバルク分析では微小視野での情報が欠落する。つまり、既存の方法では、燃焼率指標情報( NdとUの組成比)、中性子毒物Gdや中性子吸収物質Bの存在比などの局所分析データを含めて燃料デブリ性状を把握するための分析手段がないことが大きな課題である。JAEA大洗研究所に導入した同位体マイクロイメージング装置(工学院大学開発)は放射性の微小試料に断面加工を行いながら同位体組成などの局所的な定量データが多量に得られ、燃料デブリの性状を正しくかつ迅速に把握できる。令和3年度は、同位体マイクロイメージング装置の実用性の向上のための改良を行った。具体的には、高線量試料への対応として、検出器の放射線シールドや安全な試料導入機構の開発を行った。また、分析スループットや実用性向上のため、手動で調整が必要だった機構の自動化・遠隔化を行い、併せて重要核種について、最適な共鳴イオン化スキームの開発を行った。,"The Collaborative Laboratories for Advanced Decommissioning Science (CLADS), Japan Atomic Energy Agency (JAEA), had been conducting the Nuclear Energy Science & Technology and Human Resource Development Project (hereafter referred to ""the Project"") in FY2021. The Project aims to contribute to solving problems in the nuclear energy field represented by the decommissioning of the Fukushima Daiichi Nuclear Power Station, Tokyo Electric Power Company Holdings, Inc. (TEPCO). For this purpose, intelligence was collected from all over the world, and basic research and human resource development were promoted by closely integrating/collaborating knowledge and experiences in various fields beyond the barrier of conventional organizations and research fields. The sponsor of the Project was moved from the Ministry of Education, Culture, Sports, Science and Technology to JAEA since the newly adopted proposals in FY2018. On this occasion, JAEA constructed a new research system where JAEA-academia collaboration is reinforced and medium-to-long term research/development and human resource development contributing to the decommissioning are stably and consecutively implemented. Among the adopted proposals in FY2021, this report summarizes the research results of the ""Establishment of characterization method for small fuel debris using the world's first isotope micro imaging apparatus"" conducted in FY2021. The present study aims to obtain, for the first time in the world, the important data necessary for clarifying the retrieval of small amounts of fuel debris, and to evaluate and examine them. SEM-EDS and TEM-EDS cannot be used for isotopic identification and analysis of Pu and B. On the other hand, bulk analysis such as ICP-MS lacks the information in a micro region.",Japanese,79 Pages,2024/06,福島第一原子力発電所事故 ; Fukushima Daiichi Nuclear Power Station Accident ; TOF-SIMS ; R-SNMS ; Isotope Imaging ; Isotope Ratio ; Fine Particle,,https://doi.org/10.11484/jaea-review-2024-005,"computer_vision, robotics_remote",8,"imaging, イメージング",acterization method for small fuel debris using the world's first isotope micro imaging apparatus (Contract Research); FY2021 Nuclear Energy Science & Technology and Human Resource Development Project,https://jopss.jaea.go.jp/search/servlet/search?5078056,https://jopss.jaea.go.jp/pdfdata/JAEA-Review-2024-005.pdf
5077393,JAEA-Review 2023-048,建屋応答モニタリングと損傷イメージング技術を活用したハイブリッド型の原子炉建屋長期健全性評価法の開発研究(委託研究); 令和4年度英知を結集した原子力科学技術・人材育成推進事業,Development of a hybrid method for evaluating the long-term structural soundness of nuclear reactor buildings using response monitoring and damage imaging technologies (Contract research); FY2022 Nuclear Energy Science & Technology and Human Resource Development Project,廃炉環境国際共同研究センター; 東北大学*,Collaborative Laboratories for Advanced Decommissioning Science; Tohoku University*,日本原子力研究開発機構(JAEA)廃炉環境国際共同研究センター(CLADS)では、英知を結集した原子力科学技術・人材育成推進事業を実施している。本事業は、東京電力ホールディングス福島第一原子力発電所の廃炉等をはじめとした原子力分野の課題解決に貢献するため、国内外の英知を結集し、様々な分野の知見や経験を、従前の機関や分野の壁を越えて緊密に融合・連携させた基礎的・基盤的研究及び人材育成を推進することを目的としている。本研究は、令和3年度に採択された研究課題のうち、「建屋応答モニタリングと損傷イメージング技術を活用したハイブリッド型の原子炉建屋長期健全性評価法の開発研究」の令和4年度分の研究成果について取りまとめたものである。,"The Collaborative Laboratories for Advanced Decommissioning Science (CLADS), Japan Atomic Energy Agency (JAEA), had been conducting the Nuclear Energy Science & Technology and Human Resource Development Project (hereafter referred to ""the Project"") in FY2022. The Project aims to contribute to solving problems in the nuclear energy field represented by the decommissioning of the Fukushima Daiichi Nuclear Power Station, Tokyo Electric Power Company Holdings, Inc. (TEPCO). For this purpose, intelligence was collected from all over the world, and basic research and human resource development were promoted by closely integrating/collaborating knowledge and experiences in various fields beyond the barrier of conventional organizations and research fields. The sponsor of the Project was moved from the Ministry of Education, Culture, Sports, Science and Technology to JAEA since the newly adopted proposals in FY2018. On this occasion, JAEA constructed a new research system where JAEA-academia collaboration is reinforced and medium-to-long term research/development and human resource development contributing to the decommissioning are stably and consecutively implemented. Among the adopted proposals in FY2021, this report summarizes the research results of the ""Development of a hybrid method for evaluating the long-term structural soundness of nuclear reactor buildings using response monitoring and damage imaging technologies"" conducted in FY2022. The present study aims to develop an evaluation method necessary to obtain a perspective on the long term structural soundness of accident-damaged reactor buildings, where accessibility to work sites is extremely limited due to high radiation dose rate and high contamination. In FY2022, the second year of the three-year plan, some tests and other activities on the following research items were conducted following FY2021, based on the specific research methods and research directions clarified in FY2021.",Japanese,151 Pages,2024/05,福島第一原子力発電所事故 ; Fukushima Daiichi Nuclear Power Station Accident ; Concrete Structure ; Long-term soundness ; Degradation ; Soundness evaluation ; Non-destructive inspection & monitoring ; Acceleration & Gyro sensor ; Tera hertz wave ; Maintenance Plan,,https://doi.org/10.11484/jaea-review-2023-048,"computer_vision, robotics_remote",8,"imaging, イメージング",建屋応答モニタリングと損傷イメージング技術を活用したハイブリッド型の原子炉建屋長期健全性評価法の開発研究(委託研究); 令和4年度英知を結集した原子力科学技術・人材育成推進事業,https://jopss.jaea.go.jp/search/servlet/search?5077393,https://jopss.jaea.go.jp/pdfdata/JAEA-Review-2023-048.pdf
5079896,JAEA-Technology 2023-028,放射線核種溶存溶液中での鋼の電気化学測定法及びイメージングプレートを用いた腐食試験片解析手法の開発,Development of an electrochemical measurement method for carbon steels in radiation source dissolved solution and a corroded specimen analysis method using an imaging plate,山下 直輝; 青山 高士; 加藤 千明; 佐野 成人; 田上 進,"Yamashita, Naoki; Aoyama, Takahito; Kato, Chiaki; Sano, Naruto; Tagami, Susumu",現在廃止措置過程にある福島第一原子力発電所(1F)では、 Srや Csをはじめとする放射線核種が構造物の健全性に及ぼす影響への関心が高まっている。特に1F内で多くの箇所に用いられている炭素鋼は、溶液中の金属カチオンによって腐食挙動が変化することが知られているが、 Srや Csが腐食に及ぼす影響については未解明である。また、腐食挙動を理解するうえでは錆層中の Sr及び Csの分布を調査することが重要であるが、その手法は未だ確立されていない。本研究ではグローブボックス内で Sr及び Csを含むNaCl中で炭素鋼の腐食試験を行えるよう、グローブボックスの整備を行った。加えて、溶液中に金属カチオンとして存在する Srや Csが炭素鋼の腐食挙動に及ぼす影響を明らかにするため、イメージングプレートを用いた錆層中放射線核種の検出手法の確立を試みた。,"At the Fukushima Daiichi Nuclear Power Station (1F), which is currently undergoing decommissioning, there is growing interest in the effects of radiation-emitting radionuclides such as Sr and Cs on the structural integrity. In particular, the corrosion behavior of carbon steel, which is used in many parts of 1F, is known to change depending on metal cations in solution, but the effects of Sr and Cs on corrosion are not yet understood. In addition, it is important to investigate the distribution of Sr and Cs in the rust layer in order to understand the corrosion behavior, but the method has not yet been established. In this study, a glove box was prepared to conduct corrosion tests of carbon steel in NaCl containing Sr and Cs in the glove box. In addition, in order to clarify the influence of Sr and Cs, which exist as metal cations in the solution, on the corrosion behavior of carbon steel, we attempted to establish a detection method for radioactive materials in the rust layer using an imaging plate.",Japanese,22 Pages,2024/03,no keyword,WASTEF(廃棄物安全試験施設),https://doi.org/10.11484/jaea-technology-2023-028,"computer_vision, robotics_remote",8,"imaging, イメージング",放射線核種溶存溶液中での鋼の電気化学測定法及びイメージングプレートを用いた腐食試験片解析手法の開発,https://jopss.jaea.go.jp/search/servlet/search?5079896,https://jopss.jaea.go.jp/pdfdata/JAEA-Technology-2023-028.pdf
5073992,JAEA-Review 2022-071,建屋応答モニタリングと損傷イメージング技術を活用したハイブリッド型の原子炉建屋長期健全性評価法の開発研究(委託研究); 令和3年度英知を結集した原子力科学技術・人材育成推進事業,Development of a hybrid method for evaluating the long-term structural soundness of nuclear reactor buildings using response monitoring and damage imaging technologies (Contract research); FY2021 Nuclear Energy Science & Technology and Human Resource Development Project,廃炉環境国際共同研究センター; 東北大学*,Collaborative Laboratories for Advanced Decommissioning Science; Tohoku University*,日本原子力研究開発機構(JAEA)廃炉環境国際共同研究センター(CLADS)では、令和3年度英知を結集した原子力科学技術・人材育成推進事業(以下、「本事業」という)を実施している。本事業は、東京電力ホールディングス株式会社福島第一原子力発電所の廃炉等を始めとした原子力分野の課題解決に貢献するため、国内外の英知を結集し、様々な分野の知見や経験を、従前の機関や分野の壁を越えて緊密に融合・連携させた基礎的・基盤的研究及び人材育成を推進することを目的としている。平成30年度の新規採択課題から実施主体を文部科学省からJAEAに移行することで、JAEAとアカデミアとの連携を強化し、廃炉に資する中長期的な研究開発・人材育成をより安定的かつ継続的に実施する体制を構築した。本研究は、研究課題のうち、令和3年度に採択された「建屋応答モニタリングと損傷イメージング技術を活用したハイブリッド型の原子炉建屋長期健全性評価法の開発研究」の令和3年度の研究成果について取りまとめたものである。本研究は、高放射線量率と高汚染のため、現場への接近性が極端に限られるような事故を経験した原子炉建屋の長期構造健全性の見通しを得るために必要な評価手法を開発しようとするものである。3ヵ年計画の初年度である令和3年度は、(1)地震等の外乱応答モニタリングによる建屋の振動性状・応答評価法の開発、(2)電磁波を用いたコンクリート構造物の損傷検知技術の開発、(3)損傷検知情報に基づくコンクリート材料・構造物の性能評価法の開発、(4)総合的な建屋安全性評価手法の開発と長期保全計画の提案、(5)研究推進の研究項目について具体的な研究方法を明確にして研究の方向付けを行うとともに、必要な諸準備を行い、一部の試験や活動を行った。,"The Collaborative Laboratories for Advanced Decommissioning Science (CLADS), Japan Atomic Energy Agency (JAEA), had been conducting the Nuclear Energy Science & Technology and Human Resource Development Project (hereafter referred to ""the Project"") in FY2021. The Project aims to contribute to solving problems in the nuclear energy field represented by the decommissioning of the Fukushima Daiichi Nuclear Power Station, Tokyo Electric Power Company Holdings, Inc. (TEPCO). For this purpose, intelligence was collected from all over the world, and basic research and human resource development were promoted by closely integrating/collaborating knowledge and experiences in various fields beyond the barrier of conventional organizations and research fields. The sponsor of the Project was moved from the Ministry of Education, Culture, Sports, Science and Technology to JAEA since the newly adopted proposals in FY2018. On this occasion, JAEA constructed a new research system where JAEA-academia collaboration is reinforced and medium-to-long term research/development and human resource development contributing to the decommissioning are stably and consecutively implemented. Among the adopted proposals in FY2021, this report summarizes the research results of the ""Development of a hybrid method for evaluating the long-term structural soundness of nuclear reactor buildings using response monitoring and damage imaging technologies"" conducted in FY2021. The present study aims to develop an evaluation method necessary to obtain a perspective on the long-term structural soundness of accident-damaged reactor buildings, where accessibility to work sites is extremely limited due to high radiation dose rate and high contamination. In FY2021, the first year of the three-year plan, the following research items were undertaken by clarifying specific research methods, setting research directions, making necessary preparations, and conducting some tests and other activities.",Japanese,123 Pages,2023/03,福島第一原子力発電所事故 ; Fukushima Daiichi Nuclear Power Station Accident ; Concrete Structure ; Long-term Soundness ; Degradation ; Soundness Evaluation ; Non-destructive Inspection and Monitoring ; Acceleration and Gyro Sensor ; Tera Hertz Wave ; Maintenance Plan,,https://doi.org/10.11484/jaea-review-2022-071,"computer_vision, robotics_remote",8,"imaging, イメージング",建屋応答モニタリングと損傷イメージング技術を活用したハイブリッド型の原子炉建屋長期健全性評価法の開発研究(委託研究); 令和3年度英知を結集した原子力科学技術・人材育成推進事業,https://jopss.jaea.go.jp/search/servlet/search?5073992,https://jopss.jaea.go.jp/pdfdata/JAEA-Review-2022-071.pdf
5071505,JAEA-Review 2021-047,合理的な処分のための実機環境を考慮した汚染鉄筋コンクリート長期状態変化の定量評価(委託研究); 令和2年度英知を結集した原子力科学技術・人材育成推進事業,Quantitative evaluation of long-term state changes of contaminated reinforced concrete considering the actual environments for rational disposal (Contract research); FY2020 Nuclear Energy Science & Technology and Human Resource Development Project,廃炉環境国際共同研究センター; 東京大学*,Collaborative Laboratories for Advanced Decommissioning Science; The University of Tokyo*,日本原子力研究開発機構(JAEA)廃炉環境国際共同研究センター(CLADS)では、令和2年度英知を結集した原子力科学技術・人材育成推進事業(以下、「本事業」という)を実施している。本事業は、東京電力ホールディングス株式会社福島第一原子力発電所の廃炉等をはじめとした原子力分野の課題解決に貢献するため、国内外の英知を結集し、様々な分野の知見や経験を、従前の機関や分野の壁を越えて緊密に融合・連携させた基礎的・基盤的研究及び人材育成を推進することを目的としている。平成30年度の新規採択課題から実施主体を文部科学省からJAEAに移行することで、JAEAとアカデミアとの連携を強化し、廃炉に資する中長期的な研究開発・人材育成をより安定的かつ継続的に実施する体制を構築した。本研究は、研究課題のうち、令和2年度に採択された「合理的な処分のための実機環境を考慮した汚染鉄筋コンクリート長期状態変化の定量評価」の令和2年度の研究成果について取りまとめたものである。本研究の目的は、原子炉建屋内の鉄筋コンクリート部材における汚染濃度分布定量予測データベース構築である。令和2年度は、3.1節でメソスケールのひび割れ挙動を評価するためのデータ取得を目的に、試験体の作製および治具の開発等の測定準備、評価手法の確認、予備試験を実施した。また、剛体バネモデルを用いて、水和過程から極厚部材の応力・ひび割れを追随できる数値解析手法の枠組みを開発した。3.2節では、コンクリート部材における長期的な核種の浸透挙動評価を行うためのデータ取得および境界条件、ひび割れ試験体作製方法の検討を行った。3.3節では、事故後の物質濃度相当の条件でCsとSrがひび割れたコンクリートに浸透する状況をイメージングプレートにより可視化する準備を行った。また、 核種のコンクリートへの浸透挙動を調べるため、汚染水とコンクリートの接触に関する情報調査、長期浸漬の予察試験を実施した。,"The Collaborative Laboratories for Advanced Decommissioning Science (CLADS), Japan Atomic Energy Agency (JAEA), had been conducting the Nuclear Energy Science & Technology and Human Resource Development Project (hereafter referred to ""the Project"") in FY2020. The Project aims to contribute to solving problems in the nuclear energy field represented by the decommissioning of the Fukushima Daiichi Nuclear Power Station, Tokyo Electric Power Company Holdings, Inc. (TEPCO). For this purpose, intelligence was collected from all over the world, and basic research and human resource development were promoted by closely integrating/collaborating knowledge and experiences in various fields beyond the barrier of conventional organizations and research fields. The sponsor of the Project was moved from the Ministry of Education, Culture, Sports, Science and Technology to JAEA since the newly adopted proposals in FY2018. On this occasion, JAEA constructed a new research system where JAEA-academia collaboration is reinforced and medium-to-long term research/development and human resource development contributing to the decommissioning are stably and consecutively implemented. Among the adopted proposals in FY2020, this report summarizes the research results of the ""Quantitative evaluation of long-term state changes of contaminated reinforced concrete considering the actual environments for rational disposal"" conducted in FY2020. The present study aims to construct a database for quantitative prediction of contaminated reinforced concrete inside the reactor building. In FY2020, in chapter 3.1, in order to obtain the data for the evaluation of mesoscale cracking behavior, the equipment for the making and the measurement of the test specimens were prepared, the evaluation method was confirmed, and preliminary experiments were carried out.",Japanese,127 Pages,2022/01,福島第一原子力発電所事故 ; Fukushima Daiichi Nuclear Power Station Accident ; Reinforced Concrete ; Radionuclide ; Carbonation ; Drying ; Crack ; Penetration ; Sorption ; Simulation,,https://doi.org/10.11484/jaea-review-2021-047,"computer_vision, robotics_remote",8,"イメージング, 可視化",めのデータ取得および境界条件、ひび割れ試験体作製方法の検討を行った。3.3節では、事故後の物質濃度相当の条件でCsとSrがひび割れたコンクリートに浸透する状況をイメージングプレートにより可視化する準備を行った。また、 核種のコンクリートへの浸透挙動を調べるため、汚染水とコンクリートの接触に関する情報調査、長期浸漬の予察試験を実施した。,https://jopss.jaea.go.jp/search/servlet/search?5071505,https://jopss.jaea.go.jp/pdfdata/JAEA-Review-2021-047.pdf
5064401,JAEA-Research 2018-013,モックアップ試験流下ガラス試料の放射光XAFS分析(受託研究),Synchrotron radiation based XAFS analysis of the simulated nuclear waste glass samples prepared by bottom drain test in the full-scale mock-up melter (KMOC) (Contract research),岡本 芳浩; 永井 崇之; 塩飽 秀啓; 狩野 茂; 姫野 晴行*; 小林 大志*; 中谷 三喜雄*,"Okamoto, Yoshihiro; Nagai, Takayuki; Shiwaku, Hideaki; Kano, Shigeru; Himeno, Haruyuki*; Kobayashi, Hiroshi*; Nakatani, Mikio*","模擬廃液を利用したガラス固化体モックアップ試験のうち、高レベル模擬廃液供給20バッチ分の流下ガラス試料中の元素の化学状態および局所構造を、放射光XAFS分析によって調べた。セリウム元素の分析の結果、バッチが進むにつれて、緩やかに酸化が進む傾向が確認された。マンガン, 鉄, 亜鉛については、バッチ間の違いはほとんど認められず、ガラスの骨格構造に入り込んで安定化しているものとみられた。EXAFS解析の結果では、白金族元素を除き、明らかに結晶性と思われる元素は無かった。イメージング分析の結果、ジルコニウムやモリブデンでは、目立った析出はほとんど観察されなかった。白金族元素では、筋状の析出が認められたが、いずれも小さなものであった。","The chemical state and local structure of some elements in the simulated nuclear waste glass samples (20 batches) prepared by bottom drain test in the full scale mock-up tests using KMOC melter were investigated by synchrotron radiation based X-ray absorption fine structure (XAFS) analysis. As a result of the analysis of cerium element, it was confirmed that the oxidation proceeds gently as the batch advanced. For manganese, iron, and zinc, there was almost no difference between batches, which seemed to be stabilized by getting into the frame structure of the borosilicate glass. There were no elements that seemed to be clearly crystalline except for platinum group elements. Remarkable precipitation was hardly observed in zirconium and molybdenum with the imaging analysis.",Japanese,18 Pages,2019/03,ガラス固化体 ; XAFS ; 放射光 ; イメージング,SPring-8(大型放射光施設),https://doi.org/10.11484/jaea-research-2018-013,"computer_vision, robotics_remote",8,"imaging, イメージング",とんど認められず、ガラスの骨格構造に入り込んで安定化しているものとみられた。EXAFS解析の結果では、白金族元素を除き、明らかに結晶性と思われる元素は無かった。イメージング分析の結果、ジルコニウムやモリブデンでは、目立った析出はほとんど観察されなかった。白金族元素では、筋状の析出が認められたが、いずれも小さなものであった。,https://jopss.jaea.go.jp/search/servlet/search?5064401,https://jopss.jaea.go.jp/pdfdata/JAEA-Research-2018-013.pdf
5056945,JAEA-Technology 2016-021,J-PARC物質・生命科学実験施設BL22「螺鈿」における偏極度解析装置の磁場環境の最適化(受託研究),"Optimization of the magnetic field environment in the polarization analysis system of BL22 ""RADEN"" at J-PARC/MLF (Contract research)","廣井 孝介; 篠原 武尚; 林田 洋寿*; Su, Y. H.; 甲斐 哲也; 及川 健一","Hiroi, Kosuke; Shinohara, Takenao; Hayashida, Hirotoshi*; Su, Y. H.; Kai, Tetsuya; Oikawa, Kenichi",J-PARCの物質・生命科学実験施設(MLF)BL22に設置されたパルス中性子イメージング用ビームライン「螺鈿」では、偏極中性子を利用した磁気イメージング手法の技術開発が精力的に行われている。「螺鈿」では、偏極中性子による磁気イメージングを実施するための偏極度解析装置が整備されたが、機器間の磁場接続を改善し、ビーム経路中で中性子偏極度の低下を防ぐことにより、偏極中性子輸送性能を向上させる余地があった。そこで「螺鈿」の偏極度解析装置内の磁場分布をシミュレーションにより評価し、偏極度低下の原因を特定するとともに、磁場接続の最適化を行い、ビーム経路中の中性子偏極度を高く保つことができる機器配置を決定した。さらに計算により求めた最適条件について中性子ビームを利用した実験を行った結果、波長や場所の違いによる偏極度の変動が改善され、約4cm角の視野範囲全体に渡って均一な偏極度を得ることができた。本報告ではシミュレーションに基づく磁場環境評価と最適化の結果および、シミュレーション結果の妥当性を実験的に検証した研究成果に関して報告する。,"Energy resolved neutron imaging techniques have been developed at BL22 ""RADEN"" installed in the Materials and Life Science Experimental Facility (MLF) of J-PARC. A polarized neutron imaging technique attracts much attention as a magnetic imaging method that enables to obtain a quantitative magnetic field distribution in an industrial product under driving state. At RADEN, a polarization analysis apparatus for polarized neutron imaging experiments has been prepared, but its performance was not fully achieved due to imperfectness of the field connection between devices. To improve the performance of polarization analysis system at RADEN, we performed magnetic field simulation of this system, and optimized the magnetic field environment by evaluating the magnetic field connection. After the optimization, we rearranged devices of the system, and confirmed that uniform polarization distribution could be obtained within 4 4 cm field of view.",Japanese,14 Pages,2016/10,"J-PARC ; MLF ; BL22 ""RADEN"" ; Polarizing instruments",J-PARC物質・生命科学実験施設,https://doi.org/10.11484/jaea-technology-2016-021,"computer_vision, robotics_remote",8,"imaging, イメージング",J-PARCの物質・生命科学実験施設(MLF)BL22に設置されたパルス中性子イメージング用ビームライン「螺鈿」では、偏極中性子を利用した磁気イメージング手法の技術開発が精力的に行われている。「螺鈿」では、偏極中性子による磁気イメージングを実施するための偏極度解析装置が整備されたが、機器間の磁場接続を改善し、ビーム経路中で中性子,https://jopss.jaea.go.jp/search/servlet/search?5056945,https://jopss.jaea.go.jp/pdfdata/JAEA-Technology-2016-021.pdf
5004822,JAEA-Research 2007-015,"前進的モデルを用いた不均質性堆積岩評価手法の研究,3(委託研究)","Study on a method to evaluate heterogeneity of sedimentary rocks using a forward model, 3 (Contract research)",原 彰男*; 星 一良*; 加藤 新*; 前川 恵輔,"Hara, Akio*; Hoshi, Kazuyoshi*; Kato, Arata*; Maekawa, Keisuke",堆積岩の不均質場の特性を実測データに基づき定量的に把握する手法を開発することは、高レベル放射性廃棄物の地層処分におけるサイト特性調査及びそれに基づく性能評価解析において重要な課題となる。本研究では、堆積岩の不均質性評価手法を開発する目的で、幌延地域の珪質泥岩を対象に、堆積過程とその後の埋没過程とを考慮した堆積モデリングソフトウェアを開発し、機能の追加と操作性の向上を図った。具体的には、二次堆積物の堆積様式の追加及び、海岸線移動の計算時に堆積盆の基盤岩の隆起・沈降の影響を考慮できる機能並びに、市販の図化ソフトウェアに適応した書式で計算結果を出力する機能を追加した。操作性の向上としては、入力データ構築支援用のGUI(Graphic User Interface)の開発を行った。改良した同ソフトウェアを用いて、幌延地域を対象としたシミュレーションを実施し、2つのリアライゼーションを示した。その結果、実ボーリング孔から離れた地域での砂質堆積物の堆積の可能性を示唆する結果が得られた。これらの結果に基づき、前進的モデリング手法の優位性及び同ソフトウェアの汎用性の検討を行った。,"It is very important for performance assessment of high-level radioactive waste disposal to develop a method to estimate heterogeneity of sedimentary rocks. We studied siliceous shale from boreholes in the Horonobe area, and developed a sedimentary process modeling software in order to establish a method to estimate heterogeneity of sedimentary rocks. In this study, we aimed for addition of functions in sedimentary process modeling software and improvement of operability. For the former aim, we added functions which were enable to consider the second sedimentation style and influences by subsidence and upheaval of basement of sedimentary basin at the time of a shoreline movement calculation. And, on the occasion of the output of calculation results, we changed the file format in order to enable to adapt to the current visualization software. For the latter aim, we developed the Graphic User Interface (GUI) to support a work for data input. Using this sedimentary process modeling software with the above-mentioned improvement, we carried out simulations for Horonobe area. For making of input data, we utilized the existing data from geological surveys which were carried out by not only Japan Atomic Energy Agency but the others. Therefore we showed two realizations of geological model of Horonobe area. Moreover, we suggested a possibility of sand deposition in a remote area from accutual boreholes. From these results, we showed an applicability of this modeling methodology.",Japanese,104 Pages,2007/03,no keyword,,https://doi.org/10.11484/jaea-research-2007-015,"computer_vision, robotics_remote",8,"remote, visualization","of Horonobe area. Moreover, we suggested a possibility of sand deposition in a remote area from accutual boreholes. From these results, we showed an applicability of this modeling methodology.",https://jopss.jaea.go.jp/search/servlet/search?5004822,https://jopss.jaea.go.jp/pdfdata/JAEA-Research-2007-015.pdf
32625,JAERI-Conf 2005-010,"第3回イオンビーム生物応用研究ワークショップ論文集; 2004年9月29日,高崎研究所","Proceedings of the 3rd Workshop on Ion-beam-applied Biology; September 29, 2004, JAERI, Takasaki",松橋 信平; 鈴井 伸郎; 石岡 典子,"Matsuhashi, Shimpei; Suzui, Nobuo; Ishioka, Noriko","TIARAのイオンビームを利用したバイオ分野の研究をより一層発展させるため、第3回イオンビーム生物応用研究ワークショップ「ポジトロンイメージングを用いた植物研究の新展開; リアルタイム画像で見る植物の機能」を平成16年9月29日、日本原子力研究所高崎研究所ベンチャー棟大会議室において開催した。本ワークショップは、植物ポジトロンイメージング技術の一層の普及,産学官の連携推進、及びポジトロンイメージングによる植物機能解析研究の今後の研究計画に資することを目的とした。イオンビームを用いた生物応用研究,ポジトロンイメージング法を用いた植物機能解析の研究、及びポジトロンイメージング計測を支える技術の研究開発などについて成果報告があり、ポジトロンイメージング研究の将来展望について討議した。",no abstracts in English,Japanese,79 Pages,2005/09,イオンビーム ; 植物 ; 栄養 ; ポジトロンイメージング ; PETIS ; リアルタイム可視化 ; 同化 ; 輸送,TIARA(イオン照射研究施設),https://doi.org/10.11484/jaeri-conf-2005-010,"computer_vision, robotics_remote",8,"イメージング, 可視化","TIARAのイオンビームを利用したバイオ分野の研究をより一層発展させるため、第3回イオンビーム生物応用研究ワークショップ「ポジトロンイメージングを用いた植物研究の新展開; リアルタイム画像で見る植物の機能」を平成16年9月29日、日本原子力研究所高崎研究所ベンチャー棟大会議室において開催した。本ワークショップは、植物ポジトロンイメージング技術の一層の普及,産学官の連携推進、及びポジ",https://jopss.jaea.go.jp/search/servlet/search?32625,https://jopss.jaea.go.jp/pdfdata/JAERI-Conf-2005-010.pdf
30980,JAERI-Tech 2005-028,混相相互作用のX線による高速度可視化手法に関する検討,Feasibility study of a high-speed X-ray visualization method for multiphase interactions,宇佐美 力; 森山 清史; 錦沢 友俊; 中村 秀夫,"Usami, Tsutomu; Moriyama, Kiyofumi; Nishikizawa, Tomotoshi; Nakamura, Hideo","軽水炉シビアアクシデント時に炉心溶融物と冷却水の接触により発生する水蒸気爆発は、格納容器破損をもたらし得る現象の一つとして、安全研究上の課題とされてきた。水蒸気爆発の規模を予測するためには、初期条件となる高温液体の水中での混合状態に関する理解が必要だが、実験でそれを観察する場合には、発生した蒸気泡等のために可視光による観察が難しい。これを観察するためにはX線による透過撮影が適していると考えられる。そこで、撮像速度4500コマ/秒のイメージ・インテンシファイア付き高速度ビデオカメラと、CdWO 単結晶,ZnS(Ag),CsI(Tl)の3種類のシンチレータ(蛍光板)を用いた高速度X線撮影法について実験により検討した。被写体は水槽中に置いた金属物体及び気泡である。実験の結果、3種類のシンチレータのうち、CsI(Tl)により最も良好な画像が得られ、4500コマ/秒の高速撮影ができることを確認した。しかし、撮影した画像を1コマ抜き出した静止画ではノイズが大きくなり、画像が不鮮明になった。","The steam explosion during a severe accident in a light water reactor, which may occur by the contact of molten core and coolant, has been known as a potential threat on the integrity of the containment vessel, and has been studied in the nuclear safety research field. Prediction of the intensity of steam explosions needs an understanding of the initial premixture. However, visual observation of the premixture in experiments is usually difficult due to the vapor generation. Thus, we investigated the possibility of a high-speed X-ray visualization with a 4500 f/s high speed video camera with an image-intensifier and three kinds of scintillator materials: CdWO , ZnS(Ag) and CsI(Tl). A modeled premixture consisted of metal objects and bubbles in a water vessel was used. The test result showed that the CsI(Tl) scintillator gave the best image quality among the three and the high-speed visualization at 4500 f/s was possible, though in the still picture which carried out one of the recorded picture, the picture became indistinct.",Japanese,37 Pages,2005/05,水蒸気爆発 ; シビアアクシデント ; 高速度X線撮影 ; シンチレータ ; CsI(Tl),,https://doi.org/10.11484/jaeri-tech-2005-028,computer_vision,8,"camera, visualization, カメラ, 可視光, 可視化",混相相互作用のX線による高速度可視化手法に関する検討,https://jopss.jaea.go.jp/search/servlet/search?30980,https://jopss.jaea.go.jp/pdfdata/JAERI-Tech-2005-028.pdf
30845,JAERI-Research 2005-010,個別読み出し型二次元中性子ガス検出器の開発; 中性子ビームによる動作試験と検出システムの構築,Development of 2-d position-sensitive neutron detector with individual readout; Operation test and establishment of detection system by means of neutron beam,田中 浩基; 山岸 秀志; 中村 龍也; 曽山 和彦; 相澤 一也,"Tanaka, Hiroki; Yamagishi, Hideshi; Nakamura, Tatsuya; Soyama, Kazuhiko; Aizawa, Kazuya","大強度パルス中性子源を用いた中性子散乱実験用次世代中性子検出器として個別読み出し型中性子ガス検出器の開発を行った。本検出システムでは分光器ごとに異なる要求性能(計数率,効率,n/ 比,位置分解能,大面積化等)に対して検出素子を適切に選択することで柔軟に対応することが可能である。検出素子としてMWPCを用いた場合の本システムの中性子検出器基礎特性及び二次元イメージングの性能試験を行った。ガス条件を5atm 30% C H (0.26atm He)としたときにガスゲイン450で長時間安定に動作し、中性子ビームサイズを考慮した位置分解能は陰極及びバックストリップの方向で1.4, 1.6mm(FWHM)であった。また検出素子の有感領域内における検出効率の均一性は最適アンプ閾値において良好であることを確認した。","We have been developing the 2-d position-sensitive neutron detector with individual readout as next-generation-type detector system for neutron scattering experiments using intense pulsed neutron source. The detection system is designed to fulfill the specifications required for each neutron spectrometer, such as a count rate, efficiency, neutron/ -ray ratio, a spatial resolution and a size, by using suitable detector heads. The fundamental and imaging performances of the developed system assembled with a Multi-wire proportional counter head were evaluated using a collimated neutron beam. The system worked stably for long hours at the gas pressure of 5 atm with a mixture of 30% C H (0.26 atm He)at gas gain of 450. The spatial resolutions were 1.4, 1.6 mm (FWHM) for a cathode- and a back strip- direction, respectively, considering a beam size. It was also confirmed that the spatial uniformity of the detection efficiency over the whole sensitive detection area was rather good, 8 % deviation from the average with the optimum discrimination level.",Japanese,16 Pages,2005/04,Multi Wire Proportional Counter ; Helium-3 ; 2-d Neutron Detector ; Individual Readout ; Spatial Resolution,JRR-3M(研究炉3),https://doi.org/10.11484/jaeri-research-2005-010,"computer_vision, robotics_remote",8,"imaging, イメージング","大面積化等)に対して検出素子を適切に選択することで柔軟に対応することが可能である。検出素子としてMWPCを用いた場合の本システムの中性子検出器基礎特性及び二次元イメージングの性能試験を行った。ガス条件を5atm 30% C H (0.26atm He)としたときにガスゲイン450で長時間安定に動作し、中性子ビームサイズを考慮した位置分解能は陰極及びバックストリップの方向で1.4, 1.6mm(FWHM)であっ",https://jopss.jaea.go.jp/search/servlet/search?30845,https://jopss.jaea.go.jp/pdfdata/JAERI-Research-2005-010.pdf
4037226,JNC TN9400 2003-032,炉容器コンパクト化に関する流動特性試験; 炉内流況の把握と流動適正化方策の考案,Hydraulic experiment for compact reactor vessel; Measurement of flow field and flow optimization in upper plenum,木村 暢之; 林 謙二; 伊藤 真美*; 関根 正*; 五十嵐 実; 佐藤 博之; 上出 英樹,"Kimura, Nobuyuki; Hayashi, Kenji; Ito, Masami*; Sekine, Tadashi*; Igarashi, Minoru; Sato, Hiroyuki; Kamide, Hideki",FBR実用化戦略調査研究の一環として、ナトリウムを冷却材とした高速炉が検討されている。本炉においては、物量を削減して経済性を大幅に向上させるために、徹底したシステムの簡素化・コンパクト化が進められており、具体的には、プレナム径に対する炉出力の増加、燃料交換システム簡素化に伴う切り込みを有するUIS構造の採用などが挙げられる。これらによって懸念される流動現象としては、自由液面からのガス巻き込み現象、高流速化に伴うキヤビテーション、流力振動、熱過渡などがある。設計では、炉心出口からの流れが直接液面に到達しないように、ディッププレートと呼ばれる水平板を液面の下方に設置し、ガス巻き込みの抑制を図ることを検討している。そこで、液面からのガス巻き込み防止を含む炉上部プレナム内の流況を適正化することを目的に、主な構造物を全て模擬した実体系1/10スケールの炉上部プレナム水流動試験装置を製作し、試験を実施した。流況把握は、可視化、超音波流速計、粒子画像流測定法を用いて行った。実機流速一致までの条件で液面からの連続的なガス巻き込みは発生せず、ディッププレートの有効性が確認できた。しかしながら、UIS切り込み部の正面位置での液面は激しく揺動し、液面に向かう流速が大きいことがわかった。また、H/L配管吸い込み部では気泡を伴う水中渦が確認され、キヤビテーション係数を用いて評価すると、実機で発生する可能性があることが確認された。上記課題の解決策として、流れを整流するスプリッタを設置することで、実機キャビテーション係数一致条件での水中渦の発生が防止できることを確認した。また、燃料交換機が設置される個所にプラグを挿入することで、液面に向かう流れが抑制できることを確認した。以上の方策により、コンパクト化した原子炉容器について、流動現象の面から成立性の見通しが得られた。,"An innovative sodium cooled fast reactor has been investigated on the FBR feasibility study. The design of the reactor is undergoing in order to reduce the construction cost of the reactor. For example, thermal output is increased against the reactor size and an upper inner structure (UIS) has a slit for the arm of the fuel-handling machine to simplify the fuel exchanging system. The dipped plates (D/P) are set below the free surface to prevent gas entrainment at free surface. We performed an 1/10th scaled model water experiment for the upper plenum of reactor vessel and investigated flow fields in the plenum in order to optimize flow. In the upper plenum, all of main components were set up as well as the reactor design. In addition, the D/P has a hole in front of the slit of the UIS to insert the fuel handling machine(FHM). As the experimental parameters, the core outlet velocity was varied from the condition of the Froude number similarity to the same value as the real reactor. The local velocity was measured by the particle image velocimetry and the ultrasound Doppler velocimetry. In the experimental results, gas entrainment at the free surface was not observed in the range from the Froude number similarity condition to the same velocity condition as the real reactor. However, the free surface was bulged on a large scale in front of the UIS slit. At the neighborhood of the H/L intake, three vortex cavitations were observed. The vortex cavitations were broken out under the same cavitation coefficient condition based on the H/L velocity as that in the real reactor. A vertical rib was set on the reactor vessel wall near the H/L inlet to restrict the rotating flow at the neighborhood of the H/L. As the result, the vortex cavitation at the region between the reactor vessel wall and the H/L was supressed under the same cavitation factor condition as the real reactor. A vertical cylinder, named FHM plug, was installed to close the hole in the D/P fbr FHM.",Japanese,214 Pages,2003/03,no keyword,,,"computer_vision, robotics_remote",8,"可視化, 超音波",上部プレナム内の流況を適正化することを目的に、主な構造物を全て模擬した実体系1/10スケールの炉上部プレナム水流動試験装置を製作し、試験を実施した。流況把握は、可視化、超音波流速計、粒子画像流測定法を用いて行った。実機流速一致までの条件で液面からの連続的なガス巻き込みは発生せず、ディッププレートの有効性が確認できた。しかしながら、UIS切り込み部の正面位置での液面は激しく揺動し、液面に向かう流速が大きい,https://jopss.jaea.go.jp/search/servlet/search?4037226,https://jopss.jaea.go.jp/pdfdata/JNC-TN9400-2003-032.pdf
20381,JAERI-Research 2002-022,ベイズ逆投影法によるCT画像再構成,Reconstruction of CT images by the Bayes-back projection method,春山 満夫; 高瀬 操*; 岩崎 信*; 飛田 浩,"Haruyama, Mitsuo; Takase, Misao*; Iwasaki, Shin*; Tobita, Hiroshi","放射性廃棄物の非破壊測定技術開発の一環として、廃棄物ドラムの内部情報(物質性状)を把握できるCT法として、ベイズ逆投影法(Bayes Back Projection, BBP)による画像再構成プログラムを開発した。一般的なCT断面画像再構成手法として、フィルタ-補正逆投影法(Filtered Back Projection, FBP)が良く知られているが、今回報告する断面画像再構成手法は、ベイズ推定法をもととした逆問題解法をCT画像再構成問題に適用したものである。本手法は、測定回ごとの投影データを即座に断面画像に反映できる画像逐次改良型であるため、断面画像の修練をリアルタイムで見ることができるだけでなく、関心領域のみの画像再構成を行うことも可能な方法である。今回開発した再構成プログラムはX線XT用のものであるが、中性子イメージングや陽電子断層撮影(Positron Emission Tomography, PET)などの断面画像再構成にも適用することができ、利用範囲は広いものである。","In the course of research on quantitative assay of non-destructive measurement of radioactive waste, the authors have developed a unique program based on the Bayesian theory for reconstruction of transmission computed tomography (TCT) image. The reconstruction of cross-section images in the CT technology usually employs the Filtered Back Projection method. The new imaging reconstruction program reported here is based on the Bayesian Back Projection method, and it has a function of iterative improvement images by every step of measurement. Namely, this method has the capability of prompt display of a cross-section image corresponding to each angled projection data from every measurement. Hence, it is possible to observe an improved cross-section view by reflecting each projection data in almost real time. The present reconstruction program developed here for the -ray CT can widely applied also to, for instance, the Neutron Imaging and the Positron Emission Tomography (PET).",Japanese,91 Pages,2002/12,Bayes ; Bayesian Theory ; Computed Tomography ; Digital Radiography ; Reconstruction ; Back Projection ; Positron Emission Tomography ; Radio-active Waste ; Digital Radiography ; Cross-section,,https://doi.org/10.11484/jaeri-research-2002-022,"computer_vision, robotics_remote",8,"imaging, イメージング","をリアルタイムで見ることができるだけでなく、関心領域のみの画像再構成を行うことも可能な方法である。今回開発した再構成プログラムはX線XT用のものであるが、中性子イメージングや陽電子断層撮影(Positron Emission Tomography, PET)などの断面画像再構成にも適用することができ、利用範囲は広いものである。",https://jopss.jaea.go.jp/search/servlet/search?20381,https://jopss.jaea.go.jp/pdfdata/JAERI-Research-2002-022.pdf
4037027,JNC TN9400 2002-020,原子炉構造コンパクト化のための炉内流動安定化方策の検討; 炉内流動の可視化,Investigation of flow stabilization in a compact reactor vessel of a FBR; Flow visualization in a reactor vessel,佐藤 博之; 五十嵐 実; 木村 暢之; 上出 英樹,"not registered; not registered; Kimura, Nobuyuki; Kamide, Hideki",実用化戦略調査研究において、ナトリウム冷却ループ型高速炉の経済性向上の観点から炉容器のコンパクト化が検討されている。本報告書は、炉容器コンパクト化のための炉上部機構簡素化の一方策として考えられている「切込みを有するコラム型 UIS(炉心上部機構)」を採用した際の炉内流動の可視化試験により把握したものである。本研究では、「切込みを有するコラム型 UIS」の切込み部を通る冷却材の流れおよび炉上部プレナム内の基本的な挙動を把握するために、水を動作流体として用いた1/20スケールの可視化試験装置を作成し、流動化しか試験を行った。試験では、水にトレーサー粒子を混入し、切込み部およびディッププレート下面部にNd-YAGレーザを光源とするスリット状のパルスレーザを照射することにより、トレーサー粒子に当たったレーザを CCDカメラで撮影し流況の撮影を行った。撮影画面からは、粒子画像流速測定法 (PIV)によって定量的な流速ベクトルを求めた。また、ビデオカメラによる定性的な可視化観察も行った。その結果、1)切込みを有するコラム型 UISを内蔵する炉容器内(レファレンスのケース)の切込みを通る流れは、その大部分が UIS内部を通過してD/P下面に直接到達する。切込みの反対側はD/Pに到達する前にほとんど炉壁側に向かう流れになる。 2)PIVによる速度場測定により、可視化による観察結果と基本的に整合した流速分布が効率的に得られる。3)バッフル板の間隔や形状により、切込み部を通る噴流の制御ができることを確認した。,"In the feasibility studies of Commercialized Fast Breeder Reactor Cycle System, a compact reactor vessel is considered from economical improvement point of a sodium cooled loop type fast reactor. The flow field was visualized by water experiment for a reactor vessel with ""a column type UIS (Upper Internal Structure)"", which has a slit for fuel handling mechanism and is useful for a compact fast reactor. In this research, the 1/20 scale test equipment using water was made to understand coolant flow through a slit of ""a column type UIS"" and fundamental behavior of reactor upper plenum flow. In the flow visualization tests, tracer particles were added in the water, and illuminated by the sli-shaped pulse laser. The flow visualization image was taken with a CCD camera. We obtained fluid velocity vectors from the visualization image using the particle Imaging Velocimetry(PIV). The results are as follows. (1)Most of coolant flow through a slit of ""column type UIS"" arrived the dip plate directly. In the opposite side of a slit, most of coolant flowed toward reactor vessel wall before it arrived the dip plate. (2)The PIV was useful to measure the flow field in the reactor vessel. The obtained velocity field was consistent with the flow visualization result. (3)The jet through the UIS slit was dependent on the UIS geometry. There is a possibility to control the jet by the UIS geometry.",Japanese,70 Pages,2002/01,no keyword,,,computer_vision,8,"camera, imaging, visualization, カメラ, 可視化",原子炉構造コンパクト化のための炉内流動安定化方策の検討; 炉内流動の可視化,https://jopss.jaea.go.jp/search/servlet/search?4037027,https://jopss.jaea.go.jp/pdfdata/JNC-TN9400-2002-020.pdf
11500,JAERI-Data/Code 2001-014,Measurement of profile and intensity of proton beam by an integrated current transformer and a segmented parallel-plate ion chamber for the AGS-Spallation Target Experiment (ASTE),AGS核破砕ターゲット実験(ASTE)における積分型カレントトランスフォーマー及びセグメント化された平行平板電離箱を用いた陽子ビームのプロファイルと強度の測定,"明午 伸一郎; 中島 宏; 高田 弘; 春日井 好己; 猪野 隆*; 前川 藤夫; Hastings, J.*; 渡辺 昇; 大山 幸夫; 池田 裕二郎","Meigo, Shinichiro; Nakashima, Hiroshi; Takada, Hiroshi; Kasugai, Yoshimi; Ino, Takashi*; Maekawa, Fujio; Hastings, J.*; Watanabe, Noboru; Oyama, Yukio; Ikeda, Yujiro","1.94,12及び24GeV陽子を水銀ターゲットに入射し、ターゲット内の温度,圧力波及び中性子特性を測定するAGS核破砕ターゲット実験における入射ビームのプロファイルと強度の測定を行った。入射陽子ビームプロファイルのオンライン検出器としてセグメント化された平行平板電離箱(CHIDORI)を用いた。また、プロファイルはアルミ箔を陽子ビームで放射化し、これから生成する 及び 線の強度分布をイメージングプレート(IP)で検出する方法を測定した。ビーム強度の測定には積分型カレントトランスフォーマー(ICT)及び銅箔の放射化法を用いた。CHIDORI及びIPによるプロファイルの結果は良い一致を示した。また、ICT法と放射化法によるビーム強度の結果は、12及び24GeV陽子に対し3%以内で良い一致を示した。さらに、これらの値はAGSのチームが設置したセグメント型ワイヤー電離箱(SWIC)及び二次放出電離箱(SEC)による結果と良い一致を示した。以上より、モニター手法を確立し温度及び圧力波等の実験解析が入射陽子あたりで規格化できるようになった。",no abstracts in English,English,23 Pages,2001/03,"Beam Profile ; Intensity ; 1.94 and 24GeV Protons ; Imaging Plate ; Inegrating Gurrent Transformer ; Segmented Parallel-plate Chamber ; Cu(p,x) Na ; ASTE ; AGS ; Mercury Target",,https://doi.org/10.11484/jaeri-data-code-2001-014,"computer_vision, robotics_remote",8,"imaging, イメージング",出器としてセグメント化された平行平板電離箱(CHIDORI)を用いた。また、プロファイルはアルミ箔を陽子ビームで放射化し、これから生成する 及び 線の強度分布をイメージングプレート(IP)で検出する方法を測定した。ビーム強度の測定には積分型カレントトランスフォーマー(ICT)及び銅箔の放射化法を用いた。CHIDORI及びIPによるプロファイルの結果は良い一致を示した。また、ICT法と放射化法によるビーム強度の,https://jopss.jaea.go.jp/search/servlet/search?11500,https://jopss.jaea.go.jp/pdfdata/JAERI-Data-Code-2001-014.pdf
9860,JAERI-Tech 2000-082,"中性子ラジオグラフィによる照射済燃料・材料の非破壊試験法の開発,2; 中性子ラジオグラフィによるジルカロイ被覆管における水素化物及び酸化膜の観察評価","Development of advanced neutron radiography for inspection on irradiated fuels and materials, 2; Observation of hydride and oxide film on zircaloy cladding using by neutron radiography",安田 良; 仲田 祐仁; 松林 政仁; 原田 克也; 安藤 均*,"Yasuda, Ryo; Nakata, Masahito; Matsubayashi, Masahito; Harada, Katsuya; Ando, Hitoshi*",本報は、照射済燃料に対する中性子ラジオグラフィの開発に関する第二報であり、前報で述べた照射済燃料を模擬したジルカロイ被覆管におけるコールド予備試験の結果について報告する。試験は、被覆管の健全性に影響を及ぼす重要な組織である水素化物及び酸化膜をそれぞれ水素濃度及び膜厚を制御して形成したジルカロイ管を用いて、イメージングプレート及びCT法により撮影を行った。撮影後は、写真観察と画像解析処理により評価を行った。その結果、被覆管中の水素化物については、水素化物の形成領域が確認され、定性的な評価が可能であることがわかった。酸化膜形成管に関しては、酸化膜そのものの観察は困難であったが、形成処理条件による影響が画像上で確認された。,no abstracts in English,Japanese,38 Pages,2001/02,中性子ラジオグラフィ ; ジルカロイ ; 水素化物 ; 酸化膜 ; イメージングプレート ; CT(断面撮影法),,https://doi.org/10.11484/jaeri-tech-2000-082,"computer_vision, robotics_remote",8,"イメージング, 画像解析",の結果について報告する。試験は、被覆管の健全性に影響を及ぼす重要な組織である水素化物及び酸化膜をそれぞれ水素濃度及び膜厚を制御して形成したジルカロイ管を用いて、イメージングプレート及びCT法により撮影を行った。撮影後は、写真観察と画像解析処理により評価を行った。その結果、被覆管中の水素化物については、水素化物の形成領域が確認され、定性的な評価が可能であることがわかった。酸化膜形成管に関しては、酸化膜そのものの,https://jopss.jaea.go.jp/search/servlet/search?9860,https://jopss.jaea.go.jp/pdfdata/JAERI-Tech-2000-082.pdf
8639,JAERI-Tech 2000-070,イメージングプレートによるJRR-2一次冷却系重水用アルミニウム配管中のトリチウム量の測定,Measurement of tritium activity in the aluminum pipe of JRR-2 heavy water primary cooling system using imaging plate,本石 章司; 小林 勝利; 佐伯 秀也*,"Motoishi, Shoji; Kobayashi, Katsutoshi; Saeki, Hideya*",JRR-2の廃止措置にあたり、一次冷却系重水の循環系統であった配管及び機器類に付着及び浸透しているトリチウム量の評価が重要となっている。アイソトープ開発室では、イメージングプレートを使用してAl配管中のトリチウム量と浸透深さを求める実験を行った。Al配管のトリチウム汚染面を除く部分にアクリル塗料を塗布し、1.5%(1.21M)フッ化水素酸溶液で汚染面の酸化被膜を一定時間(3分)溶解しイメージングプレートで測定した。その結果、トリチウムは深度方向に25 mまで浸透していることを確認した。また、その90%は7 m以内に分布していることを確認した。,no abstracts in English,Japanese,34 Pages,2000/12,JRR-2 ; 一次冷却系重水 ; トリチウム ; アルミニウム配管 ; 酸化被膜 ; イメージングプレート ; フッ化水素酸 ; アクリル塗料 ; 浸透深さ,,https://doi.org/10.11484/jaeri-tech-2000-070,"computer_vision, robotics_remote",8,"imaging, イメージング",イメージングプレートによるJRR-2一次冷却系重水用アルミニウム配管中のトリチウム量の測定,https://jopss.jaea.go.jp/search/servlet/search?8639,https://jopss.jaea.go.jp/pdfdata/JAERI-Tech-2000-070.pdf
4017244,JNC TN1400 2000-003,先行基礎工学に関する平成11年度研究概要報告,None,技術協力課*,not registered,機構は、大学及び研究機関(以下「大学等」という。)との研究協力の推進を図るため、平成7年度から先行基礎工学研究協力制度を発足させた。同制度は、平成11年度で5年目を迎え、対象としている研究分野は機構の研究開発に係わるすべての分野に拡大している。同制度は、機構の施設及び設備を主に利用し、機構が取り組むプロジェクト開発に先行した基礎・基盤的研究を大学等との研究協力により推進することを目的とする。同制度では、機構が設定した研究協力テーマに対して、大学等から研究目的を達成する上で必要な研究協力課題及び研究協力者を提案して頂き、外部の専門家を中心とする選考委員会で研究協力課題を選考している。研究協力形態としては、大学等との共同研究の実施又は客員研究員として受け入れる形態を採用している。なお、共同研究又は客員研究員に大学院修士課程・博士課程の学生を研究生として加えることも可能としている。本報告書は、平成11年度に実施した高速増殖炉関係、核燃料サイクル関係及び環境技術関係の先行基礎工学研究に関する49件の研究協力課題の実施結果についてその概要をまとめたものである。なお、49件の研究協力課題のうち、高速増殖炉関係の12件、核燃料サイクル関係の1件及び環境技術関係の4件の合計17件については、平成11年度で終了した。,None,Japanese,252 Pages,2000/07,FBR型原子炉 ; FPガスモニタリング ; ODSフェライト鋼 ; アクチニド ; クロスホール ; シロイヌナズナ ; その他 ; ナトリウム漏洩 ; ランタニド ; レーザー共鳴イオン化分光 ; レーザー超音波 ; 可視化 ; 核燃料サイクル ; 環境技術 ; 基礎研究 ; 基礎工学 ; 気液二相流 ; 原子炉冷却系 ; 高温損傷 ; 高速増殖炉 ; 常陽 ; 第一原理計算 ; 地下水流動 ; 中性子ビーム ; 中性子ラジオグラフィ ; 燃料破損 ; 放射線分解 ; 弥生炉,,,"computer_vision, robotics_remote",8,"可視化, 超音波",鋼 ; アクチニド ; クロスホール ; シロイヌナズナ ; その他 ; ナトリウム漏洩 ; ランタニド ; レーザー共鳴イオン化分光 ; レーザー超音波 ; 可視化 ; 核燃料サイクル ; 環境技術 ; 基礎研究 ; 基礎工学 ; 気液二相流 ; 原子炉冷却系 ; 高温損傷 ; 高速増殖炉 ; 常陽 ; 第一原理計算 ; 地下水流動 ; 中性子ビーム ; 中性子ラジオグラフィ ; 燃料破損 ; 放射線,https://jopss.jaea.go.jp/search/servlet/search?4017244,https://jopss.jaea.go.jp/pdfdata/JNC-TN1400-2000-003.pdf
2006422,JAERI-Tech 99-042,溶融炉心の原子炉下部ヘッド内堆積挙動に関する熱水力的基礎実験,Fundamental experiments on accumulation behavior of molten fuel in a pressure vessel lower head,柴本 泰照; 中村 秀夫; 安濃田 良成; 久木田 豊*,"Shibamoto, Yasuteru; Nakamura, Hideo; Anoda, Yoshinari; Kukita, Yutaka*","シビアアクシデント時の溶融燃料の原子炉圧力容器下部ヘッドにおける燃料冷却材相互作用(molten fuel and coolant interactions, MFCIs)を伴う落下中及び落下後の堆積挙動に関する模擬基礎実験を行い、中性子ラジオグラフィ(neutron radiography,NRG)を中心とした流動の可視化観察を行った。実験では、低融点の溶融合金(鉛-ビスマス)を圧力容器の下部ヘッドに見立てた小型の試験容器に落下させ、溶融合金単相の振る舞い及び冷却材との相互作用を観察した。また、NRG実験の検証・補完のため、耐熱ガラス容器を用いた流動の直接観察実験及び赤外線ビデオカメラを用いた容器外表面の温度分布の変化を測定した。本レポートは、これらの実験方法と観察結果をまとめたものである。",no abstracts in English,Japanese,41 Pages,1999/05,Neutron Radiography ; Visualization ; Tracers ; Lower Head ; Liquid Metal ; MFCIs,,https://doi.org/10.11484/jaeri-tech-99-042,computer_vision,8,"visualization, カメラ, 可視化, 赤外線",に落下させ、溶融合金単相の振る舞い及び冷却材との相互作用を観察した。また、NRG実験の検証・補完のため、耐熱ガラス容器を用いた流動の直接観察実験及び赤外線ビデオカメラを用いた容器外表面の温度分布の変化を測定した。本レポートは、これらの実験方法と観察結果をまとめたものである。,https://jopss.jaea.go.jp/search/servlet/search?2006422,https://jopss.jaea.go.jp/pdfdata/JAERI-Tech-99-042.pdf
2006383,JAERI-Tech 99-003,High -rays irradiation tests of critical components for ITER (International Thermonulear Experimental Reactor) in-vessel remote handling system,ITER(国際熱核融合実験炉)用炉内遠隔保守装置を構成する主要機器・部品の高 線照射試験,小原 建治郎; 角舘 聡; 岡 潔; 田口 浩*; 伊藤 彰*; 小泉 興一; 柴沼 清; 八木 敏明; 森田 洋右; 金沢 孝夫; 多田 栄介,"Obara, Kenjiro; Kakudate, Satoshi; Oka, Kiyoshi; not registered; not registered; Koizumi, Koichi; Shibanuma, Kiyoshi; Yagi, Toshiaki; Morita, Yosuke; not registered; Tada, Eisuke",【本報告書は、諸般の事情により、全文ファイルの公開を取りやめています。】ITER(国際熱核融合実験炉)の工学R&Dにおいて、日本ホームチームが分担し、進めてきた遠隔保守装置用機器・部品の 線照射試験の結果と耐放射線性機器の現状について述べる。試験された機器・部品の総数は約70品目で、その仕様は市販品、市販品を改良・改質した機器、及び新規に開発した機器に分類され、高崎研究所の 線照射施設を使用して実施された。その結果、セラミック被覆電線によるACサーボモータ、耐放射線性ペリスコープ、CCDカメラが開発された他、高 線照射下で使用可能なITER用遠隔保守装置用機器・部品の開発が着実に進展した。,[This article is unavailable to download the full text due to various reasons.],English,312 Pages,1999/02,線照射試験 ; 耐放射線性 ; 動力源 ; 潤滑剤 ; センサー ; 光学部品 ; 電線 ; 遠隔保守装置 ; ITER,,https://doi.org/10.11484/jaeri-tech-99-003,"computer_vision, robotics_remote",8,"remote, カメラ",components for ITER (International Thermonulear Experimental Reactor) in-vessel remote handling system,https://jopss.jaea.go.jp/search/servlet/search?2006383,
2074302,JAERI-Conf 96-002,"第9回「原子力におけるソフトウェア開発」研究報告集; 1995年11月9 10日,東海研究所,東海村","Proceedings of the 9th Topical Meeting on Nuclear Code Development; November 9 10, 1995, JAERI, Tokai, Japan",原子力コード研究委員会; 炉物理研究委員会,not registered; Research Committee on Reactor Physics,本報告書は、平成7年11月9日、10日に日本原子力研究所東海研究所において開催された第9回「原子力におけるソフトウェア開発」研究会での発表論文を収録したものである。研究会は、原子力コード研究委員会と炉物理研究委員会の共催によって行われた。シミュレーションや実験による各種現象の理解、あるいはプラントの設計や運転支援に有効な「ビジュアリゼーション技術」が今回のテーマであり、「シミュレーションと可視化技術」及び「画像処理と計測」に関する発表が行われた。,no abstracts in English,Japanese,160 Pages,1996/02,Software ; Reactor Physics ; Nuclear Code ; Simulation ; Visualization ; Image Processing ; Measurement,,https://doi.org/10.11484/jaeri-conf-96-002,computer_vision,8,"image processing, visualization, 可視化, 画像処理",れた。シミュレーションや実験による各種現象の理解、あるいはプラントの設計や運転支援に有効な「ビジュアリゼーション技術」が今回のテーマであり、「シミュレーションと可視化技術」及び「画像処理と計測」に関する発表が行われた。,https://jopss.jaea.go.jp/search/servlet/search?2074302,https://jopss.jaea.go.jp/pdfdata/JAERI-Conf-96-002.pdf
4024814,PNC TN8410 93-074,溶接部超音波欠陥検査装置の開発「その2 画像処理システムとSTBの製作及びPMW試料の超音波探傷」,None,関 正之; 平子 一仁*; 西山 元邦; 豊島 光男; 井坂 和彦*; 飛田 典幸; 上村 勝一郎,"Seki, Masayuki; not registered; not registered; not registered; not registered; Tobita, Noriyuki; not registered","現在,開発を実施しているPMW(パルス磁気溶接)法は,固相接合となるため,従来の融接法と異なった接合状態と接合欠陥が発生する。また,PMW法の場合,その溶設強度を担保する上でその接合長さの測定が,重要な役割を占めている。従来,溶接部の欠陥検査はX線による透過撮影法により行われてきたが,PMW法により発生しうる溶接欠陥は,X線の解像度( 200 m程度)より小さく,しかもPMW法溶接部の強度評価において最も重要である接合長さの測定が行えない。そこで従来のX線法に変わる固相接合面の検査方法として超音波を利用した検査装置の開発に取り組みその駆動機構の設計,製作,試運転の結果を1991年に(PNC PN8410 91-010)報告した。本報告書は,この駆動装置に新たに付加した画像処理システムの設計,製作,試運転の報告と超音波の検査に不可欠である標準試験片の設計,製作並びにPMW試料溶接部の超音波検査試験に関するものである。",None,Japanese,74 Pages,1993/04,no keyword,,,"computer_vision, robotics_remote",8,"画像処理, 超音波",溶接部超音波欠陥検査装置の開発「その2 画像処理システムとSTBの製作及びPMW試料の超音波探傷」,https://jopss.jaea.go.jp/search/servlet/search?4024814,https://jopss.jaea.go.jp/pdfdata/PNC-TN8410-93-074.pdf
4024704,PNC TN8470 93-007,ガラス固化技術開発施設建設工事報告書; 遠隔操作試験1(EDF-3),None,室川 佳久; 真道 隆治; 市野沢 仁; 上野 勤; 本橋 昌幸; 狩野 元信; 新沢 幸一*,not registered; not registered; not registered; not registered; not registered; not registered; not registered,ガラス固化技術開発施設(以下「TVF」という。)の固化セルは、従事者の被ばく低減化、施設の稼働率の向上を図るため全遠隔保守方式を採用した。このためセル内に設置したラック、溶融炉等の高放射性物質を内包する機器は、動燃が開発を実施してきた両腕型マニプレータ及びインセルタレーンを主とする遠隔操作機器によって、保守することが可能であることを設計条件としている。本試験は、スクラッバラック模擬体、溶融炉(TVF用実機)及びその付属品の遠隔保守性を確認することにより、それまでに進めて来た設計の妥当性を確認し、その結果を実機の設計及び製作に反映することを目的として実施した。試験の結果、TVFの固化セル内に設置する機器等の遠隔保守に対する設計の妥当性を確認することができた。なお、保守対象品のバランス等の細部に改善すべき点が見出されたが、これらについては工場製作中のラックに反映した。試験に当たっては、東海事業所の実規模開発試験室(以下「EDF-III」という。)の模擬セル、両腕型マニプレータ(BSM)、クレーン等の遠隔保守設備を利用した。本資料では、EDF-IIIで実施した遠隔保守試験の結果を報告する。,no abstracts in English,Japanese,123 Pages,1993/02,遠隔制御 ; 監視カメラ ; 再処理 ; 廃棄物処理 ; 保守管理 ; 放射性廃棄物 ; 融解炉,,,"computer_vision, robotics_remote",8,"カメラ, 遠隔操作",ガラス固化技術開発施設建設工事報告書; 遠隔操作試験1(EDF-3),https://jopss.jaea.go.jp/search/servlet/search?4024704,https://jopss.jaea.go.jp/pdfdata/PNC-TN8470-93-007.pdf
4014287,PNC TN1410 91-097,Remoto Surveillance System for New MOX Plant,None,高橋 三郎*; 大谷 哲雄*; 瀬谷 道夫*; 松山 一富*,not registered; not registered; not registered; not registered,None,This report describes the results of project JD-12 including JD-9. The objective of this project is to develop a remote surveillance system with a trigger devices which consist of ray monitor and electronic sealing switch. The concept of the system is going to be applied to an automatich storage of new MOX plant which is fully automated.,English,17 Pages,1991/12,JD‐9 ; MOXプラント ; MOX燃料 ; ガンマ線モニタ ; サーベイランス ; トリガ回路 ; トリガ装置 ; ビデオカメラ ; プロジェクトJD‐12 ; 遠隔サーベイランス ; 遠隔監視 ; 核燃料 ; 核燃料再処理 ; 監視装置 ; 記録 ; 計算機プログラム ; 原子炉施設 ; 混合酸化燃料 ; 再生 ; 自動化 ; 自動貯蔵 ; 制御プログラム ; 探査 ; 貯蔵 ; 電子シーリングスイッチ,,,"computer_vision, robotics_remote",8,"remote, カメラ",of project JD-12 including JD-9. The objective of this project is to develop a remote surveillance system with a trigger devices which consist of ray monitor and electronic sealing switch. The concept of t,https://jopss.jaea.go.jp/search/servlet/search?4014287,https://jopss.jaea.go.jp/pdfdata/PNC-TN1410-91-097.pdf
4021055,JNC TJ7400 2005-075,時間領域電磁法を用いた精密電気探査法開発,Development of precise time domain EM interpretation method,"斉藤 章*; 石川 秀浩*; Andersen, H. T.*","Saito, Akira*; Ishikawa, Hidehiro*; Andersen, H. T.*","電磁探査法における新しい解析手法として,アナリティックコンティニュエーション,電磁マイグレーション,イメージングなどと呼ばれる方法がアメリカ・カナダ・ソ連などで提唱されている。これらはいずれも従来から広く実施されている水平多層インバージョンに替る解析技術として,地表での多くの測定データからより積極的に地下構造の断面・平面図を求めようとするものであり,弾性波反射法のマイグレーション技術などに負う所が多い。本研究は昨年度に引き続きアナリティックコンティニュエーションの理論の検討,二・三次元モデル計算結果に対するテストなどを行なって解析プログラムを完成させることを目標とした。特にSINH,COSHコンティニュエーションフィルターにテーパーを加えるなどの改良を行なった。その結果,より安定で使いやすいプログラムが完成し,EM-37による実際のデータに対して解析処理を行なった結果,地下の断面図が描かれ,十分に実用になることがわかった。さらに本解析手法は新しい技術であるため,それに適した測定装置の仕様(ダイナミックレンジや分解能など)や測定方法についても検討を行なった。",no abstracts in English,Japanese,106 Pages,1990/03,no keyword,,,"3d_modeling, robotics_remote",8,"イメージング, 三次元, 三次元モデル","電磁探査法における新しい解析手法として,アナリティックコンティニュエーション,電磁マイグレーション,イメージングなどと呼ばれる方法がアメリカ・カナダ・ソ連などで提唱されている。これらはいずれも従来から広く実施されている水平多層インバージョンに替る解析技術として,地表での多くの測定データからより積極的に地下構造の断面・平面図を求めようとするものであり,",https://jopss.jaea.go.jp/search/servlet/search?4021055,https://jopss.jaea.go.jp/pdfdata/JNC-TJ7400-2005-075.PDF
4032272,PNC TN943 85-06,Development of Pressure Tube Inspection Equipment for ATR,None,北原 種道*; 成尾 一輝*; 谷本 健一*,not registered; not registered; not registered,None,"A remote-controlled in-service inspection device has been developed for inspecting pressure tubes of the Fugen, which is a heavy water moderated and boiling light water cooled pressure-tube type reactor. The equipment is capable of performing three kinds of inspections ultrasonic flaw detection; measurement of inside diameter; and visual inspection of the internal surface. To reduce the radiation exposure of inspectors, the three kinds of detectors, with their associated electronics and drive mechanisms for vertical and rotating movements, are housed in the inspection tool assembly, which can be mounted on or removed from the pressure tubes by a refueling machine through remote control operation. The ultrasonic technique has been adopted for measurement of the internal diameter in order to shorten the inspection time. Detectors, TV camera, and electronic components used in the inspection tool assembly were selected on the basis of irradiation test results. Before inspection of the Fugen reactor, the total system was tested on a mock-up pressure tube to confirm its functions, performance, durability and reliability. Test results are; (1)The ultrasonic flaw detector can detect an artificial flaw of 2.0mm in lengthg, 0.1 mm in width and 0.1 mm in depth with S/N=7dB; (2)The inside diameter measurement system can measure the inside diameter, ranging from 117,5mm to 119.5mm, to an accuracy of 20 m; (3)An artificial flaw of 2.0mm in length, 0.1 mm in width and O.1mm in depth can be observed by the internal surface observation system. The equipment was used for the inspection of ten pressure tubes of the Fugen reactor during the May 1984 annual inspection. No degradation of the performance of the equipment was observed even after 55 hours of inspection under a maximum dose rate of 2.5 10 R/h. Based on these results, the functions and performance of the equipment in practical use were fully confirmed.",English,19 Pages,1985/01,no keyword,,,"computer_vision, robotics_remote",8,"camera, remote","of the internal diameter in order to shorten the inspection time. Detectors, TV camera, and electronic components used in the inspection tool assembly were selected on the basis of irradiation test results.",https://jopss.jaea.go.jp/search/servlet/search?4032272,https://jopss.jaea.go.jp/pdfdata/PNC-TN943-85-06.pdf
4031795,PNC TN941 84-100,高速実験炉「常陽」第4回定期点検報告 : 1次主循環ポンプ(A)アウターケーシング内面遠隔目視検査,"Experimental fast reactor ""JOYO"" the 4th annual inspection report; Remote visual inspection of outer casing inner surface of primary main pump (A)",富田 直樹*; 前田 幸基*; 宮口 公秀; 遠藤 順一*,"not registered; Maeda, Yukimoto*; Miyaguchi, Kimihide; not registered","高速実験炉「常陽」第4回定検期間中に,供用期間中検査の一環として,冷却材バウンダリとなる1次主循環ポンプA号機アウターケーシングについて,Na接液側溶接部の健全性および1次主循環ポンプに代表される1次系機器・配管のドレン後のNa付着状况を確認する目的で多目的目視検査装置を使用した目視検査を実施した。この検査は1次主循環ポンプA号機の分解点検時に行なったもので,旧インナーアセンブリをアウターケーシングから引き抜き,新インナーアセンブリを装荷するまでの間を利用して,検査装置(カメラ)をアウターケーシング内へ吊降して,溶接部やNa付着状況を目視検査するとともにビデオテープに集録した。検査の結果,アウターケーシングNa接液側溶接部には欠陥は認められなかった。また,1次主循環ポンプのみならず1次主配管の一部についても目視することができ,Naドレン状況は極めて良好であることを確認した。これらのことから,本方法は2重構造の内側に冷却材バウンダリが存在し,アクセスが困難な場合の供用期間中検査の一つの方法として,極めて有効であることを実証した。","In the 4th annual inspection of ""JOYO"", the remote visial inspection of the primary main pump (A) outer-casing was carried out as one of inservice-inspection in order to confirm the integrity of the welds and examine the condition of sodium deposition after being drained. The inspection was conducted when the primary main pump (A) was over-houled and by using Multi-Purpose Inspection Industrial Television (MPI-ITV) the condition of the outer casing inner surface was displayed clearly on TV and recorded by the video tape recorder. By the inspection, no degradation of the welds was found and the condition of the sodium drain was confirmed to be well. These results showed that this inspection method was effective as one of inservice-inspection in case that the access to the equipment was difficult.",Japanese,51 Pages,1984/06,no keyword,,,"computer_vision, robotics_remote",8,"remote, カメラ","Experimental fast reactor ""JOYO"" the 4th annual inspection report; Remote visual inspection of outer casing inner surface of primary main pump (A)",https://jopss.jaea.go.jp/search/servlet/search?4031795,https://jopss.jaea.go.jp/pdfdata/PNC-TN941-84-100.pdf
4022394,PNC TN841 84-12,プルトニウム粒子検出用アルファ線イメージング装置,None,関 昭雄; 小泉 勝三,"Seki, Akio; Koizumi, Katsuzo","昭和53年から昭和56年にかけて,名古屋大学工学部原子核工学教室,放射線安全工学研究室に▲「施設内空気中放射性エアロゾルの挙動についての研究」を委託した。この委託研究の成果の1つとして, 放射性粒子を画像として識別する 線イメージング装置が開発された。▲本報告は,この 線イメージング装置を実用化に向けて改良し,そのカメラの基本特性について調べ,装置の取扱い者が装置の原理,特性を理解し,得られた画像を正しく評価し,日常の放射線管理に有効に活用できるようにまとめたものである。",no abstracts in English,Japanese,38 Pages,1984/02,no keyword,,,"computer_vision, robotics_remote",8,"イメージング, カメラ",プルトニウム粒子検出用アルファ線イメージング装置,https://jopss.jaea.go.jp/search/servlet/search?4022394,https://jopss.jaea.go.jp/pdfdata/PNC-TN841-84-12.pdf
5081084,JAEA-Review 2025-048,革新的アルファダスト撮像装置と高線量率場モニタの実用化とその応用(委託研究); 令和5年度英知を結集した原子力科学技術・人材育成推進事業,Development of a high-resolution imaging camera for alpha dust and high-dose rate monitor (Contract research); FY2023 Nuclear Energy Science & Technology and Human Resource Development Project,廃炉環境国際共同研究センター; 東北大学*,Collaborative Laboratories for Advanced Decommissioning Science; Tohoku University*,"日本原子力研究開発機構(JAEA)廃炉環境国際共同研究センター(CLADS)では、令和5年度英知を結集した原子力科学技術・人材育成推進事業(以下、「本事業」という。)を実施している。本事業は、東京電力ホールディングス株式会社福島第一原子力発電所の廃炉等をはじめとした原子力分野の課題解決に貢献するため、国内外の英知を結集し、様々な分野の知見や経験を従前の機関や分野の壁を越えて緊密に融合・連携させた基礎的・基盤的研究及び人材育成を推進することを目的としている。平成30年度の新規採択課題から実施主体を文部科学省からJAEAに移行することで、JAEAとアカデミアとの連携を強化し、廃炉に資する中長期的な研究開発・人材育成をより安定的かつ継続的に実施する体制を構築した。本研究は、令和4年度に採択された研究課題のうち、「革新的アルファダスト撮像装置と高線量率場モニタの実用化とその応用」の令和5年度分の研究成果について取りまとめたものである。本研究では、二つの検出器の開発を実施している。一つ目は、作業員の安全の確保のための 線核種の炉内の分布を明らかにする技術の実現を目指し、スミヤろ紙上に付着するより細かい 線核種を含む微細なダストの詳細な分布の可視化を可能にする技術の開発である。令和4年度の研究開始時は資材等の準備からはじまり、優れた位置分解能と高感度化を目指した検出素子などの材料開発や光検出器などのハード及びソフトウェアの準備を順調に行うことができた。また、令和5年度末までに発光波長が500-800nmかつ5.5MeVの 線入射で、発光量が70,000光子相当の目標値の中に入る材料開発などを実施することができた。さらに、画像から 、 線等との分別ができるようなアルゴリズムの開発を進めることができた。二つ目は、光ファイバーを用いた超高線量率場での線量率モニタの開発である。こちらについても、高感度化を目指した検出素子などの材料開発及びシミュレーション体系の構築とその解析ができた。モニタとしての実証試験も実施して、20mSv/h未満から1kSv/h以上までの線量のダイナミックレンジを有することがわかり、現場適用に対応可能な検出器の開発が進められた。","The Collaborative Laboratories for Advanced Decommissioning Science (CLADS), Japan Atomic Energy Agency (JAEA), had been conducting the Nuclear Energy Science & Technology and Human Resource Development Project (hereafter referred to ""the Project"") in FY2023. The Project aims to contribute to solving problems in the nuclear energy field represented by the decommissioning of the Fukushima Daiichi Nuclear Power Station, Tokyo Electric Power Company Holdings, Inc. (TEPCO). For this purpose, intelligence was collected from all over the world, and basic research and human resource development were promoted by closely integrating/collaborating knowledge and experiences in various fields beyond the barrier of conventional organizations and research fields. The sponsor of the Project was moved from the Ministry of Education, Culture, Sports, Science and Technology to JAEA since the newly adopted proposals in FY2018. On this occasion, JAEA constructed a new research system where JAEA-academia collaboration is reinforced and medium-to-long term research/development and human resource development contributing to the decommissioning are stably and consecutively implemented. Among the adopted proposals in FY2022, this report summarizes the research results of the ""Development of a high-resolution imaging camera for alpha dust and high-dose rate monitor"" conducted in FY2023. The present study aims to develop a high-resolution imaging camera for alpha dust and a high-dose rate monitor. To realize the high-resolution imaging camera for alpha dust, we have developed novel scintillation materials with emission bands of 500-800 nm. Moreover, we have prepared several materials for the camera and software. We have also developed novel scintillation materials with emission bands of 650-1,000 nm, and simulation studies have been conducted for the high-dose-rate monitor system consisting of optical fiber. In addition, we demonstrated this monitoring system, and the dose-rate dynamic range was found to be 20 mSv/h to 1 kSv/h.",Japanese,56 Pages,2026/02,福島第一原子力発電所事故 ; Fukushima Daiichi Nuclear Power Station Accident ; Alpha Dust Imaging ; High Dose Rate ; Scintillator ; Alpha Rays ; Gamma Rays ; Simulation ; Red or Infrared,,https://doi.org/10.11484/jaea-review-2025-048,computer_vision,7,"camera, imaging, 可視化",Development of a high-resolution imaging camera for alpha dust and high-dose rate monitor (Contract research); FY2023 Nuclear Energy Science & Technology and Human Res,https://jopss.jaea.go.jp/search/servlet/search?5081084,https://jopss.jaea.go.jp/pdfdata/JAEA-Review-2025-048.pdf
5077473,JAEA-Review 2024-016,革新的アルファダスト撮像装置と高線量率場モニタの実用化とその応用(委託研究); 令和4年度英知を結集した原子力科学技術・人材育成推進事業,Development of a high-resolution imaging camera for alpha dust and high-dose rate monitor (Contract research); FY2022 Nuclear Energy Science & Technology and Human Resource Development Project,廃炉環境国際共同研究センター; 東北大学*,Collaborative Laboratories for Advanced Decommissioning Science; Tohoku University*,"日本原子力研究開発機構(JAEA)廃炉環境国際共同研究センター(CLADS)では、令和4年度英知を結集した原子力科学技術・人材育成推進事業(以下、「本事業」という。)を実施している。本事業は、東京電力ホールディングス株式会社福島第一原子力発電所の廃炉等をはじめとした原子力分野の課題解決に貢献するため、国内外の英知を結集し、様々な分野の知見や経験を、従前の機関や分野の壁を越えて緊密に融合・連携させた基礎的・基盤的研究および人材育成を推進することを目的としている。平成30年度の新規採択課題から実施主体を文部科学省からJAEAに移行することで、JAEAとアカデミアとの連携を強化し、廃炉に資する中長期的な研究開発・人材育成をより安定的かつ継続的に実施する体制を構築した。本研究は、令和4年度に採択された研究課題のうち、「革新的アルファダスト撮像装置と高線量率場モニタの実用化とその応用」の令和4年度分の研究成果について取りまとめたものである。ここでは、2つの検出器の開発を実施している。1つ目は、作業員の安全の確保のための 線核種の炉内の分布を明らかにする技術の実現を目指し、スミヤろ紙上に付着するより細かい 線核種を含む微細なダストの詳細な分布を可視化することを可能にする技術の開発である。初年度にあたることから研究開始時は資材等の準備から始まり優れた位置分解能、高感度化を目指した検出素子などの材料開発、光検出器などのハードおよびソフトウェアといった準備を順調に行うことができた。令和4年度末までに発光波長が500-800nmの目標値の中に入る材料の開発などを実施することができた。2つ目の検出器は、光ファイバーを用いた超高線量率場での線量率モニタの開発である。こちらについても、高感度化を目指した検出素子などの材料開発およびシミュレーション体系の構築といった準備を順調に行うことができた。そして目標発光波長である650-1,000nmを満たす当該材料の開発を行うことができた。加えて、モニタとしての実証試験も実施して、80mSv/h未満から1kSv/h以上までの線量のダイナミックレンジを有することが分かり、現場適用に対応可能な検出器の開発が進められた。","The Collaborative Laboratories for Advanced Decommissioning Science (CLADS), Japan Atomic Energy Agency (JAEA), had been conducting the Nuclear Energy Science & Technology and Human Resource Development Project (hereafter referred to ""the Project"") in FY2022. The Project aims to contribute to solving problems in the nuclear energy field represented by the decommissioning of the Fukushima Daiichi Nuclear Power Station, Tokyo Electric Power Company Holdings, Inc. (TEPCO). For this purpose, intelligence was collected from all over the world, and basic research and human resource development were promoted by closely integrating/collaborating knowledge and experiences in various fields beyond the barrier of conventional organizations and research fields. The sponsor of the Project was moved from the Ministry of Education, Culture, Sports, Science and Technology to JAEA since the newly adopted proposals in FY2018. On this occasion, JAEA constructed a new research system where JAEA-academia collaboration is reinforced and medium-to-long term research/development and human resource development contributing to the decommissioning are stably and consecutively implemented. Among the adopted proposals in FY2022, this report summarizes the research results of the ""Development of a high-resolution imaging camera for alpha dust and high-dose rate monitor"" conducted in FY2022. The present study aims to develop a high-resolution imaging camera for alpha dust and a high-dose rate monitor. To realize the high-resolution imaging camera for alpha dust, we have developed novel scintillation materials with emission bands of 500-800 nm. Moreover, we have prepared several materials for the camera and software. We have also developed novel scintillation materials with emission bands of 650-1,000 nm, and simulation studies have been conducted for the high-dose-rate monitor system consisting of optical fiber.",Japanese,61 Pages,2024/12,福島第一原子力発電所事故 ; Fukushima Daiichi Nuclear Power Station Accident ; Alpha dust imaging ; high dose rate ; scintillator ; alpha rays ; gamma rays ; simulation ; red or infrared,,https://doi.org/10.11484/jaea-review-2024-016,computer_vision,7,"camera, imaging, 可視化",Development of a high-resolution imaging camera for alpha dust and high-dose rate monitor (Contract research); FY2022 Nuclear Energy Science & Technology and Human Res,https://jopss.jaea.go.jp/search/servlet/search?5077473,https://jopss.jaea.go.jp/pdfdata/JAEA-Review-2024-016.pdf
5077475,JAEA-Review 2024-006,汚染可視化ハンドフットクロスモニタの要素技術開発(委託研究); 令和4年度英知を結集した原子力科学技術・人材育成推進事業,Development of elemental technologies of hand-foot-cloth monitors for -contamination visualization (Contract research); FY2022 Nuclear Energy Science & Technology and Human Resource Development Project,廃炉環境国際共同研究センター; 北海道大学*,Collaborative Laboratories for Advanced Decommissioning Science; Hokkaido University*,日本原子力研究開発機構(JAEA)廃炉環境国際共同研究センター(CLADS)では、令和4年度英知を結集した原子力科学技術・人材育成推進事業(以下、「本事業」という)を実施している。本事業は、東京電力ホールディングス株式会社福島第一原子力発電所(1F)の廃炉等をはじめとした原子力分野の課題解決に貢献するため、国内外の英知を結集し、様々な分野の知見や経験を、従前の機関や分野の壁を越えて緊密に融合・連携させた基礎的・基盤的研究及び人材育成を推進することを目的としている。平成30年度の新規採択課題から実施主体を文部科学省からJAEAに移行することで、JAEAとアカデミアとの連携を強化し、廃炉に資する中長期的な研究開発・人材育成をより安定的かつ継続的に実施する体制を構築した。本研究は、令和4年度に採択された研究課題のうち、「 汚染可視化ハンドフットクロスモニタの要素技術開発」の令和4年度分の研究成果について取りまとめたものである。本研究は、1Fの廃炉事業に携わる作業者の安心・安全を確保するべく、汚染頻度の高い足裏、両手表面を対象とした「 汚染可視化ハンドフットモニタ」と着衣等の汚染検査に使用する「 ・ 汚染可視化クロスモニタ」( ・ 汚染分布・エネルギー計測可搬型ホスウィッチ検出器)から構成される新規装置の開発を目標として、新しいシンチレータ材料及び装置の実用化の可能性について基礎的な検討を行った。 汚染可視化ハンドフットモニタ用の 線検出用材料としてAD法によるZnS(Ag)厚膜作製及び希土類錯体について検討し、両者ともに 線によるシンチレーションを観察した。また、市販のZnS(Ag)シンチレータとCMOSカメラ等を用いて 線が撮像できること、手部及び靴底の汚染を一度に可視化できる可能性があることを確認した。 ・ 汚染可視化クロスモニタにおけるホスウィッチ用シンチレータの開発では、La-GPSの単相化を実現するとともに、窒素雰囲気中の高温でのアニールがフォトルミネッセンス強度の増大に効果的であることを見出した。エネルギー・分布計測装置の試作と基本性能評価では、これまでに得られたノウハウに基づき、取得データのハンドリング・分析プログラムの仕様を策定した。さらに、既存の測定装置と組み合わせることで次年度以降の装置製作で必要となる改良点を抽出した。,"The Collaborative Laboratories for Advanced Decommissioning Science (CLADS), Japan Atomic Energy Agency (JAEA), had been conducting the Nuclear Energy Science & Technology and Human Resource Development Project (hereafter referred to ""the Project"") in FY2022. The Project aims to contribute to solving problems in the nuclear energy field represented by the decommissioning of the Fukushima Daiichi Nuclear Power Station (1F), Tokyo Electric Power Company Holdings, Inc. (TEPCO). For this purpose, intelligence was collected from all over the world, and basic research and human resource development were promoted by closely integrating/collaborating knowledge and experiences in various fields beyond the barrier of conventional organizations and research fields. The sponsor of the Project was moved from the Ministry of Education, Culture, Sports, Science and Technology to JAEA since the newly adopted proposals in FY2018. On this occasion, JAEA constructed a new research system where JAEA-academia collaboration is reinforced and medium-to-long term research/development and human resource development contributing to the decommissioning are stably and consecutively implemented. Among the adopted proposals in FY2022, this report summarizes the research results of the ""Development of elemental technologies of hand-foot-cloth monitors for -contamination visualization"" conducted in FY2022. The present study aims to develop hand-foot-monitors for -contamination visualization and cloth monitors for / -contamination visualization consisting of a portable phoswich detector for measuring / -contamination distribution and energy to ensure the safety and security of workers involved in the decommissioning project of the 1F. The possibility of practical application of new scintillator materials and devices was examined with the goal of developing such new instruments.",Japanese,54 Pages,2024/06,福島第一原子力発電所事故 ; Fukushima Daiichi Nuclear Power Station Accident ; -contamination visualization ; hand-foot-cloth monitor ; portable phoswich detector ; ZnS(Ag) thick film ; rare earth complexes ; La-GPS polycrystal,,https://doi.org/10.11484/jaea-review-2024-006,computer_vision,7,"visualization, カメラ, 可視化",汚染可視化ハンドフットクロスモニタの要素技術開発(委託研究); 令和4年度英知を結集した原子力科学技術・人材育成推進事業,https://jopss.jaea.go.jp/search/servlet/search?5077475,https://jopss.jaea.go.jp/pdfdata/JAEA-Review-2024-006.pdf
5074255,JAEA-Review 2022-026,幌延深地層研究計画 令和4年度調査研究計画,Horonobe Underground Research Laboratory Project; Investigation program for the 2022 fiscal year,中山 雅,"Nakayama, Masashi",幌延深地層研究計画は、日本原子力研究開発機構が堆積岩を対象に北海道幌延町で実施している。令和4年度は、「令和2年度以降の幌延深地層研究計画」で示した研究課題である、実際の地質環境における人工バリアの適用性確認、処分概念オプションの実証、地殻変動に対する堆積岩の緩衝能力の検証について、引き続き調査研究を行う。令和4年度に実施する主な調査研究は以下のとおりである。「実際の地質環境における人工バリアの適用性確認」については、人工バリア性能確認試験において廃棄体の発熱がおさまった条件を模擬した試験を継続するとともに、物質移行試験において有機物・微生物・コロイドの影響を考慮した物質移行試験および声問層に分布する割れ目を対象とした物質移行試験を評価するためのボーリング調査に着手する。「処分概念オプションの実証」については、搬送定置・回収技術の実証として、地下環境におけるコンクリートの劣化に関する試験、分析を継続する。閉鎖技術に実証として、埋め戻し材の性能を変化させる要因となり得るベントナイトの流出挙動の発生メカニズムを検討するための室内試験を継続し、膨潤変形挙動に係るデータの拡充を図る。また、ボーリング孔を閉塞する原位置試験を行い、閉塞方法の適用性評価を行う。「地殻変動に対する堆積岩の緩衝能力の検証」については、過年度に実施した水圧擾乱試験の結果の解析や、断層/割れ目の水理学的連結性に関する解析を、令和3年度に再検証したダクティリティインデックスモデルを用いて行う。地下水の流れが非常に遅い領域(以下、化石海水)を調査・評価する技術の高度化として、化石海水領域の三次元分布を確認するためのボーリング調査を継続する。,"The Horonobe Underground Research Laboratory (URL) Project is being pursued by the Japan Atomic Energy Agency (JAEA) to enhance the reliability of relevant disposal technologies for geological disposal of High-level Radioactive Waste through investigations of the deep geological environment within the host sedimentary rock at Horonobe Town in Hokkaido, north Japan. In fiscal year 2022, we continue to conduct research on ""Study on near-field system performance in geological environment"", ""Demonstration of repository design options"", and ""Understanding of buffering behaviour of sedimentary rocks to natural perturbations"", which are the important issues shown in the Horonobe underground research plan from fiscal year 2020. The main studies to be conducted in fiscal year 2022 are as follows. As ""Study on near-field system performance in geological environment"", we will continue to the test under the simulated condition in which the heat generation by the high-level radioactive waste has subsides in the full-scale engineered barrier system (EBS) performance experiment. We will also conduct solute transport experiment with model testing that take into account the effects of organic matter, microbes, and colloids, and initiate borehole investigation to evaluate solute transport experiments on fractures distribute in Koetoi formation. As ""Demonstration of repository design concept"", we will continue experiment and analysis of concrete deterioration in the underground environment as a demonstration of remote technique for emplacement and retrievable. As a demonstration of the closure techniques, laboratory tests will be continued to investigate the mechanism of bentonite runoff behaviour, which could be a factor in changing the performance of backfill material, and to expand data on swelling and deformation behaviour. In addition, in-situ borehole closure tests will be conducted to evaluate the applicability of the closure method. As ""Understanding of buffering behaviour of",Japanese,66 Pages,2022/11,Horonobe URL Project ; High level radioactive waste ; Geological Disposal Technology ; Sedimentary Rock ; Investigation program FY2022,深地層研究所,https://doi.org/10.11484/jaea-review-2022-026,"3d_modeling, robotics_remote",7,"remote, 三次元",3年度に再検証したダクティリティインデックスモデルを用いて行う。地下水の流れが非常に遅い領域(以下、化石海水)を調査・評価する技術の高度化として、化石海水領域の三次元分布を確認するためのボーリング調査を継続する。,https://jopss.jaea.go.jp/search/servlet/search?5074255,https://jopss.jaea.go.jp/pdfdata/JAEA-Review-2022-026.pdf
5067629,JAEA-Research 2019-011,"幌延深地層研究センターにおける掘削損傷領域の可視化手法の検討,2 (共同研究)","Visualization of fractures in an excavation damaged zone in the Horonobe Underground Research Laboratory, 2 (Joint research)","青柳 和平; Chen, Y.*; 石井 英一; 櫻井 彰孝; 宮良 信勝; 石田 毅*","Aoyagi, Kazuhei; Chen, Y.*; Ishii, Eiichi; Sakurai, Akitaka; Miyara, Nobukatsu; Ishida, Tsuyoshi*",本研究では、坑道掘削により周辺岩盤に形成された掘削損傷領域の割れ目の可視化を行うことを目的とした。幌延深地層研究センターの地下350mに掘削した直径4mの試験坑道を対象として、紫外線照射により発光する蛍光剤を添加した樹脂を坑道周辺の岩盤に注入し、掘削損傷領域の割れ目を固定した。これにより、割れ目を可視化して観察することに成功した。注入孔周辺で試料を採取し、紫外線照射下で観察を行い、割れ目の連結性や開口幅を分析した。結果として、割れ目の最大発達範囲は、孔口から約0.9m、すなわち坑道壁面岩盤から約0.75mの範囲であった。また、孔口から0.4mまでの範囲では割れ目密度が高く、0.4m以深では割れ目の間隔が広くなることがわかった。さらに、割れ目の開口幅を測定した結果、孔口から近いほど割れ目の開口幅も大きいことがわかった。特に、孔口から0.3mまでの範囲では、樹脂が浸透した割れ目が多く観察され、開口幅が最大で1.02mmであった。一方、孔口から0.3m以深は、樹脂が浸透した割れ目が少なく、開口幅は最大で0.19mmであった。,"In this research, we performed the resin injection experiment at the 350 m Gallery of Horonobe Underground Research Laboratory in order to identify the distribution of fractures induced around the gallery owing to excavation. We also observed the rock cores obtained around the resin injection borehole under ultraviolet light. As a result, the extent of the development of EDZ fracture was 0.9 m from the gallery wall. In the depth within 0.4 m from the gallery wall, the density of the EDZ fracture is higher than the depth more than 0.4 m from the gallery wall. As a result of the analysis on the fracture aperture by image processing, the fractures with a large aperture (1.02 mm in maximum) were observed within 0.3 m from the gallery wall, while the maximum aperture was 0.19 mm in the depth more than 0.3 m from the gallery wall.",Japanese,50 Pages,2020/03,Excavation Damaged Zone ; Fracture observation ; Fracture aperture ; Fracture interconnection ; Resin injection experiment,深地層研究所,https://doi.org/10.11484/jaea-research-2019-011,computer_vision,7,"image processing, visualization, 可視化","幌延深地層研究センターにおける掘削損傷領域の可視化手法の検討,2 (共同研究)",https://jopss.jaea.go.jp/search/servlet/search?5067629,https://jopss.jaea.go.jp/pdfdata/JAEA-Research-2019-011.pdf
5056141,JAEA-Data/Code 2016-010,花崗岩中に発達する粘土脈の観察・分析データ,Observed and analyzed data for clay veins in granite,植木 忠正; 田辺 裕明*; 丹羽 正和; 石丸 恒存; 島田 耕史,"Ueki, Tadamasa; Tanabe, Hiroaki*; Niwa, Masakazu; Ishimaru, Tsuneari; Shimada, Koji","本研究は、高レベル放射性廃棄物の地層処分技術に関する研究開発のうち、深地層の科学的研究の一環として実施している地質環境の長期安定性に関する研究の主要な研究課題の一つである、断層の活動性に係る調査技術の開発・体系化を目的としている。断層の活動性評価は、断層を被覆する上載地層のずれに基づいて行われることが多いが、基盤岩中のボーリングコアや地下坑道掘削中に遭遇した断層のように上載地層の変位が確認できない状況では、断層の最新活動時期の推定は難しい。今回、花崗岩中の粘土脈(粘土が充填した割れ目)を対象に、断層の活動性を評価する手法の開発に資することを目的として、露頭記載,薄片観察,研磨片の元素マッピング,X線回析分析,粒径分析、および石英粒子の分析(電子顕微鏡による表面構造観察および電子スピン共鳴信号測定)を実施した。本データ集は、これらの結果を取りまとめ、報告するものである。","Occurrence of recent activity of faults is often evaluated based on displacements of subsurface sediments covering the faults. However, this evaluation is not applicable for faults that occur where subsurface sediments are not found. In this study, mesoscopic description in a field, microscopic observation using thin sections, chemical composition mapping for polished slabs, X-ray diffraction analysis, particle size distribution analysis, and detailed analysis for quartz fragments (scanning electron microscopy and measurement of electron spin resonance signals) were carried out for clay veins in order to contribute a development of evaluation of fault activity. This Data/Code reports the results of these observation and analyses.",Japanese,292 Pages,2016/09,no keyword,,https://doi.org/10.11484/jaea-data-code-2016-010,ar_mapping,7,"mapping, マッピング","推定は難しい。今回、花崗岩中の粘土脈(粘土が充填した割れ目)を対象に、断層の活動性を評価する手法の開発に資することを目的として、露頭記載,薄片観察,研磨片の元素マッピング,X線回析分析,粒径分析、および石英粒子の分析(電子顕微鏡による表面構造観察および電子スピン共鳴信号測定)を実施した。本データ集は、これらの結果を取りまとめ、報告するものである。",https://jopss.jaea.go.jp/search/servlet/search?5056141,https://jopss.jaea.go.jp/pdfdata/JAEA-Data-Code-2016-010.pdf
5044502,JAEA-Technology 2014-002,ミリ波導波管における誘電体ディスクを用いた伝送電力密度分布測定装置の開発,Development of instrument to measure transmission power density distribution using dielectric disk in millimeter waveguide,横倉 賢治; 森山 伸一; 小林 貴之; 平内 慎一; 澤畠 正之; 寺門 正之; 日向 淳; 和田 健次; 佐藤 福克; 星野 克道; 坂本 慶司,"Yokokura, Kenji; Moriyama, Shinichi; Kobayashi, Takayuki; Hiranai, Shinichi; Sawahata, Masayuki; Terakado, Masayuki; Hinata, Jun; Wada, Kenji; Sato, Yoshikatsu; Hoshino, Katsumichi; Sakamoto, Keishi",導波管内を伝搬する大電力ミリ波が誘電体を透過した時の誘電損失を誘電体の温度上昇として測定し、伝送ミリ波の電力密度空間分布と伝送電力を計測できる装置を開発した。本装置は、伝送電力が1MWにも及ぶ核融合研究用の電子サイクロトロン加熱(ECH)装置での使用を念頭に置いているが、広い分野への応用も考えられる。本装置の基本的概念は、真空コルゲート導波管に損失の小さい数ミリメートルの空間ギャップを設けておき、その空間ギャップへ断熱支持した誘電体ディスクを一時的に挿入し、短パルスのミリ波を透過させた後素早く引抜き(約0.2秒)、その温度分布を赤外線カメラで測定することで、ディスクを透過したミリ波の分布を推定するものである。一方、ディスクの収束平衡温度から全透過損失を見積もり、伝送電力の評価も可能である。計測試験では、整合器ミラーの角度のずれによる不要モードの発生を電力密度分布の変化として捉えることに成功した。この成果は、整合器を真空に保ったままミラーの調整を行う他、運転中のECH装置の伝送系での意図しない不要モードの発生を検出可能とするなど、本装置が有効であることを示すものである。,"A new instrument has been developed to measure spatial distribution of power density and total power of the millimeter wave, by measuring temperature rise of dielectric material inserted in the waveguide. For a measurement, a dielectric disk with thermally insulated support is inserted into the few millimeters gap in the waveguide. The disk is heated by the millimeter wave pulse for 0.1 0.2 s, and immediately after the pulse, it is pulled up and its temperature distribution is measured by an infrared camera to estimate the spatial power density distribution of the millimeter wave. In the other hand, total transmission power is estimated by the disk temperature reached equilibrium. In the measurement test, deformation of the power density distribution was successfully detected when the mirror angle was intentionally changed in the matching optics unit (MOU) at the waveguide input from the gyrotron. The test result shows that the instrument is effective for both adjustment of MOU without opening the vacuum boundary and to detect any abnormal transmission during operation of the ECH system. The test also shows high reliability of the instrument which stands with 1 MW high power transmission without any arcing or pressure rise in vacuum region. The instrument will be contributed to keep good condition of high power long pulse ECH system by detecting abnormal transmission in the waveguide in operation without open vacuum boundary.",Japanese,64 Pages,2014/03,no keyword,,https://doi.org/10.11484/jaea-technology-2014-002,computer_vision,7,"camera, カメラ, 赤外線",ャップを設けておき、その空間ギャップへ断熱支持した誘電体ディスクを一時的に挿入し、短パルスのミリ波を透過させた後素早く引抜き(約0.2秒)、その温度分布を赤外線カメラで測定することで、ディスクを透過したミリ波の分布を推定するものである。一方、ディスクの収束平衡温度から全透過損失を見積もり、伝送電力の評価も可能である。計測試験では、整合器ミラーの角度のずれによる不要モードの発生を電力密度分布の変化として捉,https://jopss.jaea.go.jp/search/servlet/search?5044502,https://jopss.jaea.go.jp/pdfdata/JAEA-Technology-2014-002.pdf
5038116,JAEA-Research 2012-042,長期エネルギー需給シナリオのマッピング法を用いた電源構成の選択肢評価,Choice evaluation of power supply composition using the mapping method of the long-term energy demand-and-supply scenario,立松 研二,"Tatematsu, Kenji",原子力発電の利用規模及び二酸化炭素の排出抑制基準が異なる6種類のエネルギー需給シナリオを想定し、MARKALモデルを使用して、我が国を対象とした長期エネルギー需給を分析した。その結果、我が国全体及び発電部門における二酸化炭素排出量は、原子力発電を利用しない場合でも2050年において1990年の水準から、それぞれ37%及び47%の削減が可能であるが、一方で、原子力発電を段階的に廃止し、再生可能エネルギー及び天然ガスで代替した場合では、原子力発電や石炭の利用を継続した場合と比べて、平均発電単価が3.7円/kWh以上高いことが明らかになった。また、原子力発電を即時停止した場合では、現状の平均発電単価が4.4円/kWh上昇することも示された。発電部門におけるエネルギー源の多様性、二酸化炭素排出量及び平均発電単価を指標としたマッピングによる視覚化方法を新たに提案し、モデル分析の結果に基づいて、電源構成の変化による平均発電単価及び二酸化炭素排出量への影響を整理した結果、原子力発電を再生可能エネルギー、天然ガス又は石炭のいずれで代替した場合においても、原子力発電の全廃によって、エネルギー源の寡占化が大幅に進むことが明らかになった。これらの結果は、一定規模の原子力発電の利用を継続することにより、エネルギー源の寡占化を回避し、平均発電単価の大幅な上昇を抑えながら、二酸化炭素排出量を低減できることを示すものである。,"Long-term energy demand-and-supply were analyzed for our country using the MARKAL model, supposing six kinds of energy demand-and-supply scenarios where different installed capacity of nuclear power generation and the emission standard of carbon-dioxide were employed. It was shown that even when nuclear power generation was not used, the carbon-dioxide emissions in the whole country and a power generation sector are reducible by 37% and 47% in 2050 from the 1990 level, respectively. However, when nuclear power generation was phase-out and renewable energy and natural gas were substituted, it was found that an average power generating cost was higher than the case where use of nuclear or coal was continued, 3.7 yen/kWh or more. Moreover, in the case where immediate cessation of the nuclear power generation was carried out, it was also shown that a current average power generating cost rose by 4.4 yen/kWh. In order to evaluate and visualize the influence of power supply composition change on both the average power generating cost and the carbon-dioxide emissions, a new mapping method was proposed where diversity of an energy source, the carbon-dioxide emissions, and the average power generating cost were used as indexes. Based on the result of model analysis, when nuclear power generation was substituted with renewable energy, natural gas, or coal, oligopoly of an energy source was shown to increase sharply by abolition of nuclear power generation. These results showed that by continuing use of the nuclear power generation with a fixed scale, less carbon-dioxide emissions, avoiding oligopolization of an energy source and suppressing the steep rise of an average power generating cost were possible.",Japanese,45 Pages,2013/03,no keyword,,https://doi.org/10.11484/jaea-research-2012-042,ar_mapping,7,"mapping, マッピング",長期エネルギー需給シナリオのマッピング法を用いた電源構成の選択肢評価,https://jopss.jaea.go.jp/search/servlet/search?5038116,https://jopss.jaea.go.jp/pdfdata/JAEA-Research-2012-042.pdf
5037712,JAEA-Technology 2012-036,広域環境モニタリングのための航空機を用いた放射性物質拡散状況調査,Investigation of radionuclide distribution using aircraft for surrounding environmental survey from Fukushima Dai-ichi Nuclear Power Plant,鳥居 建男; 眞田 幸尚; 杉田 武志; 近藤 敦哉*; 志風 義明; 高橋 昌樹; 石田 睦司; 西澤 幸康; 卜部 嘉,"Torii, Tatsuo; Sanada, Yukihisa; Sugita, Takeshi; Kondo, Atsuya*; Shikaze, Yoshiaki; Takahashi, Masaki; Ishida, Mutsushi; Nishizawa, Yukiyasu; Urabe, Yoshimi","東京電力福島第一原子力発電所事故により大気中に放出され地表面に沈着した放射性セシウムの影響を調査するために、日本全域における広域航空機放射線モニタリング(以下、航空機モニタリング)を実施した。航空機モニタリングは、市街地から山林まで広範囲に渡って迅速に 線を測定することにより、空間線量率や放射性セシウムの沈着量分布を""面""的に把握できる利点があり、視覚的にもわかりやすい。我が国において航空機モニタリングの機器や手法については、整備されていたものの、今回のような広域なモニタリングに対応できるだけの準備はされておらず、全放射線量への換算の方法や、放射性物質濃度への換算方法及びマッピングの方法について、米国エネルギー省の方法をもとに整備することから行った。方法は、データ採取と並行して改良を加え、西日本測定時には、バックグラウンドとの識別まで可能とした。本モニタリングにより、日本全域の空間線量率や放射性セシウムの沈着量の分布状況について確認することができた。ここでは、測定手法と結果について述べる。","We carried out aerial radiation monitoring (ARM) of all Japan area in order to investigate the influence of the radio cesium which was emitted into the atmosphere by disaster of the Fukushima Dai-ichi Nuclear Power Plant of Tokyo Electric Power Co., Inc.. AMS can measure a ray quickly by flight from 300 m height above the ground. Moreover, ARM has an advantage which can grasp self-possessed quantity distribution of an air dose rate and radioactive cesium in ""field"", and is visually intelligible. Although there were apparatus and the technique of ARM in our country, sufficient preparations for wide area monitoring were not made. Therefore, it fixed based on the method of the U.S. Department of Energy (DOE) about the method of the conversion to all radiation dose, and the conversion method to radiocesium deposition and the method of mapping. It is possible to discriminate from a background (cosmic-ray, self-contamination and natural nuclides) at the time of western-part-of-Japan measurement by improving of the method in parallel to data acquisition. By this monitoring, it was able to check about the distribution situation of the air dose rate of the Japanese whole region, or the radioactive cesium deposition. Here, the measurement technique and a result are described.",Japanese,182 Pages,2012/12,福島第一原子力発電所事故 ; Fukushima Daiichi Nuclear Power Station Accident,,https://doi.org/10.11484/jaea-technology-2012-036,ar_mapping,7,"mapping, マッピング",については、整備されていたものの、今回のような広域なモニタリングに対応できるだけの準備はされておらず、全放射線量への換算の方法や、放射性物質濃度への換算方法及びマッピングの方法について、米国エネルギー省の方法をもとに整備することから行った。方法は、データ採取と並行して改良を加え、西日本測定時には、バックグラウンドとの識別まで可能とした。本モニタリングにより、日本全域の空間線量率や放射性セシウムの沈着量の分布,https://jopss.jaea.go.jp/search/servlet/search?5037712,https://jopss.jaea.go.jp/pdfdata/JAEA-Technology-2012-036.pdf | https://rdreview.jaea.go.jp/review_jp/2012/pdf/j2012_1-6.pdf
5005549,JAEA-Technology 2006-058,放射光軟X線顕微XAFS装置の立ち上げ,Outline of micro-XAFS system installed at the synchrotron soft X-ray beamline,馬場 祐治; 関口 哲弘; 下山 巖; 平尾 法恵*,"Baba, Yuji; Sekiguchi, Tetsuhiro; Shimoyama, Iwao; Hirao, Norie*","高エネルギー加速器研究機構放射光科学研究施設(KEK-PF)の放射光ビームラインBL-27Aに設置された軟X線顕微X線吸収微細構造(顕微XAFS)測定装置の概要をまとめた。本装置は、固体表面のミクロンからナノメートルオーダーの局所領域における形状,凹凸,元素分布,化学結合状態分布のマッピングを行うことを目的として設置された。報告書では、装置の概要,仕様,操作法について述べた後、紫外光源を用いたSiマイクロパターンの観察と分解能測定及び放射光軟X線を用いたSi-SiO マイクロパターンの測定結果を記す。","The present report summarizes the outline and details of synchrotron soft X-ray micro-XAFS (X-ray absorption fine structure) system installed at the synchrotron beamline (BL-27A) of the Photon Factory (PF), High Energy Accelerator Research organization (KEK). The system was installed for the purpose of measuring morphology, element-selective and chemical-state-selective mappings of solid surfaces at micrometer or nanometer scale. In this report, the detailed outlines, specification, and operation manual are firstly described. Then the experimental data about the observations on Si micro-pattern and estimation of spacial resolution using ultraviolet light are presented.Preliminary experimental results for chemical-state-selective mapping of Si/SiO micro-patterns using synchrotron radiation are also presented.",Japanese,43 Pages,2007/01,no keyword,,https://doi.org/10.11484/jaea-technology-2006-058,ar_mapping,7,"mapping, マッピング","微細構造(顕微XAFS)測定装置の概要をまとめた。本装置は、固体表面のミクロンからナノメートルオーダーの局所領域における形状,凹凸,元素分布,化学結合状態分布のマッピングを行うことを目的として設置された。報告書では、装置の概要,仕様,操作法について述べた後、紫外光源を用いたSiマイクロパターンの観察と分解能測定及び放射光軟X線を用いたSi-SiO マイクロパターンの測定結果を記す。",https://jopss.jaea.go.jp/search/servlet/search?5005549,https://jopss.jaea.go.jp/pdfdata/JAEA-Technology-2006-058.pdf
5001361,JAEA-Technology 2006-010,反射電子像の画像解析による被覆管の水素濃度測定,Hydrogen concentration measurement in fuel cladding by backscattered electron image analysis,小野澤 淳; 原田 晃男; 本田 順一; 安田 良; 仲田 祐仁; 金沢 浩之; 西野 泰治,"Onozawa, Atsushi; Harada, Akio; Honda, Junichi; Yasuda, Ryo; Nakata, Masahito; Kanazawa, Hiroyuki; Nishino, Yasuharu","スウェーデン・スタズビック社によって開発された反射電子像法は、走査型電子顕微鏡によって撮影された反射電子像(BEI)によりジルカロイ被覆管中の水素化物を同定し、母材と水素化物の面積比から水素濃度を評価する手法であり、被覆管中の局所的な水素濃度測定に対して非常に有効な手法である。このBEI法を照射後試験に適用するにあたり、試料調製法とBEI撮影条件,画像解析手法について改良を行った。また、改良BEI法の有効性を確認するため、未照射試料を用いて高温抽出法と比較を行った結果、本手法が高温抽出法による水素濃度測定と同程度の信頼性を持つことが確認できたため、照射後試験への適用性についても期待ができる。","A measurement technique for hydrogen concentration using Backscattered Electron Image analysis (BEI method) had been developed by Studsvik Nuclear AB, Sweden. The hydrides in claddings are identified using BEIs which are imaged with Scanning Electron Microscope, and the hydrogen concentrations are calculated from the area fractions of the hydrides in the matrix. The BEI method is very useful for the measurement in local hydrogen concentrations of fuel claddings. In the Reactor Fuel Examination Facility, a sample preparation, imaging conditions of SEM and image analysis procedures for the BEI method were improved. In addition, the hydrogen concentrations obtained by the improved BEI method and Hot Vacuum Extraction (HVE) method were compared to confirm the reliability of the improved BEI method. The results showed, the improved BEI method has the same reliability as that of HVE method and can be applied for the Post-Irradiation Examination.",Japanese,19 Pages,2006/03,no keyword,,https://doi.org/10.11484/jaea-technology-2006-010,computer_vision,7,"image analysis, imaging, 画像解析",反射電子像の画像解析による被覆管の水素濃度測定,https://jopss.jaea.go.jp/search/servlet/search?5001361,https://jopss.jaea.go.jp/pdfdata/JAEA-Technology-2006-010.pdf
32610,JAERI-Data/Code 2005-010,大規模データの可視化処理速度調査,Report on processing speed for visualization of large-scale data,星 芳幸; 久米 悦雄,"Hoshi, Yoshiyuki; Kume, Etsuo",近年の科学技術計算は、計算機の高速化と記憶容量の増大により計算規模が飛躍的に拡大し、そこから得られる計算結果も膨大なものになってきている。これに伴い、この膨大な数値データを理解するためのポスト処理、すなわち可視化処理が非常に重要な役割を担うようになっている。一方、可視化を行うための画像処理用計算機においては、この大規模データの可視化処理はまだ大きな負荷となっているのが現状である。このため、原研既設の画像処理用計算機を対象に、汎用可視化ソフトウェアを用いて大規模データを処理する際のハードウェアごとの描画速度の調査を実施した。本報告は、この調査結果に基づき、可視化データの規模と使用すべき計算機について、その利用指針をまとめたものである。,"In scientific and engineering calculations, recently, computational sizes and amounts of calculated results have been increased rapidly due to speedup of computers and increase in memory size. Post processing or visualization of a huge amount of numerical data plays a very important role for understanding the meaning of the data. Computational loads for visualization of large-scale data are still heavy even for graphic computers. Processing speeds for visualization of large-scale data are measured using general-purpose visualization software on graphic computers in JAERI. A guideline is summarized in this report to choose appropriate graphic computers according to the size of the data.",Japanese,48 Pages,2005/09,可視化 ; 描画速度 ; ボリュームレンダリング ; サーフェスレンダリング ; AVS/Express ; Visualization ; Onyx ; Volume Rendering ; Surface Rendering ; Micro AVS,,https://doi.org/10.11484/jaeri-data-code-2005-010,computer_vision,7,"visualization, 可視化, 画像処理",大規模データの可視化処理速度調査,https://jopss.jaea.go.jp/search/servlet/search?32610,https://jopss.jaea.go.jp/pdfdata/JAERI-Data-Code-2005-010.pdf
4037499,JNC TN9400 2003-117,配管合流部の混合現象に関する研究; 感温液晶シートによる配管内表面温度測定試験,Study on Mixing Phenomena in T-Pipe Junction; Temperature Measurement Test in Pipe by Liquid Crystal Sheet,田中 正暁; 川島 滋代*; 五十嵐 実; 林 謙二; 飛田 昭; 上出 英樹,"Tanaka, Masaaki; Kawashima, Shigeyo*; Igarashi, Minoru; Hayashi, Kenji; Tobita, Akira; Kamide, Hideki",温度の異なる流体が混合することにより生じる温度変動が構造材に伝わると、構造材に高サイクル熱疲労(サーマルストライピング現象)が発生する場合がある。冷却材に液体金属ナトリウムを使用する高速炉では、水に比べてナトリウムの熱伝導率が高いことから液体の温度変動が構造に伝わり易く、本現象の評価は重要な課題である。核燃料サイクル開発機構では、T字管体系の配管合流部におけるサーマルストライピング現象に着目し、T字管における混合現象及び実機プラントで観測されている長周期温度変動の原因を解明するために、長周期温度変動水流動試験を実施している。可視化試験の結果から、流入条件の違いにより噴流形態を(A)衝突噴流(B)偏向噴流(C)再付着噴流(D)壁面噴流に分類でき、各噴流形態は主/枝配管流体の運動量比により整理できることを明らかにした。 本研究では、主配管に枝配管が接続する合流部下流の主配管内表面に感温液晶シート貼り付け、配管表面温度の測定を試みた。配管表面温度は、感温液晶シートによる可視化画像から温度データに変換して定量的に取得する。画像解析による輝度値データから温度データヘの変換にかかる不確かさについて検討し、感温液晶シートによる温度測定誤差は10 の感温範囲に対して平均土約2度Cであることが分かった。感温液晶試験の結果から、(A)衝突噴流条件及び(D)壁面噴流条件のケースでは枝配管下流の主配管内面に、枝配管からの低温流体によるコールド・スポツトが形成され、このコールド・スポツトは時間的に変動し、コールド・スポツトの周辺では温度変動強度が高い値を示すことがわかった。これにより、(A)衝突噴流条件及び(D)壁面噴流条件が配管への熱疲労の観点から厳しい流動条件であることが分かった。壁面に設置した熱電対データとの比較から、感温液晶シートを用いた本手法による温度分布測定結果は熱電対による粗な空間分布を補間するものとして有用であることを確認した。,"Temperature fluctuation due to mixing of hot and cold fluids gives thermal fatigue to the structure (thermal striping phenomena).Investigation of this phenomenon is significant for the safety of a fast breeder reactor, which uses liquid metal as a coolant. In Japan Nuclear Cycle Development Institute, experiments and numerical analyses have been carried out to understand this phenomenon and also to construct the evaluation rule, which can be applied to the design. A water experiment of fluid mixing in T-pipe with long cycle fluctuation (WATLON),which notices thermal striping phenomena in the T-pipe junction, is performed to investigate the key factor of mixing phenomena by reason of long cycle fluctuation observed in a plant. By the former visualization test, it was showed that the flow pattern of branch pipe jet could be classified into (A) impinging jet, (B) deflecting jet (C) re-attachment jet and (D) wall jet according to the inflow condition. It was confirmed that the each jet pattern could be predicted by the momentum ratio of the each piping fluid. In this study, a thermo-chromic liquid crystal sheet was put on the inner wall in the main pipe, and temperature field on the wall surface was visualized. We established a new method to convert the color image data to temperature data. And measurement uncertainty of this method was evaluated + and - about 2.0 [deg-C], using by the typical picture in the temperature calibration test. From the temperature fluctuation visualization test by liquid crystal sheet, the cold spot was formed in just downstream region from the outlet of the branch pipe in the cases of the wall jet and impinging jet. Since this cold spot moved in time, high value of temperature fluctuation intensity was shown around the cold spot. And the validity of this method was shown from the comparison of the thermocouple data installed in a wall surface with the temperature conversion result.",Japanese,65 Pages,2004/03,no keyword,,,computer_vision,7,"visualization, 可視化, 画像解析",ストライピング現象に着目し、T字管における混合現象及び実機プラントで観測されている長周期温度変動の原因を解明するために、長周期温度変動水流動試験を実施している。可視化試験の結果から、流入条件の違いにより噴流形態を(A)衝突噴流(B)偏向噴流(C)再付着噴流(D)壁面噴流に分類でき、各噴流形態は主/枝配管流体の運動量比により整理できることを明らかにした。 本研究では、主配管に枝配管が接続する合流部下流の主,https://jopss.jaea.go.jp/search/servlet/search?4037499,https://jopss.jaea.go.jp/pdfdata/JNC-TN9400-2003-117.pdf
4019076,JNC TJ5410 2004-002,幌延深地層研究計画における電磁法による大曲断層調査,The Survey of the Omagari fault using Audio frequency Magnetotelluric method in Horonobe research project for the Subsurface Environment,松尾 公一*; 根木 健之*; 横井 浩一*; 高橋 武春*; 手島 稔*,"Matsuo, Koichi*; Negi, Tateyuki*; Yokoi, Koichi*; Takahashi, Takeharu*; Teshima, Minoru*","本報告書は、核燃料サイクル開発機構が北海道天塩郡幌延町で進めている幌延深地層研究計画の一環として実施した電磁探査法探査結果をまとめたものである。 現地探査では、大曲断層が位置すると推定されている幌延町北進地区周辺の約4km2の範囲で、リモートリファレンス法によるAMT(Audio Magneto telluric)法測定を59点実施した。そして、2次元および3次元比抵抗解析を行い、地表から標高-1,000mまでの地下比抵抗構造を求め、既存の地質情報から推定されている地質分布・地質構造との対応について検討した。 比抵抗の平面分布は、NNW-SSE方向に延びる傾向にあり、本地域の地質分布と同傾向であった。既存試錐調査の電気検層結果と本探査結果を比較すると、非常に良い対応を示していた。ほぼ標高-500m以深の、既存情報により大曲断層と推定されている所の南西側は1 3 ・m程度、東側は3 7 ・m程度の比抵抗が分布し、概ね均一な構造を示した。","The present document is to report the results of geophysical survey by electromagnetic method around a site proposed for the Horonobe Underground Research Program at Horonobe-cho, Hokkaido by the Japan Nuclear Cycle Development Institute. Remote-reference AMT(Audio-frequency magnetotelluric) method was carried out at 59 stations over 4 km2 in the area of Hokushin in Horonobe-cho. Two dimensional and three dimensional resistivity inversion analysis was carried out and the resistivity structure from the surface to 1,000m below sea level became clear. The resistivity structure was studied by comparing geological structure presumed from existing geological information. Resistivity contour lines extends NNW-SSE trend in plan of resistivity that is coincident with geological structure. The resistivity distribution was good agreement with existing electrical resistivity log data. At 500m below sea level, the resistivity of South-West part from presumed Omagari-fault was ranges from 1 to 3 ohm-m, and that of North-East part is ranges from 3 to 7 ohm-m.",Japanese,188 Pages,2004/02,no keyword,,,"3d_modeling, robotics_remote",7,"3次元, remote","北進地区周辺の約4km2の範囲で、リモートリファレンス法によるAMT(Audio Magneto telluric)法測定を59点実施した。そして、2次元および3次元比抵抗解析を行い、地表から標高-1,000mまでの地下比抵抗構造を求め、既存の地質情報から推定されている地質分布・地質構造との対応について検討した。 比抵抗の平面分布は、NNW-SSE方向に延びる傾向にあり、本地域の地質分布と同傾向であった",https://jopss.jaea.go.jp/search/servlet/search?4019076,https://jopss.jaea.go.jp/pdfdata/JNC-TJ5410-2004-002.pdf
4018994,JNC TY4400 2003-006,蒸発器ヘリカルコイル内気液二相流の多次元解析,None,村井 祐一*; 山本 富士夫*; 石川 正明*; 酒井 康丞*; 大岩 浩司*; 戸田 信一; 吉川 信治; 玉山 清志,"Murai, Yuichi*; Yamamoto, Fujio*; Ishikawa, Masaaki*; Sakai, Kosuke*; Oiwa, Hiroshi*; Toda, Shinichi; Yoshikawa, Shinji; Tamayama, Kiyoshi",高速増殖原型炉「もんじゅ」では、蒸発器と過熱器においてヘリカルコイル形伝熱管が利用される。ヘリカルコイル形伝熱管は、U形伝熱管に比べ構造的にコンパクトで、かつ、流動の急曲折部をもたないため流力振動の発生要因が少ないという利点を持つ。一方、ヘリカルコイル形では、その経路によって内部二相流に対する定常的な遠心力の大きさに分布がある。また、複数の伝熱ループが曲率半径と距離の異なる経路を通り、それらが同じ圧力差で駆動される点で、並列流路管での動特性に位相差を生じうる。これらの現象については、伝熱および圧力損失の多次元的特性を考慮した詳細な解析を進め、より高い性能安定性を保証するよう検討しなければならない。本研究では、ヘリカルコイル内二相流の可視化・画像解析システムを構築し、これらの課題解決に資するものとする。本研究の成果は以下にまとめられる。ヘリカルコイル流路実験装置を製作し、可視化実験による流動様式マップの作成、ならびにステレオ画像処理による界面構造の抽出を試みた。また、気泡流における数値シミュレーションを遂行した。以上の研究より、以下のことが分かった。,None,Japanese,75 Pages,2003/06,no keyword,,,computer_vision,7,"可視化, 画像処理, 画像解析",いては、伝熱および圧力損失の多次元的特性を考慮した詳細な解析を進め、より高い性能安定性を保証するよう検討しなければならない。本研究では、ヘリカルコイル内二相流の可視化・画像解析システムを構築し、これらの課題解決に資するものとする。本研究の成果は以下にまとめられる。ヘリカルコイル流路実験装置を製作し、可視化実験による流動様式マップの作成、ならびにステレオ画像処理による界面構造の抽出を試みた。また、気泡流に,https://jopss.jaea.go.jp/search/servlet/search?4018994,https://jopss.jaea.go.jp/pdfdata/JNC-TY4400-2003-006.pdf
4027402,JNC TN8430 2002-003,人工バリアにおける緩衝材の隙間膨潤挙動に関する基礎試験,Preliminary test on filling gap behavior of the swollen buffer in the engineered barrier system,杉田 裕; 菊池 広人*,"Sugita, Yutaka; Kikuchi, Hirohito*",高レベル放射性廃棄物の地層処分において、人工バリア(緩衝材、廃棄体(ガラス固化体を封入したオーバーパック))は放射線防護の観点から遠隔の搬送・定置装置により地下施設の所定の位置に定置される。緩衝材の施工法の候補の一つである緩衝材ブロックでの施工を想定すると、装置のクリアランスとして緩衝材と岩盤や廃棄体との間には隙間が生ずることとなる。この場合、膨潤した緩衝材がこのような隙間を充填することになるため、膨潤した後の密度を見込んだ高密度の緩衝材を定置することとなる。緩衝材の膨潤は地下水との接触面から随時起こると考えられ、緩衝材と地下水の接触面および隙間の空間的な分布により3次元の挙動になると考えられる。このため、人工バリアにおけるこのような挙動の分布によっては、緩衝材ブロックは必ずしも均一に膨潤せず、ある部分が選択的に膨潤する現象も起こり得る。結果として、膨潤後には廃棄体と岩盤間の緩衝材の厚さに影響する可能性がある。そこで、人工バリアを模擬した系での緩衝材の隙間膨潤挙動の基礎試験を行い、人工バリア内における3次元の緩衝材の隙間膨潤挙動を実験的に確認することとした。試験の結果から、緩衝材はその膨潤能力により隙間がある場合でも早期にこの隙間を充たし、隙間充填当初は内部の乾燥密度にばらつきが見られるが、そのばらつきは時間の経過に伴い減少し、均一に向うことがわかった。また、隙間が存在する場合、緩衝材は流動しながら隙間を充填すると考えられ、隙間膨潤後の廃棄体と岩盤間の緩衝材の厚さに影響する可能性があることを示すものであった。,"In geological disposal of the high-level radioactive waste (HLW), the engineered barrier system (EBS) (buffer, waste packages (capsulate the vitrified waste)) is installed in the space of a repository using the remote control technique due to protect workers from radiation. The block type buffer, as one of the candidate options of the installation of the buffer, has the gap between buffer and rock or waste package. In this case, the highly compacted buffer will be used to fill the gap by the swollen buffer. Swelling of the buffer is considered to begin from the surface of the buffer where groundwater infiltrates. Infiltration of groundwater into the buffer is considered to be 3 dimensional, because the gap and the infiltration points of the buffer are distributed spatially. Therefore, the scatter of the swelling points of the buffer causes the non-uniformity of the swelling of the buffer. Such non-uniformity of the swelling of the buffer will affect the thickness of the buffer between waste package and rock mass. Then, preliminary tests that simulate 3 dimensional filling gap behavior of the swollen buffer were performed. The test results showed the swollen buffer filled the gap rapidly. There is scatter of the density of the buffer early, but the tendency that the density of the buffer became uniformity with time was observed. It is considered that the swelling and fluidity of the buffer occurs simultaneously, the swelling of the buffer for filling the gap will affect the thickness of the buffer.",Japanese,28 Pages,2002/12,no keyword,,,"3d_modeling, robotics_remote",7,"3次元, remote",の密度を見込んだ高密度の緩衝材を定置することとなる。緩衝材の膨潤は地下水との接触面から随時起こると考えられ、緩衝材と地下水の接触面および隙間の空間的な分布により3次元の挙動になると考えられる。このため、人工バリアにおけるこのような挙動の分布によっては、緩衝材ブロックは必ずしも均一に膨潤せず、ある部分が選択的に膨潤する現象も起こり得る。結果として、膨潤後には廃棄体と岩盤間の緩衝材の厚さに影響する可能性があ,https://jopss.jaea.go.jp/search/servlet/search?4027402,https://jopss.jaea.go.jp/pdfdata/JNC-TN8430-2002-003.pdf
19751,JAERI-Data/Code 2002-019,AVS/Express(Application Visualization System)利用手引書,AVS/Express (Application Visualization System) User's Guide,加藤 克海*; 久米 悦雄,"Kato, Katsumi*; Kume, Etsuo","情報システム管理課では、分散処理環境の整備作業の一環として画像処理環境の整備を進めており、画像サーバ,画像処理ソフトウェアAVS/Express,立体表示装置を導入している。本報告書は、整備した画像処理環境において画像処理ソフトウェアを効率的に利用するための情報をとりまとめたものである。",no abstracts in English,Japanese,116 Pages,2002/09,AVS/Express (Application Visualization System) ; Image Processing ; Visualization ; Stereo Viewing,,https://doi.org/10.11484/jaeri-data-code-2002-019,computer_vision,7,"image processing, visualization, 画像処理",AVS/Express(Application Visualization System)利用手引書,https://jopss.jaea.go.jp/search/servlet/search?19751,https://jopss.jaea.go.jp/pdfdata/JAERI-Data-Code-2002-019.pdf
4020466,JNC TJ7400 2001-017,長期岩盤挙動評価のための微視的観点による基礎的研究,None,市川 康明*,"Ichikawa, Yasuaki*",岩盤の1万年以上にも渡る長期の挙動を予測するためには、岩石・岩盤のミクロ構造まで考慮に入れた精度の高い解析が要求される。本研究では、花崗岩の長期挙動を解明するため、1.レーザ共焦点顕微鏡による花崗岩不連続面の観察とFourierスペクトル解析、2.顕微鏡下における浸水一軸・三軸圧縮試験並びに応力緩和試験によるマイクロクラック発生進展のメカニズムの解明、3.レーザ共焦点顕微鏡観察下の一軸載荷実験、4.花崗岩載荷実験観察の写真データベース作成、5.均質化法粘弾性解析による花崗岩の長期挙動の予測とミクロ・マクロレベルの応力評価、を実施した。第2章では、試料表面の情報を3次元画像として取り組むことのできるレーザ顕微鏡を導入し、花岡岩の不連続面の断面データを三次元画像として抽出した。レーザ顕微鏡を使用することによって得られる情報はミクロレベルのデジタルデータであり、手作業で得るデータと比べ遥かに詳細である。さらに、取り込んだ三次元画像にfourierスペクトル解析を適用し、その特性を掌握した。第3章では、浸水三軸応力下における花崗岩内に生じるマイクロクラックの進展を、実体顕微鏡を用いて連続的に観察し、岩石破壊過程を明らかにするとともに、高解像度の画像解析を実施するため、レーザ共焦点顕微鏡観察下の一軸載荷実験を開始した.また、これまでの実体顕微鏡写真のデータベース化を図った。さらに、均質化法粘弾性解析を用いて室内実験と同様の条件下で長期間にわたる岩石の時間依存挙動解析を行い、マクロ応力変化とマイクロクラックの方向、長さなどの影響について考察した。,no abstracts in English,Japanese,99 Pages,2002/03,no keyword,,,"3d_modeling, computer_vision",7,"3次元, 三次元, 三次元画像, 画像解析",載荷実験観察の写真データベース作成、5.均質化法粘弾性解析による花崗岩の長期挙動の予測とミクロ・マクロレベルの応力評価、を実施した。第2章では、試料表面の情報を3次元画像として取り組むことのできるレーザ顕微鏡を導入し、花岡岩の不連続面の断面データを三次元画像として抽出した。レーザ顕微鏡を使用することによって得られる情報はミクロレベルのデジタルデータであり、手作業で得るデータと比べ遥かに詳細である。さらに,https://jopss.jaea.go.jp/search/servlet/search?4020466,https://jopss.jaea.go.jp/pdfdata/JNC-TJ7400-2001-017.pdf
4020601,JNC TY7400 2002-001,地下空洞変位計測用デジタル写真測量技術の開発,None,大西 有三*; 大津 宏康*; 西山 哲*; 小野 徹*; 松井 裕哉,"Onishi, Yuzo*; not registered; not registered; not registered; not registered","地下深部での坑道の掘削など、半永久的な大規模地下構造物の建設を実施する場合,地下深部に建設した空洞自身の変形の計測やその掘削に伴う周辺岩盤の変形挙動をモニタリングすることは、空洞の短期・長期的な空洞安定性を評価するうえで重要な役割を担うと考えられる。このような背景のもと,写真画像を利用して地下空洞の変位を計測する手法に関する研究を実施した。近年,高精度なデジタルカメラが低価格で入手できるようになり,またコンピュータについても,大容量の画像ファイルを扱っても不自由を感じないほどに処理速度が速くなったきたため,デジタルカメラの画像を利用した写真測量によりリアルタイムに変位を解析できる計測システムの構築が可能になってきた。この他,デジタル画像を用いた計測法には,高精度に面的な計測が可能である,あるいは計測作業に熟練しないので計測にかかる時間的な経費も節約できるといった利点がある。本研究により,画像処理と写真測量を組み合わせたデジタル画像計測法によって,地下空洞の施工中あるいは施工後のトンネルの変形をモニタリングする計測システムの構築を実現したので,ここに報告する。",None,Japanese,87 Pages,2002/03,no keyword,,,computer_vision,7,"カメラ, 画像処理, 画像計測","を評価するうえで重要な役割を担うと考えられる。このような背景のもと,写真画像を利用して地下空洞の変位を計測する手法に関する研究を実施した。近年,高精度なデジタルカメラが低価格で入手できるようになり,またコンピュータについても,大容量の画像ファイルを扱っても不自由を感じないほどに処理速度が速くなったきたため,デジタルカメラの画像を利用した写真測量によりリアルタイムに変位を解析できる計測システムの構築が可能",https://jopss.jaea.go.jp/search/servlet/search?4020601,https://jopss.jaea.go.jp/pdfdata/JNC-TY7400-2002-001.pdf
4036941,JNC TN9400 2001-041,画像処理を用いた拡散律速型蒸発/凝縮モデルの検証,A Verification of diffusion-limited vaporization/condensation model using image-processing,鈴木 徹; 山野 秀将; 飛田 吉春; 近藤 悟,"Suzuki, Toru; Yamano, Hidemasa; Tobita, Yoshiharu; kondo, Satoru",高速増殖炉の炉心損傷事故を適切に評価するために開発されたSIMMER-IIIコードの流体力学部では、多成分系多相流における相変化や伝熱などの複合現象が取り扱われる。従来のSIMMER-IIIの、いわゆる伝熱律速の概念に基づく蒸発/凝縮モデルでは、例えば、気相から気液界面までの熱流束と気液界面から液相までの熱流束との差を潜熱で除すことによって凝縮速度が評価される。ところで、気相に非凝縮成分が混在する場合、拡散抵抗の存在によって気相が純蒸気である場合と比べて気液界面の凝縮速度が著しく低下することが知られている。この現象を適切に記述するため、拡散律速の概念に基づく新たな蒸発/凝縮モデルの導入が行われてきた。また、このモデルを検証するための気泡凝縮実験が九州大学との共同研究として行なわれている。本研究では、まず、この気泡凝縮実験で得られた可視化画像から気泡径やボイド率などを定量化するための画像処理プログラムを構築し、その妥当性を検討した。次に、SIMMER-IIIによる解析を行い、解析結果を画像処理によって定量化した実験結果と比較した。その結果、拡散律速型の蒸発/凝縮モデルを導入したSIMMER-IIIは、伝熱律速型の蒸発/凝縮モデルを用いた従来の解析と比べて、非凝縮成分が混在する気泡の凝縮過程をより適切に再現できることが明らかになった。,"Complex phenomena such as phase changes and heat transfers in multi-phase and multi-component flows are modeled in the fluid-dynamics portion of SIMMER-III, which was developed to appropriately assess core disruptive accidents in liquid-metal fast reactors. In the original SIMMER-III, the phase-change rate is evaluated based on the concept of heat-transfer-limited phase change. For example, the condensation rate is evaluated by first taking the difference between the heat fluxes from gas to interface and from interface to liquid, and then dividing it with the latent heat of vaporization. When a non-condensable component exists in a gas phase, it is known that the phase-change rate decreases remarkably due to diffusion resistance, in comparison to cases with pure vapor. In order to appropriately describe this effect, a new model using the concept of diffusion-limited phase change has been added to SIMMER-III. In order to validate this model, a series of bubble-condensation experiments is being performed as a joint research project with Kyushu university. In the present study, an image-processing system is constructed in order to quantify bubble diameters and void fiactions from visualizations of the bubble-condensation experiments. Then, the validity of the image-processing measurements are examined. Moreover, the experimental results obtained through the image-processing are compared with SIMMER-III analyses. As a result, it is found that SIMMER-III with the diffusion-limited model can more suitably represent condensation processes involving non-condensable components, than previous analysis with the heat-transfor-limited model.",Japanese,54 Pages,2001/04,no keyword,,,computer_vision,7,"visualization, 可視化, 画像処理",画像処理を用いた拡散律速型蒸発/凝縮モデルの検証,https://jopss.jaea.go.jp/search/servlet/search?4036941,https://jopss.jaea.go.jp/pdfdata/JNC-TN9400-2001-041.pdf
8087,JAERI-Tech 2000-060,核破砕ターゲットリモートハンドリング実証試験装置,Remote handling demonstration test facility for spallation target,神永 雅紀; 佐々木 忍; 羽賀 勝洋; 麻生 智一; 木下 秀孝; 粉川 広行; 秋元 敦*; 安達 潤一*; 日野 竜太郎,"Kaminaga, Masanori; Sasaki, Shinobu; Haga, Katsuhiro; Aso, Tomokazu; Kinoshita, Hidetaka; Kogawa, Hiroyuki; Akimoto, Atsushi*; Adachi, Junichi*; Hino, Ryutaro",原研とKEKが共同で建設計画を進めている中性子散乱施設では、大強度陽子加速器から1MWのパルス状陽子ビームを水銀ターゲットに入射させ、核破砕反応により発生した中性子を生命・物質科学等の先端分野の研究に利用する計画である。水銀ターゲット容器は、陽子ビーム及び中性子による照射損傷等により数ヶ月間の運転ごとに交換が必要である。水銀ターゲット容器の交換では、容器が強く放射化しているため、リモートハンドリングによる取り扱いが必須となる。そこで、3次元シミュレーション解析を実施し、ターゲット容器の最適なリモートハンドリングによる交換作業手順とそれに必要な機器を定めた。本報では、リモートハンドリング機器の機能を実証するため計画した実規模ターゲットリモートハンドリング実証試験装置の仕様及び試験計画について述べる。,no abstracts in English,Japanese,37 Pages,2000/11,中性子散乱実験施設 ; 陽子ビーム ; 水銀ターゲット ; ターゲット容器 ; リモートハンドリング ; シミュレーション解析 ; 実証試験 ; 装置仕様 ; 試験計画,,https://doi.org/10.11484/jaeri-tech-2000-060,"3d_modeling, robotics_remote",7,"3次元, remote",Remote handling demonstration test facility for spallation target,https://jopss.jaea.go.jp/search/servlet/search?8087,https://jopss.jaea.go.jp/pdfdata/JAERI-Tech-2000-060.pdf
4036572,JNC TN9400 2000-062,超音波による集合体頂部変位計測手法の開発,Developmentofmeasurementofdisplacementofthetopofsub-assembly using super sonic sensor,小舞 正文,not registered,「常陽」では高速炉の固有安全性の実証を目的とした安全特性試験の実施に向けた研究を行っている。その一環としてフィードバック反応度の評価精度向上に関する検討を進めており、これまで高速炉炉心の過渡時のフィードバック反応度の一因となる炉心湾曲反応度を3次元体系で解析するシステムを整備した。本システムの解析精度向上のためには、湾曲量を実機で計測する必要があるが、現状では照射後試験(PIE)による静的な残留湾曲変位量しか計測できず、運転中における動的な湾曲量の計測手法の開発が望まれていた。そこで、炉心湾曲の量を原子炉運転中にオンラインで計測する手段として、超音波センサを用いた集合体頂部変位計測が考えられる。本報告書は、超音波による集合体頂部変位計測手法の開発について以下の項目をまとめたものである。・高温用超音波センサの特性試験・超音波センサの駆動部の検討・温度ゆらぎの影響等を確認するための炉外水中試験,"lt has been studied for safety plant test to demonstrate inherent safety of FBR core in JOYO. As a part of this study investigation of feedback reactivity was studied. And analysis code which can estimate the reactvity of core-bowing has been prepared. In post irradiation examination, remain bowing displacement of sub-assembly can only be measured, so development of measuring system of displacement of sub-assembly under operation is expected to improve estimation of core-bowing reactivity. lt is supposed that an on-line measurement system of displacement of the top of sub-assembly using super sonic sensor under operation is an effective means. ln this report, development of measurement of displacement of the top of sub-assembly using super sonic sensor was settled as follows. (1)Characteristic test of heat-resistant super sonic sensor (2)Design of adjustment device of super sonic sensor (3)Examination of in-water test for estimation of temperature fluctuation",Japanese,61 Pages,2000/03,no keyword,,,"3d_modeling, robotics_remote",7,"3次元, 超音波",超音波による集合体頂部変位計測手法の開発,https://jopss.jaea.go.jp/search/servlet/search?4036572,https://jopss.jaea.go.jp/pdfdata/JNC-TN9400-2000-062.pdf
4036612,JNC TN9400 99-072,インターラッパーフロー自然循環水流動可視化実験; ボタン型ラッパー管パッド形状における試験および解析結果,Flow visualization on a natural circulation inter-wrapper row; Experimental and numerical results under a geometric condition of button type spacer pads,安田 明洋; 宮越 博幸; 林 謙二; 西村 元彦; 上出 英樹; 菱田 公一,"Yasuda, Akihiro; not registered; Hayashi, Kenji; not registered; Kamide, Hideki; Hishida, Koichi","高速炉の自然循環崩壊熱除去時において、上部プレナムに浸漬された崩壊熱除去用の炉内冷却器(Direct Heat Exchanger,以下DHX)から流出する低温のナトリウムが炉心燃料集合体ラッパー管の間に形成されたギャップ部に流入し、燃料集合体をラッパー管の外側から冷却する現象{インターラッパーフロー(IWF)}が注目されている。これまでに7体の集合体により炉心を部分的に模擬したナトリウム試験体によりその温度場の特性を中心に明らかにしてきた。本研究では、炉心全体でのIWFの流動特性に着目し、径方向反射体を含めて炉心を模擬した水流動試験装置TRIF(Test Rig for Inter-wrapper Flow)を用いて可視化を中心とする試験を実施した。試験体の模擬ラッパー管は、透明アクリル、透明ガラスヒーター等の部材で構成されており、六角断面のラッパー管に挟まれた複雑な流路をもつIWFに対して、流況可視化による流速計測技術の適用が可能となっている。IWFに対して大きな影響を及ぼすと考えられるラッパー管同士のクリアランスを確保するためのパッド形状は、本報では「常陽」やPHENIXで採用されているボタン型とした体系を対象として、温度分布測定、流況可視化を行った。また、上部プレナムと炉心槽とをつなぐ流路などを設け、炉心周りの形状をパラメータとした。本実験により、IWFのフローパターンを明らかにすると共に、流れの可視化画像処理による速度分布の定量化を行った。また、ボタン型スペーサーパッドの体系ではパッド部を通り抜ける流れが支配的となり、炉心槽内の温度分布に対して、炉心周辺の幾何形状パラメータの変更による顕著な影響はないことが明らかとなった。IWFに関する解析手法の検証として流体の体積占有率と障害物(ここではラッパー管)から受ける流動抵抗を用いて複雑な流れを模擬するポーラスボディモデルを用いた多次元熱流動解析の適用性を評価した。解析は、実験のフローパターンを再現すると共に、温度分布についても予測可能であることが確認できた。","Investigations on the inter-wrapper flow (IWF) in a liquid metal cooled fast breeder reactor core have been carried out. The IWF is a natural circulation flow between wrapper tubes in the core barrel where cold fluid is coming from a direct heat exchanger (DHX) in the upper plenum. It was shown by the sodium experiment using 7-subassembly core model that the IWF can cool the subassemblies. To clarify thermal-hydraulic characteristics of the IWF in the core, the water experiment was performed using the flow visualization technique. The test rig for IWF (TRIF) has the core simulating the fuel subassemblies and radial reflectors. The subassemblies are constructed featuring transparent heater to enable both Joule heating and flow visualization. The transparent heater was made of glass with thin conductor film coating of tin oxide, and the glass heater was embedded on the wall of modeled wrapper tube made of acrylic plexiglass. In the present experiment, influences of peripheral geometric parameters such as flow holes of core formers on the thermal-hydraulic field were investigated with the button type spacer pads of the wrapper tube. Through the water tests, flow patterns of the IWF were revealed and velocity fields were quantitatively measured with a particle image velocimetry (PIV). Also, no substantial influence of peripheral geometry was found on the temperature field of the IWF, as far as the button type spacer pad was applied. Numerical simulation was applied to the experimental analysis of IWF by using multi-dimensional code with porous body model. The numerical results reproduced the flow patterns within TRIF and agreed well to experimental temperature distributions, showing capability of predicting IWF with porous body model.",Japanese,70 Pages,1999/04,no keyword,,,computer_vision,7,"visualization, 可視化, 画像処理",インターラッパーフロー自然循環水流動可視化実験; ボタン型ラッパー管パッド形状における試験および解析結果,https://jopss.jaea.go.jp/search/servlet/search?4036612,https://jopss.jaea.go.jp/pdfdata/JNC-TN9400-99-072.pdf
4016430,PNC TJ1449 98-005,釜石鉱山における堀削影響領域の評価に関する研究(平成9年度),Study on evaluation of excavation disturbed zone at Kamaishi Mine in 1997,玉井 昭雄*; 畑 浩二*; 田中 達也*; 堀田 政國*; 木下 直人*,"Tamai, Akio*; Hata, Koji*; Tanaka, Tatsuya*; Horita, Masakuni*; Kinoshita, Naoto*",釜石原位置試験第2フェーズでは、釜石鉱山250mレベル坑道において、深部岩盤の掘削影響領域の評価に関する研究を実施している。この掘削影響試験では、250mレベル坑道において新規に坑道を掘削し、その坑道掘削に伴う掘削影響領域の特性や範囲、工法依存性等を把握するとともに掘削影響の発生メカニズムを理解するための研究を行っている。今年度は、昨年度実施した試験坑道掘削前・中・後の調査結果を基に、掘削影響領域と考えられる範囲内の力学的・水理学的な特性の変化を把握するための詳細調査を実施する。詳細調査は、(1)試験坑道周辺岩盤を対象とした調査、(2)調査用試錐孔における調査、(3)長期挙動調査に分類される。試験坑道周辺岩盤を対象とした調査では、弾性波屈折法調査、レーダー反射法調査を実施し、掘削損傷領域の特性について3次元的に把握した。計測坑道では床盤透水試験を実施し、掘削後の坑道周辺の水理特性について検討した。調査用試錐孔における調査として、試験坑道から掘削された新規の試錐孔を利用してP波検層、超音波パルス測定を実施した。また、新規試錐孔から得られる試験坑道周辺の岩石試料を用いて室内力学試験を実施した。長期挙動調査として、昨年度の試験坑道掘削中に計測を実施したAE計測、ジョイント変位計測、岩盤内変位計測、Pac-EX計による計測を実施し、試験坑道掘削後の岩盤の挙動を調査した。昨年度までに得られた試験結果を含めて、本試験サイトを対象とした不連続性岩盤の評価モデルの見直しを行い、不連続性岩盤のモデル化手法の適用性について検討した。最後に平成7年度から9年度までに実施したすべての調査・解析結果のとりまとめを実施するとともに、結晶質岩における掘削影響の発生メカニズム、その範囲と特性、工法依存性等の評価を行った。,no abstracts in English,Japanese,427 Pages,1998/03,no keyword,,,"3d_modeling, robotics_remote",7,"3次元, 超音波",錐孔における調査、(3)長期挙動調査に分類される。試験坑道周辺岩盤を対象とした調査では、弾性波屈折法調査、レーダー反射法調査を実施し、掘削損傷領域の特性について3次元的に把握した。計測坑道では床盤透水試験を実施し、掘削後の坑道周辺の水理特性について検討した。調査用試錐孔における調査として、試験坑道から掘削された新規の試錐孔を利用してP波検層、超音波パルス測定を実施した。また、新規試錐孔から得られる試験坑,https://jopss.jaea.go.jp/search/servlet/search?4016430,https://jopss.jaea.go.jp/pdfdata/PNC-TJ1449-98-005.pdf
4036462,PNC TY9602 98-004,き裂進展のモニタリング技術開発に関する基礎研究 - 先行基礎工学分野に関する平成9年度報告書 -,None,榎 学*; 岸 輝雄*,not registered; not registered,ナトリウム漏えいを未然に防止するためには、機器・構造物の破損を防ぐことが必要である。したがってそのためには破損に至るまでの前駆現象を検出する技術が重要となってくる。従来のひずみゲージや圧電素子を使う方法に比べて、レーザー超音波を用いる方法では、焦点位置を移動させることにより任意の点における計測が可能であり、また低周波域から高周波域までの一つのセンサーを用いて検出可能である。そこで本研究においては、先端的なセンサーの一つであると考えられるレーザー超音波を用いて、機器・構造物において発生する振動、き裂やその進展をモニタリングするための装置の開発を試みた。レーザー超音波システムを、Qスイッチを有するNd-YAGレーザーを入射に用い、受信用としてHe-Neレーザーを用いることにより作製した。また受信したレーザーからマイケルソン干渉計の原理を用いて、試料表面での振動の速度成分を計測するシステムを組み立てた。この装置を用いて、鋼材においてレーザーによる超音波の発生とレーザーによる超音波の受信を行うことに成功した。また、これら信号の計測が妥当であることを確認するために、三次元差分を用いて試験片中の波動伝播のシミュレーションを行った。さらに、この装置を用いて材料中に発生するAE信号を検出することを試み、確かにレーザーによりAE信号の測定ができることを明らかにした。なお、本報告書は、東京大学の実施分についてのものである。,no abstracts in English,Japanese,21 Pages,1998/02,no keyword,,,"3d_modeling, robotics_remote",7,"三次元, 超音波",の装置を用いて、鋼材においてレーザーによる超音波の発生とレーザーによる超音波の受信を行うことに成功した。また、これら信号の計測が妥当であることを確認するために、三次元差分を用いて試験片中の波動伝播のシミュレーションを行った。さらに、この装置を用いて材料中に発生するAE信号を検出することを試み、確かにレーザーによりAE信号の測定ができることを明らかにした。なお、本報告書は、東京大学の実施分についてのもので,https://jopss.jaea.go.jp/search/servlet/search?4036462,https://jopss.jaea.go.jp/pdfdata/PNC-TY9602-98-004.pdf
2076462,JAERI-Tech 96-044,リアルタイムモニターシステムの開発,Development of the real time monitor system,加藤 克海*; 渡辺 正; 蕪木 英雄,"Kato, Katsumi*; Watanabe, Tadashi; not registered",スーパーコンピュータや計算サーバ用ワークステーションで実行中のシミュレーションの途中経過を、逐次、可視化用ワークステーションへ転送し、実時間可視化とビデオ録画を行うリアルタイムモニターシステムの開発と利用について記述する。本システムは可視化用ワークステーションとビデオ装置、スーパーコンピュータ上でのジョブサブミット用シェル、出力ファイルの転送用シェル、可視化ツールを軌道するための描画用シェルからなる。特殊な画像処理技術や装置を必要とせず、汎用可視化ツールAVSと通常のUNIXコマンドにより構築されているため、様々な計算機環境に応じた使用、拡張が可能である。,no abstracts in English,Japanese,36 Pages,1996/10,Simulation ; Visualization ; Real Time Monitor ; AVS,,https://doi.org/10.11484/jaeri-tech-96-044,computer_vision,7,"visualization, 可視化, 画像処理",スーパーコンピュータや計算サーバ用ワークステーションで実行中のシミュレーションの途中経過を、逐次、可視化用ワークステーションへ転送し、実時間可視化とビデオ録画を行うリアルタイムモニターシステムの開発と利用について記述する。本システムは可視化用ワークステーションとビデオ装置、スーパーコンピュータ上でのジョブサブミット用シェル、出力ファイルの転送,https://jopss.jaea.go.jp/search/servlet/search?2076462,https://jopss.jaea.go.jp/pdfdata/JAERI-Tech-96-044.pdf
2076430,JAERI-Tech 96-012,核融合炉真空容器破断事象(LOVA)時の置換流量計測のための可視化技術の開発と予備可視化試験の結果,Development of flow visualization technique for measurement of exchange flow rates under LOVA condition and results of the preliminary flow visualization experiment,功刀 資彰; 高瀬 和之; 小川 益郎; 柴田 光彦,"Kunugi, Tomoaki; Takase, Kazuyuki; Ogawa, Masuro; Shibata, Mitsuhiko",核融合炉で真空容器破断事象(LOVA)が発生すると、真空容器内外の温度差のために破断口部に密度差駆動による置換流が形成される。この置換流は、破断口を通って容器外部から内部に流入する一方、トリチウムや放射化ダストを伴って容器内部から外部へと流出する。したがって、核融合炉の安全性の観点からこれら放射化物質を伴う置換流の流動挙動を定量的に評価することが極めて重要である。そこで、破断口部に生じる置換流量を定量的に評価する新技術を開発するため、可視化計測による評価手法の可能性を検討した。その結果、LOVA条件下では相関法が最も有効であるとの結論を得た。この結論をもとに、小型の真空容器を使って破断口部を通る置換流の可視化実験を行い、その流動挙動を観察した。また、相関法による画像解析を行って置換流の局所流速分布を求め、この値を使って平均の置換流量を算出した。可視化実験から得られた置換流量は、精密電子天秤による置換流量測定値に比較的よく一致した。本研究は、LOVA条件下における破断口部の置換流量が可視化計測によって定量的に評価できることを明らかにしたものである。,no abstracts in English,Japanese,91 Pages,1996/03,Fusion Reactors ; LOVA ; Breaches ; Exchange Flow ; Investigation ; Experimental Study ; Estimation Technique ; Flow Visualization ; Relation Method,,https://doi.org/10.11484/jaeri-tech-96-012,computer_vision,7,"visualization, 可視化, 画像解析",核融合炉真空容器破断事象(LOVA)時の置換流量計測のための可視化技術の開発と予備可視化試験の結果,https://jopss.jaea.go.jp/search/servlet/search?2076430,https://jopss.jaea.go.jp/pdfdata/JAERI-Tech-96-012.pdf
2076426,JAERI-Tech 96-008,AVS (application visualization system)利用手引書,AVS (application visualization system) user's guide,増子 献児*; 五來 一夫; 加藤 克海*; 山崎 和彦,"not registered; Gorai, Kazuo; Kato, Katsumi*; not registered",情報システム管理課では、分散処理環境の整備作業の一環として画像処理環境の整備を進めており、画像処理サーバ、画像処理ソフトウェアAVS、動画像処理システム(ビデオ装置、フレームスキャンコンバータ等)を導入している。本報告書は、整備した画像処理環境において画像処理ソフトウェアを効率的に利用するための情報及び画像処理環境を整備するための情報をとりまとめたものである。,no abstracts in English,Japanese,141 Pages,1996/03,AVS ; 動画 ; 画像処理 ; 可視化,,https://doi.org/10.11484/jaeri-tech-96-008,computer_vision,7,"visualization, 可視化, 画像処理",AVS (application visualization system)利用手引書,https://jopss.jaea.go.jp/search/servlet/search?2076426,https://jopss.jaea.go.jp/pdfdata/JAERI-Tech-96-008.pdf
4055869,PNC TN9410 95-075,"SEISMIC RESPONSE ANALYSIS OF RAPSODIE CORD MOCK-UP, 2; Analysis of In-wates Experiment","RAPSODIE炉心モックアップの群振動解析,2; 水中実験の解析",森下 正樹,"Morishita, Masaki","IAEA/IWGFRが主催する国際共同研究「高速炉耐震解析コードの相互比較」(Coordinated Research Program on ""Intercomparison of LMFBR Seismic Analysis Codes"")の一環として、フランスが提供したRAPSODIEの実寸大模擬炉心構成要素を用いた振動試験(水中)に対する解析を、汎用有限要素法コードFINASを用いて実施した。水中の群振動においては、集合体と容器との流体力を介した連成効果によって系の固有振動特性と見かけの加振力が影響を受ける。予備解析としてこの効果を仮想付加質量の考え方でモデル化し、その係数を理論値、有限要素解析から求め、実験値と比較して妥当な値を定めた。この付加質量を用いて、六角形状に配列された集合体のうち中央一列(19体)を対象とした単列モデルによる群振動解析を行って実験結果との比較検討を行った。その結果、集合体の変位応答(最大値の分布、時刻歴など)、及びその周波数成分(応答スペクトル)に関して、解析は実験結果を実用上十分な精度で再現出来ていることを確かめた。さらに、対称条件を仮定して六角形配列の集合体の半分の領域(全145体)を対象とした詳細3次元解析を同様の手法で実行した。このような解析はこれまでに例が無い大規模なものであるが、単列モデルとほぼ同等の結果を得た。ただし、定量的には単列モデルの結果の方が精度は良好であり、3次元解析については精度向上のためのモデルの改善が必要であることが明らかになった。","In the framework of the Coordinated Research Program on ""Intercomparison of LMFBR Seismic Analysis Codes"" organized by IAEA/IWGFR, a series of dynamic and seismic response analyses was performed on the RAPSODIE core mock-up experiment. The experiment is shaking table tests using up to 271 full size mock-up elements of RAPSODIE core. The analysis was made on the in-water experiment by FINAS with a nineteen element model (central row) and a 3-D half clustermodel. Prior to the response analysis, fluid added mass was evaluated based on theory and a parametric FE analysis, which affect the dynamic property and apparent excitation characteristics of the core-vessel system through dynamic fluid-structure interaction. Using this added mass, the seismic response analysis with the single row model gave fairly close responses to those measured in the experiment. Based on the comparison of analysis results with experimental data in terms of maximum displacement distribution, displacement time history, and acceleration response spectra, it has been judged that the present analysis gives good results within a reasonable accuracy for practical purposes. The 3D half cluster model, which contain a total of 145 elements in the upper half of the whole core and is an inexperienced large scale analysis so far, gave less accurate results compared with the single row model. There seems to be a room for refining this large scale 3D model.",English,288 Pages,1995/04,no keyword,,,3d_modeling,7,"3-d, 3d, 3d model, 3次元",に関して、解析は実験結果を実用上十分な精度で再現出来ていることを確かめた。さらに、対称条件を仮定して六角形配列の集合体の半分の領域(全145体)を対象とした詳細3次元解析を同様の手法で実行した。このような解析はこれまでに例が無い大規模なものであるが、単列モデルとほぼ同等の結果を得た。ただし、定量的には単列モデルの結果の方が精度は良好であり、3次元解析については精度向上のためのモデルの改善が必要であること,https://jopss.jaea.go.jp/search/servlet/search?4055869,https://jopss.jaea.go.jp/pdfdata/PNC-TN9410-95-075.pdf
2076376,JAERI-Tech 95-014,動画像処理システムの開発,Development of animation processing system,加藤 克海*; 渡辺 正; 町田 昌彦*; 蕪木 英雄,"Kato, Katsumi*; Watanabe, Tadashi; not registered; not registered",情報システムセンターでは、分散処理環境の整備作業のひとつとして画像処理環境の整備を進めている。このため画像処理サーバ用ワークステーションを導入しており、これを使用して大規模数値シミュレーション結果の可視化技術の開発・整備を行っている。今回このワークステーション上でシミュレーション結果を連続的に描画し、自動的にビデオ録画する動画像処理システムの開発を行った。本報告書では、システム構成、可視化ツールによるワークステーション上への描画、ビデオ及びワークステーションの制御方法、アニメーションビデオの作成について使用例をもとに解説した。,no abstracts in English,Japanese,42 Pages,1995/03,Simulation ; Visualization ; AVS ; Animation ; Video,,https://doi.org/10.11484/jaeri-tech-95-014,computer_vision,7,"visualization, 可視化, 画像処理",動画像処理システムの開発,https://jopss.jaea.go.jp/search/servlet/search?2076376,https://jopss.jaea.go.jp/pdfdata/JAERI-Tech-95-014.pdf
2076120,JAERI-Research 94-033,Analysis of high energy ion ripple loss in the up-down asymmetric configuration by OFMC plus mapping hybrid code,OFMCとマッピングの混成コードによる上下非対称配位中の高エネルギー・イオン・リップル損失の解析,"Konovalov, S.*; 滝塚 知典; 谷 啓二; 濱松 清隆; 安積 正史","Konovalov, S.*; Takizuka, Tomonori; Tani, Keiji; Hamamatsu, Kiyotaka; Azumi, Masafumi",上下非対称配位に対する新しいマッピングコードを開発した。マッピングとOFMCを組み合わせた混成コードは、トカマクにおける高エネルギーイオンのリップル損失の計算を、リップル損失割合のみならず第一壁への損失パワー分布についても、正確にかつ速く行う。JT-60UにおけるNBIイオンのリップル損失に対する混成コードによる解析結果は、実験結果及びこれまでのOFMC計算結果によく一致した。,no abstracts in English,English,25 Pages,1994/11,トカマク ; 上下非対称 ; リップル損失 ; 高エネルギーイオン ; ITER ; JT-60U ; OFMCコード ; マッピングコード ; 混成コード,,https://doi.org/10.11484/jaeri-research-94-033,ar_mapping,7,"mapping, マッピング",igh energy ion ripple loss in the up-down asymmetric configuration by OFMC plus mapping hybrid code,https://jopss.jaea.go.jp/search/servlet/search?2076120,https://jopss.jaea.go.jp/pdfdata/JAERI-Research-94-033.pdf
4021056,JNC TJ7400 2005-074,時間領域電磁法を用いた精密電気探査法開発,Development of precise time domain EM interpretation method,"大屋 峻*; 斉藤 章*; Andersen, H. T.*","Oya, Takashi*; Saito, Akira*; Andersen, H. T.*","電磁探査法における,従来からの一次元インバージョンは,地形や地質の複雑な地域での精密な探査には必ずしも適さず,近年はアメリカ・ソ連などによってアナリティックコンティニュエーション,電磁マイグレーションやイメージングなどと呼ばれる解析手法が提唱されている。これらは地表の多数の測定データから順次地下深部の比抵抗分布を解析的に求めていくもので,各測定点のデータは総合的に扱われ,より精密な解析が期待される。本研究開発では,まずアナリティックコンティニュエーションの理論について検討を行い,ついで解析プログラムの開発を行なった。続いて二・三次元数値モデル計算結果に対してテストを行ない,さらに,土岐市東濃鉱山での現地測定結果に対して適用を試みた。さらにアメリカやカナダで実施されているイメージングについてもプログラムの開発を行い,人形峠におけるEM37の測定結果に対して検討を行なった。その結果,アナリティックコンティニュエーションによって地下のソースが十分な精度で解析され,またイメージングによって地下断面が具体的に図化されることがわかった。本研究はまだ初年度であり,まだ研究すべき課題は多いが,今後は電磁マイグレーションや空間フィルター等について検討を行なって,より制度の高く,安定したプログラムを開発し,さらに効率の高い測定システムの検討を行なう必要がある。",no abstracts in English,Japanese,132 Pages,1989/06,no keyword,,,"3d_modeling, robotics_remote",7,"イメージング, 三次元","ージョンは,地形や地質の複雑な地域での精密な探査には必ずしも適さず,近年はアメリカ・ソ連などによってアナリティックコンティニュエーション,電磁マイグレーションやイメージングなどと呼ばれる解析手法が提唱されている。これらは地表の多数の測定データから順次地下深部の比抵抗分布を解析的に求めていくもので,各測定点のデータは総合的に扱われ,より精密な解析が期待される。本研究開発では,まずアナリティックコンティニュエーシ",https://jopss.jaea.go.jp/search/servlet/search?4021056,https://jopss.jaea.go.jp/pdfdata/JNC-TJ7400-2005-074.pdf
5086256,JAEA-Technology 2025-013,令和6年度東京電力株式会社福島第一原子力発電所事故に伴う放射性物質の分布データの集約(受託研究),Investigations on distribution of radioactive substances owing to the Fukushima Daiichi Nuclear Power Station Accident in the fiscal year 2024 (Contract research),福島マップ事業対応部門横断グループ,Group for Fukushima Mapping Project,東京電力株式会社福島第一原子力発電所(福島第一原発)事故による放射性物質の分布状況を平成23年6月より調査してきた。本報告書は、令和6年度の調査において得られた結果をまとめたものである。空間線量率については、走行サーベイ、平坦地上でのサーベイメータによる定点サーベイ、歩行サーベイ及び無人ヘリコプターサーベイを実施し、測定結果から空間線量率分布マップを作成するとともにその経時変化を分析した。山間部モニタリングへの無人航空機の適用可能性を確認するため、山間部における無人航空機の基礎性能試験を実施した。放射性セシウムの土壌沈着量に関しては、in-situ測定及び土壌中深度分布調査をそれぞれ実施した。さらに、これまで蓄積した測定結果を基に空間線量率及び沈着量の実効半減期を評価した。令和6年度調査での走行サーベイや歩行サーベイ等により取得した空間線量率分布データを階層ベイズ統計手法を用いて統合し、福島第一原発から80km圏内及び福島県内の空間線量率統合マップを作成した。令和6年度測定結果のWEBサイトでの公開、総合モニタリング計画に基づく放射線モニタリング及び環境試料分析を実施した。避難指示解除区域への帰還後に想定される複数の代表的な生活行動パターンを設定し、積算の被ばく線量を算出するとともに当該地方自治体・住民に向けた説明資料を作成した。令和6年度調査や原子力規制庁等で実施した環境モニタリングの測定データの一部をCSV等の形式で保存した。モニタリング地点の重要度を相対的に評価するスコアマップを作成するとともに、過去からのスコアの変化要因について考察しモニタリング地点の重点化及び最適化のための基礎評価を実施した。海水中のトリチウム濃度の評価結果を原子力規制庁へ報告する体制を構築・運用し、ALPS処理水の海洋への放出前後のトリチウム濃度の変動に着目して解析評価した。総合モニタリング計画に基づき実施された海域モニタリングの測定結果を集約するとともに、過去からの変動などに関して解析評価を行った。,"This report presents results of the investigations on the distribution-mapping project of radioactive substances conducted in FY2024. Car-borne and walk surveys, a measurement using survey meters, and an unmanned helicopter survey were carried out to obtain air dose rate data on land to create their distribution maps, and temporal changes of those air dose rates were analyzed. In order to confirm the applicability of unmanned aircraft to monitoring in mountainous areas, a basic performance of unmanned aircraft was investigated in mountainous areas. Surveys on depth profile of radiocesium and in-situ measurements as for radiocesium deposition were performed. These measurement results were published on the WEB site. Based on these measurement results, effective half-lives of the temporal changes in the air dose rates and the deposition were evaluated. Using the Bayesian hierarchical modeling approach, we obtained maps that integrated air dose rate distribution data acquired through surveys such as car-borne and walk surveys. Radiation monitoring and analysis of environmental samples owing to the comprehensive radiation monitoring plan were carried out. Representative life patterns that can be expected after the return to the evacuation-designated restricted area were set, and the cumulative exposure doses were evaluated for the local governments and residents in the area. Score maps to classify the importance of the measurement points were created, and the temporal changes in the score were analyzed. A system to report the tritium concentration level in seawater to the Nuclear Regulation Authority was operated, and the variation of tritium concentration before and after the discharge of ALPS treated water to the ocean was analyzed. Monitoring data in coastal area performed owing to the comprehensive radiation monitoring plan until FY2024 was analyzed.",Japanese,206 Pages,2026/03,福島第一原子力発電所事故 ; Fukushima Daiichi Nuclear Power Station Accident ; Air Dose Rate ; Deposition Density ; Integrated Map ; Effective Half Life ; Monitoring Database ; Life Patterns ; Comprehensive Radiation Monitoring Plan ; Importance of Measurement Points ; Tritium,,https://doi.org/10.11484/jaea-technology-2025-013,ar_mapping,6,mapping,"This report presents results of the investigations on the distribution-mapping project of radioactive substances conducted in FY2024. Car-borne and walk surveys, a measurement using survey meters, a",https://jopss.jaea.go.jp/search/servlet/search?5086256,https://jopss.jaea.go.jp/pdfdata/JAEA-Technology-2025-013.pdf
5081082,JAEA-Review 2025-021,汚染可視化ハンドフットクロスモニタの要素技術開発(委託研究); 令和5年度英知を結集した原子力科学技術・人材育成推進事業,Development of elemental technologies of hand-foot-cloth monitors for -contamination visualization (Contract research); FY2023 Nuclear Energy Science & Technology and Human Resource Development Project,廃炉環境国際共同研究センター; 北海道大学*,Collaborative Laboratories for Advanced Decommissioning Science; Hokkaido University*,日本原子力研究開発機構(JAEA)廃炉環境国際共同研究センター(CLADS)では、令和5年度英知を結集した原子力科学技術・人材育成推進事業(以下、「本事業」という。)を実施している。本事業は、東京電力ホールディングス株式会社福島第一原子力発電所の廃炉等をはじめとした原子力分野の課題解決に貢献するため、国内外の英知を結集し、様々な分野の知見や経験を従前の機関や分野の壁を越えて緊密に融合・連携させた基礎的・基盤的研究及び人材育成を推進することを目的としている。平成30年度の新規採択課題から実施主体を文部科学省からJAEAに移行することで、JAEAとアカデミアとの連携を強化し、廃炉に資する中長期的な研究開発・人材育成をより安定的かつ継続的に実施する体制を構築した。本研究は、令和4年度に採択された研究課題のうち、「 汚染可視化ハンドフットクロスモニタの要素技術開発」の令和5年度分の研究成果について取りまとめたものである。本研究は、「 汚染可視化ハンドフットモニタ」及び「 ・ 汚染可視化クロスモニタ」の装置開発を目標としている。 線シンチレータ材料として、令和4年度に引き続きAD法によるZnS(Ag)厚膜作製及び希土類錯体について検討した。AD法による厚膜作製においては、ZnS(Ag)単独粉末及びZnS(Ag)/アルミナ混合粉末によるAD成膜体について、シンチレーション特性評価を実施した。その結果、 線に対する発光量は令和4年度から向上した。また、希土類錯体をポリスチレンに分散させた膜を用いて、市販プラスチックシンチレータ(サンゴバン製、BC400)よりも最大で12.5倍大きいシンチレーション強度を得た。 線撮像技術の開発においては、新規シンチレータの評価を重点的に行った。AD法によるZnS膜については5分測定で、希土類錯体については1分測定で 線の分布を確認できた。ホスウィッチ用シンチレータの開発では、La-GPS多結晶体薄板の製造工程における、成形用金型、焼結条件、切断工程、アニール条件、研削/研磨工程を最適化し、50mm角のLa-GPS多結晶薄板をほぼルーチンに製造する工程を確立した。また、 線検出用材料として、十分な性能を発揮できることを確認した。 ・ 汚染可視化クロスモニタの開発では、現場での使い勝手も含めた改善点を抽出・改良型の装置に反映した。さらに、試作したクロスモニタの基本性能を評価し、 線エネルギーと位置分布情報を得た。ホスウィッチ検出器の評価試験では、検出器出力波形の全積分と部分積分から、 線と 線を明確に弁別することに成功した。,"The Collaborative Laboratories for Advanced Decommissioning Science (CLADS), Japan Atomic Energy Agency (JAEA), had been conducting the Nuclear Energy Science & Technology and Human Resource Development Project (hereafter referred to ""the Project"") in FY2023. The Project aims to contribute to solving problems in the nuclear energy field represented by the decommissioning of the Fukushima Daiichi Nuclear Power Station, Tokyo Electric Power Company Holdings, Inc. (TEPCO). For this purpose, intelligence was collected from all over the world, and basic research and human resource development were promoted by closely integrating/collaborating knowledge and experiences in various fields beyond the barrier of conventional organizations and research fields. The sponsor of the Project was moved from the Ministry of Education, Culture, Sports, Science and Technology to JAEA since the newly adopted proposals in FY2018. On this occasion, JAEA constructed a new research system where JAEA-academia collaboration is reinforced and medium-to-long term research/development and human resource development contributing to the decommissioning are stably and consecutively implemented. Among the adopted proposals in FY2022, this report summarizes the research results of the ""Development of elemental technologies of hand-foot-cloth monitors for -contamination visualization"" conducted in FY2023. The present study aims to develop hand-foot-monitors for -contamination visualization and cloth monitors for / -contamination visualization consisting of a portable phoswich detector. ZnS(Ag) thick films by AD method and rare earth complexes have been studied for development of -ray scintillator materials. The scintillator properties of the newly prepared ZnS(Ag) thick films were improved from those prepared in 2022. A rare earth complex shows strong emission intensity under -ray irradiation, which was 12.5 times higher than that of a commercially available plastic scintillator (Saint-Gobain, BC400). By optimizing the manufacturing process conditions (molding die, sintering conditions, cutting process, annealing conditions, grinding/polishing processes) for La-GPS polycrystalline thin plates, the preparing process for 50 mm square La-GPS was established. The prepared La-GPS provided excellent performance for -ray scintillators. The cloth monitors for / -contamination visualization were also improved for the reflection of the actual situation. Furthermore, the basic performance of the prototype cloth monitors was evaluated, and alpha-ray energy and position distribution information were obtained. In an evaluation test of the phoswich detector, a precise discrimination between - and -rays was achieved.",Japanese,63 Pages,2025/10,福島第一原子力発電所事故 ; Fukushima Daiichi Nuclear Power Station Accident ; -contamination Visualization ; Hand-foot-cloth Monitor ; Portable Phoswich Detector ; ZnS(Ag) Thick Film ; Rare Earth Complexes ; La-GPS Polycrystal,,https://doi.org/10.11484/jaea-review-2025-021,computer_vision,6,"visualization, 可視化",汚染可視化ハンドフットクロスモニタの要素技術開発(委託研究); 令和5年度英知を結集した原子力科学技術・人材育成推進事業,https://jopss.jaea.go.jp/search/servlet/search?5081082,https://jopss.jaea.go.jp/pdfdata/JAEA-Review-2025-021.pdf
5082702,JAEA-Technology 2024-017,令和5年度東京電力株式会社福島第一原子力発電所事故に伴う放射性物質の分布データの集約(受託研究),Investigations on distribution of radioactive substances owing to the Fukushima Daiichi Nuclear Power Station Accident in the fiscal year 2023 (Contract research),福島マップ事業対応部門横断グループ,Group for Fukushima Mapping Project,東京電力(株)福島第一原子力発電所(福島第一原発)事故による放射性物質の分布状況を平成23年6月より調査してきた。本報告書は、令和5年度の調査において得られた結果をまとめたものである。空間線量率については、走行サーベイ、平坦地上でのサーベイメータによる定点サーベイ、歩行サーベイ及び無人ヘリコプターサーベイを実施し、測定結果から空間線量率分布マップを作成するとともにその経時変化を分析した。放射性セシウムの土壌沈着量に関しては、in-situ測定及び土壌中深度分布調査をそれぞれ実施した。さらに、これまで蓄積した測定結果を基に空間線量率及び沈着量の実効半減期を評価した。モニタリングの重要度を相対的に評価するスコアマップを作成するとともに、スコアの年次変化について分析した。海水中のトリチウム濃度の評価結果を原子力規制庁へ報告する体制を構築・運用し、ALPS処理水の海洋への放出前後のトリチウム濃度の変動について解析評価した。令和5年度までに総合モニタリング計画に基づき実施された海域モニタリングの測定結果を集約するとともに、過去からの変動などに関して解析評価を行った。階層ベイズ統計手法を用いて、令和5年度調査での走行サーベイや歩行サーベイ等の調査により取得した空間線量率分布データを統合し、空間線量率統合マップを作成した。避難指示解除区域への帰還後に想定される複数の代表的な生活行動パターンを設定し、積算の被ばく線量を算出するとともに当該地方自治体・住民に向けた説明資料を作成した。これらの他、令和5年度測定結果のWebサイトでの公開、総合モニタリング計画に基づく放射線モニタリング及び環境試料分析測定データのCSV化を実施した。,"This report presents results of the investigations on the distribution-mapping project of radioactive substances owing to TEPCO Fukushima Daiichi Nuclear Power Station (FDNPS) conducted in FY2023. Car-borne surveys, a measurement using survey meters, a walk survey and an unmanned helicopter survey were carried out to obtain air dose rate data to create their distribution maps, and temporal changes of the air dose rates were analyzed. Surveys on depth profile of radiocesium and in-situ measurements as for radiocesium deposition were performed. Based on these measurement results, effective half-lives of the temporal changes in the air dose rates and the deposition were evaluated. Score maps to classify the importance of the measurement points were created, and the temporal changes in the score were analyzed. A system to report the tritium concentration level in seawater to the Nuclear Regulation Authority was operated, and the variation of tritium concentration before and after the discharge of ALPS treated water to the ocean was analyzed. Monitoring data in coastal area performed owing to the comprehensive radiation monitoring plan until FY2023 was analyzed. Using the Bayesian hierarchical modeling approach, we obtained maps that integrated air dose rate distribution data acquired through surveys such as car-borne and walk surveys. Representative life patterns that can be expected after the return to the evacuation-designated restricted area were set, and the cumulative exposure doses were evaluated for the local governments and residents in the area. The measurement results for FY2023 were published on the Web site and measurement data were stored as CSV format. Radiation monitoring and analysis of environmental samples owing to the comprehensive radiation monitoring plan were carried out.",Japanese,208 Pages,2025/03,福島第一原子力発電所事故 ; Fukushima Daiichi Nuclear Power Station Accident ; Air Dose Rate ; Car-born Survey ; Walk Survey ; Helicopter Survey ; Deposition density ; Depth Profile of Deposit of Radiocesium ; Coastal Area Monitoring ; Integrated Map ; Cumulative Exposure Dose,,https://doi.org/10.11484/jaea-technology-2024-017,ar_mapping,6,mapping,This report presents results of the investigations on the distribution-mapping project of radioactive substances owing to TEPCO Fukushima Daiichi Nuclear Power Station (FDNPS) conducted in FY2023. C,https://jopss.jaea.go.jp/search/servlet/search?5082702,https://jopss.jaea.go.jp/pdfdata/JAEA-Technology-2024-017.pdf
5079447,JAEA-Technology 2023-024,令和4年度東京電力株式会社福島第一原子力発電所事故に伴う放射性物質の分布データの集約(受託研究),Investigations on distribution of radioactive substances owing to the Fukushima Daiichi Nuclear Power Station Accident in the fiscal year 2022 (Contract research),福島マップ事業対応部門横断グループ,Group for Fukushima Mapping Project,東京電力(株)福島第一原子力発電所(福島第一原発)事故による放射性物質の分布状況を平成23年6月より調査してきた。本報告書は、令和4年度の調査において得られた結果をまとめたものである。空間線量率については、走行サーベイ、平坦地上でのサーベイメータによる定点サーベイ、歩行サーベイ及び無人ヘリコプターサーベイを実施し、測定結果から空間線量率分布マップを作成するとともにその経時変化を分析した。放射性セシウムの土壌沈着量に関しては、in-situ測定及び土壌中深度分布調査をそれぞれ実施した。さらに、これまで蓄積した測定結果を基に空間線量率及び沈着量の実効半減期を評価した。モニタリングの重要度を相対的に評価するスコアマップを福島県及び福島第一原発から80km圏内について作成するとともに、多年度のモニタリングデータを使用した場合のスコアの変化要因について考察した。過去の海水中トリチウムの濃度データの変動幅を把握しその要因について考察した。総合モニタリング計画に基づき実施された海域モニタリングについて令和4年度の測定結果を集約するとともに、過去からの変動などに関して解析評価を行った。階層ベイズ統計手法を用いて、走行サーベイや歩行サーベイ等の調査により取得した空間線量率分布データを統合し、80km圏内を対象とした統合マップ及び解析対象を福島県全域に広げた統合マップを作成した。これらの他、「放射性物質モニタリングデータの情報公開サイト」への令和4年度の測定結果の公開、総合モニタリング計画に基づく放射線モニタリング及び環境試料分析測定データのCSV化を実施した。,"This report presents results of the investigations on the distribution-mapping project of radioactive substances owing to TEPCO Fukushima Daiichi Nuclear Power Station (FDNPS) conducted in FY2022. Car-borne surveys, a measurement using survey meters, a walk survey and an unmanned helicopter survey were carried out to obtain air dose rate data to create their distribution maps, and temporal changes of the air dose rates were analyzed. Surveys on depth profile of radiocesium and in-situ measurements as for radiocesium deposition were performed. Based on these measurement results, effective half-lives of the temporal changes in the air dose rates and the deposition were evaluated. Score maps to classify the importance of the measurement points were created, and the factors causing changes in the score when monitoring data from multiple years were used were discussed. The range of fluctuation of past tritium concentration data in seawater was determined, and the causes of the fluctuation were discussed. Monitoring data in coastal area performed in 2022 owing to the comprehensive radiation monitoring plan was summarized, and temporal changes in cesium-137 were analyzed. Using the Bayesian hierarchical modeling approach, we obtained maps that integrated air dose rate distribution data acquired through surveys such as car-borne and walk surveys with respect to the region within 80 km from the FDNPS and Fukushima Prefecture. The measurement results for FY2022 were published on the ""Database for Radioactive Substance Monitoring Data"", and measurement data were stored as CSV format. Radiation monitoring and analysis of environmental samples owing to the comprehensive radiation monitoring plan were carried out.",Japanese,176 Pages,2024/03,福島第一原子力発電所事故 ; Fukushima Daiichi Nuclear Power Station Accident ; Air Dose Rate ; KURAMA-II ; NaI(Tl) Survey Meter ; Helicopter Survey ; Deposition density ; Depth Profile of Deposit of Radiocesium ; Effective Half-life ; Coastal Area Monitoring ; Integrated Map,,https://doi.org/10.11484/jaea-technology-2023-024,ar_mapping,6,mapping,This report presents results of the investigations on the distribution-mapping project of radioactive substances owing to TEPCO Fukushima Daiichi Nuclear Power Station (FDNPS) conducted in FY2022. C,https://jopss.jaea.go.jp/search/servlet/search?5079447,https://jopss.jaea.go.jp/pdfdata/JAEA-Technology-2023-024.pdf
5078314,JAEA-Testing 2023-002,"MLFデータ処理環境""空蝉""インストールマニュアル","Installation manuals for ""Utsusemi""",稲村 泰弘,"Inamura, Yasuhiro",空蝉とは、J-PARCの物質・生命科学実験施設(MLF)において実施される中性子散乱実験にて得られたデータ処理に使用されるソフトウェア群の一つである。MLFの多くの装置(ビームライン)では、測定されたデータから条件に応じて抽出し、強度の規格化、装置機器依存の強度補正、単位変換などを行い、物理量へと変換し可視化する必要がある。空蝉はこの一連の処理を効率的に行うために開発されたソフトウェア群である。空蝉は主にデータの抽出機能(ヒストグラム化)や各種補正機能、それらを効率よく実行するためのグラフィカルインターフェースを持つソフトウェア、さらには処理されたデータを可視化するプロッタアプリケーションなどから構成されている。既にMLFの多数の装置において解析作業の要として動作している。本書は、MLFの中性子散乱装置を運用する装置担当者やユーザーが空蝉を利用したデータ処理を自分自身の計算機環境にて実施する際に、その環境構築やインストール作業を容易に実施できるよう、オペレーションシステムごとに具体的な手順を記述したマニュアルである。なお、WindowsやmacOSといった一般向けオペレーションシステムであれば、通常のアプリケーションを扱う程度の知識があれば本書を利用してインストールが可能である。,"""Utsusemi"" is a suite of software used to process data obtained from measurements of neutron scattering experiments at the Materials and Life Science Experimental Facility (MLF), J-PARC. To directly obtain the physical quantities which scientists want to get from the data produced by instruments at MLF, many processes are required, such as creating histogram format data, easily visualizing and converting units and correcting intensity adapting the instrument conditions. ""Utsusemi"" software consists of many software components, many functions for data processing, graphical interface software for executing Utsusemi functions, data visualization applications, and so on. ""Utsusemi"" has already played an important role in data processing and has been widely employed in MLF beamlines. This document describes how to install the ""Utsusemi"" software on each operating system to be of help of instrument staff and users who want to process data by themselves. Installation of ""Utsusemi"" on Windows and macOS requires only general knowledge of working with PC applications according to this document.",Japanese,80 Pages,2023/12,中性子散乱実験 ; データ処理 ; ソフトウェア,J-PARC物質・生命科学実験施設,https://doi.org/10.11484/jaea-testing-2023-002,computer_vision,6,"visualization, 可視化",ある。MLFの多くの装置(ビームライン)では、測定されたデータから条件に応じて抽出し、強度の規格化、装置機器依存の強度補正、単位変換などを行い、物理量へと変換し可視化する必要がある。空蝉はこの一連の処理を効率的に行うために開発されたソフトウェア群である。空蝉は主にデータの抽出機能(ヒストグラム化)や各種補正機能、それらを効率よく実行するためのグラフィカルインターフェースを持つソフトウェア、さらには処理さ,https://jopss.jaea.go.jp/search/servlet/search?5078314,https://jopss.jaea.go.jp/pdfdata/JAEA-Testing-2023-002.pdf
5078967,JAEA-Research 2023-007,コールドクルーシブル誘導加熱法を用いた炉心酸化物溶融物中の成分偏析に関する研究(共同研究),Segregation of components of molten core oxidic materials using cold crucible induction heating technique (Joint research),"須藤 彩子; M sz ros, B.*; 佐藤 拓未; 永江 勇二","Sudo, Ayako; M sz ros, B.*; Sato, Takumi; Nagae, Yuji",東京電力ホールディングス(株)福島第一原子力発電所で形成された燃料デブリの臨界評価のためには、燃料デブリ中に含まれる成分の偏析傾向を把握することは非常に重要である。特に、燃料デブリ中で中性子吸収材としての役割を担うと考えられるFeおよびGdの分布状況は臨界性に大きな影響を与えると考えられる。本研究では炉心酸化物溶融物中の凝固過程におけるFeおよびGdの偏析傾向を解明するため、コールドクルーシブル誘導加熱法を用い炉心構成材料(UO 、ZrO 、FeO、Gd O 、模擬核分裂生成物(MoO 、Nd O 、SrO、RuO ))、コンクリート主成分(SiO 、Al O 、CaO)の溶融凝固試験を行った。本試験では、加熱中溶融試料を徐々に下部に引き抜くことによって、下部から上部に向かって凝固させることを実現した。元素分析の結果、Feは試験体中心付近で試験体下部の最大3.4倍濃縮することがわかった。FeOの初期組成、冷却速度、相分離の有無にかかわらず、すべての試験体でFeの試験体中心部付近への偏析が確認された。このことから、FeOは溶融物中で最終凝固領域に向けて偏析することが考えられる。一方、Gdは試験体中の試験体下部で試験体中心付近の最大2.6倍濃縮した。Gd O は初期組成1at.%以上の場合、冷却速度、相分離の有無にかかわらず、すべての試験体で試験体下部への偏析が確認された。このことから、Gd O は溶融物中に1at.%以上含まれる場合、初期に凝固する領域に偏析することが考えられる。一方、模擬核分裂生成物の顕著な偏析は確認されなかった。,"For the criticality assessment of fuel debris generated by the accident in Fukushima Daiichi Nuclear Power Station, understanding of the elemental localization in fuel debris is important. Especially, the distribution of Fe and Gd, which may behave as potential neutron absorber materials in the fuel debris, is of particular important from the viewpoint of nuclear criticality safety. To investigate the localization tendency of Gd and Fe in molten core materials during solidification progress, liquefaction/solidification tests on core materials containing UO , ZrO , FeO, Gd O , and simulated fission products (MoO , Nd O , SrO, and RuO ) and concrete (SiO , Al O , and CaO) were performed using cold crucible induction heating technique. During the test, the molten core materials gradually subsided and solidified from the bottom to the top of the melt. Elemental analysis showed that Fe content in the inner region increased approximately up to 3.4 times that in the bottom region. The concentration of Fe into the inner region was observed in all the samples regardless of the initial FeO composition, cooling rates, and phase separation. This suggests that FeO may be concentrated into the low temperature region, where the melt solidified later. In contrast, Gd content in the bottom region increased approximately up to 2.6 times that in the inner region. The concentration of Gd into the bottom region was observed when the initial Gd O content was higher than 1 at.%. This suggests that Gd O may be concentrated into the earlier solidified region. On the other hand, no significant localization was observed on the simulated fission products.",Japanese,31 Pages,2023/11,福島第一原子力発電所事故 ; Fukushima Daiichi Nuclear Power Station Accident,,https://doi.org/10.11484/jaea-research-2023-007,ar_mapping,6,localization,"dent in Fukushima Daiichi Nuclear Power Station, understanding of the elemental localization in fuel debris is important. Especially, the distribution of Fe and Gd, which may behave as potential neutron absorber",https://jopss.jaea.go.jp/search/servlet/search?5078967,https://jopss.jaea.go.jp/pdfdata/JAEA-Research-2023-007.pdf
5074193,JAEA-Research 2022-006,原子力施設耐震設計における福島・茨城県境を震源とする長周期地震動評価の高度化研究,Improve long periodic ground motion evaluation with the epicenter on the border between Fukushima and Ibaraki prefectures in seismic design of nuclear facilities,桐田 史生; 冨永 昌宏; 山崎 敏彦; 瀬下 和芳; 瓜生 満,"Kirita, Fumio; Tominaga, Masahiro; Yamazaki, Toshihiko; Seshimo, Kazuyoshi; Uryu, Mitsuru",核燃料サイクル工学研究所(以下、サイクル研)では、1990年代より地震観測を行っている。内陸地殻内地震について、2011年3月11日に発生した東北地方太平洋沖地震(以下、3.11地震)までは、茨城県北部 福島県において発生頻度が低い状況であったが、3.11地震後、この地域で余震が頻発するようになり、福島県浜通り付近で発生した地震(2011年4月11日福島県浜通りの地震等)では、サイクル研の地震観測記録に顕著な長周期成分が観測された。この地震の震源付近の観測地点の記録には長周期成分は含まれておらず、サイクル研までの伝搬過程で、長周期成分が生成されたものと考えられる。敷地周辺の地下構造探査結果から深部の地震基盤には、盆地状構造が確認されており、この基盤形状を起因とした長周期成分の生成と評価した。原子力施設の耐震設計に用いる地震動評価では、敷地で得られた観測記録を要素地震に用いた経験的グリーン関数法により評価を行っており、サイクル研の観測記録を要素地震に用いて地震動評価を行った場合、震源ではわずかな長周期成分を伝搬過程で増幅したものを震源に戻し波形合成することとなり、長周期成分が過度に増幅される結果となる。このため本検討では、地震動の長周期成分の評価を精緻化するために、震源及び敷地周辺を含む広域の深部地盤の形状を反映できる三次元地盤構造モデルによる地震動評価を実施した。モデルは、浜通り地震の震源域付近から茨城県北部沿岸域を範囲(幅約80km 長さ約110km)とし、本研究における長周期地震動評価を適切に行えるよう2秒以上の周期帯の精度を担保するようなメッシュサイズを調整した。三次元地盤構造モデル構築にあたっては、複数の観測記録や震源モデルを用いて、最適な三次元地盤構造モデルを作成し、複数の地震のシミュレーション解析、分析等を行い、その適切性、有用性を確認した。これらの研究成果を実際の許認可業務の基礎資料として活用した。,"Nuclear Fuel Cycle Engineering Laboratories (NCL) has been observing ground motion for a long time. On the border from northern Ibaraki prefecture to Fukushima prefecture, inland crustal earthquakes occur less frequently until the 2011 off the Pacific coast of Tohoku Earthquake (hereinafter referred to as Tohoku Earthquake). After Tohoku Earthquake, aftershocks have become more frequent in this area, and in the Hamadori region of Fukushima earthquake that a remarkable long periodic component was observed in the NCL seismic observation record. Until now there were no such things that long periodic components were observed at the observation points near the epicenter of April 2011 Fukushima earthquake, but it was thought basin structure in deep basement around the NCL affected the propagation process to NCL by reflection survey result. As basement structure of NCL affected the seismic wave propagation process, the seismic wave repeatedly reflects and refracts. For that reason, long periodic components of seismic waves may be possibly amplified. In this study, in order to refine the long periodic ground motion evaluation, using a three dimensional ground structure model (3D model) that can reflect the shape of the deep basement structure around the NCL. When modeling 3D ground structure which has a width of about 80km and a length of about 110km and ranges from the epicenter area of April 2011 Fukushima earthquake to the northern coastal area of Ibaraki prefecture modeled, improved the optimum ground structure model using multiple observation records and performed simulation analysis.",Japanese,61 Pages,2023/02,三次元地盤構造モデル ; 経験的グリーン関数 ; ハイブリッド合成法 ; 長周期地震動評価,再処理施設,https://doi.org/10.11484/jaea-research-2022-006,3d_modeling,6,"3d, 3d model, 三次元",、長周期成分が過度に増幅される結果となる。このため本検討では、地震動の長周期成分の評価を精緻化するために、震源及び敷地周辺を含む広域の深部地盤の形状を反映できる三次元地盤構造モデルによる地震動評価を実施した。モデルは、浜通り地震の震源域付近から茨城県北部沿岸域を範囲(幅約80km 長さ約110km)とし、本研究における長周期地震動評価を適切に行えるよう2秒以上の周期帯の精度を担保するようなメッシュサイズ,https://jopss.jaea.go.jp/search/servlet/search?5074193,https://jopss.jaea.go.jp/pdfdata/JAEA-Research-2022-006.pdf
5076231,JAEA-Research 2022-014,ラマン分光測定による模擬廃棄物ガラス凝固表面の構造評価,Structural evaluation of coagulated surface of simulated waste glass by using Raman spectroscopy,永井 崇之,"Nagai, Takayuki",物性評価に供する模擬ガラス固化体試料の多くは、溶融ガラスを室温まで徐冷したガラス塊から測定手法に適した形状に加工しているが、実際のガラス固化体は、溶融炉から流下したガラスをキャニスター内で冷却凝固させる。そこで、溶融状態の模擬廃棄物ガラスを凝固させた表面を深さ方向にラマン分光測定し、凝固表面近傍のSi-O架橋組織の状況を評価した。溶融した模擬廃棄物ガラスカレットを大気下で凝固させたガラス表面近傍のラマンスペクトルは、表面からの深さ方向に対して変化し、スペクトル解析の結果、ガラス凝固表面のSi-O架橋組織は架橋酸素数の少ない構造の割合が高くなる傾向が認められた。一方、原料に用いたガラスカレットやArガス雰囲気で凝固させたガラス表面は深さ方向に対するスペクトル変化は小さく、ガラス表面近傍のSi-O架橋組織はほぼ同等であった。また、ガラス切断面も深さ方向に対するスペクトル変化は小さく、破損したガラス破断面も深さ方向に対するスペクトルの変化が小さいことを確認した。表面近傍の深さ方向に対するラマンスペクトル変化が大きいガラスは、大気雰囲気のマッフル炉内で溶融状態から室温まで冷却したガラスであり、溶融状態から凝固するまでの時間が長いほど深さ方向に対するスペクトル変化が大きくなると考えられる。ガラス凝固表面でSi-O架橋組織の架橋酸素数が少ない構造の割合が高くなる理由を確認するため、凝固表面と切断面を対象にSiのK吸収端及びCeのL 吸収端をXAFS測定した。その結果、凝固表面のSiのK吸収端ピークが切断面のピークより高く、凝固する過程で表面近傍にアルカリ金属酸化物の濃度が高まる可能性が認められた。また、凝固表面と切断面のCeのL 吸収端XAFSスペクトルを比較すると、凝固表面近傍のCeが切断面より4価状態にあることを確認した。,"Most of the simulated waste glasses used for physical property evaluation are processed into a shape suitable for the measurement method from glass gob obtained by slowly cooling molten glass to room temperature. However, the actual vitrified waste glass material is obtained by cooling and being coagulated the glass drained from the bottom of glass melter into the canister. In this study, Raman spectroscopy was performed on the coagulated surface of molten simulated waste glass in the depth direction to evaluate the state of the Si-O bridging structure near the coagulated glass surface. The Raman spectra measured from the surface to the depth direction near the surface of the glasses produced by several melting and coagulation conditions of molten simulated waste glass cullet in the air atmosphere, and it was confirmed that there were changes in these spectra. On the other hand, the raw material glass cullet and the surface of the glass solidified in argon gas atmosphere showed little change in the spectrum in the depth direction, and the Si-O bridging structure near the glass surface was similar. It was also confirmed that the spectrum change in the depth direction measurement was small for the cut surface of the glass, and that the change in the spectrum for the broken glass fracture surface was also small. For glasses with a large change in Raman spectra in the depth direction near the coagulated surface, the molten glass was cooled from the molten state to room temperature in a muffle furnace with air atmosphere. That is, the magnitude of the spectral change with respect to the depth direction depends on the time from the molten state to coagulation. In order to confirm the reason why the number of bridging oxygen in the Si-O bridging structure is small on the coagulated surface of glass, the XANES spectra of Si-K edge and Ce-L3 edge were measured by XAFS on the coagulated surface and the cutting face. As a result, the Si-K edge peak on the coagulated surface is",Japanese,84 Pages,2023/02,ホウケイ酸ガラス ; 模擬廃棄物ガラス ; ラマン分光測定 ; XANES ; ガラス固化,,https://doi.org/10.11484/jaea-research-2022-014,ar_mapping,6,ar,対して変化し、スペクトル解析の結果、ガラス凝固表面のSi-O架橋組織は架橋酸素数の少ない構造の割合が高くなる傾向が認められた。一方、原料に用いたガラスカレットやArガス雰囲気で凝固させたガラス表面は深さ方向に対するスペクトル変化は小さく、ガラス表面近傍のSi-O架橋組織はほぼ同等であった。また、ガラス切断面も深さ方向に対するスペクトル変化は小さく、破損したガラス破断面も深さ方向に対するスペクトルの変化,https://jopss.jaea.go.jp/search/servlet/search?5076231,https://jopss.jaea.go.jp/pdfdata/JAEA-Research-2022-014.pdf
5075852,JAEA-Technology 2022-026,令和3年度東京電力株式会社福島第一原子力発電所事故に伴う放射性物質の分布データの集約(受託研究),Investigations on distribution of radioactive substances owing to the Fukushima Daiichi Nuclear Power Station Accident in the fiscal year 2021 (Contract research),福島マップ事業対応部門横断グループ,Group for Fukushima Mapping Project,東京電力(株)福島第一原子力発電所(福島第一原発)事故による放射性物質の分布状況を平成23年6月より調査してきた。本報告書は、令和3年度の調査において得られた結果をまとめたものである。空間線量率については、KURAMA-IIを用いた走行及び歩行サーベイ、平坦地上でのサーベイメータによる定点測定及び無人ヘリサーベイを実施し、空間線量率分布マップを作成するとともにその経時変化を分析した。放射性セシウムの土壌中深度分布調査及び土壌沈着量in-situ測定をそれぞれ実施した。これまで蓄積した測定結果を基に空間線量率及び沈着量の実効半減期を評価した。福島県及び福島第一原発から80km圏内でのスコアマップを作成し、多年度のモニタリングデータを使用した場合のスコアの変化要因について考察した。総合モニタリング計画で実施された海域モニタリング結果を集約し、セシウム137について過去からの変動や濃度などの詳細な解析評価を行なった。階層ベイズ統計手法を用いて、走行サーベイや歩行サーベイ等により取得した空間線量率分布データを統合し、同80km圏内及び福島県全域の統合マップを作成した。「放射線量等分布マップ拡大サイト」への測定結果の追加、総合モニタリング計画に基づく放射線モニタリング及び環境試料分析測定データのCSV化を実施した。,"This report presents results of the investigations on the distribution-mapping project of radioactive substances owing to TEPCO Fukushima Daiichi Nuclear Power Station (FDNPS) conducted in FY2021. Car-borne surveys, a flat ground measurement using survey meters, a walk survey and an unmanned helicopter survey were carried out to obtain air dose rate data to create air dose rate distribution maps, and temporal changes of the air dose rates were analyzed. Surveys on depth profile of radiocesium and in-situ measurements as for radiocesium deposition were performed. Based on these measurement results, effective half-lives of the temporal changes in the air dose rates and the deposition were evaluated. Score maps to classify the importance of the measurement points were created for Fukushima Prefecture and the 80 km zone from the FDNPS, and the factors causing changes in the score when monitoring data from multiple years were used were discussed. Monitoring data in coastal area performed owing to the comprehensive radiation monitoring plan until 2020 was summarized, and temporal changes in cesium-137 were analyzed. Using the Bayesian hierarchical modeling approach, we obtained maps that integrated the air dose rate distribution data obtained in this project with respect to the region within 80 km from the FDNPS and Fukushima Prefecture. The measurement results for FY2021 were published on the ""Expansion Site of Distribution Map of Radiation Dose"", and measurement data were stored as CSV format. Radiation monitoring and analysis of environmental samples owing to the comprehensive radiation monitoring plan were carried out.",Japanese,152 Pages,2023/01,福島第一原子力発電所事故 ; Fukushima Daiichi Nuclear Power Station Accident ; Air Dose Rate ; KURAMA-II ; NaI(Tl) Survey Meter ; Helicopter Survey ; Deposition density ; Depth Profile of Deposit of Radiocesium ; Effective Half-life ; Coastal Area Monitoring ; Integrated Map,,https://doi.org/10.11484/jaea-technology-2022-026,ar_mapping,6,mapping,This report presents results of the investigations on the distribution-mapping project of radioactive substances owing to TEPCO Fukushima Daiichi Nuclear Power Station (FDNPS) conducted in FY2021. C,https://jopss.jaea.go.jp/search/servlet/search?5075852,https://jopss.jaea.go.jp/pdfdata/JAEA-Technology-2022-026.pdf
5072775,JAEA-Technology 2021-038,レーザークリーニングによる鋼材表面塗装膜の分離・除去,Separation/removal of steel surface coating film by laser cleaning,山根 いくみ; 高橋 信雄; 澤山 兼吾; 西脇 大貴; 松本 孝志; 小川 潤平; 野村 光生; 有馬 立身*,"Yamane, Ikumi; Takahashi, Nobuo; Sawayama, Kengo; Nishiwaki, Hiroki; Matsumoto, Takashi; Ogawa, Jumpei; Nomura, Mitsuo; Arima, Tatsumi*",人形峠環境技術センターの設備解体撤去による解体物の発生予想量は全体で約13万トンである。そのうち放射性廃棄物でない廃棄物(以下NR: Nonradioactive wasteという)となる非放射性廃棄物は約80%である。しかしながら、このNR対象となる鋼材の一部には汚染された可能性を否定できないものがあり、これらについては汚染が疑われる部分の表面塗装膜を分離・除去させた後、搬出のためのサーベイを実施してからNRとしている。現在の分離・除去方法ではグラインダー等の回転研磨工具による手作業を採用しているが、この方法は粉塵の飛散と吸入防止のためのグリーンハウスの設置や作業員のタイベックスーツと全面マスクの着用を必要とする。このため、分離・除去方法のさらなる改良による作業の短時間化(低コスト化)、作業員への負荷低減、そして、過剰な研磨による二次廃棄物発生の抑制が望まれている。そこで本研究では、工事現場等で塗装膜分離・除去に使用されるレーザークリーニング技術に着目した。NR対象物の塗装膜分離・除去技術の向上を目的とし、レーザークリーニング装置を用いたNR鋼材表面塗装膜の分離・除去性能評価、高速度カメラによる塗装膜飛散挙動の観測と塗装膜回収方法の検討、鋼材表面の粉体に対するレーザー分離・除去性能評価、鋼材表面上のウラン化合物の熱力学的評価を行った。またこれらに基づいて、今後のレーザークリーニング技術の導入による実作業への適合性についても検討して今後の展開について整理した。,"We have dismantled uranium enrichment facilities in Ningyo-toge Environmental Engineering Center since their operation finished in 2001, and the total amount of metallic wastes is estimated to be about 130 thousand tons. Eighty percent of them can be disposed as nonradioactive waste (NR), but there are some steel parts possibly uranium-contaminated. We need removing painted surface of such steels and radiologically surveying to dispose them as NRs. Though painted surfaces have been conventionally removed through hand working with grinders, this manual work requires installation of green house, protective clothing, and full-face mask, in order to prevent dispersion and inhalation of airborne dusts. We desire further developments of surface cleaning techniques to reduce time, cost, workload, and secondary waste generation caused by excessive grinding. Therefore, in this study, we focused on the laser cleaning technology used for the separation and removal of paint films at construction sites. In order to improve the coating separation and removal technology for NR objects, we evaluated the coating separation and removal performance of NR steel surface by laser cleaning system, observed the coating scattering behavior by high-speed camera and investigated the coating recovery method, evaluated the laser separation and removal performance of steel surface powder, and thermodynamically evaluated the uranium compounds on steel surface. We additionally evaluated the feasibility of laser cleaning techniques in our works basing on these results, and discussed future work plans for further developments of laser cleaning techniques.",Japanese,18 Pages,2022/02,廃止措置 ; レーザークリーニング ; NR,"OP-1,2(濃縮工学施設)",https://doi.org/10.11484/jaea-technology-2021-038,computer_vision,6,"camera, カメラ",ザークリーニング技術に着目した。NR対象物の塗装膜分離・除去技術の向上を目的とし、レーザークリーニング装置を用いたNR鋼材表面塗装膜の分離・除去性能評価、高速度カメラによる塗装膜飛散挙動の観測と塗装膜回収方法の検討、鋼材表面の粉体に対するレーザー分離・除去性能評価、鋼材表面上のウラン化合物の熱力学的評価を行った。またこれらに基づいて、今後のレーザークリーニング技術の導入による実作業への適合性についても検,https://jopss.jaea.go.jp/search/servlet/search?5072775,https://jopss.jaea.go.jp/pdfdata/JAEA-Technology-2021-038.pdf | https://rdreview.jaea.go.jp/review_jp/2022/pdf/j2022_8_4.pdf
5073142,JAEA-Technology 2021-031,Kirkpatrick-Baez(KB)ミラーを用いたマイクロビームX線の調整,Commissioning of X-ray micro beam by Kirkpatrick-Baez (KB) mirror,谷田 肇; 辻 卓也; 小畠 雅明,"Tanida, Hajime; Tsuji, Takuya; Kobata, Masaaki",東京電力(株)福島第一原子力発電所の廃炉措置において、燃料デブリ等の分析は極めて重要である。試験的に取り出される燃料デブリのうち、分析に利用できる試料は1mm以下の微粒子状であると予想される。この様な試料の分析法として、非破壊のX線分析方法は有効であるが、そのような微粒子に適用するためにはX線をマイクロメートルオーダーに集光する必要がある。そのためにKirkpatrick-Baez(KB)ミラーを導入した。その選定、仕様決定から調整方法、1 mの位置分解能での元素分布取得と価数評価などの例について記録として残す。,"In the decommissioning of the Tokyo Electric Power Company Holdings Fukushima Daiichi Nuclear Power Station, analysis of fuel debris to understand its characteristics is very important. The fuel debris removed for testing and analyzing will be fine particulates. Non-destructive analytical methods using X-rays are effective for such samples, but in order to apply them to fine particles, the X-rays must be focused to the micrometer order. For this purpose, the Kirkpatrick-Baez (KB) mirror was introduced. In this paper, we record the selection, specification, adjustment of the mirror, and write down the example of mapping of elements and evaluation of their valence by this mirror.",Japanese,25 Pages,2022/02,福島第一原子力発電所事故 ; Fukushima Daiichi Nuclear Power Station Accident,SPring-8(大型放射光施設),https://doi.org/10.11484/jaea-technology-2021-031,ar_mapping,6,mapping,"lection, specification, adjustment of the mirror, and write down the example of mapping of elements and evaluation of their valence by this mirror.",https://jopss.jaea.go.jp/search/servlet/search?5073142,https://jopss.jaea.go.jp/pdfdata/JAEA-Technology-2021-031.pdf
5072461,JAEA-Technology 2021-025,令和2年度東京電力株式会社福島第一原子力発電所事故に伴う放射性物質の分布データの集約(受託研究),Investigations on distribution of radioactive substances owing to the Fukushima Daiichi Nuclear Power Station Accident in the fiscal year 2020 (Contract research),福島マップ事業対応部門横断グループ,Group for Fukushima Mapping Project,東京電力(株)福島第一原子力発電所(福島第一原発)事故による放射性物質の分布状況を平成23年6月より調査してきた。本報告書は、令和2年度の調査において得られた結果をまとめたものである。空間線量率については、走行サーベイ、平坦地上でのサーベイメータによる定点測定、歩行サーベイ及び無人ヘリコプターサーベイを実施し、測定結果から空間線量率分布マップを作成するとともにその経時変化を分析した。放射性セシウムの土壌沈着量に関しては、in-situ測定及び土壌中深度分布調査をそれぞれ実施した。さらに、これまで蓄積した測定結果を基に空間線量率及び沈着量の実効半減期を評価した。測定箇所の重要度分類のためのスコア化の検討では、福島県及び福島第一原発から80km圏内でのスコアマップを作成するとともに、多年度のモニタリングデータを使用した場合のスコアの変化要因について考察した。実測データの統合的解析では、階層ベイズ統計手法を用いて、航空機サーベイ、走行サーベイ、歩行サーベイにより取得した空間線量率分布データを統合し、福島第一原発から80km圏内を対象とした統合マップ及び解析対象を福島県全域に広げた統合マップを作成した。これらの他、「放射線量等分布マップ拡大サイト」への令和2年度の測定結果の公開、総合モニタリング計画に基づく放射線モニタリング及び環境試料分析測定データのCSV化を実施した。,"This report presents results of the investigations on the distribution-mapping project of radioactive substances owing to TEPCO Fukushima Daiichi Nuclear Power Station (FDNPS) conducted in FY2020. Car-borne surveys, a flat ground measurement using survey meters, a walk survey and an unmanned helicopter survey were carried out to obtain air dose rate data. Air dose rate distribution maps were created and temporal changes of the air dose rates were analyzed. Regarding radiocesium deposition into the ground, surveys on depth profile of radiocesium and in-situ measurements were performed. Based on these measurement results, effective half-lives of the temporal changes in the air dose rates and the deposition were evaluated. In the examination of scoring for classifying the importance of measurement points, a score map was created for Fukushima Prefecture and the 80 km zone from the FDNPS, and the factors causing changes in the score when monitoring data from multiple years were used were discussed. Using the Bayesian hierarchical modeling approach, we obtained maps that integrated the air dose rate distribution data obtained from aircraft monitoring, car-borne surveys, and walk surveys with respect to the region within 80 km from the FDNPS and Fukushima Prefecture. The measurement results for FY2020 were published on the ""Expansion Site of Distribution Map of Radiation Dose"", and measurement data were stored as CSV format. Radiation monitoring and analysis of environmental samples owing to the comprehensive radiation monitoring plan were carried out.",Japanese,159 Pages,2022/01,Fukushima Daiichi Nuclear Power Station Accident ; Air Dose Rate ; Car-borne Survey ; Walk Survey ; NaI(Tl) Survey Meter ; Helicopter Survey ; In-situ ; Depth Profile of Deposit of Radiocesium ; Effective Half-life ; Integrated Map ; 福島第一原子力発電所事故,,https://doi.org/10.11484/jaea-technology-2021-025,ar_mapping,6,mapping,This report presents results of the investigations on the distribution-mapping project of radioactive substances owing to TEPCO Fukushima Daiichi Nuclear Power Station (FDNPS) conducted in FY2020. C,https://jopss.jaea.go.jp/search/servlet/search?5072461,https://jopss.jaea.go.jp/pdfdata/JAEA-Technology-2021-025.pdf
5069294,JAEA-Technology 2020-014,平成31年度東京電力株式会社福島第一原子力発電所事故に伴う放射性物質の分布データの集約(受託研究),Investigations on distribution of radioactive substances owing to the Fukushima Dai-ichi Nuclear Power Station Accident in the fiscal year 2019 (Contract research),福島マップ事業対応部門横断グループ,Group for Fukushima Mapping Project,"東京電力福島第一原子力発電所(福島第一原発)事故による放射性物質の分布状況調査を実施してきた。本報告書は、平成31年度(令和元年度)に得られた結果をまとめたものである。空間線量率については、走行サーベイ,平坦地上でのサーベイメータによる定点測定、歩行サーベイ及び無人ヘリコプターサーベイを実施し、測定結果から空間線量率分布マップを作成するとともにその経時変化を分析した。放射性セシウムの土壌沈着量に関しては、in-situ測定及び土壌中深度分布調査をそれぞれ実施した。これら測定結果を基に空間線量率及び沈着量の実効半減期を評価した。測定箇所の重要度分類のためのスコア化の検討では、平成30年度に開発した「スコア」化手法を基に福島県及び80km 圏内でのスコアマップの作成を試みた。また、陸域における放射性物質モニタリングの在り方について検討し、モニタリング地点の代表性について提言した。実測データの統合的解析では、階層ベイズモデルを用いて、航空機サーベイ,走行サーベイ,歩行サーベイにより取得した空間線量率分布データを統合し、福島第一原発から80km 圏内及び福島県全域について統合マップを作成した。これらの他、「放射線量等分布マップ拡大サイト」への令和元年度の測定結果の公開、総合モニタリング計画に基づく放射線モニタリング及び環境試料分析測定データのCSV化を実施した。","This report presents results of the investigations on the distribution-mapping project of radioactive substances owing to TEPCO Fukushima Daiichi Nuclear Power Station (FDNPS) conducted in FY2019. Car-borne surveys, a flat ground measurement using survey meters, a walk survey and an unmanned helicopter survey were carried out to obtain air dose rate data. Air dose rate distribution maps were created and temporal changes of the air dose rates were analyzed. Regarding radiocesium deposition into the ground, surveys on depth profile of radiocesium and in-situ measurements were performed. Based on these measurement results, effective half-lives of the temporal changes in the air dose rates and the deposition were evaluated. In the examination of scoring to classify the importance of measurement points, we created a score map of Fukushima Prefecture and that within 80 km from the FDNPS based on the ""score"" method developed in 2018. The way of monitoring radioactive materials in land area was examined and the representativeness of monitoring points was proposed. Using the Bayesian hierarchical modeling approach, we obtained maps that integrated the air dose rate distribution data obtained from aircraft monitoring, car-borne surveys, and walk surveys with respect to the region within 80 km from the FDNPS and Fukushima Prefecture. The measurement results for FY2019 were published on the ""Expansion Site of Distribution Map of Radiation Dose"", and measurement data were stored as CSV format. Radiation monitoring and analysis of environmental samples owing to the comprehensive radiation monitoring plan were carried out.",Japanese,158 Pages,2020/12,Fukushima Daiichi Nuclear Power Station Accident ; Air Dose Rate ; Car-borne Survey ; Walk Survey ; NaI(Tl) Survey Meter ; Helicopter Survey ; In-situ ; Depth Profile of Deposit of Radiocesium ; Effective Half-life ; Integrated Map ; 福島第一原子力発電所事故,,https://doi.org/10.11484/jaea-technology-2020-014,ar_mapping,6,mapping,This report presents results of the investigations on the distribution-mapping project of radioactive substances owing to TEPCO Fukushima Daiichi Nuclear Power Station (FDNPS) conducted in FY2019. C,https://jopss.jaea.go.jp/search/servlet/search?5069294,https://jopss.jaea.go.jp/pdfdata/JAEA-Technology-2020-014.pdf
5068549,JAEA-Research 2020-003,変質した火山岩の年代測定のための岩石記載・化学組成・前処理に関する検討,"Study on sample description, composition, and preparation for dating of altered volcanic rocks",丹羽 正和; 植木 忠正*; 星 博幸*; 杉崎 雄一*,"Niwa, Masakazu; Ueki, Tadamasa*; Hoshi, Hiroyuki*; Sugisaki, Yuichi*",火山岩の形成年代の情報を得ることは、地層処分のサイト特性調査や安全評価などにおいて火山活動の影響を把握する上でも重要となる。本報告書では、変質した火山岩から正確なK-Ar年代値を得るための測定対象を適切に選定するために実施した、火山岩の偏光顕微鏡記載および鉱物・化学分析の結果をデータとして取りまとめた。また、火山岩の主要な斑晶鉱物の一つである斜長石の新鮮な鉱物を高純度で集めるための、凍結融解処理や塩酸処理などの手法についても報告書に取りまとめた。,"Ages of volcanic rocks are helpful information to understand the impact of volcanism concerning a site characterization and a safety assessment for geological disposal. In this study, mineralogical and geochemical data of altered volcanic rocks were collected using a polarizing microscope, X-ray diffractometer, X-ray fluorescence spectrometer, X-ray analytical microscope, and electron probe microanalyzer, to select targets suitable for reliable K-Ar dating. In addition, sample preparation procedures such as freeze-thawing and HCl treatment were examined to concentrate unaltered plagioclase which is one of major phenocrysts in volcanic rocks. These data and procedures were compiled in this report.",Japanese,33 Pages,2020/07,Volcanic Rocks ; Alteration ; K-Ar Dating ; Plagioclase ; Freeze-thaw Technique ; HCl Treatment,,https://doi.org/10.11484/jaea-research-2020-003,ar_mapping,6,ar,"Study on sample description, composition, and preparation for dating of altered volcanic rocks",https://jopss.jaea.go.jp/search/servlet/search?5068549,https://jopss.jaea.go.jp/pdfdata/JAEA-Research-2020-003.pdf
5058012,JAEA-Testing 2017-001,東濃地科学センターにおける断層ガウジ試料のカリウム-アルゴン(K-Ar)年代測定,Potassium-Argon (K-Ar) dating for fault gouge samples in the Tono Geoscience Center,田村 肇*; 柴田 健二*; 高橋 直哉; 丹羽 正和,"Tamura, Hajimu*; Shibata, Kenji*; Takahashi, Naoya; Niwa, Masakazu",地層処分における地質環境の長期安定性に係る評価のうち、断層の活動性評価に関しては、断層活動時期についての情報を得ることが不可欠である。東濃地科学センターでは、断層活動時期の推定のための年代測定技術の一つとして、断層ガウジのカリウム-アルゴン(K-Ar)年代測定を実施している。測定結果の評価の一助とするため、K-Ar年代測定のための試料処理、分析、および年代計算の手順を本報告書にまとめた。,"It is essential to understand the activity of faults in and around a target area to assess the long-term geosphere stability for geological isolation. Potassium-Argon (K-Ar) dating of fault gouge has been conducted in Tono Geoscience Center as one of the dating technique for faulting. This report includes methods for sample preparation, analyses, and age calculation on the K-Ar dating. This can contribute to an evaluation of calculated K-Ar ages.",Japanese,52 Pages,2017/03,no keyword,,https://doi.org/10.11484/jaea-testing-2017-001,ar_mapping,6,ar,東濃地科学センターにおける断層ガウジ試料のカリウム-アルゴン(K-Ar)年代測定,https://jopss.jaea.go.jp/search/servlet/search?5058012,https://jopss.jaea.go.jp/pdfdata/JAEA-Testing-2017-001.pdf
5054789,JAEA-Technology 2016-017,"高速実験炉「常陽」における原子炉容器内保守・補修技術開発; 高速炉における原子炉容器内観察技術開発,3","Inspection and repair techniques in the reactor vessel of the experimental fast reactor Joyo; Observation technical development in a reactor vessel of the fast reactor, 3",奥田 英二; 佐々木 純; 鈴木 信弘; 高松 操; 長井 秋則,"Okuda, Eiji; Sasaki, Jun; Suzuki, Nobuhiro; Takamatsu, Misao; Nagai, Akinori",供用中のナトリウム冷却型高速炉の原子炉容器内補修作業においては、当該作業の確実な遂行のため、作業監視や観察に用いる原子炉容器内観察技術の確保が必須となる。ナトリウム冷却型高速炉における原子炉容器内観察では、高温・高線量率・限定されたアクセスルートの制約により、一般的に、耐放射線ファイバスコープやペリスコープが観察ツールとして用いられるが、高速実験炉「常陽」では、観察画像の画質・鮮明度向上を目的とし、耐放射線カメラを用いた原子炉容器内観察を実施した。本観察を通して蓄積された経験やデータは、稀少な知見として、今後のナトリウム冷却型高速炉の原子炉容器内観察技術の開発に資するものと期待される。,"In-Vessel Observation (IVO) techniques for Sodium Cooled Fast Reactors (SFRs) in service are important for confirming their safety and integrity. Since IVO equipment for an SFR has to be designed to tolerate the severe conditions (high temperature, high radiation dose and limited access route), fiberscopes used to be used in previous IVO for SFRs. However, in order to attain an IVO with higher quality and resolution, IVO using a radiation resistant camera was conducted in the fast experimental reactor Joyo and obtained some results. The demonstration results provided valuable insights for use in further improving and verifying IVO techniques in SFRs.",Japanese,20 Pages,2016/07,ナトリウム冷却型高速炉 ; 常陽 ; 原子炉容器内観察 ; 耐放射線カメラ ; 炉心上部機構,常陽(高速増殖炉実験炉),https://doi.org/10.11484/jaea-technology-2016-017,computer_vision,6,"camera, カメラ",約により、一般的に、耐放射線ファイバスコープやペリスコープが観察ツールとして用いられるが、高速実験炉「常陽」では、観察画像の画質・鮮明度向上を目的とし、耐放射線カメラを用いた原子炉容器内観察を実施した。本観察を通して蓄積された経験やデータは、稀少な知見として、今後のナトリウム冷却型高速炉の原子炉容器内観察技術の開発に資するものと期待される。,https://jopss.jaea.go.jp/search/servlet/search?5054789,https://jopss.jaea.go.jp/pdfdata/JAEA-Technology-2016-017.pdf
5053236,JAEA-Technology 2015-049,炉外高温高圧水ループ試験装置の性能試験(受託研究),Performance test of ex-core high temperature and high pressure water loop test equipment (Contract research),中野 寛子; 上原 聡明; 武内 伴照; 柴田 裕司; 中村 仁一; 松井 義典; 土谷 邦彦,"Nakano, Hiroko; Uehara, Toshiaki; Takeuchi, Tomoaki; Shibata, Hiroshi; Nakamura, Jinichi; Matsui, Yoshinori; Tsuchiya, Kunihiko",日本原子力研究開発機構では、原子力施設でシビアアクシデントが発生した際に、プラント状態を監視するため、過酷環境下でも高解像度で監視できる耐放射線性カメラ、炉内の情報を伝送するための無線伝送システムならびに計測線等の高度化に向けた要素技術の基盤整備を進めている。計測線の高度化開発の一環として、高温型MIケーブルの信頼性およびそれらを構成するシース材料の特性を調べるため、PWR及びBWR条件の炉内環境を模擬できる炉外高温高圧水ループ試験装置を整備した。本装置は、圧力容器(オートクレーブ)、水質調整タンク、送水ポンプ、高圧定量ポンプ、予熱器、熱交換器および純水精製装置などから構成されている。本報告書は、炉外高温高圧水ループ試験装置の製作にあたって構成する機器の基本設計及び当該装置を用いた性能試験結果についてまとめたものである。,"In Japan Atomic Energy Agency, we started a research and development so as to monitor the Nuclear Plant Facilities situations during a severe accident, such as a radiation-resistant monitoring camera under a severe accident, a radiation resistant in-water transmission system for conveying the information in-core and a heat-resistant signal cable. As part of advance in a heat-resistant signal cable, we maintained to ex-core high-temperature and pressure water loop test equipment which can be simulated conditions of BWRs and PWRs for evaluation reliability and property of construction sheath materials. This equipment consists of Autoclave, water conditioning tank, water pump, high-pressure metering pump, preheater, heat exchanger and pure water purification equipment. This report describes the basic design and the results of performance tests of construction machinery and tools of ex-core high-temperature and pressure water loop test equipment.",Japanese,61 Pages,2016/03,高温高圧水 ; SSRT ; 水ループ ; オートクレーブ ; 性能試験,,https://doi.org/10.11484/jaea-technology-2015-049,computer_vision,6,"camera, カメラ",日本原子力研究開発機構では、原子力施設でシビアアクシデントが発生した際に、プラント状態を監視するため、過酷環境下でも高解像度で監視できる耐放射線性カメラ、炉内の情報を伝送するための無線伝送システムならびに計測線等の高度化に向けた要素技術の基盤整備を進めている。計測線の高度化開発の一環として、高温型MIケーブルの信頼性およびそれらを構成するシース材料の特性を調べるため、PWR及びBWR条件の,https://jopss.jaea.go.jp/search/servlet/search?5053236,https://jopss.jaea.go.jp/pdfdata/JAEA-Technology-2015-049.pdf
5050872,JAEA-Evaluation 2015-004,平成26年度研究開発・評価報告書 評価課題「福島環境回復に関する技術等の研究開発」(事後/事前評価),"Assessment report on research and development activities in FY2014; Activity ""Research and development of the technologies for Fukushima environment recovery"" (Ex-post/Ex-ante evaluations)",福島研究開発部門,Sector of Fukushima Research and Development,日本原子力研究開発機構(以下、「原子力機構」という)は、「国の研究開発評価に関する大綱的指針」(平成20年10月31日内閣総理大臣決定)及びこの大綱的指針を受けて作成された「文部科学省における研究及び開発に関する評価指針」(平成21年2月17日文部科学大臣決定)、並びに原子力機構の「研究開発課題評価実施規程」(平成17年10月1日制定、平成21年8月19日改正)等に基づき、平成26年9月16日に「福島環境回復に関する技術等の研究開発」に関する事後評価及び事前評価を福島環境研究開発・評価委員会に諮問した。これを受けて、福島環境研究開発・評価委員会は、委員会において定められた評価方法に従い、原子力機構から提出された第2期中期計画期間(平成23年3月から平成27年3月)における研究開発実績、及び第3期中長期計画期間(平成27年4月から平成34年3月)における研究開発計画に関する説明資料の検討及び各担当者による口頭発表と質疑応答を実施した。本報告書は、福島環境研究開発・評価委員会より提出された事後/事前評価の内容をとりまとめたものである。,"Japan Atomic Energy Agency (JAEA) consulted an assessment committee, ""Evaluation Committee of Research and Development Activities for Fukushima Environment"" (Committee) for ex-post and ex-ante evaluations of ""Research and Development of the technologies for Fukushima Environment Recovery"" in accordance with national guidelines and JAEA's regulations including ""General Guideline for the Evaluation of Government Research and Development (R&D) Activities"" by Cabinet Office. In response to the JAEA's request, the Committee evaluated the R&D activities during the 2nd Period of Mid-Term Research Plan (from March 2011 to March 2015) as ex-post evaluation and the R&D plans during the 3rd Period of Mid- to Long-Term Research Plan (from April 2015 to March 2022) as ex-ante evaluation. The Committee evaluated the R&D activities and programs based on the explanatory materials prepared by JAEA and its oral presentations with Q&A sessions. This report presents the results of the evaluation.",Japanese,96 Pages,2015/09,福島 ; モニタリング ; 除染技術 ; 環境動態 ; 減容 ; マッピング ; 災害廃棄物 ; 除去物 ; 福島第一原子力発電所事故 ; Fukushima Daiichi Nuclear Power Station Accident,,https://doi.org/10.11484/jaea-evaluation-2015-004,ar_mapping,6,マッピング,福島 ; モニタリング ; 除染技術 ; 環境動態 ; 減容 ; マッピング ; 災害廃棄物 ; 除去物 ; 福島第一原子力発電所事故 ; Fukushima Daiichi Nuclear Power Station Accident,https://jopss.jaea.go.jp/search/servlet/search?5050872,https://jopss.jaea.go.jp/pdfdata/JAEA-Evaluation-2015-004.pdf
5050713,JAEA-Research 2015-004,幌延地域を対象とした地表踏査および地形データにもとづく地質分布の推定,Presumption of the distribution of the geological structure based on the geological survey and the topographic data in and around the Horonobe area,酒井 利啓; 松岡 稔幸,"Sakai, Toshihiro; Matsuoka, Toshiyuki",幌延深地層研究計画において、地質図に関しては舟木ほか(2005a)がそれまでの文献データの詳細検討を行い、20万分の1地質図幅をベースに幌延町域の地質図を作成するとともに検討に使用した地表踏査結果をデータベース化した。2007年には幌延深地層研究計画のうち第1段階の成果として深地層研究所設置地区周辺におけるデータのうち特に大曲断層に関する知見を取り込んで地質図を更新した。一方、幌延町周辺は資源探査(石油、天然ガス、石炭等)を目的とした既存の地質調査データが豊富にあり、文献として公表されている。このため今回、舟木ほか(2005a)が作成した地表踏査データベースに幌延町周辺で公表されている文献のデータを加えて地表踏査データベースの更新を行うとともに、この情報と酒井ほか(2014)による地形データをもとに幌延町周辺の数値地質図を作成し、GISデータとしてまとめた。本報告書の成果は、幌延深地層研究計画における地質環境のモデル化・解析やその長期変遷の解析・評価に反映させることで、それらの精度の向上に役立つと期待できる。,"We update the geologic map and the database of the geological mapping published by Funaki et al. (2005a) and Ota et al. (2007) based on geological survey and topographical analysis data in and around the Horonobe area. There are many geological survey data which are derived from natural resources (petroleum, natural gas and coal, etc.) exploration in and around Horonobe-cho. We also use these data in addition to data in Funaki et al. (2005a) and Ota et al. (2007)'s data. As results of this report, we also construct a digital geologic map and a digital database of geological survey using GIS. These results can be expected to improve the precision of modeling and analyzing of geological environment, and its long-term evaluation.",Japanese,109 Pages,2015/06,地表踏査データベース ; GIS ; 地質図 ; 地形解析,,https://doi.org/10.11484/jaea-research-2015-004,ar_mapping,6,mapping,We update the geologic map and the database of the geological mapping published by Funaki et al. (2005a) and Ota et al. (2007) based on geological survey and topographical analysis data in,https://jopss.jaea.go.jp/search/servlet/search?5050713,https://jopss.jaea.go.jp/pdfdata/JAEA-Research-2015-004.pdf
5049527,JAEA-Technology 2014-045,"「もんじゅ」タギング法破損燃料検出装置の性能確認,1","Performance confirmation of MONJU failed fuel detection and location system, 1",諸橋 裕子; 鈴木 敏,"Morohashi, Yuko; Suzuki, Satoshi","もんじゅの破損燃料検出装置(FFDL)は、タグガスにより破損燃料を同定するタギング法を採用している。これはあらかじめ燃料集合体ごとに同位体組成比の異なるKrとXeの混合ガスを各燃料ピンに封入しておき、燃料破損時に1次Arガス系へ放出されたタグガスを回収、同位体組成比を分析し、破損燃料を同定するものである。設計上、希ガス濃縮率200倍以上で破損燃料を同定できるとされており、過去の試験では、希ガス濃度1ppmの試料ガスにて200倍以上の濃縮率を確認している。一方、燃料破損時にはタグガスのKr, Xeは極低濃度希ガスとなることが想定されるため、このような極低濃度希ガスに対しても設計上の要求を満たす濃縮率であることを確認する必要がある。また、FFDLには1次Arガス系の希ガスBG濃度を測定することも求められている。以上を踏まえ、極低濃度希ガスによる希ガス濃縮率確認試験を実施した。さらに、この試験で得られた希ガス濃縮率を用いて、現状の1次Arガス系Arガス中の希ガスBG濃度を評価した。FFDL単体運転による希ガス濃縮率確認試験の結果、極低濃度希ガスに対して数万倍の濃縮率が得られ、設計上の要求を満たすことを確認した。","The failed fuel detection and location (FFDL) system collects the tagging gas that migrates into the reactor cover gas from a failed pin. The tagging gas is made of stable isotopes of Kr and Xe. The isotopic composition of the tagging gas can be made specific to each assembly. The assembly containing a failed fuel pin can be identified by analyzing the isotopic composition. The FFDL system is comprised of two tagging gas concentration devices. The concentration rate is designed to be higher than 200. Past examinations demonstrated that the concentration rate meets the requirement with a noble gas concentration of 1ppm. However, the actual noble gas concentration emitted from a failed fuel is assumed to be much lower. In the present study, the performance of FFDL system was investigated by measuring low concentration gas of the actual fuel failure level. As a result, the concentration rate was confirmed to be more than tens of thousands, which sufficiently satisfies the design demand.",Japanese,116 Pages,2015/03,もんじゅ ; 破損燃料検出装置 ; タグガス,,https://doi.org/10.11484/jaea-technology-2014-045,ar_mapping,6,ar,破損燃料を同定するタギング法を採用している。これはあらかじめ燃料集合体ごとに同位体組成比の異なるKrとXeの混合ガスを各燃料ピンに封入しておき、燃料破損時に1次Arガス系へ放出されたタグガスを回収、同位体組成比を分析し、破損燃料を同定するものである。設計上、希ガス濃縮率200倍以上で破損燃料を同定できるとされており、過去の試験では、希ガス濃度1ppmの試料ガスにて200倍以上の濃縮率を確認している。一,https://jopss.jaea.go.jp/search/servlet/search?5049527,https://jopss.jaea.go.jp/pdfdata/JAEA-Technology-2014-045.pdf
5049878,JAEA-Review 2015-001,Use of knowledge and experience gained from the Fukushima Daiichi Nuclear Power Station accident to establish the technical basis for strategic off-site response,福島第一原子力発電所事故後の環境回復の取り組みで得られた知見と経験の活用,"宮原 要; McKinley, I. G.*; 斎藤 公明; Hardie, S. M. L.*; 飯島 和毅","Miyahara, Kaname; McKinley, I. G.*; Saito, Kimiaki; Hardie, S. M. L.*; Iijima, Kazuki",東京電力福島第一原子力発電所事故に伴い放出された放射性物質の地表への沈着状況等を踏まえ、放射線モニタリングとマッピング、被ばく線量推定、除染技術開発、環境中に沈着した放射性セシウムの挙動調査等の環境回復の取り組みが行われてきた。これまでの環境回復の取り組みで得られた知識や経験は、公衆と環境の防護のための防災対策(原子力事故により重大な放射性物質の放出が発生しても公衆被ばくを抑制するように備えること)の技術基盤として整備することにより国内外での活用に資することが期待できる。本報告書は、国内外での活用のため、主に原子力機構における環境回復の取組みに基づき得られた知識や経験を今後の環境回復の取り組みに向けた検討も含めまとめたものである。,"This report provides a concise overview of knowledge and experience gained from the activities for environmental remediation after the Fukushima Dai-ichi accident. It is specifically tailored for international use to establish or refine the technical basis for strategic, off-site response to nuclear incidents. It is produced by JAEA, reflecting JAEA's key role in the research associated with both remediation of contaminated areas and the natural processes influencing contamination migration in non-remediated areas, working together with a number of Japanese and international organisations and research institutes. The report also provides a perspective on the future actions required to remediate all areas outside the 1F site.",English,90 Pages,2015/03,Fukushima Daiichi Nuclear Power Station Accident ; 福島第一原子力発電所事故,,https://doi.org/10.11484/jaea-review-2015-001,ar_mapping,6,マッピング,東京電力福島第一原子力発電所事故に伴い放出された放射性物質の地表への沈着状況等を踏まえ、放射線モニタリングとマッピング、被ばく線量推定、除染技術開発、環境中に沈着した放射性セシウムの挙動調査等の環境回復の取り組みが行われてきた。これまでの環境回復の取り組みで得られた知識や経験は、公衆と環境の防護のための防災対策(原子力事故により重大な放射性物質の放出が発生,https://jopss.jaea.go.jp/search/servlet/search?5049878,https://jopss.jaea.go.jp/pdfdata/JAEA-Review-2015-001.pdf | https://fukushima.jaea.go.jp/english/pdf/20150327.pdf
5044823,JAEA-Research 2014-006,瑞浪超深地層研究所計画におけるクラックテンソル理論に基づく等価連続体モデル化手法の検討,A Study on the method of an equivalent continuous body modelling using crack tensor theory in the Mizunami Underground Research Laboratory Project,真田 祐幸; 佐藤 稔紀; 丹野 剛男*; 引間 亮一*; 多田 浩幸*; 熊坂 博夫*; 石井 卓*; 櫻井 英行*,"Sanada, Hiroyuki; Sato, Toshinori; Tanno, Takeo*; Hikima, Ryoichi*; Tada, Hiroyuki*; Kumasaka, Hiroo*; Ishii, Takashi*; Sakurai, Hideyuki*",日本原子力研究開発機構では、結晶質岩を対象とした深部地質環境の調査・解析・評価技術の基盤の整備と、深地層における工学技術の基盤の整備を目標として、岐阜県瑞浪市において超深地層研究所計画を進めている。超深地層研究所計画における岩盤力学分野では、地上からの調査段階において、研究坑道の掘削に伴い周辺岩盤中に生じる掘削影響の評価方法の構築を課題の一つとして設定している。本報告では、深度500mまでの立坑および水平坑道の研究坑道の壁面観察や力学試験データ等を使用してクラックテンソルの算定を行った。そして、深度500mにおけるクラックテンソルを用いて、換気立坑の深度500mおよび深度500m予備ステージの2次元掘削解析を行った。また、第1段階の調査(MIZ-1号孔)結果に基づいて算出した深度500mのクラックテンソルの検証を本報で算定したクラックテンソルを基に行った。さらに、換気立坑の深度170から500mおよび深度500m予備ステージを対象に、基準領域および観察領域を設定し、クラックテンソルの相対誤差を算出するとともに、観察領域の大きさに伴う相対誤差の変動の様子を調べた。,"Japan Atomic Energy Agency has been implementing the Mizunami Underground Research Laboratory (MIU) Project in order to develop the comprehensive investigation techniques for the geological environment and the engineering techniques to construct a deep underground laboratory in crystalline rock. In the rock mechanical study in the MIU Project, the development of the evaluation method for the excavation damaged zone due to excavation of shafts and research galleries is one of the important issues. In this report, crack tensor was calculated using the tunnel wall mapping and rock mechanical test results in the shaft and research galleries in the MIU. Two dimension excavation analysis was conducted at the Ventilation Shaft and GL -500 m Sub Stage using the calculated crack tensor at GL -500 m. Based on calculated crack tensor at GL 500 m, validation of the crack tensor at GL -500 m estimated during Phase I was verified. Relative error of crack tensor was calculated in order to examine variation of relative error to the scale of observation areas.",Japanese,124 Pages,2014/06,no keyword,超深地層研究所,https://doi.org/10.11484/jaea-research-2014-006,ar_mapping,6,mapping,"rtant issues. In this report, crack tensor was calculated using the tunnel wall mapping and rock mechanical test results in the shaft and research galleries in the MIU. Two dimension excavation analysis was",https://jopss.jaea.go.jp/search/servlet/search?5044823,https://jopss.jaea.go.jp/pdfdata/JAEA-Research-2014-006.pdf
5042548,JAEA-Research 2013-032,オンサイト非破壊検査技術の開発; HTTRの内部構造可視化予備試験,Development of non-destructive inspection method for on-site observation; Preliminary examination for internal visualization of HTTR,竹上 弘彰; 寺田 敦彦; 野口 弘喜; 上地 優; 小野 正人; 高松 邦吉; 伊藤 主税; 日野 竜太郎; 鈴木 敬一*; 大沼 寛*; 奥村 忠彦*,"Takegami, Hiroaki; Terada, Atsuhiko; Noguchi, Hiroki; Kamiji, Yu; Ono, Masato; Takamatsu, Kuniyoshi; Ito, Chikara; Hino, Ryutaro; Suzuki, Keiichi*; Onuma, Hiroshi*; Okumura, Tadahiko*",本研究では、原子炉建屋外から非破壊で燃料デブリの位置情報を取得可能な技術の候補として、宇宙線ミューオンを用いた非破壊検査技術に着目した。この技術は地盤探査を目的として開発された技術であることから、原子炉内部調査への適用性を検証するため、既存のミューオン受光システムを用いて、大洗研究開発センターに設置されている高温工学試験研究炉(HTTR)の内部構造可視化予備試験を実施した。可視化予備試験の結果、同時計数法を用いたミューオン非破壊検査技術により、HTTR内部の炉心、コンクリートのような高密度の構造物が判別可能であることを示した。また、オンサイト測定における課題を検討した結果、既存装置の改良により対応可能であることを示した。,"We focused on a non-destructive inspection method using cosmic-ray muons as a candidate method for observation of internal the reactor from the outside of a reactor building. In this study, the applicability of this method for the reactor investigation was confirmed by a preliminary examination with High Temperature Engineering Test Reactor (HTTR). From the results of this examination, it appears that high density structures, such as the core and concrete walls, were able to observe by using muon telescope with coincidence method from the outside of the pressure vessel. Furthermore, we proposed some improvements of this muon inspection system for on-site investigation at the Fukushima Daiichi NPS.",Japanese,25 Pages,2013/12,福島第一原子力発電所事故 ; Fukushima Daiichi Nuclear Power Station Accident,HTTR(高温工学試験研究炉),https://doi.org/10.11484/jaea-research-2013-032,computer_vision,6,"visualization, 可視化",オンサイト非破壊検査技術の開発; HTTRの内部構造可視化予備試験,https://jopss.jaea.go.jp/search/servlet/search?5042548,https://jopss.jaea.go.jp/pdfdata/JAEA-Research-2013-032.pdf
5035732,JAEA-Research 2013-027,地層処分実規模設備整備事業における工学技術に関する研究; 平成23年度成果報告(共同研究),Research on engineering technology in the full-scale demonstration of EBS and operation technology for HLW disposal; Research report in 2011 (Joint research),中司 昇; 佐藤 治夫; 棚井 憲治; 杉田 裕; 中山 雅; 澤田 純之*; 新沼 寛明*; 朝野 英一*; 斉藤 雅彦*; 吉野 修*; 塚原 成樹*; 菱岡 宗介*,"Nakatsuka, Noboru; Sato, Haruo; Tanai, Kenji; Sugita, Yutaka; Nakayama, Masashi; Sawada, Sumiyuki*; Niinuma, Hiroaki*; Asano, Hidekazu*; Saito, Masahiko*; Yoshino, Osamu*; Tsukahara, Shigeki*; Hishioka, Sosuke*",原子力機構と原子力環境整備促進・資金管理センターは、原子力環境整備促進・資金管理センターが受注した「地層処分実規模設備整備事業」の工学技術に関する研究を共同で実施するため、「地層処分実規模設備整備事業における工学技術に関する研究」について共同研究契約を締結した。本共同研究は深地層研究所(仮称)計画に含まれる地層処分研究開発のうち、処分システムの設計・施工技術の開発や安全評価手法の信頼性確認のための研究開発の一環として実施されている。本報告は、上記の共同研究契約にかかわる平成23年度の成果についてまとめたものである。具体的成果としては、平成20年度に策定した全体計画に基づき、ブロック式緩衝材定置試験設備の一部を製作した。また、製作済みの緩衝材定置試験設備や実物大の緩衝材ブロック等の公開を継続するとともに、緩衝材可視化試験を実施した。,"Japan Atomic Energy Agency (JAEA) and Radioactive Waste Management Funding and Research Center (RWMC) concluded the letter of cooperation agreement on the research and development of radioactive waste disposal in April, 2005, and have been carrying out the collaboration work based on the agreement. JAEA have been carrying out the Horonobe Underground Research Laboratory (URL) Project which is intended for a sedimentary rock in the Horonobe town, Hokkaido, since 2001. In the project, geoscientific research and research and development on geological disposal technology are being promoted. Meanwhile, the government (the Agency for Natural Resources and Energy, Ministry of Economy, Trade and Industry) has been promoting construction of equipments for the full-scale demonstration of engineered barrier system and operation technology for high-level radioactive waste (HLW) disposal since 2008, to enhance public's understanding to the geological disposal of HLW, e.g. using underground facility. RWMC received an order of the project in fiscal year 2010 (2010/2011) continuing since fiscal year 2008 (2008/2009). Since topics in this project are included in the Horonobe URL Project, JAEA carried out this project as collaboration work continuing in fiscal year 2008. This report summarizes the results of engineering technology carried out in this collaboration work in fiscal year 2011. In fiscal year 2011, part of the equipments for emplacement of buffer material was produced and visualization test for water penetration in buffer material were carried out.",Japanese,34 Pages,2013/11,no keyword,,https://doi.org/10.11484/jaea-research-2013-027,computer_vision,6,"visualization, 可視化",した全体計画に基づき、ブロック式緩衝材定置試験設備の一部を製作した。また、製作済みの緩衝材定置試験設備や実物大の緩衝材ブロック等の公開を継続するとともに、緩衝材可視化試験を実施した。,https://jopss.jaea.go.jp/search/servlet/search?5035732,https://jopss.jaea.go.jp/pdfdata/JAEA-Research-2013-027.pdf
5040441,JAEA-Technology 2013-023,TRU廃棄物処分に係る核種移行データ; セメント硬化体の間隙水を用いたプルトニウムの溶解度試験結果,Data on migration analysis for TRU waste disposal; Results of plutonium solubility experiments in porewater of cement hydrates,須黒 寿康; 西川 義朗*; 綿引 聖*; 加川 昭夫,"Suguro, Toshiyasu; Nishikawa, Yoshiaki*; Watahiki, Takashi*; Kagawa, Akio","TRU廃棄物処分の安全評価上不可欠なプルトニウム(Pu)について、セメント硬化体の間隙水中における溶解度データを取得する試験を実施した。試験で使用したセメント混和剤は、TRU廃棄物処分場で使用される可能性のあるポリカルボン酸系化合物を選定した。Puの初期添加濃度は10 Mとし、液相には、普通ポルトランド,脱イオン交換水,セメント混和剤を混練して硬化させたセメント硬化体から採取した間隙水と比較のため、セメント混和剤を添加しないで硬化させたセメント硬化体から採取した間隙水の2種類を使用した。その他の溶解度試験条件として、試験期間は最大で154日、常温(298 5K)のAr雰囲気中(O 濃度1ppm以下)とし、バッチ式溶解度試験を行った。その結果、試験期間154日目の間隙水中のPu濃度は、セメント混和剤の有無にかかわらず10 mol/dm オーダーであった。また、Pu(IV)の高pH条件における溶解度(約10 mol/dm )と比べても同等程度であり、セメント混和剤によるPu溶解度への影響は見られなかった。","For safety assessment of TRU waste disposal, solubility of plutonium was investigated under hardened cement paste porewater condition. Polycarboxylic acid compound, which have the possibility to be used for the TRU waste disposal, was selected as the cement admixture for the experiment. Initial concentration of Pu was 10 M in the experiment. The porewater of hardened cement paste was obtained by squeezing out the kneading of ordinary portland cement and deionized water with the cement admixture. The porewater of hardened cement paste without cement admixture is also used for the experiment. The maximum experimental period was 154 days. The experiment was carried out at room temperature (298 5 K) under argon atmosphere, in which oxygen concentration was lower than 1 ppm. Pu concentration in the porewater of hardened cement paste with or without the cement admixture were in the order of 10 mol/dm after 154 days. This value is comparable to the solubility of Pu(IV) under high pH condition, suggesting that the solubility of Pu was not affected by the cement admixture in hardened cement paste.",Japanese,22 Pages,2013/10,no keyword,,https://doi.org/10.11484/jaea-technology-2013-023,ar_mapping,6,ar,混和剤を添加しないで硬化させたセメント硬化体から採取した間隙水の2種類を使用した。その他の溶解度試験条件として、試験期間は最大で154日、常温(298 5K)のAr雰囲気中(O 濃度1ppm以下)とし、バッチ式溶解度試験を行った。その結果、試験期間154日目の間隙水中のPu濃度は、セメント混和剤の有無にかかわらず10 mol/dm オーダーであった。また、Pu(IV)の高pH条件における溶解度(約10,https://jopss.jaea.go.jp/search/servlet/search?5040441,https://jopss.jaea.go.jp/pdfdata/JAEA-Technology-2013-023.pdf
5035350,JAEA-Research 2012-018,超深地層研究所計画におけるサイトスケール地質構造モデルの構築; 第2段階におけるShaft180からStage300地質構造モデルへの更新,"Development of geological models in the Mizunami Underground Research Laboratory Project; Updating from ""Shaft180 geological model"" to ""Stage300 geological model"" in Phase 2",石橋 正祐紀; 栗原 新*; 松岡 稔幸; 笹尾 英嗣,"Ishibashi, Masayuki; Kurihara, Arata*; Matsuoka, Toshiyuki; Sasao, Eiji",本報告書では、超深地層研究所計画の第2段階において実施してきている、地質構造モデルの変遷について整理した結果を取りまとめた。第2段階においては、研究坑道の掘削に伴う研究坑道の壁面地質調査結果や研究坑道から実施したボーリング調査結果などに基づき、第1段階に構築した地質構造モデル(SB3地質構造モデル)の更新を行っている。現在までに、Shaft180地質構造モデル、Pilot500地質構造モデル、Substage200地質構造モデル、Stage300地質構造モデルと4回の更新を実施してきている。地質構造モデルは、各段階の調査データをもとに更新した地質・地質構造の空間分布を示しているため、前段階に構築した地質構造モデルと比較することで、調査の進展に伴う地質・地質構造の分布、情報の過不足、不確実性の変遷を総合的に評価するうえで有効である。,"This document presents about updating of geological models at the Phase 2 in the Mizunami underground research laboratory project. In the phase 2, the geological models has been updated four times (Shaft180 geological model, Pilot500 geological model, Sustage200 geological model, Stage300 geological model) based on geological mapping date and/or some borehole investigation data at the shafts and research galleries. These geological models represent distributions of lithofacies and/or geological structures based on each geological investigation. In order to evaluate relationship between understanding of geological environments and progress of investigations, to organize the history of geological models updating is important.",Japanese,48 Pages,2012/07,no keyword,超深地層研究所,https://doi.org/10.11484/jaea-research-2012-018,ar_mapping,6,mapping,"el, Sustage200 geological model, Stage300 geological model) based on geological mapping date and/or some borehole investigation data at the shafts and research galleries. These geological models represent di",https://jopss.jaea.go.jp/search/servlet/search?5035350,https://jopss.jaea.go.jp/pdfdata/JAEA-Research-2012-018.pdf | https://jopss.jaea.go.jp/pdfdata/JAEA-Research-2012-018(errata).pdf
5033147,JAEA-Research 2012-005,液中渦キャビテーションに関する基礎的研究; キャビテーション発生に対する流体粘性の影響の検討,Experimental study on fundamental behavior of cavitation due to sub-surface vortex; Influences of fluid viscosity on occurrences of cavitation,江連 俊樹; 三宅 康洋*; 飛田 昭; 木村 暢之; 上出 英樹,"Ezure, Toshiki; Miyake, Yasuhiro*; Tobita, Akira; Kimura, Nobuyuki; Kamide, Hideki",高速増殖炉による核燃料サイクルの実用化を目指して、炉容器をコンパクト化することで経済性を高めたナトリウム冷却高速炉であるJSFRの設計研究が行われている(FBRサイクル実用化研究開発)。JSFRでは、冷却系2ループ化によって冷却系配管内の平均流速が増加するため、ホットレグ配管入口部において強い旋回渦が発生する可能性がある。その結果として、渦中心での圧力低下に伴う液中渦キャビテーションの発生が懸念されており、液中渦キャビテーションの発生状況の評価が構造健全性の観点から必要である。本研究では、液中渦キャビテーションの発生評価に関連して、ナトリウムと水の物性の違いが液中渦キャビテーションの発生に与える影響について検討するための基礎的な水試験を行った。基礎的な円筒体系において、水の温度を10 Cから80 Cに変化させることで水の粘性係数を変化させ、液中渦キャビテーションの発生状況を定量的に評価した。その結果、10 Cから30 C程度の比較的粘性係数が大きい条件では粘性依存性が確認されたものの、50 Cから80 C程度の比較的粘性係数が小さい条件では粘性の影響が少ないことを確認した。,"In the design of JSFR, a two-loop cooling system and a compact reactor vessel are employed to achieve the economical improvement. However, these innovative designs lead to the increase of coolant velocity. As the results, strong vortices at the H/L intake may cause the cavitation (vortex cavitation). Therefore, the evaluation of occurrence behavior of vortex cavitation is the important issue for the structural integrity of reactor. In the present study, fundamental water experiments were performed in the cylindrical tank geometry. The water temperature was varied from 10 C to 80 C to clarify the influence of kinematic viscosity, . The occurrences behaviors of vortex cavitation were evaluated quantitatively by visualization measurement and image analysis. As the results, it was clarified that there was little dependence on under the small conditions, while it was relatively obvious under the large conditions.",Japanese,56 Pages,2012/05,no keyword,,https://doi.org/10.11484/jaea-research-2012-005,computer_vision,6,"image analysis, visualization","ortex cavitation were evaluated quantitatively by visualization measurement and image analysis. As the results, it was clarified that there was little dependence on under the small conditions, while it was relative",https://jopss.jaea.go.jp/search/servlet/search?5033147,https://jopss.jaea.go.jp/pdfdata/JAEA-Research-2012-005.pdf
5025653,JAEA-Research 2010-060,地層処分実規模設備整備事業における工学技術に関する研究; 平成21年度成果報告(共同研究),Research on engineering technology in the full-scale demonstration of EBS and operation technology for HLW disposal; Research report in 2009 (Joint research),中司 昇; 畑中 耕一郎; 佐藤 治夫; 杉田 裕; 中山 雅; 宮原 重憲; 朝野 英一*; 斉藤 雅彦*; 須山 泰宏*; 林 秀郎*; 本田 ゆう子*; 菱岡 宗介*,"Nakatsuka, Noboru; Hatanaka, Koichiro; Sato, Haruo; Sugita, Yutaka; Nakayama, Masashi; Miyahara, Shigenori; Asano, Hidekazu*; Saito, Masahiko*; Suyama, Yasuhiro*; Hayashi, Hidero*; Honda, Yuko*; Hishioka, Sosuke*",原子力機構と原子力環境整備促進・資金管理センターは、原子力環境整備促進・資金管理センターが受注した「地層処分実規模設備整備事業」の工学技術に関する研究を共同で実施するため、「地層処分実規模設備整備事業における工学技術に関する研究」について共同研究契約を締結した。本共同研究は深地層研究所(仮称)計画に含まれる地層処分研究開発のうち、処分システムの設計・施工技術の開発や安全評価手法の信頼性確認のための研究開発の一環として実施されている。本報告は、上記の共同研究契約にかかわる平成21年度の成果についてまとめたものである。平成21年度は、平成20年度に策定した全体計画に基づき、ブロック式緩衝材定置試験設備の一部及び人工バリア可視化試験装置を製作した。また、幌延深地層研究センターのPR施設(ゆめ地創館)の隣接地において、試験及び展示を行うための設備建屋を建設し、仮設建屋に展示していた実物大の緩衝材ブロック及びオーバーパックを移設した。,"Japan Atomic Energy Agency (JAEA) and Radioactive Waste Management Funding and Research Center (RWMC) concluded the letter of cooperation agreement on the research and development of radioactive waste disposal in April, 2005, and have been carrying out the collaboration work described above based on the agreement. JAEA have been carrying out the Horonobe Underground Research Laboratory (URL) Project which is intended for sedimentary rock in the Horonobe town, Hokkaido, since 2001. In the project, geoscientific research and research and development on geological disposal technology are being promoted. Meanwhile, the government (the Agency for Natural Resources and Energy, Ministry of Economy, Trade and Industry) has been promoting construction of equipments for the full-scale demonstration of engineered barrier system and operation technology for high-level radioactive waste (HLW) disposal since 2008, to enhance publics understanding to the geological disposal of HLW, using underground facility, etc. RWMC received an order of the project in fiscal year 2009 (2009/2010) continuing in fiscal year 2008 (2008/2009). Since topics in this project are included in the Horonobe URL Project, JAEA carried out this project as collaboration work continuing in fiscal year 2008. This report summarizes the results of engineering technology carried out in this collaboration work in fiscal year 2009. In fiscal year 2009, a part of the equipments for equipment of buffer material and visualization test apparatus for water penetration in buffer material were produced and house for the equipments and apparatus was constructed.",Japanese,50 Pages,2011/02,no keyword,,https://doi.org/10.11484/jaea-research-2010-060,computer_vision,6,"visualization, 可視化",にかかわる平成21年度の成果についてまとめたものである。平成21年度は、平成20年度に策定した全体計画に基づき、ブロック式緩衝材定置試験設備の一部及び人工バリア可視化試験装置を製作した。また、幌延深地層研究センターのPR施設(ゆめ地創館)の隣接地において、試験及び展示を行うための設備建屋を建設し、仮設建屋に展示していた実物大の緩衝材ブロック及びオーバーパックを移設した。,https://jopss.jaea.go.jp/search/servlet/search?5025653,https://jopss.jaea.go.jp/pdfdata/JAEA-Research-2010-060.pdf
5021023,JAEA-Research 2010-009,大口径配管エルボ部における流動剥離現象に関する基礎研究; 平成19年度研究報告,Basic study on flow separation phenomenon at the elbow in a large-diameter pipe; Research report in FY2007,岩本 幸治*; 十河 基介*; 相澤 康介; 中西 繁之*; 山野 秀将,"Iwamoto, Yukiharu*; Sogo, Motosuke*; Aizawa, Kosuke; Nakanishi, Shigeyuki*; Yamano, Hidemasa",ナトリウム冷却大型高速炉の1次系大口径配管の設計検討に資するためにホットレグを模擬した1/10縮尺試験装置による実験を行い、また同一条件に対する数値解析を行った。圧力測定により、本装置ではレイノルズ数50000以上で圧力損失が従来からの実験式、つまり曲がり管内の境界層が乱流になっている場合の圧力損失に一致することが示された。可視化試験により、曲がり角45 付近を始点、エルボ出口から管内径の0.3倍だけ下流を終点とする領域にはく離域が存在することがわかった。また、エルボ出口部でのはく離域の周方向幅が管内径の0.17倍になることも明らかにした。さらに管軸方向速度のFFT解析を実施し、エルボ下流において速度せん断層付近ではストロハル数にして約1.0(3.2Hz)、曲がりの内側に発生するはく離域及びその下流では約0.5(同1.6Hz)の振動が発生することを示した。非定常解析を実施して、可視化試験結果の流況をおおむね捉えていることを確認した。,"Experimental studies of the 1/10-scale model of a hot leg piping and their numerical analyses were carried out in order to guarantee the designing of the sodium-cooled fast breeder reactor. The structure of the flow fluctuation was clarified by means of pressure measurements, laser doppler velocimetry (LDV) and flow visualization. LDV measurements were examined for Reynolds number of 50000. FFT analyses of axial velocities indicate that two kinds of flow fluctuations exist in the present elbow. One is the fluctuation with approximate Strouhal number of 1.0 (3.2 Hz) occurring in a shear flow region. The other is with approximate Strouhal number of 0.5 (1.6 Hz) occurring in the separated and its downstream regions. These fluctuations were also observed by flow visualization. The analyses showed that the stream regime was in good agreement with visualization test results.",Japanese,58 Pages,2010/06,no keyword,,https://doi.org/10.11484/jaea-research-2010-009,computer_vision,6,"visualization, 可視化",測定により、本装置ではレイノルズ数50000以上で圧力損失が従来からの実験式、つまり曲がり管内の境界層が乱流になっている場合の圧力損失に一致することが示された。可視化試験により、曲がり角45 付近を始点、エルボ出口から管内径の0.3倍だけ下流を終点とする領域にはく離域が存在することがわかった。また、エルボ出口部でのはく離域の周方向幅が管内径の0.17倍になることも明らかにした。さらに管軸方向速度のFFT,https://jopss.jaea.go.jp/search/servlet/search?5021023,https://jopss.jaea.go.jp/pdfdata/JAEA-Research-2010-009.pdf
5019339,JAEA-Technology 2009-067,JMTR原子炉圧力容器内部の健全性調査,Inner side visual inspection of JMTR reactor pressure vessel,井手 広史; 木村 明博; 三浦 洋; 堀 直彦; 長尾 美春,"Ide, Hiroshi; Kimura, Akihiro; Miura, Hiroshi; Hori, Naohiko; Nagao, Yoshiharu",JMTRの原子炉圧力容器は、再稼働後も継続的に使用する予定である。そのため、原子炉施設の更新作業の前に、原子炉圧力容器の長期使用を観点として、水中カメラを用いた原子炉圧力容器内部の健全性調査を実施した。その結果、原子炉圧力容器の上蓋ノズル周辺に赤褐色の付着物が確認されたため、付着物を採取し分析を行った結果、鉄が主成分であることがわかった。また、健全性に影響を及ぼすような傷等は観察されず、原子炉圧力容器全体としては、健全性が維持されていることが確認された。また、応力腐食割れ、高速中性子照射量及び疲労の観点から、JMTRの原子炉圧力容器は、今後20年以上は利用できる見通しを得た。今後も予防保全の観点から、JMTR再稼働後において、原子炉圧力容器内部を定期的に点検していく計画である。,"Visual inspection of inner side of a reactor pressure vessel was carried out using a underwater camera before the JMTR refurbishment work from the view point of its long term utilization because the reactor pressure vessel of the JMTR will be used continuously after restart of the JMTR. As a result, adhesion materials which can be easily removed using the gauze were observed around nozzles in a top head of the reactor pressure vessel. A major component of the adhesion materials is an iron as a result of the componential analysis. However, no significant problem affecting the integrity of the reactor pressure vessel was observed, and thus the integrity of the reactor pressure vessel was confirmed. As for the view point of the aged effect, it became clear that the reactor pressure vessel of the JMTR can be used for more than 20 years. The visual inspection by the underwater camera is to be carried out periodically to confirm the integrity of the reactor pressure vessel.",Japanese,39 Pages,2010/02,no keyword,JMTR(材料試験炉),https://doi.org/10.11484/jaea-technology-2009-067,computer_vision,6,"camera, カメラ",JMTRの原子炉圧力容器は、再稼働後も継続的に使用する予定である。そのため、原子炉施設の更新作業の前に、原子炉圧力容器の長期使用を観点として、水中カメラを用いた原子炉圧力容器内部の健全性調査を実施した。その結果、原子炉圧力容器の上蓋ノズル周辺に赤褐色の付着物が確認されたため、付着物を採取し分析を行った結果、鉄が主成分であることがわかった。また、健全性に影響を及ぼすような傷等は観察されず、原,https://jopss.jaea.go.jp/search/servlet/search?5019339,https://jopss.jaea.go.jp/pdfdata/JAEA-Technology-2009-067.pdf
5023135,JAEA-Review 2009-056,Current status of JMTR refurbishment project,JMTR更新プロジェクトの現状,神永 雅紀; 新見 素二; 堀 直彦; 高橋 邦裕; 菅野 勝; 中川 哲也; 長尾 美春; 石原 正博; 河村 弘,"Kaminaga, Masanori; Niimi, Motoji; Hori, Naohiko; Takahashi, Kunihiro; Kanno, Masaru; Nakagawa, Tetsuya; Nagao, Yoshiharu; Ishihara, Masahiro; Kawamura, Hiroshi","JMTRは、軽水減速・冷却,ベリリウム反射体付きタンク型炉で、その熱出力は50MWである。最大高速中性子束及び熱中性子束は、ともに4 10 m s である。1968年3月に初臨界を達成した後、2006年8月まで利用運転を継続して設備更新のために停止した。更新は2007年度初頭から2010年にかけて実施し、2011年度に運転再開予定である。2007年度当初に、JMTR原子炉建家,排気筒等のコンクリート構造物,1次冷却系タンク類,熱交換器,2次冷却系配管等の健全性を確認するための経年劣化調査を実施した。その結果、今後の信頼性向上の観点から更新すべき機器,修理すべき機器や構造物を決定した。2008年度は、水中カメラを用いた原子炉圧力容器の目視検査を実施し、有害な損傷のないことを確認した。現在まで、機器等の更新は、計画したスケジュールに従って順調に進んでいる。2009年度には1次冷却系ポンプ電動機,2次冷却系ポンプ,ベリリウム反射体枠の更新等が予定されている。核計装設備,プロセス計装設備等は、2010年度に更新する予定である。本稿では、JMTR更新計画の現状について示す。","The JMTR is a light water moderated and cooled, beryllium reflected tank- type reactor using LUE silicide plate-type fuels. Its thermal power is 50 MW, maximum thermal and fast neutron flux is 4 10 m s . First criticality was achieved in March 1968, and its operation was stopped from August, 2006 for the refurbishment. The refurbishment is scheduled from the beginning of FY2007 to the end of FY2010. The renewed and upgraded JMTR will be re-started from FY2011. An investigation on aged components (aged-investigation) was carried out for concrete structures of the JMTR reactor building, exhaust stack, etc., and for tanks in the primary cooling system, heat exchangers, pipes in the secondary cooling system, cooling tower, emergency generators and so on, in order to identify their integrity. The aged-investigation was carried out at the beginning of FY2007. As a result, some components were decided to replace from viewpoints of future maintenance and improvement of reliability, and some components or structures were decided to repair. A visual inspection of inner side of the pressure vessel was carried out using an underwater camera in FY2008, and no serious damage was observed. Up to now, refurbishment works are in progress according to the planned schedule. In this paper, current status of JMTR refurbishment project is presented.",English,20 Pages,2010/02,no keyword,JMTR(材料試験炉),https://doi.org/10.11484/jaea-review-2009-056,computer_vision,6,"camera, カメラ","配管等の健全性を確認するための経年劣化調査を実施した。その結果、今後の信頼性向上の観点から更新すべき機器,修理すべき機器や構造物を決定した。2008年度は、水中カメラを用いた原子炉圧力容器の目視検査を実施し、有害な損傷のないことを確認した。現在まで、機器等の更新は、計画したスケジュールに従って順調に進んでいる。2009年度には1次冷却系ポンプ電動機,2次冷却系ポンプ,ベリリウム反射体枠の更新等が予定され",https://jopss.jaea.go.jp/search/servlet/search?5023135,https://jopss.jaea.go.jp/pdfdata/JAEA-Review-2009-056.pdf
5018693,JAEA-Research 2009-018,Fundamental study on flow characteristics of disrupted core pool at a low energy level (Joint research),低エネルギー炉心プールの流動特性に関する基礎的研究(共同研究),"守田 幸路*; Ryu, P.*; 松元 達也*; 福田 研二*; 飛田 吉春; 山野 秀将; 佐藤 一憲","Morita, Koji*; Ryu, P.*; Matsumoto, Tatsuya*; Fukuda, Kenji*; Tobita, Yoshiharu; Yamano, Hidemasa; Sato, Ikken",液体金属高速炉の低エネルギー損傷炉心における炉心物質の流動性をモデル化するため、固体粒子が支配的な多相流の運動挙動について研究を行った。ダム堰崩壊実験及び気泡可視化実験の2つのシリーズの実験を行うとともに、実験の数値シミュレーションにより高速炉安全解析コードSIMMER-IIIの流体力学モデルについて検証した。実験解析から、SIMMER-IIIは粒子ジャミングモデルのモデルパラメータの調整によって固体粒子間の相互作用の多相流挙動への影響をある程度模擬できることがわかった。広範な流れ条件において固体粒子間の相互作用を適切に表すためには、より一般化されたモデルを用いてSIMMER-IIIを改良する必要がある。,"Dynamic behaviors of solid-particle dominant multiphase flows were investigated to model the mobility of core materials in a low-energy disrupted core of a liquid metal fast reactor. Two series of experiments were performed, that is dam-break experiments and bubble visualization experiments. Verification of fluid-dynamics models used in the fast reactor safety analysis code SIMMER-III was also conducted based on the numerical simulations of these experiments. The experimental analyses show that SIMMER-III can, to some extent, represent effects of solid particle interaction on multiphase flow behaviors by adjusting model parameters of the particle jamming model. Further improvement of SIMMER-III with more generalized models is necessary to appropriately simulate interactions between solid particles in a wider range of flow conditions.",English,52 Pages,2009/09,no keyword,高速炉安全性試験施設,https://doi.org/10.11484/jaea-research-2009-018,computer_vision,6,"visualization, 可視化",液体金属高速炉の低エネルギー損傷炉心における炉心物質の流動性をモデル化するため、固体粒子が支配的な多相流の運動挙動について研究を行った。ダム堰崩壊実験及び気泡可視化実験の2つのシリーズの実験を行うとともに、実験の数値シミュレーションにより高速炉安全解析コードSIMMER-IIIの流体力学モデルについて検証した。実験解析から、SIMMER-IIIは粒子ジャミングモデルのモデルパラメータの調整によって固体,https://jopss.jaea.go.jp/search/servlet/search?5018693,https://jopss.jaea.go.jp/pdfdata/JAEA-Research-2009-018.pdf
5018522,JAEA-Technology 2009-019,炉プール・ダイヤフラムシールの健全性調査,Verification on reliability of diaphragm seal,井手 広史; 作田 善幸; 塙 善雄; 辻 智之; 坪井 一明; 長尾 美春; 宮澤 正孝,"Ide, Hiroshi; Sakuta, Yoshiyuki; Hanawa, Yoshio; Tsuji, Tomoyuki; Tsuboi, Kazuaki; Nagao, Yoshiharu; Miyazawa, Masataka","JMTR原子炉本体は、原子炉圧力容器,炉心及び炉プールから構成され、JMTR原子炉プール最下部には原子炉プール水の漏えいを防止するとともに、原子炉圧力容器内の圧力及び温度変化による圧力容器自体の伸縮を吸収するためのステンレス鋼製ダイヤフラムシール(外径2.6m,内径2m,厚さ1.5mm)が設置されている。JMTRの改修に先立ち、ダイヤフラムシールの健全性を確認するため、水中カメラ付き堆積物回収装置を開発し、外観検査を行った。外観検査の結果、有害な傷,錆びは確認されず、ダイヤフラムシールの健全性が確認できた。今後も本装置によって定期的に点検を行うことで、その健全性の維持に努める。","The main body of the JMTR is composed of reactor pressure vessel, core and reactor pool. At the bottom of the reactor pool, the Diaphragm-seal (2.6m outer diameter, 2m inner diameter, thickness 1.5mm) of the JMTR made of stainless steel is installed to prevent the water leak of the reactor pool and to absorb the expansion of the reactor pressure vessel due to pressure and temperature changes. Prior to the refurbishment of the JMTR, the inspection device which is a deposition-collection apparatus with underwater-camera was developed, and the visual inspection was carried out to confirm the soundness of the diaphragm-seal. As a result, harmful flaws and/or corrosions were not inspected in the visual inspection, and the soundness of the diaphragm seal was confirmed. In future, the long-term integrity of the diaphragm-seal will could be achieved by conducting the periodic inspection.",Japanese,28 Pages,2009/06,no keyword,,https://doi.org/10.11484/jaea-technology-2009-019,computer_vision,6,"camera, カメラ","テンレス鋼製ダイヤフラムシール(外径2.6m,内径2m,厚さ1.5mm)が設置されている。JMTRの改修に先立ち、ダイヤフラムシールの健全性を確認するため、水中カメラ付き堆積物回収装置を開発し、外観検査を行った。外観検査の結果、有害な傷,錆びは確認されず、ダイヤフラムシールの健全性が確認できた。今後も本装置によって定期的に点検を行うことで、その健全性の維持に努める。",https://jopss.jaea.go.jp/search/servlet/search?5018522,https://jopss.jaea.go.jp/pdfdata/JAEA-Technology-2009-019.pdf
5013535,JAEA-Research 2008-061,"燃料におけるPu, Amの拡散挙動",Diffusion behavior of Pu and Am in fuel,佐藤 勇; 田中 康介; 田中 健哉,"Sato, Isamu; Tanaka, Kosuke; Tanaka, Kenya",Am-MOX燃料ペレットとUO 燃料ペレットを接触させることで、両燃料間での元素移動を誘発させ、その分布を機器分析にて分析し、拡散係数を評価した。加熱温度は1650 C、加熱時間は4.5時間とし、雰囲気はAr雰囲気とした。AmがUO 燃料に移行している状況を観察することができた。この濃度分布から簡易的にPuとAmのUO 内での拡散係数を見積もったところ、4から6 10 m /secとなった。一方で、分子動力学法を用いて、平均二乗変位の統計処理を行うことでトレーサー拡散係数の評価を試みたところ、2000K(1727 C、加熱試験温度の近傍)付近の予測値は10 m /sec程度となった。これは、Matzkeの文献値をもとにした相互拡散係数の評価値に近いことがわかり、分子動力学法での拡散係数の可能性を示す結果となった。また、実験値と計算値の差異は、粒界の影響が大きかったものと考えられる。,"The diffusion coefficients of Pu and Am in UO fuel have been evaluated by use of a diffusion couple, in which a UO pellet and an Am containing MOX fuel contact each other. The heating temperature, time and atmosphere is 1650 C 4.5h and Ar gas, respectively. We could catch the diffusion behavior of Pu and Am in UO . The value of diffusion coefficient of Pu and Am were evaluated to be 4-6 10 m /sec. On the other hand, we try to estimate the tracer-diffusion coefficients with the molecular dynamics. Around 2000 K (close to the heating temperature), the coefficient was near 10 m /sec, which was agree with the value from Matzke's evaluation. This indicates the possibility of molecular dynamics for estimation of the diffusion coefficient. The gap between the coefficient from the test and reference (or estimation) might result from the affection of grain boundaries.",Japanese,36 Pages,2008/07,no keyword,AGF(照射燃料試験施設),https://doi.org/10.11484/jaea-research-2008-061,ar_mapping,6,ar,を接触させることで、両燃料間での元素移動を誘発させ、その分布を機器分析にて分析し、拡散係数を評価した。加熱温度は1650 C、加熱時間は4.5時間とし、雰囲気はAr雰囲気とした。AmがUO 燃料に移行している状況を観察することができた。この濃度分布から簡易的にPuとAmのUO 内での拡散係数を見積もったところ、4から6 10 m /secとなった。一方で、分子動力学法を用いて、平均二乗変位の統計処理を,https://jopss.jaea.go.jp/search/servlet/search?5013535,https://jopss.jaea.go.jp/pdfdata/JAEA-Research-2008-061.pdf
5013315,JAEA-Technology 2008-051,レーザー誘起ブレークダウン分光法(LIBS)による銅プラズマの発光特性(受託研究),Emission characteristics of copper plasma in laser-induced breakdown spectroscopy (Contract research),丸山 庸一郎; 若井田 育夫,"Maruyama, Yoichiro; Wakaida, Ikuo","レーザー誘起ブレークダウン分光法(LIBS)を用いて銅プラズマの発光特性を測定した。プラズマの発光強度は、雰囲気ガスの影響が大きく、アルゴン,ヘリウム,大気の中でアルゴン雰囲気中での強度が最も高いことがわかった。スペクトル強度は、レーザー照射後、1 2 秒で最大になった後、減衰する傾向が観測された。スペクトル幅は、シュタルク効果の影響が大きく、観測遅延時間及び雰囲気ガスによって変化し、スペクトル分解能を高めるためにはヘリウム雰囲気が適していることがわかった。複数のスペクトルの強度比から求めたプラズマ温度はレーザー照射後、1 2 秒で最大約10,000Kになり、その後低下すること、入射レーザーエネルギーの増大に伴って高くなる傾向を示すことがわかった。","Plasma emission characteristics of copper were studied by using Laser-Induced Breakdown Spectroscopy (LIBS). The intensity of plasma emission depended on the species of atmospheric gases, and the strongest plasma emission was obtained in the Ar atmosphere. And it was observed that the intensity reached its maximum at 1-2 microseconds after the ablation and decreased. The spectrum broadening due to Stark effect was observed and the spectral width varied with the observed time and the atmospheric gases, and the narrowest spectral width was obtained in He atmosphere. The plasma temperature calculated from spectral intensities reached around 10,000 K at 1-2 microseconds after the ablation and increased with increasing ablation laser energy.",Japanese,13 Pages,2008/07,no keyword,ウラン濃縮研究棟,https://doi.org/10.11484/jaea-technology-2008-051,ar_mapping,6,ar,Emission characteristics of copper plasma in laser-induced breakdown spectroscopy (Contract research),https://jopss.jaea.go.jp/search/servlet/search?5013315,https://jopss.jaea.go.jp/pdfdata/JAEA-Technology-2008-051.pdf
5013082,JAEA-Review 2008-025,X線レーザーを用いた固体の時間分解分光の研究(学位論文),Time-resolved spectroscopy of solid-state materials using an X-ray laser (Thesis),田中 桃子,"Tanaka, Momoko","X線レーザーは数ピコ秒のパルス幅,狭い波長幅,高コヒーレンスといった性質を持った特徴的な光源であり、EUVリソグラフィー分野をはじめとしてさまざまな分野での応用研究が期待されている。しかしながら、X線レーザーの発光計測分野への実用例は乏しかった。本研究は、X線レーザー励起による発光計測の実用化を目的とし、従来方式のX線レーザーの問題点であったビーム発散角の大幅な改善を行い、これを励起光源として固体の時間分解発光分光を行った。X線レーザーのビーム発散角は、2つの利得媒質を用いたダブルターゲット方式により0.2mradまで改善することに成功した。また、発光計測の対象としては、ZnO単結晶の波長13.9nm励起による紫外発光の計測を行い、EUVシンチレーターとして好適であることを見いだした。時間分解計測については、X線レーザーのパルス幅が数ピコ秒程度であることから、高速のストリークカメラと組合せることにより高い時間分解能の計測が可能となる。今後、さらに高速のシンチレーション物質の探索や、従来は可視光の多光子励起により行われていた透明材料の発光計測など、さまざまな応用が期待される。","X-ray laser is expected as a source of EUV lithography research because it is a characteristic source with short pulse duration of several pico-seconds, narrow spectral width, and high coherence. However, the study of spectroscopy excited with X-ray laser is few. In this study, the beam divergence of X-ray laser was improved and applied to measurement of time resolved emission spectroscopy of a solid-state material. The beam divergence of the X-ray laser is improved to be 0.20 mrad by double target configuration using two gain media. As an application of the X-ray laser, the UV emission of a ZnO single crystal excited by 13.9 nm X-ray laser was observed and evaluated for EUV scintillator. It is also shown that the X-ray laser is an excellent tool for time-resolved spectroscopy.",Japanese,47 Pages,2008/06,no keyword,,https://doi.org/10.11484/jaea-review-2008-025,computer_vision,6,"カメラ, 可視光",の計測を行い、EUVシンチレーターとして好適であることを見いだした。時間分解計測については、X線レーザーのパルス幅が数ピコ秒程度であることから、高速のストリークカメラと組合せることにより高い時間分解能の計測が可能となる。今後、さらに高速のシンチレーション物質の探索や、従来は可視光の多光子励起により行われていた透明材料の発光計測など、さまざまな応用が期待される。,https://jopss.jaea.go.jp/search/servlet/search?5013082,https://jopss.jaea.go.jp/pdfdata/JAEA-Review-2008-025.pdf
5011893,JAEA-Research 2008-030,多孔質媒体均質層及び二層不均質層を対象にした塩淡境界面の挙動,Saltwater-freshwater interface behavior for homogeneous and double layer porous media filled with different size of glass beads,高須 民男*; 前川 恵輔; 澤田 淳,"Takasu, Tamio*; Maekawa, Keisuke; Sawada, Atsushi",高レベル放射性廃棄物の地層処分における安全評価では、地層中の地下水流動などの地質環境条件を実際の現象に即して評価することが重要である。沿岸地域などでは、塩水と淡水が混在する地層中の地下水流動を把握する必要があることから、均質層及び二層不均質層を対象に、模擬した地層中での塩水の淡水中への進展過程や塩淡境界面の挙動を観察するための室内試験を、多孔質媒体中水理・物質移行現象可視化装置を用いて2005年12月から2007年6月まで実施した。ビーズ粒径が異なる3種類の均質層及び二層不均質層での各試験における塩水楔浸入量を整理した結果、今回の動水勾配と塩水濃度が同様の条件下においては、ガラスビーズ粒径によらず、動水勾配と塩水濃度で塩水楔浸入量の分類ができる可能性が示された。塩水の浸入長さは塩分濃度に比例し、動水勾配が低い場合には塩分濃度の増加によって浸入長さが著しく大きくなった。なお、3種類の異なるビーズについて、媒体槽の間隙率は測定方法やガラスビーズ充填後時間経過に大きく影響を受けていないことを確認した。,"It is important to evaluate relevant processes in geosphere, such as groundwater flow, based on the actual conditions of geological environment. At the coastal area, it is needed to understand groundwater flow under the saltwater and freshwater mixing conditions. We conducted a set of laboratory experiments using mass transport visualization system with flow chamber representing homogeneous sedimentary rock filled with uniform glass beads and double layer filled with different size of glass beads, in order to observe saltwater intrusion process into fresh water and saltwater-freshwater interface behavior. From the horizontal intrusion length of saltwater, the result might not depend on the size of glass beads and might be categorized by the combination of hydraulic gradient and saline concentration. In case of low hydraulic gradient case, the saltwater intrusion length tends to be larger due to saline concentration increase.",Japanese,45 Pages,2008/03,no keyword,ENTRY(地層処分基盤研究施設),https://doi.org/10.11484/jaea-research-2008-030,computer_vision,6,"visualization, 可視化",ことから、均質層及び二層不均質層を対象に、模擬した地層中での塩水の淡水中への進展過程や塩淡境界面の挙動を観察するための室内試験を、多孔質媒体中水理・物質移行現象可視化装置を用いて2005年12月から2007年6月まで実施した。ビーズ粒径が異なる3種類の均質層及び二層不均質層での各試験における塩水楔浸入量を整理した結果、今回の動水勾配と塩水濃度が同様の条件下においては、ガラスビーズ粒径によらず、動水勾配と,https://jopss.jaea.go.jp/search/servlet/search?5011893,https://jopss.jaea.go.jp/pdfdata/JAEA-Research-2008-030.pdf
5011744,JAEA-Technology 2008-026,光学断面画像の斜め方向からの計測による複雑流路形状測定手法の開発,Development of geometry measurement technique for complicated flow channel based on optical visualization image,小林 順; 佐藤 博之; 林 謙二; 上出 英樹,"Kobayashi, Jun; Sato, Hiroyuki; Hayashi, Kenji; Kamide, Hideki",ナトリウム冷却高速炉では、炉心の高燃焼度化により燃料ピンが変形し、集合体内流路断面積の変化によって集合体内の冷却性能が低下する可能性があることから、燃料ピン配置の変化が集合体内の熱流動現象に与える影響を把握することが重要な課題となっている。そこで、燃料ピンとワイヤースペーサを水と屈折率を一致させた透明部材で構成した水流動試験装置を用いて、ピン束内の流速分布の測定が試みられている。このとき境界条件として湾曲による模擬燃料ピンの変位を計測する必要がある。ここでは、模擬集合体の斜め上方向からピン束の水平断面を撮影し、試験体壁面の屈折の影響を考慮に入れて撮影画像を正対位置に変換し、その画像を解析することで燃料ピンの変位量を求める手法を開発した。,"High burn-up core in a sodium cooled fast reactor may result in fuel pin deformation due to irradiation, e.g., swelling and bowing. Such deformation will influence thermal hydraulics in a core fuel subassembly, i.e., the highest temperature. Thus it is significant to estimate pin deformation effects. A water experiment was carried out to measure velocity field in a deformed pin bundle by using transparent resin and refractive index matching technique. In the experiment, the deformed pin geometry should be measured as a boundary condition. Here an optical measurement technique of pin bundle geometry was developed. An image of a horizontal cross section of the pin bundle was captured by a camera set on an inclined line to the pin bundle axis. This image was converted to a straight image to the pin bundle axis by taking accounts of refraction at the wall. The positions of deformed pins were well estimated by this method.",Japanese,30 Pages,2008/03,no keyword,,https://doi.org/10.11484/jaea-technology-2008-026,computer_vision,6,"camera, visualization",of geometry measurement technique for complicated flow channel based on optical visualization image,https://jopss.jaea.go.jp/search/servlet/search?5011744,https://jopss.jaea.go.jp/pdfdata/JAEA-Technology-2008-026.pdf
5011863,JAEA-Technology 2008-021,JT-60プラズマ映像データベースシステムの開発,Development of the plasma movie database system for JT-60,末岡 通治; 川俣 陽一; 栗原 研一; 関 暁之,"Sueoka, Michiharu; Kawamata, Yoichi; Kurihara, Kenichi; Seki, Akiyuki","プラズマ映像は、実験放電がどのようなものかを直接知るために最も効率的な手段の一つである。JT-60のプラズマ映像は、プラズマを撮影する可視テレビ映像とプラズマ断面CG映像,磁場揺動信号を音声として加えた動画が放電ごとに放映されている。このプラズマ映像を広く実験放電の評価に利用するために、新たにプラズマ映像データベースシステムを開発した。このシステムの特徴は、放電シーケンスに従って自動的にプラズマ映像を記録・保存・管理し、さらに、WEBサーバーを介して放電映像データをネットワーク配信することができる。特に、大幅な経費の節減を目指して最も割高感の大きい従来使用して来たリアルタイムOSを使用しない実時間システムの開発に取り組み、汎用的なWindows OS下で動作させることに成功している。本報告では、本システムの設計・製作にかかわる詳細とシステムの稼動結果について報告する。","A plasma movie is generally expected as one of the most efficient methods to know what plasma discharge has been conducted in the experiment. The JT-60 plasma movie is composed of video camera picture looking at a plasma, computer graphics (CG) picture, and magnetic probe signal as a sound channel. In order to use this movie efficiently, we have developed a new system having the following functions: (a) To store a plasma movie in the movie database system automatically combined with the plasma shape CG and the sound according to a discharge sequence. (b) To make a plasma movie is available (downloadable) for experiment data analyses at the Web-site. Especially, this system aimed at minimizing the development cost, and it tried to develop the real-time plasma shape visualization system (RVS) without any operating system (OS) customized for real-time use. As a result, this system succeeded in working under Windows XP. This report deals with the technical details of the plasma movie database system and the real-time plasma shape visualization system.",Japanese,23 Pages,2008/03,no keyword,JT-60(臨界プラズマ試験装置),https://doi.org/10.11484/jaea-technology-2008-021,computer_vision,6,"camera, visualization","s been conducted in the experiment. The JT-60 plasma movie is composed of video camera picture looking at a plasma, computer graphics (CG) picture, and magnetic probe signal as a sound channel. In order to",https://jopss.jaea.go.jp/search/servlet/search?5011863,https://jopss.jaea.go.jp/pdfdata/JAEA-Technology-2008-021.pdf
5010119,JAEA-Technology 2007-062,Detail design of microfission chamber for fusion power diagnostic on ITER,ITERにおける核融合出力診断用マイクロフィッションチェンバーの詳細設計,石川 正男; 近藤 貴; 早川 敦郎*; 西谷 健夫; 草間 義紀,"Ishikawa, Masao; Kondoh, Takashi; Hayakawa, Atsuro*; Nishitani, Takeo; Kusama, Yoshinori",我が国が調達する予定のマイクロフィッションチェンバー(MFC)は、ITERにおける全中性子発生量及び核融合出力の時間分解測定を行うものである。これまで、低出力運転用のMFC(測定範囲:1kW-100kWの核融合出力)の設計・開発を高出力運転用のMFC(同100kW-1GW)とともに行ってきた。これらの検出器を組合せることで、ITERで目標とされている計測要求をほぼ満たすことができる。MFCは真空容器内に取り付けられるため、信号出力・電力供給用の二重同軸MIケーブルも真空容器上に敷設する必要がある。今回は、MIケーブルの真空容器内における敷設ルートの設計を行った。MIケーブルには14.6気圧のArガスが封入されているが、Arガスの真空容器内へのリークを防ぐために、敷設に際してはMIケーブルを外管で包む二重配管を提案した。さらに、核発熱によるMIケーブルの到達最高温度の検討を行った。その結果、熱伝導を確保するために、MIケーブルと外管の間に300mmごとに7mm幅の銅フランジを入れることにより、MIケーブルの最高温度は、核分裂炉での使用温度である400 Cよりも低い、340 C以下に抑えられることがわかった。,"The microfission chambers (MFC)provide time-resolved measurements of the global neutron source strength and fusion power from ITER. In the previous work, it was found that combination of the MFC for low power operation and for high power operation can cover the target measurement requirement of ITER. Signals from the MFC are transferred by double coaxial mineral cable (MI) cable. These MFC will be installed in the vacuum vessel, so that the MI cables should be placed in the vacuum vessel. In this design work, the placing route of the MI cables from the installation position of the microfission chamber to the feed-through in the upper port is designed. As far placing of the MI cable, since the MI cable is filled with Ar gas at 14.6 atom, the double pipe structure that the outer pipe covers the MI cable is adopted in order to prevent the gas leak into the vacuum vessel. The exhaust system of the double pipe is also designed for detection and exhaust of the leaked Ar gas.",English,57 Pages,2007/12,no keyword,,https://doi.org/10.11484/jaea-technology-2007-062,ar_mapping,6,ar,力供給用の二重同軸MIケーブルも真空容器上に敷設する必要がある。今回は、MIケーブルの真空容器内における敷設ルートの設計を行った。MIケーブルには14.6気圧のArガスが封入されているが、Arガスの真空容器内へのリークを防ぐために、敷設に際してはMIケーブルを外管で包む二重配管を提案した。さらに、核発熱によるMIケーブルの到達最高温度の検討を行った。その結果、熱伝導を確保するために、MIケーブルと外管,https://jopss.jaea.go.jp/search/servlet/search?5010119,https://jopss.jaea.go.jp/pdfdata/JAEA-Technology-2007-062.pdf
5008638,JAEA-Technology 2007-055,JT-60U用LHRFアンテナ保護装置の改良,Improvement of the protection devices for JT-60U LHRF antenna system,鈴木 貞明; 関 正美; 篠崎 信一; 佐藤 文明; 平内 慎一; 石井 和宏*; 長谷川 浩一; 森山 伸一,"Suzuki, Sadaaki; Seki, Masami; Shinozaki, Shinichi; Sato, Fumiaki; Hiranai, Shinichi; Ishii, Kazuhiro*; Hasegawa, Koichi; Moriyama, Shinichi",JT-60U高周波加熱装置の一つである低域混成波(LHRF)加熱装置では、過大なプラズマからの熱負荷によるダメージを避けるために、アンテナ先端部に炭素製グリルを取り付けた新たな取り組みでプラズマ実験が行われている。しかし、プラズマ実験後の観察では、一部に放電痕が見つかったために、アーク検出器及び可視画像検出の高性能化による保護インターロックの強化に取り組んだ。アーク検出器では、光検出の応答速度及び分解能を高めるために増幅回路の改良を行った。また、可視画像検出では、PC画像処理を導入しプラズマによる発光と放電光を区別してon-off制御する機能を新たに追加した。本報告書は、LHRF加熱装置における保護インターロックシステムの改良についてまとめたものである。,"In the experiments featuring lower hybrid range of frequency (LHRF) system in JT-60U, carbon grills were attached to the plasma-facing part of the antenna in order to avoid the damage by the excessive heat load from the plasma. However some electric discharge traces were found there in the observation after the experiments. To avoid such discharges, improvements of the arc detector and the protection interlock by visible picture detection were tackled. In the arc detector, the amplification circuit was improved in order to obtain shorter response time and higher resolution of optical detection. Moreover, in visible picture detection, a new function of RF-on/off control utilizing PC image processing was added to distinguish the light of the arc from one of the plasma. This report summarizes improvement of the protection interlock device in a LHRF heating system.",Japanese,27 Pages,2007/09,no keyword,JT-60(臨界プラズマ試験装置),https://doi.org/10.11484/jaea-technology-2007-055,computer_vision,6,"image processing, 画像処理",性能化による保護インターロックの強化に取り組んだ。アーク検出器では、光検出の応答速度及び分解能を高めるために増幅回路の改良を行った。また、可視画像検出では、PC画像処理を導入しプラズマによる発光と放電光を区別してon-off制御する機能を新たに追加した。本報告書は、LHRF加熱装置における保護インターロックシステムの改良についてまとめたものである。,https://jopss.jaea.go.jp/search/servlet/search?5008638,https://jopss.jaea.go.jp/pdfdata/JAEA-Technology-2007-055.pdf
5006029,JAEA-Data/Code 2007-001,高温工学試験研究炉(HTTR)の炉心支持黒鉛構造物のサーベイランス試験のための基礎データ,Basis data for surveillance test on core support graphite structures for the High Temperature Engineering Test Reactor (HTTR),角田 淳弥; 柴田 大受; 菊地 孝行; 石原 正博; 伊与久 達夫; 沢 和弘; 藤本 望,"Sumita, Junya; Shibata, Taiju; Kikuchi, Takayuki; Ishihara, Masahiro; Iyoku, Tatsuo; Sawa, Kazuhiro; Fujimoto, Nozomu","我が国初の高温ガス炉であるHTTRでは炉心支持黒鉛構造物の健全性及び特性等を確認するために、供用期間中検査(ISI)としてTVカメラを用いた炉心支持黒鉛構造物の目視検査及びサーベイランス試験片を用いた物性値の測定を行うこととしている。このうちサーベイランス試験では、HTTRの炉内支持黒鉛構造物について高速中性子照射,酸化等による物性値,強度等の経年変化を調べることにしており、ここで得られるデータは、HTTRの炉心支持黒鉛構造物の健全性確認に用いられるほか、第4世代原子炉システムの1つとして国際的に検討を行っている超高温ガス炉(VHTR)の黒鉛構造物の設計等に活用することのできる貴重なものとなる。本報は今後実施することになるHTTRのサーベイランス試験片の炉内への装荷位置及び使用前の状態における物性データをまとめたものである。",Visual inspection by a TV camera and material properties measurement by surveillance test on core support graphite structures are planned for the High Temperature Engineering Test Reactor (HTTR) to confirm their structural integrity and characteristics. The surveillance test is aimed to investigate the change of material and mechanical properties by aging effects such as fast neutron irradiation and oxidation. The obtained data will be used not only for evaluating the structural integrity of the core support graphite structure of the HTTR but also for design data to advanced Very High Temperature Reactor (VHTR) discussed at generation IV international forum. This report describes the material properties and installed position of surveillance specimens in the HTTR in order to carry out the surveillance test.,Japanese,57 Pages,2007/02,no keyword,HTTR(高温工学試験研究炉),https://doi.org/10.11484/jaea-data-code-2007-001,computer_vision,6,"camera, カメラ","我が国初の高温ガス炉であるHTTRでは炉心支持黒鉛構造物の健全性及び特性等を確認するために、供用期間中検査(ISI)としてTVカメラを用いた炉心支持黒鉛構造物の目視検査及びサーベイランス試験片を用いた物性値の測定を行うこととしている。このうちサーベイランス試験では、HTTRの炉内支持黒鉛構造物について高速中性子照射,酸化等による物性値,強度等の経年変化を調べることにして",https://jopss.jaea.go.jp/search/servlet/search?5006029,https://jopss.jaea.go.jp/pdfdata/JAEA-Data-Code-2007-001.pdf
5003334,JAEA-Research 2007-001,切込付炉心上部機構に適合した新型燃料交換機の開発; Naベーパを含むArガス中実規模軸受試験,Development of a new fuel handling machine suitable for an upper inner structure with a slit; The Performance test of a large-sized bearing in Argon gas atmosphere,近澤 佳隆; 臼井 伸一; 早船 浩樹; 此村 守,"Chikazawa, Yoshitaka; Usui, Shinichi; Hayafune, Hiroki; Konomura, Mamoru","高速増殖炉サイクル実用化戦略調査研究では原子炉容器をコンパクト化する観点から切込付炉心上部機構と単回転プラグを組合せた燃料交換方式が採用されている。本研究では切込付炉心上部機構に適合した新型燃料交換機の開発を行った。この概念では、燃料交換機は切込部にアームを伸ばすことにより燃料交換を行うため、地震時に燃料交換機アームと炉心上部構造が接触することが懸念される。これまでの検討により、地震時の燃料交換機アーム部の変位量を低減するために、燃料交換機軸受部の内部すきまを低減することが有効であることがわかってきた。また、燃料交換機軸受部は原子炉容器カバーガス中に設置されるため、グリースなどの一般的な潤滑剤を使用することができず、内部すきまを低減したうえで固体潤滑等を使用した条件で軸受の耐久性(耐摩耗性)を確保する必要がある。このような背景から、平成16年度には、実機の候補となる軸受に対して、種々の潤滑条件で予備試験を実施したうえで軸受型式,潤滑仕様の選定を行った。本年度(平成17年度)は、選定した軸受型式について、実規模試験体を用いた高温Arガス(Naベーパを含む)中での耐久性試験を実施した。","In Feasibility Study on Commercialized Fast Breeder Reactor Cycle Systems, Large and Middle scale sodium cooled reactors which have an upper inner structure (UIS) with a slit have been studied for the size reduction of reactor structure. A new fuel handling machine (FHM) which is suitable for the UIS with a slit has been developed in this study. The FHM is required not to contact to UIS under the earthquake condition when its arm is extended into the slit. In the previous study, it is confirmed that the reduction of clearance in bearing of FHM is effective to reduce the deflection of FHM unit. But the general lubricant such as grease can not be used for the bearing because that of FHM will be set in argon gas atmosphere of the reactor vessel. In FY2005, the performance test of large-sized bearing with the selected lubrication specification has been performed in the high temperature argon gas atmosphere.",Japanese,91 Pages,2007/02,no keyword,,https://doi.org/10.11484/jaea-research-2007-001,ar_mapping,6,ar,切込付炉心上部機構に適合した新型燃料交換機の開発; Naベーパを含むArガス中実規模軸受試験,https://jopss.jaea.go.jp/search/servlet/search?5003334,https://jopss.jaea.go.jp/pdfdata/JAEA-Research-2007-001.pdf | https://rdreview.jaea.go.jp/review_jp/2008/pdf/j2008_1-4.pdf
5002835,JAEA-Research 2006-090,Measurements of spatial distribution of intensity and energy spectrum of neutrons from coupled hydrogen moderators by using a position sensitive detector (Cooperative research),位置敏感型検出器を用いた結合型水素モデレータの低エネルギー中性子空間分布の測定(協力研究),甲斐 哲也; 加美山 隆*; 平賀 富士夫*; 加藤 崇; 鬼柳 善明*,"Kai, Tetsuya; Kamiyama, Takashi*; Hiraga, Fujio*; Kato, Takashi; Kiyanagi, Yoshiaki*",中性子輸送計算で示されたパラ水素モデレータに対する15meV以下の中性子強度の特異な空間分布を確認するため、ピンホールカメラの原理により、モデレータ表面の中性子強度分布を測定した。モデレータ材料は、パラ水素及びオルソリッチ水素(オルソ/パラ比は60:40 70:30)を使用した。パラ水素モデレータでは、モデレータの周辺部で強度の増加を示していたが、オルソリッチ水素モデレータでは、周辺で強度の低下が見られた。これらは、計算で示された傾向と矛盾のないものであった。さらに、特異な分布の原因を議論するため、中性子エネルギースペクトルの位置依存性を測定した。15 100meVの領域では、両モデレータとも周辺部で高い強度を示した。15meV以下では、パラ水素モデレータでは、同様に周辺部で高い強度を示したが、オルソリッチ水素モデレータでは、周辺部で強度の減少が認められた。これらは、パラ水素の熱中性子に対する高い減速効率と冷中性子に対する透過率の大きさが特異な分布の原因であると考えられる。本研究で得られた結果は、J-PARCで使用の中性子輸送計算の信頼性を確認する根拠の一つである。,"Spatial distributions of neutron intensities were measured based on the pinhole camera principle to confirm a peculiar one for a para-hydrogen (H ) moderator by neutron transportation calculations. Para- H and ortho-rich-H (ortho/para ratio was 60:40-70:30) were utilized. The results are consistent with the calculations. Position dependences of energy spectra were measured for further discussions. Both moderators exhibit the intensity enhancements at the fringe part between 15 and 100 meV. Below 15 meV, the para-H moderator exhibits higher intensity at the fringe part, while a intensity decrease was recognized at the fringe part of the ortho-rich-H one. The reasons for the peculiar distribution are due to the characteristics of para- H : the effective slowing-down reaction for thermal neutrons and the higher transmission rate for cold neutrons. The present result is one of the basis confirming the reliability of design calculation used in the J-PARC project.",English,35 Pages,2007/02,no keyword,,https://doi.org/10.11484/jaea-research-2006-090,computer_vision,6,"camera, カメラ",中性子輸送計算で示されたパラ水素モデレータに対する15meV以下の中性子強度の特異な空間分布を確認するため、ピンホールカメラの原理により、モデレータ表面の中性子強度分布を測定した。モデレータ材料は、パラ水素及びオルソリッチ水素(オルソ/パラ比は60:40 70:30)を使用した。パラ水素モデレータでは、モデレータの周辺部で強度の増加を示していたが、オルソリッチ水,https://jopss.jaea.go.jp/search/servlet/search?5002835,https://jopss.jaea.go.jp/pdfdata/JAEA-Research-2006-090.pdf
5004263,JAEA-Research 2006-067,ガス巻きこみ現象に関する基礎的研究; 自由表面渦による非定常ガス巻き込み現象の評価,Experimental study of gas entrainment at free surface; Development of circulation and gas core of surface vortex,江連 俊樹; 木村 暢之; 小林 順; 伊藤 真美*; 上出 英樹,"Ezure, Toshiki; Kimura, Nobuyuki; Kobayashi, Jun; Ito, Masami*; Kamide, Hideki","FBR実用化戦略調査研究では、ナトリウム冷却型大型炉の設計研究を実施されている。経済性を向上させるため、従来と比較してコンパクトな原子炉容器を検討している。その結果、炉容器内の流速が増加するため、原子炉容器内でのカバーガスの巻き込みを防止することが設計上の重要課題となっている。このため、ガス巻き込み防止の判定基準の作成が進められている。ガス巻き込みに関しては、くぼみ渦,潜り込み,砕波の3形態に大別できるが、くぼみ渦によるガス巻き込みに関しては、その発生に対する定量的な評価手法や判定基準に関しては明確化されていないのが現状である。そこで、くぼみ渦によって発生するガス巻き込みに関して基礎的な実験体系を用いた水流動試験を実施した。これまではあまり検討されてこなかった渦の非定常性について基礎的な特性を把握するため、ガスコア周囲の流速分布の測定とガスコア長さの可視化計測を組合せた試験を実施した。その結果、ガスコア長さと気泡の巻き込みに至る頻度との関係を明らかにするとともに、くぼみ渦が成長する過程で、まず循環が増加し、これに遅れてガスコア長さが成長する位相遅れがあることを見いだした。","A sodium cooled reactor has been investigated in the feasibility study of FBR cycle. In the study, a compact reactor vessel was designed, and the cover gas entrainment (GE) at the free surface is one of the significant issues. It is required to clarify the criterion of GE at free surface. GE at the free surface could be categorized into following three types, wave break, submerged flow, surface vortex. However, there was no clear quantitative evaluation method and criteria regarding the onset condition of GE by the surface vortex. In the present study, some experiments were performed focusing on the transient phenomena of GE by surface vortex. The relationship between circulation and length of gas core were measured by the particle image velocimetry and visualization. From the results of this study, the relationship between gas core length and probability of GE was clarified, and time-delay between the increase of circulation and the increase of gas core was found.",Japanese,35 Pages,2006/10,no keyword,,https://doi.org/10.11484/jaea-research-2006-067,computer_vision,6,"visualization, 可視化",系を用いた水流動試験を実施した。これまではあまり検討されてこなかった渦の非定常性について基礎的な特性を把握するため、ガスコア周囲の流速分布の測定とガスコア長さの可視化計測を組合せた試験を実施した。その結果、ガスコア長さと気泡の巻き込みに至る頻度との関係を明らかにするとともに、くぼみ渦が成長する過程で、まず循環が増加し、これに遅れてガスコア長さが成長する位相遅れがあることを見いだした。,https://jopss.jaea.go.jp/search/servlet/search?5004263,https://jopss.jaea.go.jp/pdfdata/JAEA-Research-2006-067.pdf
5003975,JAEA-Research 2006-057,数値環境システムSPEEDI-MP,Numerical simulation system for environmental studies: SPEEDI-MP,"永井 晴康; 茅野 政道; 寺田 宏明; 原山 卓也*; 小林 卓也; 都築 克紀; Kim, K.; 古野 朗子","Nagai, Haruyasu; Chino, Masamichi; Terada, Hiroaki; Harayama, Takaya*; Kobayashi, Takuya; Tsuzuki, Katsunori; Kim, K.; Furuno, Akiko","数値実験によるさまざまな環境研究に資することのできる環境研究ツール「数値環境システムSPEEDI-MP」の構築を行った。SPEEDI-MPは、大気,陸域,海洋の物理モデル及び物質循環モデル等の数値実験ツール,数値実験ツールの入力用データベースと、データ管理,可視化等の支援機能により構成される。数値実験ツール開発の一環として、多数のモデルを結合できるモデルカップラーを開発した。このモデルカップラーを用いて、大気,海洋,波浪,陸水、及び地表モデルの5モデルからなる水循環結合モデルシステムを開発した。支援機能はWebベースのGUIで操作可能であり、ユーザーは各自のPCからインターネット経由でシステムの全機能を使用可能である。システムに導入された放出源推定機能については、ITBL-Gridを活用して多数の計算機からなる分散環境での計算実行可能なシステムを開発した。また、水循環結合モデルシステムの適用試験として、洪水再現計算及び高潮再現計算を実施した。","A numerical simulation system SPEEDI-MP has been developed to apply for various environmental studies. SPEEDI-MP consists of dynamical models and material transport models for the atmospheric, terrestrial, and oceanic environments, database for model inputs, and system utilities for file management, visualization, etc. As a numerical simulation tool, a model coupling program (model coupler) has been developed. A coupled model system for water circulation has been constructed with atmosphere, ocean, wave, hydrology, and land-surface models using the model coupler. System utility GUIs are based on the Web technology, allowing users to manipulate all the functions on the system using their own PCs via the internet. In this system, the source estimation function in the atmospheric transport model can be executed on the grid computer system. Performance tests of the coupled model system for water circulation were also carried out for the flood and the storm surge events.",Japanese,67 Pages,2006/09,no keyword,,https://doi.org/10.11484/jaea-research-2006-057,computer_vision,6,"visualization, 可視化","MP」の構築を行った。SPEEDI-MPは、大気,陸域,海洋の物理モデル及び物質循環モデル等の数値実験ツール,数値実験ツールの入力用データベースと、データ管理,可視化等の支援機能により構成される。数値実験ツール開発の一環として、多数のモデルを結合できるモデルカップラーを開発した。このモデルカップラーを用いて、大気,海洋,波浪,陸水、及び地表モデルの5モデルからなる水循環結合モデルシステムを開発した。支援",https://jopss.jaea.go.jp/search/servlet/search?5003975,https://jopss.jaea.go.jp/pdfdata/JAEA-Research-2006-057.pdf
5002147,JAEA-Research 2006-051,幌延地下水環境における炭素鋼の腐食挙動の予察的検討,Preliminary study on the corrosion behavior of carbon steel in Horonobe groundwater environment,谷口 直樹; 甲川 憲隆*; 前田 一人*,"Taniguchi, Naoki; Kogawa, Noritaka*; Maeda, Kazuto*","幌延地下研究施設におけるオーバーパックの原位置試験計画の策定と、幌延での地質環境条件を想定したオーバーパック設計・寿命評価を行ううえで、幌延地下研究施設における地下水条件でのオーバーパック候補材料の腐食挙動を把握することが必要である。そこで、オーバーパック候補材料である炭素鋼を対象として、幌延の模擬地下水及び実際に採取された地下水を用いて腐食試験を実施し、腐食挙動を予察的に検討した。幌延地下水条件における炭素鋼のアノード分極測定の結果、緩衝材中では活性溶解型の分極挙動を示し、炭素鋼の腐食形態はほぼ全面腐食であると推定された。また、大気雰囲気下及び窒素雰囲気下において浸漬試験を行った結果、既往のデータに比較して顕著な腐食局在化,著しい腐食速度の増加は観察されず、幌延の地下水条件においても第2次取りまとめにおける炭素鋼オーバーパックの腐食量評価モデル,腐食速度の設定値が適用可能であると推定された。","It is necessary to understand the corrosion behavior of candidate overpack materials to plan the in-situ engineered barrier test at underground laboratory constructing at Horonobe and to design the overpacks suitable to Horonobe environment. The preliminary corrosion tests of carbon steel which is a candidate material for overpacks were carried out using artificial groundwater and actual groundwater sampled at Horonobe. As the results of anodic polarization experiments, the anodic polarization curves of carbon steel in buffer material were active dissolution type, and the corrosion type of carbon steel in Horonobe groundwater environment was expected to be general corrosion. The results of immersion test under air equilibrium condition and anaerobic condition showed that the corrosion rate and the degree of corrosion localization were not exceeded the data obtained in previous studies. Based on the experimental results, it was confirmed that the corrosion assessment model and assumed corrosion rate in second progress report (H12 report) can be applied to the assessment for Horonobe groundwater condition.",Japanese,60 Pages,2006/08,no keyword,ENTRY(地層処分基盤研究施設),https://doi.org/10.11484/jaea-research-2006-051,ar_mapping,6,localization,"anaerobic condition showed that the corrosion rate and the degree of corrosion localization were not exceeded the data obtained in previous studies. Based on the experimental results, it was confirmed that the c",https://jopss.jaea.go.jp/search/servlet/search?5002147,https://jopss.jaea.go.jp/pdfdata/JAEA-Research-2006-051.pdf
5000303,JAEA-Research 2006-025,上流にベンドを有する配管合流領域における非等温流体混合メカニズムの解明とサーマルストライピング緩和・制御法の開発(共同研究),Investigation of thermal hydraulic mixing mechanism in T-junction pipe with a 90-degree bend in upstream side for mitigation and controlling of thermal-striping phenomena (Joint research),結城 和久*; 橋爪 秀利*; 田中 正暁; 村松 壽晴,"Yuki, Kazuhisa*; Hashizume, Hidetoshi*; Tanaka, Masaaki; Muramatsu, Toshiharu","異なる温度の流体が混合するT字配管合流部では、流体混合によって発生する非定常の温度揺らぎの振幅,周波数及び構造材側条件(板厚や材質等)に依存して、構造材の熱疲労現象が発生する可能性がある。このため、熱疲労の緩和は、原子炉プラント設計において安全上重要な課題である。特に、T字合流部の上流側に90度ベンドが存在する場合、ベンドで形成される2次流れが流体混合を複雑化させることがわかっている。そこで、本研究では、流体混合場と壁面温度変動に対するベンドの曲率半径比の影響を明らかにすることを目的とし、混合状態の可視化並びに壁近傍での流体温度変動の計測を実施した。主流速度,枝流速度をパラメータとするさまざまな混合条件下における温度変動特性から、ベンドが存在することにより、流体中に大きな温度変動が生じることを確認した。混合特性,温度変動特性及び下流方向への温度変動の減衰特性に関して、曲率半径が大きな支配要因であることを確認した。また、配管口径比及び曲率半径によって、壁面近傍の温度変動強度分布が異なること及びそのメカニズムについての知見を得た。ベンドで形成される二次流れの激しい非定常減衰挙動と枝配管噴流の後方に形成される後流との相互作用による枝配管噴流の非定常挙動について明らかにした。さらに、壁面近傍における流体温度変動強度に関して、混合形態ごとに整理・分類し、高い精度での予測式を構築した。","In T-junction pipe, temperature fluctuation is induced due to unstable fluid mixing. Development of the relaxation and control techniques for the thermal fatigue is one of the most important issues in the future plant design. If a 90-degree bend exists in the upstream of the mixing tee in the piping system of power plants, a secondary flow formed in the bend makes the fluid mixing phenomena even more complex. This study aims at clarifying effects of curvature ratio of the bend on the non-isothermal fluid mixing in the Tee-junction area and the temperature fluctuation induced by the unstable mixing, by visualizing the flow fields with PIV and measuring fluid-temperature fluctuation in the vicinity of wall. From the visualization, it is clarified that a high-temperature jet flowing out from a branch pipe swings and sways near the wall, which leads to higher temperature fluctuation than that in a case without the 90-degree bend. In addition, in the case that there exists a separation in the bend, the fluid mixing and the temperature fluctuation characteristics including its damping in the downstream direction are completely different from those without the separation. Furthermore, in the case using the bend that doesn't produce the separation, there are cautionary conditions in which the temperature fluctuation is maximized in a transition regime of a stratified flow and a turn-jet flow. It seems that the principal cause for this is repetition generation and disappearance of a circulating flow formed behind the jet due to an interaction between unsteady behavior of a secondary flow in a decay process after the bend and the wakes formed behind the jet, which leads to the vigorous oscillation of jet near the wall. For the prediction of the temperature fluctuation, it's possible to predict it in each fluid mixing pattern.",Japanese,47 Pages,2006/03,no keyword,,https://doi.org/10.11484/jaea-research-2006-025,computer_vision,6,"visualization, 可視化","が流体混合を複雑化させることがわかっている。そこで、本研究では、流体混合場と壁面温度変動に対するベンドの曲率半径比の影響を明らかにすることを目的とし、混合状態の可視化並びに壁近傍での流体温度変動の計測を実施した。主流速度,枝流速度をパラメータとするさまざまな混合条件下における温度変動特性から、ベンドが存在することにより、流体中に大きな温度変動が生じることを確認した。混合特性,温度変動特性及び下流方向への",https://jopss.jaea.go.jp/search/servlet/search?5000303,https://jopss.jaea.go.jp/pdfdata/JAEA-Research-2006-025.pdf
5000189,JAEA-Research 2006-005,1/1.8縮尺部分モデルによる原子炉容器内ガス巻き込み特性の評価; ガス巻き込み初生条件と発生メカニズムの把握,Water experiment on gas entrainment in reactor vessel using 1/1.8th scaled model; Evaluation of onset condition and mechanism,木村 暢之; 江連 俊樹; 中山 王克; 飛田 昭; 伊藤 真美*; 上出 英樹,"Kimura, Nobuyuki; Ezure, Toshiki; Nakayama, Okatsu; Tobita, Akira; Ito, Masami*; Kamide, Hideki",日本原子力研究開発機構ではFBR実用化戦略調査研究の一環として、ナトリウムを冷却材とした高速炉の検討を行っている。ガス巻き込みを含む炉上部プレナム内の流況を適正化するために、縮尺比1/1.8の大規模水流動試験体を製作し、ガス巻き込み現象を把握した。本試験体は、ガス巻き込み発生の要因となる下降流速が見られることから、出口配管(ホットレグ配管)を中心とする90度セクターを対象に、液面への流れを抑制するために設置されている水平板(ディッププレート、D/P)から液面までをモデル化した。ガス巻き込みの発生は可視化によって確認した。設計形状の体系(D/Pを2段で構成)では、定格時に予測される流速条件で、D/Pからの液位が定格時の液位の3%から100%の範囲でガス巻き込みの発生は見られなかった。D/Pを1段とした場合との比較から、D/Pを2段にすることで局所的な下降流速のピークを低減する効果があることがわかった。また、1段D/P形状で高液位(定格の50%の高さ以上)条件下では、周方向流速に依存してガス巻き込みが発生することが可視化結果、及び流速計測結果からわかった。発生条件は設計における定格条件に比べて、周方向流速で4倍以上大きいことがわかった。以上により、本体系の原子炉容器についてガス巻込み抑制の見通しが得られた。,"An innovative sodium cooled fast reactor has been investigated in a frame work of the FBR feasibility study. One of the thermal hydraulic issues in this design is gas entrainment at free surface in the reactor vessel. Dipped plates (D/P) are set below the free surface in order to prevent the gas entrainment. We performed an 1/10th scaled model water experiment for the upper plenum of reactor vessel and flow optimization was done to reduce flow velocity near the free surface. However, previous studies showed that the gas entrainment depends on model scale. Then an 1/1.8th scaled model was also planned to confirm the phenomena in an enough large model. As a test section, 90 degree sector and region between the free surface and the D/P was modeled by 1/1.8th scale. Boundary conditions at D/P gaps and radial cross sections of sector ends were obtained by the 1/10th scaled full sector model. The gas entrainment was not observed in the model under the velocity condition of reactor full power operation at water levels higher than 3% of the normal height from the D/P in the case of double D/Ps geometry (current design). As for the case of single D/P geometry, it was found by the visualization and the velocity measurement that the gas entrainment occurred as the circumferential velocity increased at the water level higher than 50% of the normal height condition. It is shown that the gas entrainment in the reactor vessel will be eliminated in the current design approach.",Japanese,45 Pages,2006/03,no keyword,,https://doi.org/10.11484/jaea-research-2006-005,computer_vision,6,"visualization, 可視化",を中心とする90度セクターを対象に、液面への流れを抑制するために設置されている水平板(ディッププレート、D/P)から液面までをモデル化した。ガス巻き込みの発生は可視化によって確認した。設計形状の体系(D/Pを2段で構成)では、定格時に予測される流速条件で、D/Pからの液位が定格時の液位の3%から100%の範囲でガス巻き込みの発生は見られなかった。D/Pを1段とした場合との比較から、D/Pを2段にすること,https://jopss.jaea.go.jp/search/servlet/search?5000189,https://jopss.jaea.go.jp/pdfdata/JAEA-Research-2006-005.pdf
4017571,JNC TN1400 2005-022,H17: Development and management of the technical knowledge base for the geological disposal of HLW,None,核燃料サイクル開発機構,not registered,"地層処分研究開発第2次取りまとめの成果に加え,これらの研究開発成果を処分事業の実施と安全規制の策定に資する技術基盤としてより確かなものとすることができるよう,必要な科学技術情報を今後継続的に整えていく(知識基盤化)ための考え方を提示した。その基本的な考え方を示すうえで,セーフティケースの概念を基軸として取り入れていくことを提言し,関連するデータ,情報,知識をセーフティケース概念に基づいて構造化することにより,地層処分計画の進展に応じて継続的に管理するための方法論について論じた。","The H17 project represents a status overview at a transition point between the generic phase of the Japanese HLW programme, which ended with the H12 project, and the truly site-specific phase which will commence when volunteers come forward allowing NUMO's staged implementation approach to be initiated. As such, the three technical reports document progress made during this period following the format of past progress reports. However, the present report puts this work in context by outlining a new approach which will applied to plan, structure and prioritise future R&D. Fundamentally, there will be a paradigm shift in the supporting R&D programme associated with completion of the movement to an active HLW implementation process at specific volunteer sites. Active site characterisation programmes will be complemented by development of repository concepts tailored to these sites within a structured, stepwise process. This will be associated also with the structural integration of JNC with JAERI to form Japan Atomic Energy Agency (JAEA) - an organisation which will be charged with the management of the fundamental knowledge base to support all stakeholders with interests in the HLW programme (implementer, regulator, academic and professional bodies, politicians and the general public). To facilitate such changes, a concept associated with a move to a formal KMS has been developed and is documented in this report. The KMS can be structured to interface with a user's RMS. In the absence of such an RMS, the important example of structuring to support development (or review) of a safety case has been illustrated. By mapping the knowledge produced by the H12 / H17 projects against the requirements for the next expected safety case in Japan (to support PIA selection), the extent to which all needs are covered can be analysed.",English,100 Pages,2005/09,no keyword,,,ar_mapping,6,mapping,ng to support development (or review) of a safety case has been illustrated. By mapping the knowledge produced by the H12 / H17 projects against the requirements for the next expected safety case in Japan (t,https://jopss.jaea.go.jp/search/servlet/search?4017571,https://jopss.jaea.go.jp/pdfdata/JNC-TN1400-2005-022.pdf | https://rdreview.jaea.go.jp/review_jp/2006/pdf/j2006_2-2.pdf
31595,JAERI-Research 2005-016,高温融体中への水ジェットの貫入と直接接触沸騰に関する研究,Water jet intrusion into hot melt concomitant with direct-contact boiling of water,柴本 泰照,"Shibamoto, Yasuteru",高温の融体の表面に注がれる水の沸騰は、融体中に水が侵入することで伝熱面積が拡大することとあいまって、高効率の熱伝達を提供する。本研究は、融体中に水が強制注入される場合(冷却材注入モード)について、融体と水との間の力学的・熱的相互作用を支配する現象を解明し、将来の工業上の応用に資することを目的としている。同現象は冷却材注入モード以外の他の燃料-冷却材相互作用(FCI)の結果として生じることも指摘されており、FCI素過程の解明に資することも期待できる。本研究では、実験的なアプローチとして、高速度撮影中性子ラジオグラフィ並びに新たに開発したプローブを採用し、融体-水-蒸気混相流の可視化と計測を行った。このような手段によっても、実験的に得られる情報には依然として限界があるが、関連現象から得られる知見との比較を含め、実験データの詳細な分析を行った。その結果、本現象の特徴である高効率な熱伝達を安定に達成させる条件について、安定性を支配する因子を明らかにし、その成立条件を示すことに成功した。さらに、本現象のような流体自由表面の移動を伴う現象の解明に有用な、界面付近の速度場・圧力場を界面形状の時間変化から算出する方法を開発した。,no abstracts in English,Japanese,127 Pages,2005/08,Coolant Injection Mode ; Plunging Water Jet ; Visualization and Measurement ; Neutron Radiography ; Bifunctional Probe ; Unstable Boiling ; Thermal Interaction Zone ; Free Surface ; Pressure Distribution ; Boundary Element Method,JRR-3M(研究炉3),https://doi.org/10.11484/jaeri-research-2005-016,computer_vision,6,"visualization, 可視化",の解明に資することも期待できる。本研究では、実験的なアプローチとして、高速度撮影中性子ラジオグラフィ並びに新たに開発したプローブを採用し、融体-水-蒸気混相流の可視化と計測を行った。このような手段によっても、実験的に得られる情報には依然として限界があるが、関連現象から得られる知見との比較を含め、実験データの詳細な分析を行った。その結果、本現象の特徴である高効率な熱伝達を安定に達成させる条件について、安定,https://jopss.jaea.go.jp/search/servlet/search?31595,https://jopss.jaea.go.jp/pdfdata/JAERI-Research-2005-016.pdf
4021020,JNC TN7400 2005-027,超深地層研究所計画 年度報告書(2004年度),"Mizunami Underground Research Project, Annual report in the 2004 fiscal year",渡邊 正; 天野 健治; 池田 幸喜; 岩月 輝希; 三枝 博光; 佐藤 稔紀; 竹内 真司,"Watanabe, Tadashi; Amano, Kenji; Ikeda, Koki; Iwatsuki, Teruki; Saegusa, Hiromitsu; Sato, Toshinori; Takeuchi, Shinji","超深地層研究所計画では,代表的な結晶質岩である花崗岩を対象に,「深部地質環境の調査・解析・評価技術の基盤の整備」および「深地層における工学技術の基盤の整備」を全体目標とした調査・試験研究を実施している。本計画は,岐阜県瑞浪市明世町にある核燃料サイクル開発機構の正馬様用地おいて,1996年度より実施してきた。その後,2001年度より,瑞浪市明世町の市有地(瑞浪超深地層研究所用地,以下,研究所用地)での調査・試験研究を開始した。2004年度は,研究所用地において,掘削長1,300mの深層ボーリング孔の掘削調査を継続し,掘削終了後に物理探査,力学試験,水理試験および地下水長期モニタリング装置の設置を行った。また,浅層ボーリング孔では間隙水圧や地下水のモニタリングを継続した。これらの調査・研究によって取得した情報に基づき,研究坑道掘削前の深部地質環境の状態を把握するとともに,研究所用地およびその周辺地質環境のモデル化・解析を行った。研究坑道の掘削を伴う研究としては,研究坑道の壁面調査,逆VSP探査,立坑湧水量の計測および坑内水の分析を行った。さらに,深地層における工学技術の調査・研究も継続した。正馬様用地では,間隙水圧モニタリングならびに表層水理観測を継続した。また,調査技術・調査機器の開発も継続実施した。","The current geoscientific research of the Mizunami Underground Research Laboratory (MIU) Project have been carried out since the 1996 fiscal year at the Shobasama Site in Akeyo-cho, Mizunami City, Gifu Prefecture. The main goals of MIU Project are to establish appropriate methodologies for reliably investigation and assessing a deep subsurface, and to develop a range of engineering techniques for deep underground application in granite. The surface-based investigations at city-owned land (MIU Construction Site) have started since the 2001 fiscal year. In 2004 fiscal year, deep borehole (MIZ-1) investigations were continued in the MIU Construction Site. After completion of the borehole drilling, Geophysical survey, Rock mechanical test, Groundwater pumping test and Installation of long-term monitoring system were excused. In addition to there groundwater monitoring was carried out using shallow boreholes. Based on these investigations and research, a geological environmental model in/around the MIU Construction Site was constructed to understand the state of the geological environment before shaft sinking. Investigations of Construction Phase, Geological mapping, Reverse vertical seismic profiling, Inflow measurement of groundwater, Analysis of groundwater and Research of the engineering were commenced in/around the MIU Construction Site from 2004 fiscal year. In addition to a research on the engineering technology was continued. In Shobasama site, the hydraulic pressure monitoring and surface hydraulic observation were continued.",Japanese,161 Pages,2005/08,no keyword,,,ar_mapping,6,mapping,"ironment before shaft sinking. Investigations of Construction Phase, Geological mapping, Reverse vertical seismic profiling, Inflow measurement of groundwater, Analysis of groundwater and Research of the eng",https://jopss.jaea.go.jp/search/servlet/search?4021020,https://jopss.jaea.go.jp/pdfdata/JNC-TN7400-2005-027.pdf
4037707,JNC TN9400 2005-029,配管合流部の混合現象に関する研究; 上流側エルボによる温度変動挙動への影響,Study on Mixing Phenomena in T-pipe Junction; Effect of elbow on temperature fluctuation behavior,小川 博志; 木村 暢之; 林 謙二; 飛田 昭; 上出 英樹,"not registered; Kimura, Nobuyuki; Hayashi, Kenji; Tobita, Akira; Kamide, Hideki",温度の異なる流体が混合することによって発生する温度変動により、構造材に高サイクル熱疲労が発生する現象(サーマルストライピング現象)を評価することは、原子力のみならず一般プラントにおいても重要な課題である。核燃料サイクル開発機構では、本現象の解明とともに高速炉に適用できる機構論に立脚した評価ルールを構築するために実験及び解析コードの整備を実施している。T字管体系の配管合流部におけるサーマルストライピング現象に関しては、長周期温度変動水流動試験(WATLON:Water Experiment of Fluid Mixing in T-pipe with Long Cycle Fluctuation)を実施している。本研究では、上流側の外乱が合流部での流体混合現象と温度変動挙動に与える影響に着目し、一般プラントに多数存在するエルボを主管の上流側に配置し、エルボ腹側から枝管が主管に接続した体系について影響評価を行った。WATLONによる水流動試験として、蛍光染料による可視化試験、熱電対ツリーによる温度分布測定及び粒子画像流速測定法(PIV)による速度分布測定を実施した。可視化試験の結果から、エルボが有る体系においても、エルボが無いストレート体系と同様に合流部のフローパターンが次の3種類に分類でき、主管と枝管内の流れの運動量で整理したマップに表すことができた。(1)壁面噴流(枝管からの噴流が主管の流れに押され主管の内側に沿うように流れる) (2)偏向噴流(枝管からの噴流は主管の中央部を通って流下する) (3)衝突噴流(枝管からの噴流は対向する主管の内壁に衝突するように流れる)エルボに起因する偏流により、ストレート体系に比べ、枝管からの噴流が主管の内部により深く入る方向にシフトすることがわかった。熱電対ツリーによる温度分布測定試験の結果から、ストレート体系と比べると、壁面噴流条件では温度変動強度(RMS値)が大きくなり、衝突噴流条件では温度変動強度が大きくなる位置が上流側にシフトすることがわかった。PIVによる速度分布測定の結果から、ストレート体系には無いエルボによる2次流れとエルボの背側で流速が大きくなる主管軸方向流れの偏りが、合流部におけるフローパターン及び温度変動強度の分布に大きく影響していることがわかった。,"In the place where hot and cold fluids are mixed, a time and spatial temperature fluctuation occurs. When this temperature fluctuation amplitude is large, it may cause high cycle thermal fatigue in surrounding structures (thermal striping phenomena). Mixing area of high and low temperature fluids can be seen not only in atomic power plants but also in general ones. It is significant to investigate this phenomenon and to establish an evaluation rule. In this study, a water experiment on WATLON was performed in order to investigate the influence of upstream elbow in the main pipe for the mixing phenomena in a mixing tee. Elbow can be set near the mixing tee in a real plant. Outlet of the elbow has biased velocity distribution and also the secondary flow, which decays unsteadily. The flow visualization showed the flow pattern in the T-junction was characterized by the branch pipe jet form. The flow pattern was classified into three patterns as well as in the straight case; (1)wall jet, (2)deflecting jet, (3)impinging jet according to the inflow condition. The boundary lines between the flow patterns in the elbow case shifted toward larger momentum in the main pipe flow in each flow pattern as compared with the straight case. From the temperature measurement by thermocouple tree, the temperature fluctuation intensity in the elbow case was larger than in the straight case especially in the wall jet pattern. The high intensity region in the elbow case shifted toward upstream in the main pipe flow in impinging jet pattern. From the flow velocity measurement by high speed PIV, velocity fluctuation near the branch pipe side wall due to the flow separation at the elbow outlet influenced the temperature fluctuation intensity around the T-junction.",Japanese,105 Pages,2005/03,no keyword,,,computer_vision,6,"visualization, 可視化",トに多数存在するエルボを主管の上流側に配置し、エルボ腹側から枝管が主管に接続した体系について影響評価を行った。WATLONによる水流動試験として、蛍光染料による可視化試験、熱電対ツリーによる温度分布測定及び粒子画像流速測定法(PIV)による速度分布測定を実施した。可視化試験の結果から、エルボが有る体系においても、エルボが無いストレート体系と同様に合流部のフローパターンが次の3種類に分類でき、主管と枝管内,https://jopss.jaea.go.jp/search/servlet/search?4037707,https://jopss.jaea.go.jp/pdfdata/JNC-TN9400-2005-029.pdf
29261,JAERI-Data/Code 2004-013,AVS/ITBLの数値環境システムでの利用手引書,User guide of AVS/ITBL for numerical environmental system,鈴木 喜雄; 松本 伸子*; 山岸 信寛*; 荒川 拓也*; 倉石 英明*,"Suzuki, Yoshio; Matsumoto, Nobuko*; Yamagishi, Nobuhiro*; Arakawa, Takuya*; Kuraishi, Hideaki*","日本原子力研究所計算科学技術推進センターでは、e-Japan重点計画の一つであるITBL(Information-Technology Based Laboratory)計画を推進している。ITBL計画の目的は、大学や研究機関に分散された計算機・プログラム・データ等の知的資源を共有し、研究者間の共同研究を支援するための仮想研究環境の構築である。AVS/ITBLは、このITBL環境において効率的に可視化が行えることを目指して開発している可視化ツールである。本可視化ツールは、ITBL基盤ソフトウェア上のツールとして実装しており、AVS/Expressと連携して動作する。AVS/ITBLの主な機能として、ITBL環境において遠隔地にある計算データを直接的に可視化可能なAVSクライアントによる可視化機能,Webブラウザで可視化画像を表示可能なWebクライアントによる可視化機能,複数の利用者が協調して可視化を行うことが可能な可視化コラボレーション機能、及びシコマンドラインからの実行によりバッチ的に可視化を行うことが可能なバッチ可視化機能がある。本書では、ITBL計画におけるアプリケーションの一つである数値環境システムでのこれら機能の利用手引について記述しており、操作概要について詳細に記述を行っている。","The Center for Promotion of Computational Science and Engineering of the Japan Atomic Energy Research Institute has carried out the ITBL (Information-Technology Based Laboratory) project which is one of e-Japan priority policy programs. AVS/ITBL is the visualization tool which has been developed aiming at realizing the efficient visualization in the ITBL environment. This visualization tool is one of the tools of ITBL infrastructure software and operates in cooperation with AVS/Express. In this paper, utilization of AVS/ITBL to the numerical environmental system, which is one of the applications in ITBL project, is presented. And the outline of the operation in this utilization is indicated.",Japanese,163 Pages,2005/02,Visualization ; ITBL ; AVS ; Numerical Environmental System,,https://doi.org/10.11484/jaeri-data-code-2004-013,computer_vision,6,"visualization, 可視化",計算機・プログラム・データ等の知的資源を共有し、研究者間の共同研究を支援するための仮想研究環境の構築である。AVS/ITBLは、このITBL環境において効率的に可視化が行えることを目指して開発している可視化ツールである。本可視化ツールは、ITBL基盤ソフトウェア上のツールとして実装しており、AVS/Expressと連携して動作する。AVS/ITBLの主な機能として、ITBL環境において遠隔地にある計算デ,https://jopss.jaea.go.jp/search/servlet/search?29261,https://jopss.jaea.go.jp/pdfdata/JAERI-Data-Code-2004-013.pdf
4027867,JNC TN8400 2004-020,セメント浸出液及び地下水中における花崗閃緑岩及び砂岩を対象としたヨウ素の実効拡散係数及び分配係数の評価,An Estimation of the Effective Diffusion Coefficients and Distribution Coefficients of Iodine in Granodiorite and Sandstone Saturated by Synthetic Cement Pore Water and Synthetic Groundwater,本田 明; 三原 守弘; 加藤 大生*,"Honda, Akira; Mihara, Morihiro; Kato, Hiroshige*","TRU廃棄物の処分施設においては,多量のセメント系材料を使用することが考えられている。このため,処分施設及びその周辺の地球化学的条件は,セメント系材料の溶解によって,長期に渡りpH12以上の高アルカリ性に維持される可能性がある。したがって,TRU廃棄物処分の性能評価においては,セメント系材料の影響を考慮した放射性核種の移行パラメータ(実効拡散係数及び分配係数)を設定する必要がある。しかし,既往の研究において,セメント系材料を起源とした高アルカリ条件における岩石中の放射性核種の分配係数や拡散係数等について十分な評価がされているとは言いがたい。一方,TRU廃棄物には,高レベル放射性廃棄物にほとんど含まれないヨウ素-129を多く含む廃棄体グループがある。このヨウ素-129は半減期が10 年と非常に長く,かつ人工バリアや天然バリアへの収着がほとんど見込まれないことから,TRU廃棄物処分システムの性能評価において,最も重要な核種の一つである。本研究では,結晶質岩の一例として花崗閃緑岩,堆積岩の一例として砂岩を選定し,模擬セメント浸出液(CW)及び模擬地下水(GW)を使用したヨウ素の透過拡散(Through-diffusion)実験をAr雰囲気において実施し,以下の知見が得られた。CW条件におけるヨウ素の実効拡散係数は,実験結果の解析によって花崗閃緑岩,砂岩ともに時間の経過にともない低下していることが示唆された。本実験で得られたヨウ素のDeを中性条件における既往の報告値と比較すると,CW条件における花崗閃緑岩中のヨウ素のDeは2桁以上低いものであった。また,砂岩の場合には,既往の報告値と比較してGW条件のDeは同程度であったのに対し,CW条件のDeは1 2桁低いものであった。実験後の砂岩の試料をSEMで観察した結果,CW条件の実験に供した試料では,表面全体が繊維状の二次鉱物によって覆われていた。このことから,CW条件におけるヨウ素のDeの低下は,二次鉱物の沈殿が大きく影響していることが推測された。一方,分配係数についはGW条件における砂岩の実験で1.7x10 3.0x10 m /kgが得られた。しかし,それ以外の実験ケースでは分配係数を得ることができなかった。","Cementitious materials will be used expensively in the TRU waste repository. The cementitious materials will keep the high pH condition (pH 12) in the pore water of repository and the surrounding environment for long period. Thus it is necessary to obtain the data measured under the high pH conditions for the performance assessment of the TRU waste repository. However the uumber of the available data are limited. On the other hand, iodine-129 is an important nuclide because of its long half-time and poorly-sorbing nature. Therefore the effective diffusion coefficients De and distribution coefficients Kd of iodine in both crystalline rock and sedimentary rock were estimated in this study. Granodiorite and sandstone were selected as an example of crystalline rock and that of sedimentary rock respectively. Through diffusion experiment were carried out in an argon atmosphere.The diffusivity of iodine in both type rocks saturated by synthetic cement pore water was reduced with increasing experimental period. The analysis of experimental results suggested that this phenomenon was caused by decrease of De values. For granodiorite, the De values obtained in this study using synthetic cement pore water were 2 orders of magnitude smaller than literature values which obtained at neutral pH. For sandstone, the De values using synthetic cement pore water were 1 - 2 orders smaller than literature values, however those using synthetic groundwater were consistent with literature values. SEM observation of sandstone after the diffusion experiment showed that the secondary mineral coated the surface of sandstone. These observation results suggested that decrease of De value in case of synthetic cement pore water was ascribed to the precipitation of secondary mineral.In this study, Kd values of iodine on sandstone were 1.7x10 - 3.0x10 m /kg in synthetic groundwater. However Kd values of other cases could not be estimated.",Japanese,69 Pages,2004/11,no keyword,,,ar_mapping,6,ar,"崗閃緑岩,堆積岩の一例として砂岩を選定し,模擬セメント浸出液(CW)及び模擬地下水(GW)を使用したヨウ素の透過拡散(Through-diffusion)実験をAr雰囲気において実施し,以下の知見が得られた。CW条件におけるヨウ素の実効拡散係数は,実験結果の解析によって花崗閃緑岩,砂岩ともに時間の経過にともない低下していることが示唆された。本実験で得られたヨウ素のDeを中性条件における既往の報告値と比",https://jopss.jaea.go.jp/search/servlet/search?4027867,https://jopss.jaea.go.jp/pdfdata/JNC-TN8400-2004-020.pdf
4037605,JNC TY9400 2004-027,上流にベンドを有する配管合流領域における非等温流体混合メカニズムの解明とサーマルストライピング緩和・制御法の開発(平成15年度),Elucidation of Thermal Hydraulic Mixing Mechanism in a Mixing Tee Area with a 90-degree Bend Upstream and Development of Thermal-striping Relaxation and Control Methods,菅原 良昌*; 結城 和久*; 橋爪 秀利*; 田中 正暁; 村松 壽晴,"Sugawara, Yoshimasa*; Yuki, Kazuhisa*; Hashizume, Hidetoshi*; Tanaka, Masaaki; Muramatsu, Toshiharu",上流に90度ベンドを有するT字配管合流域での非等温流体混合実験を行い、主配管壁面近傍における流体温度変動を計測した。速度比および口径比を変化させることで様々な流動条件における温度変動を測定し、温度変動に対する2次流れの影響を定量的に評価した。粒子画像計測法(PIV)により計測された流れ場と温度場計測データの両面から解析を行い、温度変動予測式の構築を試みた。これらより、主流と枝流の混合形態を分類することにより、主流と枝流の流速比(v/V)および口径比(d/D)を用いて、温度変動強度 Trms*の最大値Max( Trms*)を予測する温度変動予測式を構築した。T字配管合流下流域おける温度変動の減衰について評価を行い、上流に90度ベンドが存在しない場合に比べて、上流に90度ベンドを持つ場合の方が温度変動の減衰は速くなることが分かった。,"In this study, non-isothermal fluid mixing experiments in a T-junction area with a 90-degree bend upstream were carried out to estimate the fluid-temperature fluctuation in the vicinity of wall. The temperature fluctuations for various flow mixing conditions were measured, changing a velocity ratio and a pipe diameter ratio of a main pipe to a branch pipe to quantitatively evaluate the effect of a secondary flow on the temperature fluctuation. In addition, by analyzing both the visualization data taken by a PIV system and the temperature fluctuation data, it was attempted to construct a prediction formula for the temperature fluctuation.",Japanese,65 Pages,2004/10,no keyword,,,computer_vision,6,"visualization, 画像計測",おける流体温度変動を計測した。速度比および口径比を変化させることで様々な流動条件における温度変動を測定し、温度変動に対する2次流れの影響を定量的に評価した。粒子画像計測法(PIV)により計測された流れ場と温度場計測データの両面から解析を行い、温度変動予測式の構築を試みた。これらより、主流と枝流の混合形態を分類することにより、主流と枝流の流速比(v/V)および口径比(d/D)を用いて、温度変動強度 Trms,https://jopss.jaea.go.jp/search/servlet/search?4037605,https://jopss.jaea.go.jp/pdfdata/JNC-TY9400-2004-027.pdf
4037582,JNC TN9400 2004-046,大口径・高流速配管の流力振動特性試験(2) エルボ部の流況と圧力変動特性,Flow-induced Vibration Tests of Large Diameter and High Velocity Piping (2) Flow Pattern and Pressure Fluctuation Behaviors of Elbow,藤井 正; 近澤 佳隆; 此村 守,"Fujii, Tadashi; Chikazawa, Yoshitaka; Konomura, Mamoru",実用化戦略調査研究で概念設計を進めているナトリウム冷却大型炉では、建設コスト削減の観点から、冷却系ループ数を2ループに削減している。これに伴い、薄肉構造の1次冷却系配管は大口径化(ホットレグ配管:外径1.27m)するとともに、管内の平均流速は9m/s台に高速化される。そこで、1次系配管設計の成立性を確認するため、実機ホットレグ配管を1/3縮尺で模擬した水流動試験装置を製作し、配管エルボ部での流動特性やエルボの乱れに起因する振動特性を把握する試験を開始した。今回、アクリル製試験体を用いた可視化試験を実施し、以下の結果を得た。(1)全体流況や管内の速度分布には、レイノルズ数依存性が見られない。また、エルボ部の最大流速は、平均流速の約1.5倍となった。(2)従来の試験範囲を超える高レイノルズ数条件(3.3 106まで)でのエルボ部の全圧力損失係数は1.3程度となり、エルボでの剥離を伴う管内流れから与えられる乱れのエネルギは小さい。(3)圧力変動特性に関しては、剥離域での圧力変動が支配的となる。また、剥離域の境界における圧力変動パワースペクトルには、ストローハル数0.45での卓越ピークが現れる。(4)実機のランダム振動応答評価に適用する圧力変動パワースペクトル密度、相関長については、剥離による乱れの度合いに応じて領域区分を設定した。,"A conceptual design study of the sodium-cooled fast reactor (JSFR) is in progress in the Feasibility Study on Commercialized Fast Reactor Cycle Systems (F/S). The cooling system of the reactor is composed of two loops in order to reduce construction cost. According to reduction of loop number, large diameter pipings are adopted in the primary cooling system (for example, outer diameter of a hot leg piping is 1.27m). And the mean velocity in the piping increases to 9 m/s level. Then, flow visualization and flow-induced vibration tests using 1/3 scale water test facility, which simulates a hot leg piping, have been started in order to confirm the realization of the piping design for primary cooling system. As a first step of the test series, flow visualization test was conducted using acryl model piping, following results are obtained. (1)Flow pattern and velocity distributions in the model piping are independent of Reynolds number. The maximum velocity in the elbow is about 1.5 times of the mean velocity. (2)Total pressure loss coefficients of the elbow under high Reynolds number conditions (up to 3.3 106), which are exceeded from past test condition, are about 1.3. According to this, the turbulence energy given from flow separation of the elbow is small. (3)As for pressure fluctuation behaviors, pressure fluctuations of the region of flow separation are dominance in the model piping. An eminent peak in the power spectrum densities of pressure fluctuations at the border of region of flow separation is revealed at 0.45 of Strouhal number. (4)According to extent of the turbulence caused by flow separation of the elbow, the power spectrum densities of pressure fluctuations and the correlation lengths, which are applied in random vibration response evaluation for actual plant pipings, are classified into some sections.",Japanese,175 Pages,2004/08,no keyword,,,computer_vision,6,"visualization, 可視化",管を1/3縮尺で模擬した水流動試験装置を製作し、配管エルボ部での流動特性やエルボの乱れに起因する振動特性を把握する試験を開始した。今回、アクリル製試験体を用いた可視化試験を実施し、以下の結果を得た。(1)全体流況や管内の速度分布には、レイノルズ数依存性が見られない。また、エルボ部の最大流速は、平均流速の約1.5倍となった。(2)従来の試験範囲を超える高レイノルズ数条件(3.3 106まで)でのエルボ部の,https://jopss.jaea.go.jp/search/servlet/search?4037582,https://jopss.jaea.go.jp/pdfdata/JNC-TN9400-2004-046.pdf
4037555,JNC TY9400 2004-010,乱流プロモータによる管継ぎ手部流体混合促進効果に関する基礎研究(平成15年度),Study on Effects of Turbulence Promoter on Fluid Mixing in T-junction Piping System,長尾 昭宏*; 檜原 秀樹*; 越智 順治*; 村松 壽晴,"Nagao, Akihiro*; Hibara, Hideki*; Ochi, Junji*; Muramatsu, Toshiharu","T字形合流管の管継手部に乱流プロモータを設置して,流れの可視化およびLDVによる流速測定を行い,合流部の流れの流体混合の特性に及ぼす乱流プロモータの効果について調べた結果,以下のような知見を得た.1)乱流プロモータを設置すると,プロモータを設置しない場合に比べて,アーチ渦はより上流側で形成され,高速で下流方向へ移送される.この傾向はプロモータの高さが高いほどより顕著となる.2)乱流プロモータを設置すると,断面内に強い二次流れが誘起されるため,運動量の拡散はより進む.この傾向はプロモータの高さが高いほどより顕著となる.③乱流プロモータの設置により,合流部に流れは+x側に大きく偏り,この偏りはかなり下流まで残る.この傾向はプロモータの高さが高く,かつ枝管の流速が速いほどより顕著となる.④速度変動は合流部直後の渦が生成される付近で見られ始め,渦の中心付近で大きな値をとる.また,主管内への枝管の流入の際に,主管の枝管側で速度変動は大きくなるが,乱流プロモータを設置すると,この速度変動は抑えられる.⑤速度変動は下流に流下するにつれて渦の成長とともに増大し,z/D =2付近で最大値を示した後,さらに下流では渦の崩壊とともに小さくなる.また,速度変動は,乱流プロモータを設置しない場合には,下流方向に減衰するが,乱流プロモータを設置した場合には、かなり下流まで残る.","Flows in T-junction piping system with turbulence promoter have been investigated experimentally using flow visualization techniques (the dye injection method) and velocity measurement by LDV. Effects of turbulent promoter on characteristics of fluid mixing and thermal-striping phenomena are examined. From the experiment, following results are obtained.(1) Arch vortex is formed further than the case without promoter in the upstream station and is rapidly transported to the downstream direction.(2) Secondary flow induced in the cross section become stronger and the diffusion of axial momentum is promoted, as the height of turbulence promoter is higher. (3) Main flow deflects towards to the opposite side of branch pipe at the T-junction, as the height of turbulence promoter is higher, and as velocity ratio becomes smaller, and the flow continues to deflect to a considerably downstream station.(4) Velocity fluctuation is observed in the position where the vortex is formed, and it becomes a maximum at z/Dm=2. In the further downstream, velocity fluctuation decreases with the vortex Flows in T-junction piping system with turbulence promoter have been investigated experimentally using flow visualization techniques (the dye injection method) and velocity measurement by LDV. Effects of turbulent promoter on characteristics of fluid mixing and thermal-striping phenomena are examined. From the experiment, following results are obtained.",Japanese,83 Pages,2004/07,no keyword,,,computer_vision,6,"visualization, 可視化","T字形合流管の管継手部に乱流プロモータを設置して,流れの可視化およびLDVによる流速測定を行い,合流部の流れの流体混合の特性に及ぼす乱流プロモータの効果について調べた結果,以下のような知見を得た.1)乱流プロモータを設置すると,プロモータを設置しない場合に比べて,アーチ渦はより上流側で形成され,高速で",https://jopss.jaea.go.jp/search/servlet/search?4037555,https://jopss.jaea.go.jp/pdfdata/JNC-TY9400-2004-010.pdf
4027641,JNC TN8400 2004-013,プルトニウム-ウラン混合原料粉末の実効熱伝導率,Effective Thermal Conductivity of Plutonium and Uranium Mixed Raw Powder,加藤 正人; 砂押 剛雄*; 青野 茂典,"Kato, Masato; Sunaoshi, Takeo*; Aono, Shigenori","マイクロ波脱硝によって得られた1:1 MOX原料粉末について、プルトニウムの自己発熱を利用して雰囲気ガスと原料粉末の熱伝導率をあわせた実効熱伝導率を評価した。実効熱伝導率は、雰囲気ガスの種類と粉末特性をパラメークとして測定し、Ar中、大気中、He中で、それぞれ、0.00060 0.0011、0.00077 0.0013、0.0014 0.0024w/cmでと低い熱伝導率が得られた。また、実効熱伝導率は、O/Mの低下により大きく低下することがわかった。得られた結果は、Hamiltonの式により解析し、O/M, かさ密度, 比表面積, 平均粒径, 雰囲気ガスの熱伝導率及び温度をパラメータとした評価式を得た。作成した実効熱伝導率の解析式は、実験結果を 20%のバラツキで表すことができる。","The effective thermal conductivity of plutonium and uranium mixed raw powder (1:1 MOX) together with thermal conductivity of gas in atmosphere was measured using self heat genelation of plutonium. The effective thermal conductivity was evaluated the influence of thermal conductivity of gas and powder properties. The experimental results in Ar, air and He atmosphere are very small value which are 0.00060 0.0011, 0.00077 0.0013 and 0.0014 0.0024 w/cm C, respectively. The data in this work were analyzed by Hamilton's equation, which made the equation reproducing the effective thermal conductivity for MOX powder as a function of O/M, specific surface area, average particle size and temperature. The equation reproduce the experimental data in range of 205 error.",Japanese,47 Pages,2004/07,no keyword,,,ar_mapping,6,ar,トニウムの自己発熱を利用して雰囲気ガスと原料粉末の熱伝導率をあわせた実効熱伝導率を評価した。実効熱伝導率は、雰囲気ガスの種類と粉末特性をパラメークとして測定し、Ar中、大気中、He中で、それぞれ、0.00060 0.0011、0.00077 0.0013、0.0014 0.0024w/cmでと低い熱伝導率が得られた。また、実効熱伝導率は、O/Mの低下により大きく低下することがわかった。得られた結果は、,https://jopss.jaea.go.jp/search/servlet/search?4027641,https://jopss.jaea.go.jp/pdfdata/JNC-TN8400-2004-013.pdf
26000,JAERI-Research 2003-032,高空間分解能中性子ズーミング管検出器の特性,Neutron zooming detector using electronic zooming TV readout system,曽山 和彦; 松林 政仁; 正岡 聖; 中村 龍也; 松村 達也*; 木下 勝之*,"Soyama, Kazuhiko; Matsubayashi, Masahito; Masaoka, Sei; Nakamura, Tatsuya; Matsumura, Tatsuya*; Kinoshita, Katsuyuki*","中性子ズーミング管検出器を試作し、空間分解能に関する評価実験を行った。当該検出器は、X線透過型光電面検出器を応用したもので、光電面,電磁収束拡大電子レンズ,CCD撮像素子から構成され、光電面は、中性子による像を得るため、Gd薄膜をCsI薄膜と組合せて使用している。システム空間分解能に関する実験の結果、25 mの空間分解能が得られた。この空間分解能は、観察試料と光電面(Gd薄膜-CsI薄膜)の距離に依存し、この距離を短くすることでさらなる高空間分解能化が図られることがわかった。","The neutron zooming tube has been developed using electronic zooming TV readout system for an X-ray microscope. This system consists of the photocathode, the electro-magnetic coil assembly and the CCD TV camera etc.. The photocathode consists of transmission type CsI layer in combination with neutron converters such as Gd foil. The system position sensitive resolution of 20 m has been obtained using neutron converter. We have found that it is determined from the distance between the CsI layer and the neutron converter, then the limiting resolution could be improved.",Japanese,22 Pages,2004/03,Neutron ; Zooming Tube ; X-ray Microscope ; Imaging ; Detector,JRR-3M(研究炉3),https://doi.org/10.11484/jaeri-research-2003-032,computer_vision,6,"camera, imaging","consists of the photocathode, the electro-magnetic coil assembly and the CCD TV camera etc.. The photocathode consists of transmission type CsI layer in combination with neutron converters such as Gd foil.",https://jopss.jaea.go.jp/search/servlet/search?26000,https://jopss.jaea.go.jp/pdfdata/JAERI-Research-2003-032.pdf
4037595,JNC TY9400 2004-022,静止ナトリウム液滴燃焼実験(II),An Experimental Study on Suspended Sodium Droplet Combustion (II),佐藤 研二*,"Sato, Kenji*","ナトリウム液滴燃焼挙動の現象論的解明に向けた研究の一環として,これまでにナトリウム静止液滴を対象に常温空気流中での着火燃焼実験を実施し,高速度カメラを用いた着火挙動の観察,着火遅れ時間,液滴温度の時間変化の測定を行ってきた。本研究では,直径4mmの静止液滴を用い,液滴初期温度が300 と400 において,周囲の乾燥空気流速を200 cm/sまでの拡張してナトリウム液滴の着火燃焼実験を実施し,空気流速,液滴初期温度が着火挙動と着火遅れ時間に与える影響を調べた。主な結果は以下のとおりである。(1)実験を行った範囲では,300 で200 cm/sの条件において液滴の上端(下流端)部分が空気流に暴露後縦方向に伸びてしまう現象がみられたが,その他の実験条件では液滴がほぼ球形を保った状態で着火現象が生じた。(2)着火遅れ時間(着火時刻を液滴表面に接する気相部での橙色の発光の出現で定義)は流速の増加とともに減少する。ただし,着火遅れ時間の流速による変化の割合は,流速とともに小さくなる傾向がみられる。代表的な着火遅れ時間として,初期液滴温度400 のときに,50cm/sで0.68 s, 100 cm/s で0.52 s, 200 cm/sで0.37sの値が得られた。(3)橙色の発光の出現(着火)はいずれの流速でも液滴上端付近を除いてほぼ同時に生じる。着火時の発光は上流側ほど強く,また流速が大きいほど着火後の発光強さが大きい。(4)液滴初期温度300 を中心に着火に至る過程で液滴の上流側表面に一時的に現れる多数の柱状(針状)は高流速になってもみられる。突起は低流速ではおおむね着火までに消失するが高流速では一部消滅しないままに着火に至ることもある。(5)着火時刻までの間に液滴を包む煙層(微粒子の層)が形成されるがその厚さは流速の増加ともに減少する。また,高流速では,煙層の液滴下流側でのはく離現象が観察される。より大きな空気流速で最小着火遅れ時間が現れる可能性も考えられるが,その存在についてはさらに高流速域での実験を行って確認する必要があり今後の課題と考えられる。","As part of studies for phenomenological investigation of sodium droplet burning behavior, in our previous experimental studies for suspended single sodium droplet, behavior of ignition process and succeeding combustion, ignition delay time, and droplet temperature history had been investigated. In the present study, by using 4 mm diam. suspended sodium droplet, combustion experiments were performed for extended free-stream velocity range of dry air up to 200 cm/s, and for the initial droplet temperatures Ti = 300 deg C and 400 deg C, and the effects of the free-stream velocity and initial droplet temperature on the ignition/burning behavior and ignition delay time were examined by using high speed video camera. The obtained experimental results are as follows: (1)Ignition phenomena of suspended spherical shape droplet were observed for all examined experimental conditions except the case of free-stream velocity U = 200 cm/s at 300 deg C, where detachment of droplet from the support due to strained oxide film occurred. (2)The ignition delay time defined as the time to evolution of orange-light emitting zone or flame zone decreases with the increase of the free-stream velocity or of initial droplet temperature. Examples of typical ignition delay time are 0.68 s at U = 20 cm/s, 0.52 s at U = 100 cm/s, and 0.37 s at 200 cm/s for Ti = 400 deg C. (3)The orange-light emission at the moment of ignition occurs simultaneously over whole surface except the top region of the droplet, The intensity of the emission at the moment of ignition takes its maximum at the bottom region or upstream region of the droplet, and the emission intensity during the stable burning period increases with the increase of U. (4)When Ti is 300 deg C, formation of temporal multiple short projections are observed before ignition for all examined free-stream velocities. The projections often do not disappear before ignition when the velocity is relatively high. (5)The layer or cloud composed of aerosol",Japanese,45 Pages,2004/03,no keyword,,,computer_vision,6,"camera, カメラ","ナトリウム液滴燃焼挙動の現象論的解明に向けた研究の一環として,これまでにナトリウム静止液滴を対象に常温空気流中での着火燃焼実験を実施し,高速度カメラを用いた着火挙動の観察,着火遅れ時間,液滴温度の時間変化の測定を行ってきた。本研究では,直径4mmの静止液滴を用い,液滴初期温度が300 と400 において,周囲の乾燥空気流速を200 cm/sまでの拡張してナトリウム液滴の着火燃焼実験を実",https://jopss.jaea.go.jp/search/servlet/search?4037595,https://jopss.jaea.go.jp/pdfdata/JNC-TY9400-2004-022.pdf
26746,JAERI-Conf 2004-003,"第4回創造的研究のための大規模データマネージメントシンポジウム論文集; 2002年9月2日-4日,光量子科学研究センター,京都","Proceedings of the 4th Symposium of Large Data Management for Creative Research; September 2-4, 2002, Advanced Photon Research Center, Kyoto, Japan",上島 豊,"Ueshima, Yutaka",本報告書は、2002年9月2日から4日の3日間、京都の関西研究所光量子科学研究センターで開催された第4回創造的研究のための大規模データマネージメントシンポジウムの論文10本をまとめたものである。本シンポジウムは、民間及び公的研究機関の研究者及びその関係者が大規模データ処理や可視化を伴う実験や研究及びその基盤を支えるネットワークなどの大規模データマネージメントに関する最新の研究、技術について報告し、情報交流を行うことを目的としている。本シンポジウムの構成は、講演及びパネルディスカッション、実験室・スーパーコンピュータ施設見学、併設科学館であるきっづ光科学館ふぉとん見学とした。民間から7件、大学・研究機関から10件の合計17件の講演があり、参加者は、所外からの参加者95名を含む合計117名の参加があった。本シンポジウムは、計算科学及び光量子シミュレーション及び実験研究において重要である大規模データマネージメント技術の現状及び展望を示し、今後の研究指針を立てるうえで貴重な場となった。,no abstracts in English,Japanese,62 Pages,2004/03,Large Data Managiment ; Visualization ; Data Transfer ; Storage Syetem ; DataBase ; Network ; Information Technology ; Parallel Computing ; Data Mining ; Data Analysis,,https://doi.org/10.11484/jaeri-conf-2004-003,computer_vision,6,"visualization, 可視化",のための大規模データマネージメントシンポジウムの論文10本をまとめたものである。本シンポジウムは、民間及び公的研究機関の研究者及びその関係者が大規模データ処理や可視化を伴う実験や研究及びその基盤を支えるネットワークなどの大規模データマネージメントに関する最新の研究、技術について報告し、情報交流を行うことを目的としている。本シンポジウムの構成は、講演及びパネルディスカッション、実験室・スーパーコンピュータ,https://jopss.jaea.go.jp/search/servlet/search?26746,https://jopss.jaea.go.jp/pdfdata/JAERI-Conf-2004-003.pdf
25889,JAERI-Tech 2004-007,生物照射用マイクロビーム装置の利用手引書,Operation manual of Microbeam System in Takasaki for Biological Application (MiST-BA),坂下 哲哉; 横田 裕一郎; 和田 成一; 舟山 知夫; 小林 泰彦,"Sakashita, Tetsuya; Yokota, Yuichiro; Wada, Seiichi; Funayama, Tomoo; Kobayashi, Yasuhiko","マイクロビームシステムは、マイクロラジオサージャリ研究やバイスタンダー効果のような細胞間コミュニケーションの直接的な検証のための強力なツールである。生物照射を目的とした原研高崎のマイクロビームシステム(MiST-BA)は、数年前より開発が進められ、いくつかの事例で成果を挙げている。その中には、カイコ卵の発生運命予定図やバイスタンダー効果(細胞増殖の抑制,小核の誘導,その他)がある。このレポート(利用手引書)の目的は、現及び新規ユーザーのためにMiST-BAでの単純で簡単な生物照射の方法を提供することである。MiST-BAは、3つの部分から成る。(1)細胞の位置決め及びイメージ取り込みのためのオフライン顕微鏡コントロールシステム,(2)細胞への照準とマイクロビーム照射のためのオンライン顕微鏡システム、そして(3)正確な個数の重イオンを細胞照射するためのシャッター・コントロールシステム。このレポートでは、MiST-BAの概要,各々の部分の操作プロトコル,CHO-K1細胞,カイコ卵、及びタバコプロトプラスト細胞を使ったマイクロビーム照射実験の例、及びトラブル対処について述べる。","Microbeam System is a powerful tool for micro-radiosurgery studies and direct investigation of cell-to-cell communications such as ""bystander effects"". Microbeam system in Takasaki for biological application (MiST-BA) has been developed for several years and applied to some cases. There were fate mapping of the cellular blastoderm stage egg of the silkworm and bystander effects such as inhibition of cell proliferation, induction of micronuclei, and so on. The aim of this report (operation manual) is to provide a simple and easy usage of MiST-BA for current and new users. MiST-BA consists of three parts; (1) Offline microscope control system for cell-finding, (2) Online microscope control system for cell-targeting and irradiating, and (3) Beam shutter control system for cell irradiation with a precise number of heavy ions. The report presents the outline of MiST-BA, the operation protocol of each part, examples of a microbeam irradiation experiment using CHO-K1 cells, silkworm eggs, and Tobacco protoplast cells, and Trouble shooting.",Japanese,91 Pages,2004/03,Heavy-ion ; Radio-surgery ; Bystander Effects ; User Manual ; TIARA,TIARA(イオン照射研究施設),https://doi.org/10.11484/jaeri-tech-2004-007,ar_mapping,6,mapping,"has been developed for several years and applied to some cases. There were fate mapping of the cellular blastoderm stage egg of the silkworm and bystander effects such as inhibition of cell proliferation, in",https://jopss.jaea.go.jp/search/servlet/search?25889,https://jopss.jaea.go.jp/pdfdata/JAERI-Tech-2004-007.pdf
4018363,JNC TJ2410 2004-005,活性炭の吸脱着特性に関する試験研究(3),Research on adsorption and desorption properties of activated charcoals (3),丸山 忠司*; 長友 仁郎*,"Maruyama, Tadashi*; Nagatomo, Jinro*",本年度は、希ガスの濃縮方法、希ガス分離方法の検討を行い、結果として活性炭吸着塔を用いて希ガスを濃縮する際の手順としては、活性炭吸着塔を2塔用意し、濃縮に重点を置く塔とArなど試料ガスの主成分の分離に重点を置く塔とに役割を分担させ、2段階で実施することが効果的であるとの結論を得た。,"From these investigation, it was recommended that when we make enrichment of noble gases by using adsorption bed of activated charcoals, it is desirable to provide two adsorption beds; one for enrichiment and other for separation of noble gases from Ar base gas.",Japanese,157 Pages,2004/03,no keyword,,,ar_mapping,6,ar,Research on adsorption and desorption properties of activated charcoals (3),https://jopss.jaea.go.jp/search/servlet/search?4018363,https://jopss.jaea.go.jp/pdfdata/JNC-TJ2410-2004-005.pdf
26722,JAERI-Data/Code 2004-005,放射線誘発DNA損傷生成過程のシミュレーション計算結果の可視化,Visualization of the simulation results of induction process of DNA damage by radiation,増子 献児*; 渡邊 立子; 久米 悦雄,"Masuko, Kenji*; Watanabe, Ritsuko; Kume, Etsuo","低線量・低線量率被ばくの影響の程度を定量することは、放射線のリスクを評価するうえで重要である。放射線リスク評価を放射線影響のメカニズムに基づいて行うために、放射線照射から生物に影響が生じるまでの一連の過程を解明することを目的とした研究が行われてきている。この中で、放射線の微視的飛跡構造のモンテカルロ法によるコンピュータシミュレーションに基づくDNA損傷生成過程の研究が行われてきた。このようなシミュレーション結果を可視化(画像化)することにより、DNA損傷生成過程を経時的に空間的に確認することができるうえ、直接観測が困難なミクロなスケールの現象の具体的なイメージを与えることが可能になるため、マクロに観測している現象の理解を深めることもできる。本報告書は、放射線の生物影響の評価に不可欠な、放射線の飛跡構造(エネルギー付与構造),ラジカル反応・拡散の様子,DNA構造モデルなど、モンテカルロシミュレーション結果の可視化画像をまとめたデータ集である。",no abstracts in English,Japanese,72 Pages,2004/03,DNA ; Visualization ; AVS/Express ; Simulation ; Radiation,,https://doi.org/10.11484/jaeri-data-code-2004-005,computer_vision,6,"visualization, 可視化",放射線誘発DNA損傷生成過程のシミュレーション計算結果の可視化,https://jopss.jaea.go.jp/search/servlet/search?26722,https://jopss.jaea.go.jp/pdfdata/JAERI-Data-Code-2004-005.pdf
4037523,JNC TN9410 2004-007,デコミッショニング評価システムの開発(9) PCへの移植と実作業評価,Development of decommissioning management system (9) -Remodeling to PC system and System verification by evaluation of real work-,近藤 等士; 福田 誠司; 大久保 利行,"Kondo, Hitoshi; Fukuda, Seiji; Okubo, Toshiyuki",核燃料サイクル施設や小規模な研究炉等のデコミッショニングの計画策定においては、作業手順、解体に係る技術・工程の選定を適切に行い、被ばく線量、コスト、発生廃棄物量、作業人工数、工期等の解体に関する指標の最適化を図る必要がある。環境保全課では、施設データや解体手法からこれらの解体指標を自動的に算出し、解体計画の策定を支援するデコミッショニング評価システム(以下、「DECMAN」という)の開発を進めている。本報告書は、ワークステーション上のUNIXベースで開発されてきたDECMANをパソコン(以下、「PC」という)上のWindowsベースに移植した際に行った改造及び実作業(旧JWTFの薬液溶解槽、DCAグローブボックス及びWDF減容焼却炉の解体撤去)に関して評価を行った結果についてまとめたもので、その概要は以下のとおりである。 (1)移植で新たに追加された機能は、 1)機器配置図の作成、 2)空間線量を使用した被ばく評価、 3)EXCELによるデータの入出力、である。 1)により、施設データの入力ミスや機器の干渉状態が確認できるようになった。 2)により、従来実績値の数十倍の誤差があった被ばく量が、4倍程度(計算値 13.77man・mSvに対し、実績値 3.81man・mSv)に収まるようになった。 3)の改造により、データの修正が容易になり、作業効率が上がった。 (2)実作業評価(人工数)では、旧JWTF薬液溶解槽撤去で実績 249.40人・時に対し、計算 222.67人・時、DCAグローブボックス撤去で 1124.69人・時に対し、 901.71人・時、WDF減容焼却炉撤去で 1970.80人・時に対し、 1411.10人・時と全ての作業で実績値よりも低い値を示した。 (3)付随作業については、計算値に一定の係数を乗じることで予測できることが確認された。 (4)DECMANの計算値を用いて、作業全体量を予想する新たな考え方を構築した。,"When the plan of decommissioning such as nuclear fuel cycle facilities and small-scale research reactors is examined, It is necessary to select the technology and the process of the work procedure, and to optimize the index (such as the radiation dose, the cost, amount of the waste, the number of workers, and the term of works, etc.) concerning dismantling the facility. In our waste management section, Development of the decommissioning management system, which is called ""DECMAN"", for the support of making the decommissioning plan ls advanced. DECMAN automatically calculates the index by using the facility data and dismantling method. This paper describes the remodeling of program to the personal computer and the system verification by evaluation of real work (Dismantling of the liquor dissolver in the old Joyo Waste Treatment Facility (the old JWTF), the glove boxes in Deuterium Critical Assembly (DCA), and the incinerator in Waste Dismantling Facility (WDF)). The outline of remodeling and verification is as follows. (1)Additional function. 1)Equipment arrangement mapping, 2)Evaluation of the radiation dose by using the air dose rate, 3)I/O of data that uses EXCEL (software) (2)Comparison of work amount between calculation value and results value: The calculation value is 222.67 man-hour against the result value 249.40 man- hour in the old JWTF evaluation. (3)Forecast of accompanying work is predictable to multiply a certain coeffient by the calculation value. (4)A new idea that expected the amount of the work was constructed by using the calculation value of DECMAN.",Japanese,48 Pages,2004/03,no keyword,,,ar_mapping,6,mapping,"and verification is as follows. (1)Additional function. 1)Equipment arrangement mapping, 2)Evaluation of the radiation dose by using the air dose rate, 3)I/O of data that uses EXCEL (software) (2)Comparison",https://jopss.jaea.go.jp/search/servlet/search?4037523,https://jopss.jaea.go.jp/pdfdata/JNC-TN9410-2004-007.pdf
4037577,JNC TY9400 2004-018,ガス巻込み現象詳細実験: 気泡巻き込み機構に関する研究 平成15年度,Experiment on Gas Entrainment at Free Surface; Study on Bubble Entrainment Mechanism,文字 秀明*; 上出 英樹,"Monji, Hideaki*; Kamide, Hideki",原子炉のコンパクト化に伴い炉容器内では冷却材流速が増大し、自由界面からのガス巻き込みの発生が危惧され、ガス巻き込みの発生の有無の判定は、設計の観点から重要な評価項目となっている。したがって、ガス巻き込みを引き起こす重要なメカニズムの1つと考えられる自由表面渦の非定常特性について調べることは重要である。自由表面渦によるガス巻き込みは以下の一連の現象より構成されると考えられる; (i)自由表面でのくぼみ渦の形成、(ii)下降流によるガスコアの発達、および(iii)ガスコア先端の気泡の分離によるガス巻き込みの発生。 この研究では、気泡の分離によるガス巻き込みの段階に焦点を当て、流動条件の変動によるガスコアの非定常な振舞いを実験的に調べた。定常流によるガス巻き込み実験で用いられた体系と類似のシンプルな体系を用いて実験を行った。試験部を円筒容器とし、円筒容器内に容器壁の接線方向に水を流入させ循環を引き起こした。また、容器底部に吸込み口を設け、下降流を形成した。このとき、循環と下降流により自由表面渦が成長する。実験は水を作動流体とし、大気開放で行った。ガスコアの非定常な振舞いを知るために、流入流量を正弦波状に変化させ、ガスコア形状の時間的変化をステレオ画像処理法によって測定した。,"This paper deals with unsteady behavior of free surface vortices at an upper plenum in a reactor. In the compact reactor investigated, the coolant velocity increases and gas entrainment at the free surface is feared to occur. The estimation of the onset condition of gas entrainment is an important factor for design of the reactor. Therefore, the study on the unsteady characteristics of the free surface vortex is important. The gas entrainment due to the free surface vortex is a time series of phenomena; (i) formation of a vortex dimple on the free surface, (ii) development of the gas core of the vortex by a downward flow, and (iii) gas entrainment by the separation of bubbles at a tip of the gas core. In this study, the gas entrainment by the bubble separation is focused on and the unsteady behavior of the gas core by the fluctuations of the flow conditions is investigated experimentally. In the experiment, an apparatus having a simple geometry, similar to that used in the study on a steady free surface vortex, was used. The circulation was generated in a cylindrical vessel with a tangential slit injection and the downward flow was by a suction pipe at the bottom. The free surface vortex developed due to the circulation and the downward flow. The working fluid was water and the vessel is under the atmospheric air. In order to know the unsteady behavior of the gas core, the injection flow rate into the vessel was changed as a sine wave, and the time series of the gas core geometry was measured by a stereo image processing.",Japanese,31 Pages,2004/03,no keyword,,,computer_vision,6,"image processing, 画像処理",面渦が成長する。実験は水を作動流体とし、大気開放で行った。ガスコアの非定常な振舞いを知るために、流入流量を正弦波状に変化させ、ガスコア形状の時間的変化をステレオ画像処理法によって測定した。,https://jopss.jaea.go.jp/search/servlet/search?4037577,https://jopss.jaea.go.jp/pdfdata/JNC-TY9400-2004-018.pdf
4037522,JNC TN9410 2004-009,12Cr鋼伝熱管材の耐ウェステージ特性; 小リーク・ナトリウム-水反応試験,Wastage-Resistant Characteristics of 12Cr Steel Tube Material; Small Leak Sodium-Water Reaction Test,下山 一仁,"Shimoyama, Kazuhito",実用化戦略調査研究のナトリウム冷却炉における蒸気発生器水漏えい事故については、プラントの安全の確保や経済性の観点から水リーク対策設備を高度化し、隣接する伝熱管へと破損が次々に進展する破損伝播領域を局限化することが要求されている。現在、従来の知見や既存のツールを用いて水リーク事象の検討・評価を行っているが、12Cr鋼伝熱管材のナトリウム-水反応に対する腐食損耗、いわゆる耐ウェステージ性についてはこれまで実験データがなく定量評価がなされていない。 そこで、中規模のナトリウム-水反応試験装置(SWAT-1R)を用いて、12Cr鋼伝熱管材を試験体としたナトリウム-水反応試験を実施した。ナトリウム温度や伝熱管距離などの実験条件を固定して、水リーク率をパラメータにしたウェステージ率データを取得した。主な結果、成果を以下に示す。(1) 過去に行った伝熱管材のウェステージ率データと比較すると、12Cr鋼伝熱管材は9Cr系鋼に対して1.6倍以上、2.25Cr-1Mo鋼に対して2.7倍以上の耐ウェステージ性を持つことが把握できた。(2) 特に水リーク率の低い領域で耐ウェステージ性が良く、1g/sec以下では「もんじゅ」過熱器伝熱管材のSUS321ステンレス鋼より優れる傾向を持つことがわかった。(3) 設計評価に用いるため、9Cr系鋼伝熱管のウェステージ率評価式を基に12Cr鋼伝熱管材のウェステージ率評価式を導出した。今回導出した評価式は9Cr系鋼がベースとなっているため、特に水リーク率が低い領域では現実に比べ保守的である。今後の設計評価において、今回行った実験データより低い水リーク領域を設計基準の対象とする場合には、更に実験パラメータ範囲を広げてウェステージデータを取得し、12Cr鋼伝熱管材単独のウェステージ率評価式を導出する必要がある。,"In the water leak accident of a steam generator designed for a sodium cooled reactor in the Feasibility Study, the localization of tube failure propagation by using an advanced water leak detector will be required from the viewpoints of the safety and economical efficiency of the plant. So far, the conventional knowledge and analytical tools have been used in the investigation and evaluation of water leak phenomenon; nevertheless, there was neither test data nor the study of quantitative evaluation on the corrosion behavior, so-called wastage-resistant characteristics, of 12Cr steel tube material in sodium-water reactions. Wastage tests for the 12Cr steel tube material were conducted in small water leaks by use of the Sodium-Water Reaction Test Rig (SWAT-1R), and the data of wastage rate were obtained in the parameter of water leak rate under the constant sodium temperature and distance between leak and target tubes. The test results lead to the following conclusions: (1) The wastage-resistibility of 12Cr steel is 1.6 times greater than that of 9Cr steel and is 2.7 times greater than that of 2.25Cr-1Mo steel. (2) The wastage-resistibility of 12Cr steel increases in smaller water leaks; especially in water leak rates of 1 g/sec or less, it is more excellent than that of SUS321 stainless steel used as Monju superheater tube material. (3) Based on the correlation of wastage rate for the 9Cr steel, the correlation for the 12Cr steel has been obtained to be used for the evaluation of tube failure propagation. As the correlation of wastage rate for the 12Cr steel is based on the correlation for the 9Cr steel, it gives enough conservatism in smaller water leaks. To serve in accurately evaluating the tube failure propagation in smaller water leaks, it is necessary to obtain new correlation of wastage rate for the 12Cr steel based on the data in the wide range of water leak rates.",Japanese,46 Pages,2004/03,no keyword,,,ar_mapping,6,localization,"am generator designed for a sodium cooled reactor in the Feasibility Study, the localization of tube failure propagation by using an advanced water leak detector will be required from the viewpoints of the safety",https://jopss.jaea.go.jp/search/servlet/search?4037522,https://jopss.jaea.go.jp/pdfdata/JNC-TN9410-2004-009.pdf
27003,JAERI-Tech 2004-038,大規模構造解析システム可視化環境整備; AVS/Expressを利用したADVENTUREシステムの可視化,Equipment of visualization environment of a large-scale structural analysis system; Visualization using AVS/Express of an ADVENTURE system,宮崎 幹也*,"Miyazaki, Mikiya*",今日、可視化と呼ばれるデータの視覚化作業が多くの研究分野で行われており、専門とするソフトウェアも多数存在している。これらのソフトウェアにおいては、一部の解析ソルバに対するインターフェースは用意されているが、実際には多くのシミュレーションで解析から可視化作業の途中に、可視化ソフトウェアに対応させるためのデータ変換などが必要となる。本報告書は、ITBLコミュニティソフトウェアとして整備を進めている大規模構造解析システムの利用者から要望の多い、ITBL計算機環境における可視化ソフトウェアであるAVS/Expressを用いたデータ可視化環境の整備について述べるものである。これによりITBL計算機上でのシミュレーション後の可視化環境としてITBL画像サーバを利用することが可能となる。また将来的に、ITBL/AVS環境に組み込むことでITBL環境におけるコミュニティー内でも利用可能となる。,"The data display work of visualization is done in many research fields, and a lot of special softwares for the specific purposes exist today. But such softwares have an interface to only a small number of solvers. In many simulations, data conversion for visualization software is required between analysis and visualization for the practical use. This report describes the equipment work of the data visualization environment where AVS/Express was installed in corresponding to many requests from the users of the large-scale structural analysis system which is prepared as an ITBL community software. This environment enables to use the ITBL visualization server as a visualization device after the computation on the ITBL computer. Moreover, a lot of use will be expected within the community in the ITBL environment by merging it into ITBL/AVS environment in the future.",Japanese,38 Pages,2004/02,ADVENTURE ; AVS/Express ; ITBL,,https://doi.org/10.11484/jaeri-tech-2004-038,computer_vision,6,"visualization, 可視化",大規模構造解析システム可視化環境整備; AVS/Expressを利用したADVENTUREシステムの可視化,https://jopss.jaea.go.jp/search/servlet/search?27003,https://jopss.jaea.go.jp/pdfdata/JAERI-Tech-2004-038.pdf
4027694,JNC TN8400 2003-041,大気吹込み下での模擬地下水中における純銅の腐食速度と腐食局在化,Corrosion Rate and Corrosion Localization of Pure Copper in Simulated Groundwater under Aerated Condition,川崎 学*; 谷口 直樹; 川上 進,"Kawasaki, Manabu*; Taniguchi, Naoki; Kawakami, Susumu",銅はオーバーパックの候補材料の一つであり、長期耐食性を評価するうえで、処分後初期の酸化性環境における腐食挙動を把握することが重要である。本研究では腐食速度と腐食局在化の程度を把握することを目的として、大気吹込み下において水溶液中およびベントナイト中で純銅の浸漬試験を実施し、環境因子による腐食への影響と腐食局在化を評価した。その結果、塩化物イオン及びフッ化物イオン濃度の上昇とともに腐食速度が大きくなる傾向が見られた。重炭酸イオンは塩化物イオンとの共存下において純銅の腐食を抑制することが確認された。各条件ともベントナイト中の試験では、同じ溶液を使用した溶液中の試験に比べて腐食速度がいずれも低い値を示した。また、固液比が大きくなると腐食速度が低下する傾向が見られた。腐食の局在化については、平均腐食深さと孔食係数の関係を調べた。その結果、試験条件によって異なる挙動が観察されたが、いずれの条件でも平均腐食深さの増加に対して孔食係数は低下する傾向を示した。また、天然の土壌中のデータの孔食係数の上限を超えるようなデータはなかった。したがって平均腐食深さから孔食係数または最大腐食深さの上限を推定し、酸素による最大腐食深さを保守的に評価できる可能性が示された。,"Copper is one of the candidate materials for overpacks and it is important to understand the corrosion behavior under oxidizing condition at the initial stage of repository. For understanding the influence of environmental factor on the corrosion rate of copper and corrosion localization, immersion tests of pure copper in aqueous solution and in bentonite were carried out under aerated condition in simulated groundwater environment.As the result, corrosion rate increased with increase in chloride ion concentration and fluoride ion concentration. The addition of bicarbonate ion reduced the corrosion rate of pure copper in the presence of chloride ion. The corrosion rates in bentonite were smaller than those in aqueous solution without bentonite, and decreased with increase in solid- (bentonite)/liquid(solution) ratio. For corrosion localization, the relationship between average corrosion depth and pitting factor was investigated. Although the magnitude of pitting factor depended on the experimental condition, it was tend to decrease with increase in average corrosion depth in all test cases. No data on pitting factor was over the upper limit level observed in natural soils. It was indicated that the maximum corrosion depth due to oxygen can be evaluated conservatively by estimating the upper limit of pitting factor from average corrosion depth.",Japanese,48 Pages,2004/02,no keyword,ENTRY(地層処分基盤研究施設),,ar_mapping,6,localization,Corrosion Rate and Corrosion Localization of Pure Copper in Simulated Groundwater under Aerated Condition,https://jopss.jaea.go.jp/search/servlet/search?4027694,https://jopss.jaea.go.jp/pdfdata/JNC-TN8400-2003-041.pdf
4027808,JNC TJ8440 2004-005,処分技術・安全評価分野についての技術情報統合システムの製作 -成果報告書-,Development of the JNC Geological Disposal Technical Information Integration System Subjected for Repository Design and Safety Assessment -Document on Present State of Affairs-,石原 義尚*; 伊藤 貴司*; 小林 茂樹*; 根山 敦史*,"Ishihara, Yoshinao*; Ito, Takashi*; Kobayashi, Shigeki*; Neyama, Atsushi*","地質環境条件の調査(サイト特性調査),処分技術(処分場の設計),および性能・安全評価の3分野で得られる技術基盤情報を体系化した技術情報統合システムの構築に向けて,本業務では,処分技術および安全評価分野についてのシステム製作を行った。・試験や解析等の個別研究に係わる技術情報を中心に管理する技術情報データベースと,取りまとめ的な評価を行う際に用いる設定済みデータセットを中心に管理するパラメータセットデータベースの構造を検討し,データベースを構築した。・データベースに登録・管理される技術情報の共有・利用を支援・促進するため,技術情報登録機能,技術情報検索・閲覧機能,解析支援機能,可視化機能等のユーティリティ機能を検討し,これらの機能を実現したシステムを構築した。・構築したシステムをサイクル機構所有のサーバにインストールし,機能確認試験を実施した。","On this work, system manufacture about disposal technology and safety assessment field was performed towards construction of the JNC Geological Disposal Technical Information Integration System which systematized three fields of technical information acquired in investigation (site characteristic investigation) of geology environmental conditions, disposal technology (design of deep repository), and performance/safety assessment.The technical information database managed focusing on the technical information concerning individual research of an examination, analysis, etc. and the parameter set database managed focusing on the set up data set used in case of comprehensive evaluation are examined.In order to support and promote share and use of the technical information registered and managed by the database, utility functions, such as a technical information registration function, technical information search / browse function, analysis support function, and visualization function, are considered, and the system realized in these functions is built.The built system is installed in the server of JNC, and the functional check examination is carried out.",Japanese,137 Pages,2004/02,no keyword,,,computer_vision,6,"visualization, 可視化","討し,データベースを構築した。・データベースに登録・管理される技術情報の共有・利用を支援・促進するため,技術情報登録機能,技術情報検索・閲覧機能,解析支援機能,可視化機能等のユーティリティ機能を検討し,これらの機能を実現したシステムを構築した。・構築したシステムをサイクル機構所有のサーバにインストールし,機能確認試験を実施した。",https://jopss.jaea.go.jp/search/servlet/search?4027808,https://jopss.jaea.go.jp/pdfdata/JNC-TJ8440-2004-005.pdf
4037446,JNC TN9400 2004-007,レーザ共鳴イオン化質量分析法による高速炉被覆管材料の炉内クリープ破断試料同定法の開発,Development of Cladding Material Creep Rupture Detection System Using Laser Resonance Ionization Mass Spectrometry for the Fast Reactor,伊藤 主税; 野瀬 正一; 原野 英樹; 有馬 聡宏*,"Ito, Chikara; Nose, Shoichi; Harano, Hideki; Arima, Toshihiro*","燃料破損時のプラント運転における安全性と信頼性のさらなる向上を目的として、レーザ共鳴イオン化質量分析法(RIMS)を用いた高速炉用破損燃料位置検出システムの開発を進めている。これまでに、天然組成の極微量のXeおよびKrガスを含むArガスを用いてシステムの性能を評価し、定量下限がXe原子1核種あたり2.2ppt,Krについては100pptと超高感度を有することを確認した。本研究では、照射技術への応用として、高速炉燃料被覆管材料の炉内クリープ強度特性を評価するための炉内照射クリープ試験に本システムを用い、その適用性を評価した。炉内照射クリープ試験は、「常陽」MK-II炉心第29サイクルから第32サイクルにおいて、照射試料毎に同位体組成比を変えたXe、Krの混合ガス(タグガス)を封入した照射試料を温度制御型材料照射装置(MARICO)にて炉内照射し、破断に至るまでの時間を測定した。照射試料の破断により放出したタグガスは炉内カバーガス空間に移行し、Krの核種濃度で3 150ppbに希釈される。試料破断後、カバーガスをサンプリングして破断により放出されたタグガスをRIMS装置にて分析した。照射試料に封入したタグガス組成を基に、カバーガス中に放出されたタグガスの同位体組成を計算し、分析結果と比較して、放出されたタグガスの種類を推定した。その結果、試料破断により放出されたタグガスを1種類に絞り込むことができ、内圧を変化させて設定した試料ごとの目標破断時間と組み合わせることにより、破断試料を1つに絞り込むことができた。この結果は、試料破断時に試料から放出される気泡の通過に伴う熱電対の温度信号の揺らぎを検出する方法による同定結果と一致し、また、温度信号の揺らぎが検出できなかったケースについても、RIMSにより破断した試料の種類を同定できた。これらより、RIMS装置を用いてカバーガス中に含まれる極微量のタグガスを分析することにより、炉内照射クリープ試験における破断試料の同定手段に適用できる見通しを得た。","In the experimental fast reactor JOYO, an on-line instrumented material irradiation rig developed to acquire various irradiation data. The Material Testing Rig Temperature Control (MARICO) is capable of collecting creep rupture strength data for fast reactor fuel cladding materials. The irradiation using MARICO rig began in 1994 with JOYO's 29th operational cycle and ended in 1998 with the 32nd cycle. A ruptured sample might not be able to be specified with a device of MARICO in the irradiation examination. To improve irradiation technology, the trace rare gas detection technique using laser resonance ionization mass spectrometry (RIMS) is applied to creep rupture experiment. The irradiation capsules are labeled with tagging gases. The identification uses isotope analysis of the tagging gas leaked out of the breached steel capsule, diffused in the argon cover gas. The RIMS device analyzed the isotopic composition of the cover gas of which it took a sample. As that result, the isotopic composition that it was measured with a RIMS device corresponded with the tag gas identified by the MARICO device.",Japanese,44 Pages,2004/01,no keyword,,,ar_mapping,6,ar,"して、レーザ共鳴イオン化質量分析法(RIMS)を用いた高速炉用破損燃料位置検出システムの開発を進めている。これまでに、天然組成の極微量のXeおよびKrガスを含むArガスを用いてシステムの性能を評価し、定量下限がXe原子1核種あたり2.2ppt,Krについては100pptと超高感度を有することを確認した。本研究では、照射技術への応用として、高速炉燃料被覆管材料の炉内クリープ強度特性を評価するための炉内照",https://jopss.jaea.go.jp/search/servlet/search?4037446,https://jopss.jaea.go.jp/pdfdata/JNC-TN9400-2004-007.pdf
24988,JAERI-Tech 2003-079,JT-60U LHRF加熱装置のアンテナ先端部の損傷対策,Measures against the damage of the antenna mouth of JT-60U LHRF system,石井 和宏*; 関 正美; 下野 貢; 寺門 正之; 五十嵐 浩一*; 高橋 正己*,"Ishii, Kazuhiro*; Seki, Masami; Shimono, Mitsugu; Terakado, Masayuki; Igarashi, Koichi*; Takahashi, Masami*","JT-60Uでは、定常化運転を目指した開発研究の一つとして、低域混成波帯(LHRF)の高周波を用いた電流駆動の研究を行っている。その研究において、装置技術的課題は、LHRF加熱装置の重要な機器である大電力LHRFアンテナの開発である。LHRFアンテナは、効率的に高周波をプラズマに入射するために、プラズマから近い位置に置かれている。そのためLHRFアンテナは常にプラズマからの熱にさらされ、また大電力高周波の入射が要請されるため、先端部におけるプラズマからの熱負荷による溶融や高周波放電による溶融・変形が問題となっていた。その結果、プラズマへの入射パワーは徐々に減少してきた。この対策として、LHRFアンテナのエージングを行って、耐高周波電界性能の向上を図った。また、赤外線カメラによるLHRFアンテナの温度監視,LHRFアンテナ位置の調整,入射パワーを断続的に変調する電流駆動法の開発、そしてアークセンサによる高周波放電を検知して、LHRFアンテナ先端部の損傷を防止する保護対策を実施してきた。","In JT-60U, the study of current drive by radio-frequency (RF) waves in lower hybrid range of frequency (LHRF) has been done as one of research and development works aiming at steady state operation of tokamaks. The main subject of hardware and technology development in this study is to develop a high power LHRF antenna, the main component of the system. The LHRF antenna is set closely to plasma to efficiently inject RF power into it. The LHRF antenna normally receives heat loads from the plasma, and it is required to inject high RF power. Then, it has become a problem that the antenna mouth was melted by excessive heat loads from plasma or it was melted and deformed by RF discharges. As a counter measurement against this, the LHRF antenna has been conditioned to improve its stand-off voltage capability. Furthermore, by monitoring the temperature of the LHRF antenna, adjusting its position, developing a injection method of power modulation even for current drive, and setting an arc sensor which picks up the RF discharge, the damage of the antenna mouth has been suppressed.",Japanese,22 Pages,2003/10,JT-60U ; LHRF ; アンテナ,JT-60(臨界プラズマ試験装置),https://doi.org/10.11484/jaeri-tech-2003-079,computer_vision,6,"カメラ, 赤外線","ていた。その結果、プラズマへの入射パワーは徐々に減少してきた。この対策として、LHRFアンテナのエージングを行って、耐高周波電界性能の向上を図った。また、赤外線カメラによるLHRFアンテナの温度監視,LHRFアンテナ位置の調整,入射パワーを断続的に変調する電流駆動法の開発、そしてアークセンサによる高周波放電を検知して、LHRFアンテナ先端部の損傷を防止する保護対策を実施してきた。",https://jopss.jaea.go.jp/search/servlet/search?24988,https://jopss.jaea.go.jp/pdfdata/JAERI-Tech-2003-079.pdf
4037527,JNC TY9400 2004-003,静止ナトリウム液滴燃焼実験,An Experimental Study on Suspended Sodium Droplet Combustion,佐藤 研二*,"Sato, Kenji*",ナトリウム液滴燃焼挙動の現象論的解明に向けた研究の一環として、これまでにナトリウム静止液滴を対象に常温空気流中での着火燃焼実験を実施し、高速度カメラを用いた観察により着火挙動を調べ、あわせて温度測定手法を開発してきた。 本研究では、直径4mmの静止液滴を用い、液滴初期温度が280 Cから400 C、周囲の乾燥空気流速が20cm/sから60cm/sの範囲でナトリウム液滴の着火燃焼実験を実施し、高速度カメラによる着火挙動観察とシース熱電対による液滴温度時間変化測定を行い、空気流速、液滴初期温度がこれらに与える影響を調べた。主な結果は以下のとおりである。(1)液滴初期温度が290 C未満では、液滴表面の酸化膜に縦筋が入り液滴形状が時間とともに初期形状からずれて巾着のような形になる現象がみられた。(2)気相の橙色の発光層の出現で定義した着火までの着火遅れ時間は、液滴初期温度または空気流速が大きいほど小さい。代表的な着火遅れ時間として、液滴初期温度300 C、空気流速20cm/sのときに1.4s、400 C、60cm/sのときに0.65sが得られた。(3)着火遅れ時間の空気流速依存性は流速が増すととともに減少する傾向がみられる。(4)着火過程で液滴表面全体の溶融が起きるときの液滴温度および着火時の液滴温度は、それぞれ460 C前後、550-600 C (おおむね575 C前後)で、これらは空気流速、液滴初期温度によらない。(5)液滴温度の上昇速度は着火時刻の前後で大きく変化しない。(6)着火後準定常的な燃焼状態に漸近したときの液滴温度は、液滴初期温度には依存せず、流速 とともに増加し、実験を行った範囲では700-750 Cの値であった。これらの温度はナトリウム の沸点881 Cにくらべて低く、今後理由の検討が必要である。(7)着火に至る過程で、上流側の液滴表面に多くの微小な突起が生成し温度上昇とともに消減する現象がみられた。この現象は液滴初期温度が300 C付近の場合において顕著で、液滴初期温度が400 Cの場合にはほとんどみられない。,"As part of studies for phenomenological investigation of sodium droplet burning behavior, in our previous experimental studies, ignition process and succeeding combustion of suspended single sodium droplet had been investigated by using high speed movie camera, and a temperature measurement system feasible for the experiment had been developed. In the present study, by using 4 mm diam. suspended sodium droplet, combustion experiments were performed for the free-stream velocity of dry air flow of 20 to 60 cm/s, and for the initial droplet temperature of 280 to 400deg-C, and the effects of the free-stream velocity and initial droplet temperature on the ignition behavior and droplet temperature variation with time were examined by using high speed movie camera and sheath-type fine thermocouple. The experimental results are as follows: (1)When the initial droplet temperature is less than 290 deg-C, before ignition the oxide film accompanied with vertical streak appeared and the droplet turned to teardrop shape. (2)The ignition delay time defined as the time to evolution of orange color light emission zone or flame zone decreases with the increase of the free-stream velocity or of initial droplet temperature. Examples of typical ignition time are 1.4 s at the free-stream velocity 20 cm/s and initial droplet temperature 300 deg-C, and 0.65 s at 60 cm/s and 400 deg-C. (3)The dependence of the ignition delay time on the free-stream velocity decreases as the free stream velocity increases. (4)The droplet temperatures at the moment of melting extending all over the surface and at the moment of ignition are around 460 deg-C and 500 deg-C to 600 deg-C (mostly around 575 deg-C), respectively. These values are essentially independent of the free-stream velocity and initial droplet temperature. (5)The rate of temperature rise does not change through the moment of ignition. (6)The asymptotic droplet temperature at approaching to quasi-steady combustion state following ignition is i",Japanese,51 Pages,2003/06,no keyword,,,computer_vision,6,"camera, カメラ",ナトリウム液滴燃焼挙動の現象論的解明に向けた研究の一環として、これまでにナトリウム静止液滴を対象に常温空気流中での着火燃焼実験を実施し、高速度カメラを用いた観察により着火挙動を調べ、あわせて温度測定手法を開発してきた。 本研究では、直径4mmの静止液滴を用い、液滴初期温度が280 Cから400 C、周囲の乾燥空気流速が20cm/sから60cm/sの範囲でナトリウム液滴の着火燃焼実験を実,https://jopss.jaea.go.jp/search/servlet/search?4037527,https://jopss.jaea.go.jp/pdfdata/JNC-TY9400-2004-003.pdf
4018920,JNC TN4400 2002-003,高速炉の計装,The Instrumenmentation of fast reactor,遠藤 昭,"Endo, Akira",著者は、創生期の高速実験炉「常陽」の技術開発を皮切りに原型炉「もんじゅ」の開発など30年の長きに渡って高速炉の技術開発に従事してきた。その間、一貫して高速炉の計装技術の開発に携わることができたが、本書は著者がこれまでの技術開発を通して得た経験、知見、見聞などを後進の技術者達に伝承すべくまとめたものであり、今後の教育研修資料に活用されれば幸いである。本書の第1章では、前段として高速炉システムについて概説し、第2章にて核計装を中心とした原子炉計装を、第3章のプロセス計装ではナトリウム計装について測定原理や温度依存性、応答特性の検証などその特質を様々な観点から論じる。また、第4章では燃料破損検出と破損燃料位置検出系について、そして第5章においては冷却材バウンダリからのナトリウム漏洩検出や蒸気発生器伝熱管からの水漏洩検出について述べている。以上のように、本書は高速炉プラントが必要とする多岐に渡る計装技術について言及しているが、この他、計装技術者にとって今後必須課題になると思われる計装系の誤差解析や不規則信号論、及び自己回帰モデルを用いた応答特性の測定法についての解説を付録として付した。,"The author has been engaged in the development of fast reactors over the last 30 years with both an involvement with the early technology development on the experimental breeder reactor Joyo, and latterly continuing this work on the prototype breeder reactor, Monju. In order to pass on this experience to younger engineers this paper is produced to outline this experience in the sincere hope that the information given will be utilised in future educational training material. The paper discusses the wide diversity on the associated instrument technology which the fast breeder reactor requires. The first chapter outlines the fast reactor system, followed by discussions on reactor instrumentation, measurement principles, temperature dependencies, and verification response characteristics from various viewpoints, are discussed in chapters two and three. The important issues of failed fuel location detection, and sodium leak detection from steam generators are discussed in chapters 4 and 5 respectively. Appended to this report is an explanation on the methods of measuring response characteristics on instrumentation systems using error analysis, random signal theory and measuring method of response characteristic by AR (autoregressive) model on which it appears is becoming an indispensable problem for persons involved with this technology in the future.",Japanese,88 Pages,2003/04,no keyword,,,ar_mapping,6,ar,"author has been engaged in the development of fast reactors over the last 30 years with both an involvement with the early technology development on the experimental breeder reactor Joyo, and latterly",https://jopss.jaea.go.jp/search/servlet/search?4018920,https://jopss.jaea.go.jp/pdfdata/JNC-TN4400-2002-003.pdf
4037314,JNC TN9400 2003-016,自己放出ガンマ線を用いたNa透視手法に関する研究; 解析的評価による基本原理の検証,Study on sodium viewing technique applying sodium gamma-rays emission tomography; Verification of basic principle by analytical investigation,平林 勝; 大高 雅彦; 林田 均; 荒 邦章,"Hirabayashi, Masaru; Otaka, Masahiko; Hayashida, Hitoshi; Ara, Kuniaki",液体金属Na冷却炉の一次系ききシステム、炉内構造物および冷却材バウンダリの健全性を確認するために、放射化されたNaから放出されるガンマ線を利用した監視・検査技術を提案した。計測手法は、特定方向から放出される複数の光子数に関する情報を基に、コンピュータトモグラフィによってガンマ線源の画像を再構成するものである。 この計測手法について、適用性および開発課題を検討した。以下に、得られた主要な結果を示す。 (1)代表的な一次系主配管の冷却材から放出されるガンマ線の減衰をシミュレーションし、計測手法の適用性を解析的に検討した結果、ガンマ線源の画像が再構成できることを確認した。 (2)検出器の効率を20%とし、1mm程度の分解能を得るための計測時間を検討した。一次系主配管では、検出器一千個を用いて約4分/断面、代表的な蒸気発生器では、検出器一万個を用いて約2日/断面の計測時間である。 (3)本システムを実現するためには、試験研究による計測原理の検証および検出器システムの構築が考えられる。検出器システムの主要な構成要素としては、入射するガンマ線の方向を制限するコリメータ、ガンマ線検出器、スキャナ、信号処理装置および画像処理装置が上げられる。コリメータは、分解能を決定する重要な要素であるため、試験研究と解析的評価を組み合わせて最適な設計を行う必要がある。,"To confirm structural integrity of a primary cooling system and in-vessel components in a sodium-cooled fast breeder reactor, monitoring and inspection technique applying Gamma-rays emitted from sodium are proposed. The basic principle is as follows. As radioisotope Na decays, photons are emitted and a fraction of these photons penetrate materials. If the number of these photons is counted by radiation detectors, an image of gamma-rays source is reconstructed by a computed tomography technique. In this report, Applicability and problems concerned with the technique are investigated. Main results are as follows: (1)To verify applicability, the technique was analytically investigated based on gamma-rays emitted from sodium coolant in a typical pipe of a primary cooling system. As a result, it was confirmed that the image of gamma-rays source could be reconstructed. (2)A required time to measure in a spatial resolution of about 1mm was investigated in the detection efficiency of 20%. The time was about 4 minutes per section by a thousand detectors in the typical pipe of a primary cooling system. And in a typical steam generator, the time was about 2 days per section by ten thousand detectors. (3)To realize a fluoroscopic inspection system, it is necessary that the principle should be verified by experimental researches. Main equipments of the system are a collimator, radiation detector, scanner, signal processing device and image processing device. As a spatial resolution is decide by the collimator, the shape must be evaluated by experimental researches and analytical investigation.",Japanese,35 Pages,2003/04,no keyword,,,computer_vision,6,"image processing, 画像処理",出器システムの構築が考えられる。検出器システムの主要な構成要素としては、入射するガンマ線の方向を制限するコリメータ、ガンマ線検出器、スキャナ、信号処理装置および画像処理装置が上げられる。コリメータは、分解能を決定する重要な要素であるため、試験研究と解析的評価を組み合わせて最適な設計を行う必要がある。,https://jopss.jaea.go.jp/search/servlet/search?4037314,https://jopss.jaea.go.jp/pdfdata/JNC-TN9400-2003-016.pdf
21542,JAERI-Tech 2003-023,高温工学試験研究炉(HTTR)内炉心支持黒鉛構造物の供用期間中検査装置の開発,Development of in-service inspection system for core support graphite structures in the High Temperature Engineering Test Reactor (HTTR),角田 淳弥; 塙 悟史; 菊地 孝行; 石原 正博,"Sumita, Junya; Hanawa, Satoshi; Kikuchi, Takayuki; Ishihara, Masahiro",高温工学試験研究炉(HTTR)では、炉心支持黒鉛構造物の健全性を確認するために、供用期間中検査(ISI)としてのTVカメラを用いた炉心支持黒鉛構造物の目視検査及びサーベイランス試験片を用いた物性値の測定を行うこととしている。そこで、平成8年9月から平成10年6月にかけて視検査に用いる供用期間中検査装置の開発を行った。また、開発した検査装置を用いて炉心支持黒鉛構造物の初期据え付け時における目視検査を行った。その結果、TVカメラを用いた炉心支持黒鉛構造物の目視検査で、鮮明な画像が得られることを確認するとともに、炉心支持黒鉛構造物の初期据付時の健全性を確認した。,"Visual inspection of core support graphite structures using TV camera as in-service inspection and measurement of material characteristics using surveillance test specimens are planned in the High Temperature Engineering Test Reactor (HTTR) to confirm structural integrity of the core support graphite structures. For the visual inspection, in-service inspection system has been developed, and pre-service inspection using the system was carried out. As the result of the pre-service inspection, it was validated that high quality of visual inspection with TV camera can be carried out, and also structural integrity of the core support graphite structures at the initial stage of the HTTR operation was confirmed.",Japanese,37 Pages,2003/03,HTTR ; In-Service Inspections ; Core Support Graphite Structures ; In-Service Inspection System ; Pre-Service Inspection,HTTR(高温工学試験研究炉),https://doi.org/10.11484/jaeri-tech-2003-023,computer_vision,6,"camera, カメラ",高温工学試験研究炉(HTTR)では、炉心支持黒鉛構造物の健全性を確認するために、供用期間中検査(ISI)としてのTVカメラを用いた炉心支持黒鉛構造物の目視検査及びサーベイランス試験片を用いた物性値の測定を行うこととしている。そこで、平成8年9月から平成10年6月にかけて視検査に用いる供用期間中検査装置の開発を行った。また、開発した検査装置を用いて炉心支持黒鉛構,https://jopss.jaea.go.jp/search/servlet/search?21542,https://jopss.jaea.go.jp/pdfdata/JAERI-Tech-2003-023.pdf
4037213,JNC TN9400 2003-008,過剰酸素量を制御したODSマルテンサイト鋼の製造技術開発,Development of manufacturing method of excess oxygen controlled ODS martensitic steel,藤原 優行; 大塚 智史; 皆藤 威二; 成田 健; 鵜飼 重治,"Fujiwara, Masayuki; Otsuka, Satoshi; Kaito, Takeji; Narita, Takeshi; Ukai, Shigeharu",実用化炉心材料の有力候補材として開発を進めている0DSマルテンサイト鋼において、過剰酸素の増量により酸化物分散粒子径の増加と焼きならし時の未変態 粒の現象が生じるとともに、高温強度が低下することが判明している。本検討では目標達成のため、過剰酸素量を0.10wt%以下に低減するための製造条件の検討と過剰酸素が高く焼きならし時に完全 化が起きる場合でも、強度向上を図るためのY2O3増加の検討を行った。得られた結果を以下にまとめる。 (1)標準組成材 (0.13C-9Cr-2W-0.2Ti-0.35Y2O3)では、過剰酸素はプレミックス粉末から0.04wt%持ち込まれ、MA処理中に0.04 0.1程度混入することがわかった。 (2)MA雰囲気ガスに超高純度Arガス(99.9999wt%Ar)を適用すること、アジテータの攪拌用ピン長さを短縮して攪拌エネルギーを低減することにより、過剰酸素量を0.1wt%以下に低減できることがわかった。 (3)過剰酸素量を0.1wt%未満に低減した試作材では、炉冷熱処理後に未変態 粒と変態 粒の混合組織となり、Mm11と同等の硬さを示した。これらは、Mm11と同等の高温強度を有すると推定される。 (4)過剰酸素量とY2O3添加量を高めたE1、E2では、ほぼ完全 化が生じたが、炉冷材および焼き戻し材の硬さは低く、高温強度はあまり期待できない結果となった。,"ODS martensitic steel is a prospective candidate cladding matenal for the advanced Fast Breeder Reactor (FBR) core components. A previous result showed that the high temperature strengths were deteriorated by the oxide particle coarsening and the reduction of the residual-alpha grains as excess oxygen (EX.O) increased. In this study, the manufacturing conditions for reducing excess oxygen were examined in order to obtain the target strength. High excess oxygen steels with higher Y O addition were also manufactured with the intention of manufacturing the steel which has both fully martensitic microstructure and enough high temperature strength. The derived results can be summarized as follows. (1)It was shown that 0.04wt% excess oxygen was brought from the pre-alloyed raw powders, and 0.04-O.l wt% excess oxygen was mixed in the powders during the Mechanical Alloying(MA). (2)It was shown that excess oxygen could be reduced less than 0.1wt% by applying an ultra high purity Ar gas (99.9999wt%Ar) to MA atmosphere as well as reducing the agitating energy by using pin agitator with shorter length. (3)Residual alpha-grains and transformed alpha-grains were mixed in the furnace-cooled low excess oxygen steels ( 0.1wt%EX.O). These steels are expected to have the equal high temperature strength to Mm11 because their Vickers hardness is approximately the same Mm11. (3)Full martensitic microstructure was obtained in the higher Y O and excess oxygen-added steels (E1,E2). However enough high temperature strength are not expected in these steels because the Vickers hardness of these steels after the furnace-cooling(FC) or normalizing and tempering (NT) are apparently low.",Japanese,32 Pages,2003/03,no keyword,,,ar_mapping,6,ar,Development of manufacturing method of excess oxygen controlled ODS martensitic steel,https://jopss.jaea.go.jp/search/servlet/search?4037213,https://jopss.jaea.go.jp/pdfdata/JNC-TN9400-2003-008.pdf
4037342,JNC TN9450 2003-001,燃料被覆管材料の内圧クリープ特性データ集 改良オーステナイト鋼及び高Ni鋼,Creep test data of fuel cladding tube; Advanced austenitic stainless steels and high-nickel steel,加藤 章一; 吉田 英一; 桜井 方*; 矢口 勝己*,"not registered; Yoshida, Eiichi; Sakurai, Tadashi*; Yaguchi, Katsumi*",新技術開発試験グループでは、高速炉の燃料被覆管材料について、内圧クリープ試験を長期にわたり実施してきた。本データ集は、試験データの拡充が図れたために取りまとめたものである。1万時間を越える長時間クリープ試験データやNa環境下でのクリープ試験データを有するものであり、今後の高速炉燃料被覆管材料の開発に役立つものである。 報告内容は、以下のとおりである。(1)材料及びデーア点数 : 15Cr-20Ni鋼(2ヒート) 72点 PNC1520鋼(1ヒート) 6点 14Cr-25Ni鋼(8ヒート) 56点 高Ni鋼(1ヒート) 15点 (2)試験雰囲気 : Air中、Ar中、Na中 (3)試験温度 : 600度C 750度C,"In order to evaluation of high temperature creep strength, creep tests under internal pressure on the fuel cladding tube for fast breeder reactor (FBR) has been preformed in New Technology Development Group. In this report, the result of the creep and creep-rupture properties on the advance austenitic stainless and high-Ni steels obtained up to this time was collected. Valuable test data totals 149 points including sodium environment test data. These data will be reflected in development and design for fuel cladding material. Contents of the data sheet are as follows ; (1)Material and number of data: 15Cr-20Ni steel (2 heats) 72 points, PNC1520 steel (1 heats) 6 points, 14Cr-25Ni steel (8 heats) 56 points, High-Ni steel (1 heat) 15 points (2)Test environment : In-air, In-argon gas and In-sodium (3)Test temperature : 600 C to 750 C(873K to 1023K)",Japanese,192 Pages,2003/03,no keyword,,,ar_mapping,6,ar,2ヒート) 72点 PNC1520鋼(1ヒート) 6点 14Cr-25Ni鋼(8ヒート) 56点 高Ni鋼(1ヒート) 15点 (2)試験雰囲気 : Air中、Ar中、Na中 (3)試験温度 : 600度C 750度C,https://jopss.jaea.go.jp/search/servlet/search?4037342,https://jopss.jaea.go.jp/pdfdata/JNC-TN9450-2003-001.pdf
4037355,JNC TY9400 2003-008,ナトリウム液滴の燃焼挙動に関する研究; ナトリウム静止液滴燃焼実験; 平成12 13年度共同研究成果報告書,Study on combustion behavior of sodium droplet; Combustion experiment of suspended sodium doplet; JFY2000-2001 joint research report,佐藤 研二*,"Sato, Kenji*",ナトリウム液滴の燃焼挙動の現象論的解明に向けて、液滴の着火挙動や着火後の燃焼挙動を詳細に把握することを目的に、静止ナトリウム液滴を対象として、97年度より一連の実験的研究を行い、これまでに、空気流中で静止液滴の自然着火現象を実現して観察する基本的な実験手法を確立し、高速度カメラを用い液滴表面および近傍の着火時の様子の時間変化の観察を行ってきた。 本研究では、ナトリウム液滴の着火および燃焼の挙動と機構の解明にとって重要となる液滴ならびに火炎の温度を、熱電対を用いて計測するシステムを構築した。さらに、液滴が懸垂状態で所定の初期直径まで成長する間に生じる酸化皮膜の形成を極力防止するために、液滴生成系の改善を図った。 温度測定系構築においては、時間応答性のよい測定ができるように熱電対にシリカ皮膜をほどこした素線径20マイクロメートルの微細なR型熱電対を用い、パルスモーター、モーター回転制御装置、遅延装置を組み合せて熱電対を迅速に動かす移動装置を製作してその動作を確認した。液滴温度測定時の出力信号に付随するノイズの除去、熱電対表面の被覆の効果と影響等について今後検討の余地があるが、着火過程の気相中で応答性のよい温度測定結果が得られ、着火過程での詳細温度測定の基本となる手法が確立された。,"Experimental studies have been performed since JFY1997 for the combustion of suspended sodium droplet in order to understand the detailed phenomenology of its ignition and burning behavior. The author has accumulated to data the high-speed camera picture data of change in a droplet surface and its neighboring gas phase of spontaneous ignition of suspended sodium doroplet in air flow, after establishing fundamental experimental techniques to observe the process. In the study from JFY2000 to 2001, a system was developed which enable to measure the temperature of sodium droplet and of flame zone. The study includes the improvement of droplet generation system so as to prevent the oxidation of suspended droplet. The temperature measurement system consists of silica-coated fine R-type thermocouple of 20 m in diam. adopted to ensure excellent responsibility, and its driving apparatus. The driving system is composed of pulse motor, its controller and delay circuit, and its performance was confirmed by several tests. It was shown from the preliminary tests that the basic technique was established for detailed temperature measurment around the time of droplet ignition, though several problems should be investigated furthermore such as electrical noise removal in temperature measurment and effect of thermocouple coating.",Japanese,17 Pages,2003/03,no keyword,,,computer_vision,6,"camera, カメラ",止ナトリウム液滴を対象として、97年度より一連の実験的研究を行い、これまでに、空気流中で静止液滴の自然着火現象を実現して観察する基本的な実験手法を確立し、高速度カメラを用い液滴表面および近傍の着火時の様子の時間変化の観察を行ってきた。 本研究では、ナトリウム液滴の着火および燃焼の挙動と機構の解明にとって重要となる液滴ならびに火炎の温度を、熱電対を用いて計測するシステムを構築した。さらに、液滴が懸垂状態で,https://jopss.jaea.go.jp/search/servlet/search?4037355,https://jopss.jaea.go.jp/pdfdata/JNC-TY9400-2003-008.pdf
4027404,JNC TN8430 2003-001,X線CT法の適用性に関する検討,Applicability study of X-ray computed tomography technique,棚井 憲治; 松本 一浩*; 菊池 広人*,"Tanai, Kenji; Matsumoto, Kazuhiro*; Kikuchi, Hirohito*",高レベル放射性廃棄物地層処分に関する種々の実験は、ほとんどのものが閉じられた容器内に対象物を設置し、種々の物理量を間接的に各種センサーによって測定している。このような閉じられた系における測定手法が、ある意味ではメカニズム解明の限界の一因となっている。したがって、本課題を踏まえた新たな測定手法として、X線CT技術のような非破壊による現象の観察手法が必要不可欠である。本業務では、医療用のX線CTスキャナを用いて、緩衝材の候補材料であるベントナイトを対象として、ベントナイト中の水の移行挙動やガス移行挙動の観察の可否、さらにはこれら研究に必要となる基本データとして、ベントナイトの密度とCT値の関係に関するデータの取得を実施した。その結果、圧縮ベントナイトにおいても乾燥密度とCT値の間には正の相関関係が見られることがわかった。また、圧縮ベントナイト中における水の挙動に関しては、CT値の変化がよく捉えられるとともに、画像処理によって水の浸潤過程をよく表せることがわかった。ガス移行可視化試験においては、試験により得られたガス有効浸透率は、6 10 m 程度であり、これまでの試験で得られたものと同程度の結果であったが、透気現象として2つのピークが見られるというこれまでの試験では見られなかった挙動が観察された。また、X線CTによるガス移行挙動 の観察に関しては、CT値及び撮影画像ともに顕著な変化は見られなかった。ガス移行可視化試験におけるこれらの問題点については、要因の絞込みあるいはその他付加的な方法の検討を行っていく予定である。,"Several experiments on the study of high level radioactive waste disposal indirectly measured various physical quantity in the closed test vessel by various sensor. This measurement technique on closed-system cause limit of understanding of mechanisms. Therefore, new observation technique by nondestructive technique such as X-ray computed tomography is nessessary for HLW disposal study. In this work, the objective of this study are as follows; (1)to clarify the relationship between dry density of bentonite and CT number, (2)to observed infiltration behaviour of liquid in bentonite specimen using X-ray CT (3)to observed gas migration bihaviour in bentonite specimen using X-ray CT The major conclusions obtained in this study are as follows; (1)CT number of X-ray increases lineary with degree of saturation and density of bentonite specimen. (2)Infiltration behaviour of liquid in bentonite specimen can be observed by X-ray CT. (3)Gas permeability of benonite with a dry density of 1.6 Mg/m is approximately 6 10 m . And, this result was almost the same with the other experimental results. But, significant difference of breakthrough phenomena was observed between this test and other experiments results. In visiuarization study of gas migration through bentonite, gas migration behaviour through bentonite was not observed by X-ray CT.",Japanese,20 Pages,2003/03,no keyword,,,computer_vision,6,"可視化, 画像処理",った。また、圧縮ベントナイト中における水の挙動に関しては、CT値の変化がよく捉えられるとともに、画像処理によって水の浸潤過程をよく表せることがわかった。ガス移行可視化試験においては、試験により得られたガス有効浸透率は、6 10 m 程度であり、これまでの試験で得られたものと同程度の結果であったが、透気現象として2つのピークが見られるというこれまでの試験では見られなかった挙動が観察された。また、X線CTに,https://jopss.jaea.go.jp/search/servlet/search?4027404,https://jopss.jaea.go.jp/pdfdata/JNC-TN8430-2003-001.pdf
4027358,JNC TN8400 2002-020,"(Pu,U)O の酸素ポテンシャルI UO 及び(Pu U )O の測定と格子欠陥理論によるモデル化","Oxygen potential of (Pu,U)O I -Oxygen potential measurement of UO and (Pu U )O",加藤 正人; 田村 哲也*; 遠藤 秀男,"Kato, Masato; Tamura, Tetsuya*; Endo, Hideo","UO 及びMOXの酸素/金属比(O/M比)は、照射挙動に影響を与えるため、重要な燃料仕様の一つである。酸化物燃料の酸素ポテンシャル測定は、照射挙動や燃料製造条件を最適化する目的で、様々な手法により行われている。本報告では、示差熱-熱重量計(TG-DTA)を用いて酸素ポテンシャル測定を確立するとともに、UO 及び(Pu U )O の酸素ポテンシャル測定を行ったので報告する。試験はAr/H /H O系のガスによる気相平衡法により実施し、800 C, 1000 C, 1200 Cにおいて定比組成近傍のデータ測定を行った。O/M は、混合ガスの割合をステップ上に変化させ、重量変化からO/M変化量を求めた。酸素分圧は、装置の前後で安定化ジルコニアの酸素センサーにより測定し、測定温度での酸素分圧を評価した。各温度における測定結果は、文献値とよく一致した。測定結果より Go , Ho , So を評価した。また、測定結果と文献値から格子欠陥モデルを適用して酸素分圧とO/Mの関係を整理した。UO , (Pu U )O 及びPuO について、Xを温度と酸素分圧で表す式を作成し、測定データと計算結果がよく一致することを確認した。","The ratio of oxygen to metal is one of important fuel specifications on UO and MOX fuels, because it effect on irradiation behavior. Oxygen potential of oxide fuels have been measured by various methods on the purpose of optimization of irradiation behavior and fabrication condition. In this repot the oxygen potential of UO and (Pu U )O was measured by thermal gravimetry and differential thermal analysis (TG-DTA). Measurements of oxygen potential were carried out at 800 C, 1000 C and 1200 C in Ar/H /H O mixture gas flow. Ratio of O/M was obtained from the weight change of the sample according to the partial oxygen pressure that was controlled by H /H O ratio in atmosphere. The partial oxygen pressure in atmosphere was measured by stabilized zyrconia oxygen sensor. The experimental results agree approximately to the other works. Thermodynamic data, Go , Ho , So , were evaluatedfrom the experimental data. The oxygen potential of UO , (Pu,U)O and PuO was modeled by lattice defect theory using the data of the literature and this work. The resulting equation well reproduce the large amount of oxygen potential-temperature-composition data for the Pu-U oxide system.",Japanese,76 Pages,2003/03,no keyword,,,ar_mapping,6,ar,"、示差熱-熱重量計(TG-DTA)を用いて酸素ポテンシャル測定を確立するとともに、UO 及び(Pu U )O の酸素ポテンシャル測定を行ったので報告する。試験はAr/H /H O系のガスによる気相平衡法により実施し、800 C, 1000 C, 1200 Cにおいて定比組成近傍のデータ測定を行った。O/M は、混合ガスの割合をステップ上に変化させ、重量変化からO/M変化量を求めた。酸素分圧は、装置の前",https://jopss.jaea.go.jp/search/servlet/search?4027358,https://jopss.jaea.go.jp/pdfdata/JNC-TN8400-2002-020.pdf
4037174,JNC TN9400 2002-049,水プール直接貯蔵方式における使用済燃料冷却特性の検討,Study on cooling characteristics for spent fuel in direct water pool storage system,藤井 正; 堀 徹; 此村 守; 堺 公明; 小川 伸太; 大木 義久; 大久保 良幸,"Fujii, Tadashi; not registered; not registered; Sakai, Takaaki; not registered; Oki, Yoshihisa; not registered",実用化戦略調査研究において概念設計を進めているナトリウム冷却大型炉では、燃料取扱設備の簡素化を図る候補概念として、水プール直接貯蔵方式を検討している。 本概念では、取扱う集合体の崩壊熱量が比較的高い条件(実証炉の炉外貯蔵方式の約4.5倍である18KW)となるため、通常時でのプール浸漬過程や、プール移送中の事故を想定した上部からの注水過程における冷却特性に関する知見が不足している。このため、高発熱燃料の冷却特性を把握することが、プラント概念の成立性を左右する熱流動課題の一つとして指摘されていた。今回、単ピン体系での試験装置を用いて、燃料ピンの熱的条件、集合体出口形状、浸漬速度等をパラメータとした試験を実施し、冷却特性に関して、実機設計に反映できる以下のような基礎的データを取得した。・通常浸漬時の沸騰挙動の可視化やヒータピンの温度変化等により、通常浸漬時の冷却形態を同定した。・ヒータ初期温度と出口部閉塞率が、発熱部全体の冷却終了時間に対する支配因子となる。・試験中のヒータ温度上昇の最大値は、通常浸積時で約4K、注水時に約6Kと小さく、有意な温度上昇を伴うことなく冷却できる。・通常浸漬時には、出口部閉塞率を大きくした条件でも、試験体上部圧力が下部圧力を上回ることはなく、発熱部への水位上昇は阻害されない。,"The conceptual design study of the large-scale sodium-cooled reactor is in progress in the ""Feasibility Study on Commercialized Fast Reactor Cycle Systems (F/S)"". The direct water pool storage system is being examined as a candidate concept to simplify the fuel handling facility for the sodium-cooled reactor. In this concept, the decay heat of a fuel subassembly is relatively higher (18kW which is about 4.5 times of the Ex-vessel Storage Tank system in the demonstration FBR). Therefore, the information about the cooling characteristics of the fuel subassembly are lacking in cases of submergence process at a normal operation and cooling water injection process from upper part of the subassembly at a transfer accident. Accordingly, the understanding of the cooling characteristics of the fuel subassembly in higher decay heat condition was pointed out as one of the thermal hydraulic problems which influence the realization of the plant concept. Using the single heater pin equipment, fundamental tests were conducted with the parameters of the thermal conditions of a fuel pin, the outlet shapes of it, the submergence speeds and so on. Then, following basic data were acquired to be reflected in the actual plant design. (1)Cooling modes of the normally submergence tests and water injection tests were identified by visualization of the boiling behavior in the test section and the temperature change of the heater pin. (2)The initial temperature of the heater surface and the blockage size of the outlet of test section were dominating factors to the cooling completion time. (3)Maximum temperature rise of the heater surface was about 4K in normally submergence tests and 6K in water injection tests, respectively. Therefore, the heater was well cooled without significant temperature rise.(4)In the normally submergence tests, the pressure of the upper part of the test section did not exceed the lower part pressure and a water level rise in the test section was not obstructed ...",Japanese,78 Pages,2002/09,no keyword,,,computer_vision,6,"visualization, 可視化",件、集合体出口形状、浸漬速度等をパラメータとした試験を実施し、冷却特性に関して、実機設計に反映できる以下のような基礎的データを取得した。・通常浸漬時の沸騰挙動の可視化やヒータピンの温度変化等により、通常浸漬時の冷却形態を同定した。・ヒータ初期温度と出口部閉塞率が、発熱部全体の冷却終了時間に対する支配因子となる。・試験中のヒータ温度上昇の最大値は、通常浸積時で約4K、注水時に約6Kと小さく、有意な温度上昇,https://jopss.jaea.go.jp/search/servlet/search?4037174,https://jopss.jaea.go.jp/pdfdata/JNC-TN9400-2002-049.pdf
18525,JAERI-Data/Code 2002-017,地球シミュレータ用可視化システム利用手引書,Visualization system on the earth simulator user's guide,村松 一弘; 齋 和憲*,"Muramatsu, Kazuhiro; Sai, Kazunori*","地球シミュレータ用の可視化システムを開発した。地球シミュレータ上でのシミュレーションと同時にクライアントにおいてその結果を視覚化することができ、計算を行っている最中に、その計算及び可視化の為のパラメータを変更することも可能である。グラフィカルユーザインターフェースはJava appletで構築されており、そのためウェブブラウザさえあればよく、OSに非依存である。本システムはサーバ機能,ポストプロセッシング機能,クライアント機能で構成されている。本稿ではサーバ機能及びポストプロセッシング機能の使い方を中心に報告する。","A visualization system on the Earth Simulator is developped. The system enables users to see a graphic representation of simulation results on a client terminal simultaneously with them being computed on the Earth Simulator. Moreover, the system makes it possible to change parameters of the calculation and its visualization in the middle of calculation. The graphical user interface of the system is constructed on a Java applet. Consequently, the client only needs a web browser, so it is independent of operating systems. The system consists of a server function, post-processing function and client function. This report describes mainly the usage of the server and post-processing functions.",Japanese,101 Pages,2002/08,Earth Simulator ; Real-time Visualization ; Post-processing Visualization ; Parallel Processing ; Tracking and Steering ; Java Applet ; NetCDF ; GrADS ; AVS Field Data ; RMV Format,,https://doi.org/10.11484/jaeri-data-code-2002-017,computer_vision,6,"visualization, 可視化",地球シミュレータ用可視化システム利用手引書,https://jopss.jaea.go.jp/search/servlet/search?18525,https://jopss.jaea.go.jp/pdfdata/JAERI-Data-Code-2002-017.pdf
4020805,JNC TJ7420 2005-081,東濃地域を対象とした精密数値地図作成作業,None,三箇 智二*,"Sanga, Tomoji*","東濃地域の水理環境を復元する基礎モデルとして,どこにどの様な地形特徴があるかを客観的に把握し,地形発達を解析する基礎となる高精度のデジタル地形モデル(DEM)を作成した。",We discuss characteristics of geographical features and a basin besides rivers at Tono using DEM.,Japanese,80 Pages,2002/03,no keyword,,,ar_mapping,6,地図作成,東濃地域を対象とした精密数値地図作成作業,https://jopss.jaea.go.jp/search/servlet/search?4020805,https://jopss.jaea.go.jp/pdfdata/JNC-TJ7420-2005-081.pdf
4037023,JNC TN9400 2002-007,ラマン分光分析法を用いたNaFe複合酸化物の分析,A Study on sodium iron oxides by laser raman spectroscopy,上野 文義; 大鳥 範和,"Ueno, Fumiyoshi; Otori, Norikazu","空気中に曝された高温の金属ナトリウムは、空気中の酸素や水分と反応してNa2O3,Na2O2,NaOH等を発熱的に生成する。これらのナトリウム化合物が鉄鋼材料と接触して腐食反応を生じるとき、温度、塩基度、酸素ポテンシャルに依存して、Na4FeO3,Na5FeO4,Na3FeO3等のNaFe複合酸化物が形成されると考えられる。本研究では、NaFe複合酸化物の結晶構造を明らかにするためのアプローチとしてレーザーラマン分光分析法を用い、室温におけるラマンスペクトルの基礎的なデータを得ることを目的に、合成された高純度のNa4FeO3,Na5FeO4,Na3FeO3に対する測定を実施した。 また、市販のNaFe化合物に対するラマン分光測定の結果と比較し、これら化合物のスペクトルの特徴を調べた。その結果、上記3種のNaFe複合酸化物の室温でのスペクトルの特徴を明らかにすることができた。同時にこれら化合物のラマン分光分析に適切な励起レーザー出力範囲が見出され、高い出力では不可逆的にスペクトルが変化することが明らかとなった。また、Na4FeO3をArガス中で573Kまで加熱した場合、レーザー出力を変化させた場合と同様にスペクトルが不可逆的に変化することもわかった。","High-temperature sodium on exposure to the air produces a corrosive melt including Na O, Na O and NaOH. If the melt contacts with steel, corrosion reaction occurs and several sodium-iron complex oxides (Na FeO , Na FeOt, Na FeO , etc.) produce depending on temperature, basicity and oxygen potential. In this study, as an approach to clarily the crystallne structure of the complex oxides, laser Raman measurements of the complex oxides were carried out to obtain fundamental Raman spectra of synthesized pure Na FeO , Na FeO and Na FeO in room temperature. Additionally, the results were compared with commercially available sodium-iron compounds and distinguishable patterns in the typical spectra of each complex oxide were examined. As the results, the distinguishable patterns were found for each oxide. Moreover, irreversible changes of the spectra under exposure to the higher laser power were found out so that appropriate laser power was recognized for Raman analysis of the complex oxides, in addition, the same irreversible spectra change was also found under high temperature up to 573K in Ar gas atmosphere as under exposure to the higher laser power.",Japanese,23 Pages,2002/03,no keyword,,,ar_mapping,6,ar,同時にこれら化合物のラマン分光分析に適切な励起レーザー出力範囲が見出され、高い出力では不可逆的にスペクトルが変化することが明らかとなった。また、Na4FeO3をArガス中で573Kまで加熱した場合、レーザー出力を変化させた場合と同様にスペクトルが不可逆的に変化することもわかった。,https://jopss.jaea.go.jp/search/servlet/search?4037023,https://jopss.jaea.go.jp/pdfdata/JNC-TN9400-2002-007.pdf
17699,JAERI-Data/Code 2002-003,Javaによる可視化プログラムの開発,Visualization program development using Java,佐々木 明; 周藤 佳子; 横田 恒*,"Sasaki, Akira; Sudo, Keiko; Yokota, Hisashi*","Java言語は、インターネット技術の要素として開発され、広く活用されるようになっているが、その基幹にあるオブジェクト指向の概念が、多種多様のオリジナルなデータを扱う大規模計算機シミュレーションとその可視化にも有用なことを示す。すなわちJava言語を活用することによって、れまで市販の可視化ツールを用いないとできなかった可視化表現を行い、しかもそれをユーザーが自分のプログラムの中で意のままにあやつるという、研究の現場で永く望まれていたことが実現する可能性が開かれると考えられる。本報告書では、Java言語を用いた実験,シミュレーション結果の可視化技術について検討し、1次元,2次元データの可視化,解析のためのプログラム開発に応用した例を示す。",no abstracts in English,Japanese,54 Pages,2002/03,Java ; 可視化 ; HPC ; オブジェクト指向,,https://doi.org/10.11484/jaeri-data-code-2002-003,computer_vision,6,"visualization, 可視化",Javaによる可視化プログラムの開発,https://jopss.jaea.go.jp/search/servlet/search?17699,https://jopss.jaea.go.jp/pdfdata/JAERI-Data-Code-2002-003.pdf
4037030,JNC TN9400 2002-045,「照射MOX燃料を用いたFP放出挙動試験」結果の評価,FPs release behavior from irradiated FBR MOX fuel,中桐 俊男; 佐藤 勇,"Nakagiri, Toshio; Sato, Isamu","燃料材料試験部照射燃料試験室および要素技術開発部熱化学安全試験グループで実施した「照射MOX燃料を用いたFP放出挙動試験」(FP-1,FP-2)結果について、核分裂生成物(FP)の燃料ペレットからの放出挙動をソースタームの観点から評価した。評価の結果、以下のような結論および課題を得た。1)Fp-1およびFP-2実験でのFP(Cs,Sb,Ru,Eu)放出割合をORNL等の実験結果、NUREG-0772モデルから計算された放出割合と比較し、 また、Boothモデルで使用すべきFP拡散係と比較した結果、どちらかと言えば従来酸化雰囲気で得られた放出割合、拡散係数等に近いことがわかった。ナトリウム蒸気等を含む還元性雰囲気ではFPの化学形態・放出挙動が今回とは異なることが考えられるため、別途実験を実施して放出挙動に関するデータを取得する必要があると考えられる。また、今回の結晶粒内のFP拡散係数算出には組織写真から得られる幾何学的な径を基にCsペレット内分布を考慮した等価直径をしようしたが、 本来はBoothモデルで使用すべき BET吸着面積から算出された等価径を基に、結晶粒径分布、FP分布による補正を加えた径をしようすることが望ましいと考えられる。2)Cs放出メカニズムとしては、今回考慮した結晶粒内でのFP固体拡散メカニズムに加え、燃料ペレット表面に付着したCs化合物の蒸発放出の影響を考慮する必要があり、低揮発性のRu,Euの放出メカニズムとしてはペレット表面からの蒸発が律速するメカニズムを考慮する必要があると考えられる。しかし、これらの放出メカニズムを考慮した評価を行うためには、燃料ペレット内でのFPの化学形態と分布、キャリアガス中の酸素ポテンシャルおよびFPの化学形態等を別途評価する必要があると考えられる。","Fission products (FPs) release behavior in the experiments (FP-1, FP-2) performed at JNC were evaluated from the viewpoint of source-term evaluation of FBR. Release fraction of FPs (Cs, Sb, Ru, Eu) in the experiments were calculated by NUREG-0772 model, and grain (hypothetical spheres) radius of fuel pellets and diffusion coefficient of FPs in grains for Booth model were calculated in the evaluation. Furthermore, the calculated values were compared with the values obtained in other experiments, The results of evaluation are summarized bellow. (1)The experiments (FP-1, FP-2) were performed in inert gas (Ar) condition, but FPs release fractions and diffusion coefficients in fuel grains almost agree with the values obtained in the other experiments which were performed in oxidized conditions. FPs release behavior in reduced condition containing such as sodium vapor are expected to be different from the behavior in FP-1 and FP-2. Some other experiments in reduced condition should be performed to investigate FPs release behavior in reduced conditions. Geometric grain radius obtained from metallographic images is used for the base data of diffusion coefficients evaluation, but the radius calculated from BET surface area is desirable. (2)Another release mechanism such as evaporation from the fuel pellet surface should be considered for more detailed evaluation of Cs composite and low volatile Ru and Eu release behavior, but, FPs chemical composition in fuel pellet, oxygen potential in carrier gas and FPs chemical composition in carrier gas, etc, should be evaluated in advance.",Japanese,75 Pages,2002/02,no keyword,,,ar_mapping,6,ar,"were calculated in the evaluation. Furthermore, the calculated values were compared with the values obtained in other experiments, The results of evaluation are summarized bellow. (1)The experiments (F",https://jopss.jaea.go.jp/search/servlet/search?4037030,https://jopss.jaea.go.jp/pdfdata/JNC-TN9400-2002-045.pdf
4018876,JNC TN4410 2001-001,高速炉補修線量評価システム「DORE」の開発ーシステム構築と「もんじゅ」への適用,Development of dose rate estimation system for FBR maintenance system construction and application to Monju evaluation,飯沢 克幸,not registered,"高速炉1次冷却系のナトリウムドレン後の点検保守時に被ばくをもたらす主な放射線源は放射性腐食生成物(CP)である。作業者の被ばくを予測し低減化を計画的に推進することを目的に、CP挙動解析コード(PSYCHE)の開発整備と遮蔽計算コード(QAD-CG)の利用が進められて来た。これら評価手法を実プラントの運転管理に利用し易いものとするため、解析コードのユーザインターフェースを改良し、計算結果の線量率マップの可視化を含む統合化システムを開発した。これを用いて、「もんじゅ」定格運転1次ナトリウム冷却系CP飽和線源の予測値による冷却系室線量率分布評価に適用し、有効性を確認した。本システムは""DORE""(DOSE RATE ESTIMATION SYSTEM FOR FBR MAINTENANCE)と称し、ネットワーク上のPC・WS環境において、WEBの技術を利用したイントラネット上で稼働するシステムとして構築した。システムは固有の入出力形式を持った解析コード(PSYCHE,QAD-CG)、コード制御と入力データ設定を画面から対話形式で行うWEBブラウザ、市販のアプリケーションソフト(CAD,可視化、ドキュメント編集)、解析コードと他のソフトとのデータ受渡し処理を行うプリ/ポストプロセッサ、これら受渡しデータのWEB環境への適合化処理ソフト(CGI,WEBサーバWEBクライアント)、及びデータファイルからなる。計算はまずQAD-CGコード","During maintenance activities on the primary sodium cooling system of an FBR personel radiation exposure arises mainly from the presence of radioactive corrosion products (CP). A CP behavior analysis code, PSYCHE, and radiation shielding ealculation code, QAD-CG, have been developed and applied to investigate the possible reduction of radiation exposure of workers. In order to make these evaluation methods more accessible to plant engineers, the user interface of the codes has been improved and an integrated system, including visualization of the calculated gamma-ray radiation dose-rate map, has been developed. The system has been verified by evaluating the distribution of radiation dose-rate within the Monju primary heat transport system cells from the estimated saturated CP deposition and distribution which would be present following about 20 cycle of full power operation. The system, ""DORE"" (Dose Rate Estimation System for FBR Maintenance), is operated under the environment of PC/WS on the JNC intranet. It constitutes of the analytical codes (PSYCHE, QAD-CG) with the peculiar input/output form, the Web browser which controls the codes and sets the input data interactively on the screen, the application software (CAD, visualization, documentation tools), pre/post processor which transmits data from the analysis code to the other software, the software which adjusts for the Web environment (CGI, Web server, Web client) and the data files. Initially the library of radiation dose rates at each of points within the space is calculated by QAD-CG, inputting the radioactive nuclides with the plant geometry forms and material kinds and unit of radioactivity concentration, and the plant shielding structure and material data. Next the deposition and distribution of CP nuclides on the primary sodium piping and components walls is calculated by PSYCHE. Lastly the radiation dose rates at each of the evaluation points can be calculated by QADLIST, using the PSYCHE ...",Japanese,267 Pages,2001/03,no keyword,,,computer_vision,6,"visualization, 可視化","G)の利用が進められて来た。これら評価手法を実プラントの運転管理に利用し易いものとするため、解析コードのユーザインターフェースを改良し、計算結果の線量率マップの可視化を含む統合化システムを開発した。これを用いて、「もんじゅ」定格運転1次ナトリウム冷却系CP飽和線源の予測値による冷却系室線量率分布評価に適用し、有効性を確認した。本システムは""DORE""(DOSE RATE ESTIMATION SYSTE",https://jopss.jaea.go.jp/search/servlet/search?4018876,https://jopss.jaea.go.jp/pdfdata/JNC-TN4410-2001-001.pdf
4027110,JNC TJ8400 2001-036,連成解析に係わる基盤情報調査研究; 成果報告書,Investigation research of core-basic information associated with the coupling analysis; result report,片岡 伸一*; 河原 憲一*; 松永 健一*; 石原 義尚*; 根山 敦史*; 中川 浩一*; 岩田 浩*; 森 康二*,"Kataoka, Shinichi*; Kawahara, Kenichi*; Matsunaga, Kenichi*; Ishihara, Yoshinao*; Neyama, Atsushi*; Nakagawa, Koichi*; Iwata, Hiroshi*; Mori, Koji*",本研究は、地層処分システムのニアフィールドにおける連成解析を実現させるため、海外における最新情報を調査し、連成解析コードの概念を示した。本研究の要旨を以下に示す。(1)米国ユッカマウンテンにおける連成解析では、サイトと人工バリアの仕様が特定されているため、M(力学)とC(化学)の結合は弱いものとして位置付けられている。(2)米国ユッカマウンテンにおいて採用されている連成解析コードNUFT-Cに関する情報収集を目的として、開発元の米国ローレンスリバモアと情報交換を行い、解析コードの開発目的、機能、事例解析、課題などの情報を収集することができた。(3)連成解析コードの概念構築、開発課題の摘出を目的として、公開情報に基づき、地球化学プロセスを含む連成解析の最新情報ならびに2相系に係わる解析コードの調査を行った。調査の結果、取扱っている現象、連成解析手法の動向に加え、今後の開発方針や注意事項について把握することができた。(4)連成解析コードの位置付けならびに要求事項(機能、品質)について明確にし、開発に際して留意すべき要件を明確にした。(5)サイトが特定されていない状況、短期間の開発に対して前記の要件を満足するための開発方法について検討した。その結果、計算時間の高速化や可視化にも柔軟に対応できるツール(Diffpack)が有効であり、本ツールの事例、機能についてまとめた。,"The newest literature information in the foreign countries was researched, and this research showed the basic concept of the coupling analysis code to realize coupling analysis in near field of the geological disposal system. The outline of this research is shown in the following. (1)The combination of M (Mechanical) and (Chemistry) is placed on the weak relations, Because coupling analysis of the United States Yucca Mountain limits a site and the specifications of engineered barrier. (2)One of the purposes of this research is information collecting about coupling analysis code NUFT-C adopted in the United States Yucca Mountain. Therefore, we carried out an information exchange with the United States Lawrence Livermore National Laboratory. We could collect the development purpose of analysis code, key function, and information such as a test case analysis. (3)The investigation of the analysis code concerned with the newest information of coupling analysis which contains the geochemistry process and 2 phase system was done based on the public information for the purpose of building some concept of the coupling analysis code, the extraction of the development issues. It could be understood about the future development strategy and the precaution in addition to a phenomenon to deal with, the current status of the coupling analysis technique as a result of the investigation. (4)It was cleared about the mission of the coupling analysis code and the requirement items (function, quality) by this research. Then, some development options were presented. (5)It was studied about the procedure of developing it to satisfy the above requirement toward the conditions that a site isn't selected, the short development. The tool (Diffpack) which could cope with the speed-up of the calculation time and visualization flexibly was effective, and it was summarized about the test case by using this tool, the key function of this tool as that result.",Japanese,202 Pages,2001/03,no keyword,,,computer_vision,6,"visualization, 可視化",すべき要件を明確にした。(5)サイトが特定されていない状況、短期間の開発に対して前記の要件を満足するための開発方法について検討した。その結果、計算時間の高速化や可視化にも柔軟に対応できるツール(Diffpack)が有効であり、本ツールの事例、機能についてまとめた。,https://jopss.jaea.go.jp/search/servlet/search?4027110,https://jopss.jaea.go.jp/pdfdata/JNC-TJ8400-2001-036.pdf
4037080,JNC TY9400 2001-019,複雑形状流路による可視化画像を用いた熱流動特性計測に関する研究,None,松井 剛一*; 文字 秀明*; 田中 正暁; 上出 英樹,"not registered; Monji, Hideaki*; not registered; Kamide, Hideki",高速炉の実用化に向け経済性の向上を計る上で炉心の高燃焼度化が求められている。燃焼度が上がると燃料ピンバンドルは変形することが知られており、その熱流動特性を評価する手法が高燃焼炉心の達成に必須である。このような解析評価手法の開発・検証のためには複雑な形状をした流路の温度、速度場の実験データが必要となる。本研究は先行基礎工学研究として、平成12年度から2年間の計画で実施している。変形ピンバンドルを含めて原子炉内に多く存在する複雑形状流路に対する実験計測手法を確率するとともに、複雑流路として粒子充填層内の流れをとりあげその特性を明らかにするものである。複雑な曲面からなる流路をもち、工学的応用が比較的多いシンプルな体系として粒子充填層を取り上げ、この中の熱流動場に対して屈折率調整と画像処理を組み合わせた計測手法を適用し、その熱流動特性を明らかにする。ヨウ化ナトリウム(NaI)水溶液とパイレックスガラス球を用い、Nd-YAGレーザを光源とし、NaI水溶液を調整し濃度56.9{wt%}(25%)とすれば、NaI水溶液とパイレックスガラス球の屈折率が一致することを確認し、球充填層内の流動場を粒子画像流速測定法により把握する手法を確立した。本手法を用い、直径20mmおよび直径10mmのガラス球を正方格子状に粗充填した場合と直径20mmのガラス球を千鳥状に密充填した場合の3種類の充填形態について充填層内部の流れの発達の様子や充填層の周辺を含めた流動構造を明らかにした。,None,Japanese,69 Pages,2001/03,no keyword,,,computer_vision,6,"可視化, 画像処理",複雑形状流路による可視化画像を用いた熱流動特性計測に関する研究,https://jopss.jaea.go.jp/search/servlet/search?4037080,https://jopss.jaea.go.jp/pdfdata/JNC-TY9400-2001-019.pdf
11365,JAERI-Data/Code 2001-008,可視化容器を用いたJCO沈殿槽の溶液注入試験,A Solution pouring test of JCO precipitation tank using a visualization vessel,渡辺 庄一; 三好 慶典,"Watanabe, Shoichi; Miyoshi, Yoshinori","JCO沈殿槽の臨界事故における、ウラン溶液注入時の界面挙動を把握することを目的として、沈殿槽の胴体部及び下部鏡板部の形状寸法を模擬した可視化容器(透明容器)を製作し、ウラン溶液注入時を再現した可視化試験を行った。注入液の容器内への拡散状態,可視化容器内への模擬溶液注入時の液面の揺動(スロッシング),ボイドの巻き込み状態等を観察するとともにビデオ撮影した。また、溶液注入時の液面の変動量及び平均上昇液位は、容器内に垂直配置した直読式水深棒を用いて測定した。溶液注入時のボイドの巻き込み量は局所的であった。注入初期の液面の高低差は 3mm程度であり、注入終了時で 2mm程度に減少したことから、液面揺動量は平均液位に対して1%程度以内と考えられる。",no abstracts in English,Japanese,62 Pages,2001/03,JCO沈殿槽 ; 可視化容器 ; 溶液注入試験 ; 液面揺動,,https://doi.org/10.11484/jaeri-data-code-2001-008,computer_vision,6,"visualization, 可視化",可視化容器を用いたJCO沈殿槽の溶液注入試験,https://jopss.jaea.go.jp/search/servlet/search?11365,https://jopss.jaea.go.jp/pdfdata/JAERI-Data-Code-2001-008.pdf
10992,JAERI-Data/Code 2001-003,可視化デバッガの改良; データ取得機能の高速化と複数のプログラムの比較、組み合わせ表示機能の開発,Improvement of visual debugging tool; Shortening the elapsed time for getting data and adding new functions to compare/combine a set of visualized data,松田 勝之*; 武宮 博*,"Matsuda, Katsuyuki*; Takemiya, Hiroshi*","科学技術計算プログラムのデバッグ作業を支援する可視化デバッガvdebugにおけるデータ取得を高速化した。また、複数のプログラムを比較したり、組み合わせて表示する機能を追加した。データ取得の高速化では、SX-4のdbx,pdbxで100倍以上、SR2201のndbで10倍以上の成果を得ることができた。複数のプログラムの比較では、SPとONYXのうえで実行したプログラムが各計算ステップでほぼ同じ値を示していることを容易にチェックできることを確認した。本報告書では、このvdebugのデータ取得機能に対して行った改良とその結果、並びに複数プログラムの比較方法と実施例について述べる。",no abstracts in English,Japanese,27 Pages,2001/03,Visualization ; Debugging ; Visual Analysis ; Scientific Simmulator ; Debugger,,https://doi.org/10.11484/jaeri-data-code-2001-003,computer_vision,6,"visualization, 可視化",可視化デバッガの改良; データ取得機能の高速化と複数のプログラムの比較、組み合わせ表示機能の開発,https://jopss.jaea.go.jp/search/servlet/search?10992,https://jopss.jaea.go.jp/pdfdata/JAERI-Data-Code-2001-003.pdf
4036694,JNC TJ9400 2001-003,鉛スペクトロメータを用いたテクネシウム-99の中性子捕獲断面積測定,Neutron capture cross section measurement of Tc-99 with lead slowing-down spectrometer,小林 捷平*,"Kobayashi, Katsuhei*","本研究では、まず、長寿命核分裂生成物(LLFP)の代表的核種であるTc-99について、その中性子核データの実測値及び評価済核データの現状調査を行った。次に、京都大学原子炉実験所の46MeV電子線型加速器(ライナック)を用いた飛行時間(TOF)分析法によって、10B(n, )反応断面積に対する相対値として0.01eV 10keV領域における99Tc(n, )の100乗Tc反応断面積を測定した。本実験では、中性子捕獲によって放出される即発ガンマ線をC6D6液体シンチレータによって測定する実験手法を用いた。試料中における中性子の自己遮蔽効果をMCNPモンテカルロコードにより計算、補正した後、得られた捕獲断面積の相対測定値を熱中性子(0.0253eV)の標準的な断面積値に規格化した。従来の実験値、評価値は、本実験値と概ね一致を示したが、共鳴ピーク領域の凹み部では評価データが低い。また、京都大学原子炉実験所のライナックと組み合わせた鉛スペクトロメータ(KULS)を用いて、0.25eV 300eV領域における99Tc(n, )の100乗Tc反応断面積の測定を行った。この場合はアルゴンガス比例計数管によって捕獲ガンマ線測定を行い、中性子束/スペクトル測定にはBF3比例計数管を用いた。TOF測定の場合と同様、中性子自己遮蔽効果の補正を行った後、低エネルギー中性子(0.35eV)の標準的な断面積値に規格化した。従来の実測値、評価値との比較結果は上述のTOF実験の場合とほぼ同様で、評価値は共鳴の凹み部でKULSデータより低い。また、KULSを用いた測定値は、TOF法で得たデータをKULSのエネルギー分解能でなました(broadening)結果に近くなっている。最後に、Tc-99試料を用いて行った放射化法による予備実験の結果について述べる。","The present status of nuclear data for technetium(Tc)-99, which is a well-known long-lived fission product (LLFP), has been reviewed. Making use of the neutron time-of-flight (TOF) method with a 46 MeV electron linear accelerator (linac) of the Kyoto University Research Reactor Institute (KURRI), the Tc (n, ) Tc cross section has been measured from 0.01eV to 10keV relative to the B (n, ) reaction with a pair of C D liquid scintillation detectors. After the neutron self-shielding correction for the Tc-99 sample, the cross section has been normalized at 0.0253eV to the well-known reference cross section value. The existing experimental data and the evaluated data in ENDF/B-VI and JENDL-3.2 are in general agreement with the current measurement, although the evaluations seem to be lower than the measurement in the valley regions of the resonance cross section. The Kyoto University Lead slowing-down Spectrometcr (KULS) has been also applied to the capture cross section measurement from 0.25eV to 300eV with an Ar-gas proportional counter. The neutron flux/spectrum in the KULS has been measured with a BF proportional counter. The result obtained has been also normalized at 0.35eV to the well-known reference cross section. The same tendency as the result with the current TOF measurement can be seen with the KULS measurement in comparison of the earlier measurements and the evaluated values. The KULS data are close to those obtained by energy-broadening the TOF data. Finally, the preliminaly result of the neutron activation experiment with the Tc-99 sample is presented.",Japanese,66 Pages,2001/02,no keyword,,,ar_mapping,6,ar,"The present status of nuclear data for technetium(Tc)-99, which is a well-known long-lived fission product (LLFP), has been reviewed. Making use of t",https://jopss.jaea.go.jp/search/servlet/search?4036694,https://jopss.jaea.go.jp/pdfdata/JNC-TJ9400-2001-003.pdf
8701,JAERI-Review 2000-035,"Review of JT-60U experimental results from February to October, 1999",JT-60U 1999年2月-10月実験結果のレビュー,JT-60チーム,JT-60 Team,"1999年は、負磁気シア放電の長時間化について、(1)DT等価核融合増倍率Q(n T(0)~4 10 m ・keV・s)~0.5の0.8秒維持,(2)80%が自発電流の完全電離駆動を実現した。負磁気シア放電の内部輸送障壁(ITB)の物理に関連して、さまざまな研究が進められた。高性能( =2.4,H =2.56)の高 H-modeプラズマ(I =1.5MA,B =3.7T,q =4.2)において、92%の電流駆動を得た。この時のNNB(3.4MW,360keV)による電流駆動効率は、ビーム電流駆動としては最高の1.3 10 A/W/m であった。H-mode研究では、しきいパワー、高プラズマ密度領域での閉じ込めの劣化とペデスタル構造が研究された。1999年より周波数110GHz、入射パワー0.75MW(トーラス入射パワー)のECRF加熱系が稼働を開始した。プラズマへの入射により電流分布の変化、テアリング不安定性及び鋸歯状振動に対する抑制効果が観測された。真空容器壁による安定化効果が大きい配位で、負磁気シアプラズマにおいて最高値の =2.8を得て、ディスラプション時に抵抗性壁モーデを観測した。プラズマの安全係数を2あるいは3以下に落とすことにより、逃走電子の消滅することが示された。プラズマ制御では、新たに蓄積エネルギー、放出損失量ほかの実時間制御が実験で日常的に使用されるようになった。重水素及び不純物中性粒子排気の増強のため、1999年にはW型ダイバータにおいて外側排気口が追加され、両側ダイバータからのポンプ排気が可能となった。排気速度が最大となる配位では、ビーム加熱放電でX点MARFEが存在してもZeffが2.3-2.6に低減した。ヘリウム排気実験においても、従来より45%改善して * / ~2.8を得た。放射損失を増大させるAr等の不純物量のフィードバック制御により、高密度(Greenwald密度の70%)で従来より高い閉じ込め性能(H~1.4-1.5)のELMy H-modeプラズマが得られた。ダイバータ領域を空間分解能16chで見込む可視分光器に導入とともに、化学スパッタリングの研究が進展した。",no abstracts in English,English,164 Pages,2001/02,JT-60U ; Fusion Power Goun ; Steady State ; Revered Shear ; Internal Barrier Transport ; High H-mode ; Current Drive ; NNB ; W-shape Divertor ; ECRF,,https://doi.org/10.11484/jaeri-review-2000-035,ar_mapping,6,ar,"Review of JT-60U experimental results from February to October, 1999",https://jopss.jaea.go.jp/search/servlet/search?8701,https://jopss.jaea.go.jp/pdfdata/JAERI-Review-2000-035.pdf
9311,JAERI-Tech 2000-077,シミュレーションモニタリングシステムの開発,Development of the simulation monitoring system,加藤 克海*; 渡辺 正; 久米 悦雄,"Kato, Katsumi*; Watanabe, Tadashi; Kume, Etsuo",計算科学技術推進センターでは、原子力分野における計算科学研究の一環として大規模数値シミュレーション技術に関する研究を行っており、シミュレーション結果の効率的な理解のための可視化並びに動画像処理技術の開発整備作業を進めている。本報告書では、シミュレーションの途中経過の実時間可視化、あるいは計算結果の連続可視化を行うためのシミュレーションモニタリングシステムの開発について記述する。シミュレーションモニタリングシステムは、汎用可視化ツールAVS5またはAVS/EXPRESSを使用しているため、さまざまな計算機環境での利用が可能である。,no abstracts in English,Japanese,50 Pages,2001/01,シミュレーション ; モニタリング ; 可視化 ; AVS5 ; AVS/EXPRESS,,https://doi.org/10.11484/jaeri-tech-2000-077,computer_vision,6,"可視化, 画像処理",術推進センターでは、原子力分野における計算科学研究の一環として大規模数値シミュレーション技術に関する研究を行っており、シミュレーション結果の効率的な理解のための可視化並びに動画像処理技術の開発整備作業を進めている。本報告書では、シミュレーションの途中経過の実時間可視化、あるいは計算結果の連続可視化を行うためのシミュレーションモニタリングシステムの開発について記述する。シミュレーションモニタリングシステム,https://jopss.jaea.go.jp/search/servlet/search?9311,https://jopss.jaea.go.jp/pdfdata/JAERI-Tech-2000-077.pdf
8765,JAERI-Data/Code 2000-040,JT-60Uにおけるプラズマパラメータ分布解析,Analyses of plasma parameter profiles in JT-60U,白井 浩; 清水 勝宏; 林 伸彦; 板倉 洋文*; 高瀬 計三*,"Shirai, Hiroshi; Shimizu, Katsuhiro; Hayashi, Nobuhiko; Itakura, Hirofumi*; Takase, Keizo*",JT-60Uプラズマにおける測定データを磁気面量として分布データに処理し解析する方法をまとめた。MHD平衡計算・登録ソフトFBEQUにおいて得られたMHD平衡は、データベースとしてショットごとに保存される。JT-60Uのポロイダル断面上の異なる幾何学的配置で計測される多数のプラズマ実験データは、実験データ時間断面モニターソフトSLICEにより、MHD平衡磁気面上にマッピングされ、体積平均小半径 の関数に加工される。SLICEでマッピングされたデータは、フィッティングされた後、分布データベースファイルMAP-DBに保存される。さらに、SLICEはMHD平衡と自己無撞着なプラズマ電流解析コードACCOME、粒子軌道追跡モンテカルロ・コードOFMC、トカマクプラズマ予測解析コードシステムTOPICSの実行用データTOKRDを作成する。,no abstracts in English,Japanese,214 Pages,2001/01,プラズマパラメータ ; JT-60 ; 計測データ ; MHD平衡 ; グラド-シャフラノフ方程式 ; 体積平均小半径 ; SLICE ; 分布データベース ; アーベル変換 ; データフィッティング,,https://doi.org/10.11484/jaeri-data-code-2000-040,ar_mapping,6,マッピング,JT-60Uのポロイダル断面上の異なる幾何学的配置で計測される多数のプラズマ実験データは、実験データ時間断面モニターソフトSLICEにより、MHD平衡磁気面上にマッピングされ、体積平均小半径 の関数に加工される。SLICEでマッピングされたデータは、フィッティングされた後、分布データベースファイルMAP-DBに保存される。さらに、SLICEはMHD平衡と自己無撞着なプラズマ電流解析コードACCOME、粒子軌,https://jopss.jaea.go.jp/search/servlet/search?8765,https://jopss.jaea.go.jp/pdfdata/JAERI-Data-Code-2000-040.pdf
4036772,JNC TN9400 2000-103,改良9Cr-1Mo鋼のクリープ損傷とラス組織回復の局所化,A study on a relationship between localization of recovery in lath structure and creep damage in Mod.9Cr-1Mo steel,永江 勇二; 青砥 紀身,"not registered; Aoto, Kazumi",本研究では、Mod.9Cr-1Mo鋼の複数の長時間クリープ破損試験片の破面からの距離とラス幅の変化を精緻に観察することで、破損位置決定に至る損傷進行の局所化を評価検討した。複数のクリープ破損試験片の破面からの距離とラス幅の関係を調査した結果、破面に近づくにつれてラス幅が大きくなっていることが分かった。受入時には、ラス幅の大きな違いがないことから、クリープ損傷の進行により局所的なラス組織回復が生じているものと考えられる。このラス組織回復の原因を調査するために、析出物の粗大化によりラス組織の局所的な回復が生じると考え、破面からの距離による析出物の面積率および大きさの比較を行った。その結果、破面から距離が異なっても析出物の面積率および大きさには違いがないことが分かった。したがって、析出物の粗大化が局所的ラス組織回復の原因ではないと考えられる。,"In this study, the change of lath structure with the increase of distance from fractured surface was observed in detail and the localization of creep damage to decide fracture position was investigated. As the results of the relationship between lath width and distance from fractured surface, the lath width obviously increased as a distance from fractured surface decreased. Lath widths in the different positions of as-received specimen were almost same. These result indicates that recovery of lath structure lacalizes with creep damage. It was considered that the coarsening of precipitates caused localization of recovery in lath structure. Area fraction of precipitates and cross-section of each precipitate in different positions from fractured surface were measured and compared. There were no differences in area fraction of precipitates and cross-section of each precipitate in different positions. Therefore it was found out that the reason for localization of recovery of lath structure was not coarsening of precipitates.",Japanese,32 Pages,2000/09,no keyword,,,ar_mapping,6,localization,A study on a relationship between localization of recovery in lath structure and creep damage in Mod.9Cr-1Mo steel,https://jopss.jaea.go.jp/search/servlet/search?4036772,https://jopss.jaea.go.jp/pdfdata/JNC-TN9400-2000-103.pdf
4026976,JNC TN8400 2000-025,圧縮ベントナイト間隙水のpH測定(3) 低アルカリ性セメント浸出溶液試験,Direct pH measurement of porewater in compacted bentonite (III); Influence of low alkalinity cement on bentonite porewater,磯貝 武司*; 小田 治恵,"Isogai, Takeshi*; Oda, Chie","現在、地層処分システムを構成するプラグ、支保工材料として低アルカリ性セメントを用いることが検討されている。核種移行やオーバーパックの腐食挙動および緩衝材の長期安定性を評価する上では、緩衝材中の間隙水化学が重要となる。よって本報告では低アルカリ性セメント浸出溶液中での緩衝材間隙水のpH測定を行った。緩衝材材料であるNa型ベントナイト(乾燥密度1.6[g/cm3],直径2[cm],高さ4[cm]の円柱状)の圧縮成型体にpH指示薬含浸樹脂を埋め込み、Ar雰囲気制御下(酸素濃度1ppm以下)にて低アルカリ性セメント浸出溶液(pH≒11)に浸漬させた。1,3,6ヶ月に取り出した樹脂の呈色状態より、間隙水のpHはそれぞれpH≒9、pH≒9、pH≒11と判断した。本試験でみられたベントナイト間隙水のpHの経時変化は、前報告での蒸留水やNaCl水溶液を試験溶液(pH≒9)として用いた場合の試験結果と同じ傾向であった。これより、低酸素濃度条件下におけるベントナイト間隙水は、接する溶液のpHが9 11の範囲にあるとき、本試験に用いたベントナイト形状においては、1 3ヶ月の試験期間ではカラム外側溶液のpHよりも低くなり、6 7ヶ月以降にはカラム外側溶液のpHと同等かそれ以上となることが判った。","Porewater chemistly in compacted bentonite would affect a performance of engineered barrier system in a high-level radioactive waste repository, whereas there are little information of the porewater based on experimental data. The previous study provided a new method of direct pH measurement for highly compacted bentonite system and demonstrated some tests for compacted bentonite samples (the dry densities: 1.6 [g/cm ] and 1.8 [g/cm ]) both with the de-ionized water and with the NaCl solution. In this study, the solution equilibrated with low alkalinity cement were used in the direct pH measurement to see the effect of the composition of the external solutions, in which the bentonite column immersed. The result showed that the pH value of porewater in the cementitious condition was around 9 during the immersed time 1 to 3 months, while after 6 months became the porewater pH 10.6, which was equal to pH of the external solution.",Japanese,48 Pages,2000/09,Ar雰囲気 ; Na型ベントナイト ; pH ; pH指示薬 ; pH測定 ; アルゴン ; カラム外側溶液 ; セメント ; ナトリウム ; プラグ ; ベントナイト ; 圧縮成型体 ; 緩衝材 ; 緩衝材間隙水 ; 間隙水 ; 経時変化 ; 酸素欠乏 ; 支保工 ; 浸出液 ; 浸出溶液 ; 浅地層処分 ; 地層処分システム ; 低アルカリ性セメント ; 低酸素濃度 ; 廃棄物 ; 放射性廃棄物,,,ar_mapping,6,ar,"を行った。緩衝材材料であるNa型ベントナイト(乾燥密度1.6[g/cm3],直径2[cm],高さ4[cm]の円柱状)の圧縮成型体にpH指示薬含浸樹脂を埋め込み、Ar雰囲気制御下(酸素濃度1ppm以下)にて低アルカリ性セメント浸出溶液(pH≒11)に浸漬させた。1,3,6ヶ月に取り出した樹脂の呈色状態より、間隙水のpHはそれぞれpH≒9、pH≒9、pH≒11と判断した。本試験でみられたベントナイト間隙水",https://jopss.jaea.go.jp/search/servlet/search?4026976,https://jopss.jaea.go.jp/pdfdata/JNC-TN8400-2000-025.pdf
4036767,JNC TN9400 2000-097,ラマン分光分折法による高温NaOH溶媒中の酸化物イオンに関する研究,A Study on oxide ions in sodium hydroxide solvent at high temperature by laser Raman spectroscopy,上野 文義; 大鳥 範和,"Ueno, Fumiyoshi; Otori, Norikazu",高温のナトリウムが大気中において燃焼し高温の溶融体を形成する際、湿分を吸ってNaOHが生成し、その結果NaOHを溶媒とする高温のナトリウム化合物溶融体となる場合がある。この溶融体中に過酸化物イオン(O )が存在するとき、その高い酸化能力によって鉄鋼材料などを著しく腐食すると考えられている。本研究は、高温のNaOH溶媒中の過酸化物イオンの存在状態を調べることを目的として実施した。腐食性の強い高温融体にも適用可能なラマン分光分析法を採用し、Na O 試薬単独またはNaOHとの混合試薬について測定を行った。この実験を行うために、試料を最高1073Kまで加熱する能力を有しかつArガス中に密封できる試料加熱容器を用意した。得られたスペクトルに基づいて、高温のNaOH溶媒中での過酸化物イオンの存在や安定性について検討した。また、Na O 試薬中に含まれる不純物の超酸化物イオン(O $^ )イオンの安定性についても検討した。その結果、過酸化物イオンは単独では873Kまで、NaOH溶媒中では823Kまで安定に存在することが示された。また、超酸化物イオンは単独の場合は873Kまで、NaOH溶媒中では773Kまで安定に存在することが示された。さらに、超酸化物イオンは高温において過酸化物イオンに変化することはないと考えられた。,"If high temperature sodium is burned in humid air, its compound will become high temperature melt of sodium hydroxide as a solvent. If this melt includes peroxide ion, it will be a considerably active aggressive and corrosive for steels. This study was carried out in order to investigate the ability of presence of peroxide ion in sodium hydroxide solvent at high temperature. Laser Raman Spectroscopy was employed to analyze the Raman spectra of sodium peroxide and mixed specimen of sodium hydroxide with sodium peroxide. These reagents were heated up to 1073K under Ar gas atmosphere in the specially made vesse1. Detectability and stability of peroxide ion at high temperature were investigated. Also we investigated about superoxide ion by using sodium peroxide and potassium superoxide. Superoxide ion was induded in sodium peroxide as an impurity. As the result, the stability of peroxide ion in high temperature melt was showed up to 873K for sodium peroxide and 823K for sodium hydroxide mixed with sodium peroxide. And as the results for superoxide ion, its stability was showed as up to 873K for unmixed potassium superoxide and up to 773K for sodium hydroxide mixed one. Additionally, it was considered that superoxide ion will not change into peroxide ion in sodium hydroxide solvent at high temperature.",Japanese,55 Pages,2000/09,no keyword,,,ar_mapping,6,ar,ラマン分光分析法を採用し、Na O 試薬単独またはNaOHとの混合試薬について測定を行った。この実験を行うために、試料を最高1073Kまで加熱する能力を有しかつArガス中に密封できる試料加熱容器を用意した。得られたスペクトルに基づいて、高温のNaOH溶媒中での過酸化物イオンの存在や安定性について検討した。また、Na O 試薬中に含まれる不純物の超酸化物イオン(O $^ )イオンの安定性についても検討し,https://jopss.jaea.go.jp/search/servlet/search?4036767,https://jopss.jaea.go.jp/pdfdata/JNC-TN9400-2000-097.pdf
4036759,JNC TN9400 2000-089,Investigation for the sodium leak in Monju; Sodium leak and fire test-I,もんじゅナトリウム漏えい事故の原因究明; ナトリウム漏えい燃焼実験-I,川田 耕嗣; 寺奥 拓史; 大野 修司; 宮原 信哉; 三宅 収; 田辺 裕美,"Kawada, Koji; not registered; Ohno, Shuji; not registered; Miyake, Osamu; Tanabe, Hiromi",「もんじゅ」2次主冷却系ナトリウム漏えい事故の原因究明の一環として、ナトリウムによる漏えい速度・漏えい形態の確認実験、ナトリウム漏えい燃焼実験-I、ナトリウム漏えい燃焼実験-IIを順次実施した。本報告は、この内のナトリウム漏えい燃焼実験-Iに関するものである。ナトリウム漏えい燃焼実験-Iは、換気空調ダクト、グレーチングでの漏えいナトリウムの燃焼および破損挙動、漏えいナトリウムの床ライナヘの影響挙動を明らかにする目的で、大規模ナトリウム漏えい燃焼試験施設(SAPFIRE)の大型密閉試験装置(SOLFA-2)を用いて実施した。実験では、「もんじゅ」と同仕様の温度計と周囲の保温構造の一部、換気空調ダグトおよびグレーチングを実機と同様に設置し、また床面には実機の床ライナと同仕様の受け皿を設置し、漏えい事故室の機器構造・配置を部分的に模擬した。実験は、480 のナトリウムを温度計から当初約4時間にわたって漏えいさせる予定であったが、排煙処理装置の排気流量低下のため約1.5時間で終了した。各部における燃焼挙動、破損挙動等はCCDカメラ、熱電対等を用いて確認した。ナトリウム漏えい燃焼実験-Iから、以下の結果を得た。(1)温度計からのナトリウム漏えい形態は、煽ネい開始直後はフレキシブル管からの流線状の飛散後、換気空調ダクト上で跳ね返って液滴状燃焼になるのが確認された。(2)換気空調ダクトは、表面温度が約600 約700 の範囲であったが、「もんじゅ」で見られたような開口はなく、ダクト本体の破損は認められなかった。(3)グレーチングは、上面温度が約650 約940 の範囲で推移していたが、鋼板の一部に欠損や減肉が認められた。(4)床面に設置した受け皿の裏面温度は、約10分後に約700 に達し、その後は約740 約770 で推移していたが、受け皿の破損はなく、最大約1mmの減肉が認められた。(5)受け皿上には、「もんじゅ」と同様にナトリウム酸化物が山状に堆積し、堆積物最下層からは、鉄とナトリウムの複合酸化物(Na4FeO3)が確認された。,"As a part of the work for investigating the sodium leak accident which occurred in the Monju reactor (hereinafter referred to as Monju) on December 8, 1995, threetests, (1)a sodium leaktest, (2)a sodium leak and fire test-I, and(3)a sodium leak and fire test-II, were carried out at OEC/PNC, The main objectives of these tests were to confirm the leak and burning behavior of sodium from the damaged thermometer, and the effects of the sodium fire on the integrity of the surrounding structure. This report describes the results of the sodium fire test-I carried out as a preliminary test. The test was performed usjng the SOLFA-2 (Sodium Leak, Fire and Aerosol) facility on April 8, 1996. In this test, sodium heated to 480 C was leaked for approximately l.5 hours from a leak simulating apparatus and caused to drop onto a ventilation duct and a grating with the same dimensions and layout as those in Monju. The main conclusions obtained from the test are shown below: (1)Observation from video cameras in the test revealed that jn the early stages of the sodium leak, sodium dripped out of the flexible tube of the thermometer. This dripping and burning expanded in range as the sodium splashed on the duct. (2)No damage to the duct itself was detected. However, the aluminum louver frame of the ventilation duct's lower inlet was damaged. lts machine screws came off, leaving half of the grill (on the grating side) detached. (3)NO large hole, like the one seen at Monju, was found when the grating was removed from the testing system for inspection, although the area centered on the point were the sodium dripped was damaged in a way indicating the first stages of grating failure. The 5mm square lattice was corroded through in some parts, and numerous blades (originally 3.2 mm thick) had become sharpened like the blade of a knife. (4)The burning pan underside thermocouple near the leak point measured 700 C in within approximately 10 minutes, and for the next ...",English,258 Pages,2000/08,no keyword,,,computer_vision,6,"camera, カメラ",ムを温度計から当初約4時間にわたって漏えいさせる予定であったが、排煙処理装置の排気流量低下のため約1.5時間で終了した。各部における燃焼挙動、破損挙動等はCCDカメラ、熱電対等を用いて確認した。ナトリウム漏えい燃焼実験-Iから、以下の結果を得た。(1)温度計からのナトリウム漏えい形態は、煽ネい開始直後はフレキシブル管からの流線状の飛散後、換気空調ダクト上で跳ね返って液滴状燃焼になるのが確認された。(2),https://jopss.jaea.go.jp/search/servlet/search?4036759,https://jopss.jaea.go.jp/pdfdata/JNC-TN9400-2000-089.pdf
4036888,JNC TY9400 2000-018,高密度比気液二相流に関する基礎研究(先行基礎工学研究に関する共同研究報告書),Fundamental Research of Two-Phase Flows with High Liquid/Gas Density Ratios,三島 嘉一郎*; 日引 俊*; 齊藤 泰司*; 飛田 吉春; 小西 賢介; 鈴木 徹,"Mishima, Kaichiro*; Hibiki, Takashi*; Saito, Yasushi*; Tobita, Yoshiharu; Konishi, Kensuke; Suzuki, Toru",高速炉の炉心損傷事故時に形成される燃料-スティール混合プールの沸騰挙動を解明するためには、溶融金属を含む気液二相プールの流動特性を把握することが必要である。これは、気体に対する液体の密度比が高いため、その流動特性が通常とは異なる可能性があるからである。そこで、本研究ではこのような高密度比気液二相流の流動特性に関する基礎研究として、中性子ラジオグラフィを用いて窒素ガス-溶融金属(鉛ビスマス)二相流の可視化・流動特性計測を行ない、気泡形状、ボイド率および液相の速度分布などの基礎データを取得するとともに、同データを活用してサイクル機構で開発中のSIMMER-IIIコードで用いられている運動量交換モデルの検証・改良を行った。中性子ラジオグラフィによる窒素ガス-溶融金属二相流の可視化では、ボイド率や気相流束が小さい場合には変形した楕円状気泡が現れ、大きい場合にはキャップ状気泡が現れることが確認された。また、実験結果を既存の実験相関式と比較することによりSIMMER-IIIコードに適用可能な相関式を提案した。さらに、金カドミウムトレーサを用いた可視化実験を行い、ボイド率の定量化に用いた画像処理法を応用することによって液相速度場が計測できることを示した。一方、SIMMER-IIIコードによる解析では、楕円状気泡が現れる場合は従来の運動量交換モデルを用いることが適切であり、キャップ状気泡が現れる場合は実験で提案された相関式を用いることによってSIMMER-IIIの予測精度が格段に向上することが明らかになった。さらに、気泡の形状に応じて運動量交操モデル中の抵抗係数を切り替える新たなモデルを提案し、気泡流領域の広いボイド率範囲にわたってSIMMER-IIIは高密度比気液二相流の流動を再現できるようになった。,no abstracts in English,Japanese,72 Pages,2000/07,no keyword,,,computer_vision,6,"可視化, 画像処理",からである。そこで、本研究ではこのような高密度比気液二相流の流動特性に関する基礎研究として、中性子ラジオグラフィを用いて窒素ガス-溶融金属(鉛ビスマス)二相流の可視化・流動特性計測を行ない、気泡形状、ボイド率および液相の速度分布などの基礎データを取得するとともに、同データを活用してサイクル機構で開発中のSIMMER-IIIコードで用いられている運動量交換モデルの検証・改良を行った。中性子ラジオグラフィに,https://jopss.jaea.go.jp/search/servlet/search?4036888,https://jopss.jaea.go.jp/pdfdata/JNC-TY9400-2000-018.pdf
4036633,JNC TN9410 2000-008,高速実験炉「常陽」冷却材及びカバーガス純度管理データベース(MK-II炉心),JOYO coolant sodium and cover gas purity control database (MK-II core),伊藤 和寛; 根本 昌明; 佐井川 拓也*; 助川 一弥*,"not registered; Nemoto, Masaaki; Saikawa, Takuya*; Sukegawa, Kazuya*",高速実験炉「常陽」は、昭和57年に、照射用炉心(MK-II炉心)として初臨界を迎えて以来31サイクルの定格出力運転と13項目の特殊試験のための短期間運転及び8回の定期検査を行い、平成9年12月にMK-III炉心への移行を開始した。この間、1次系ナトリウムは67回、2次系ナトリウムは81回、1次系カバーガスは75回、2次系カバーガスはオーバフロータンク及びダンプタンクから各89回のサンプリングを実施し、不純物濃度データを蓄積してきた。「常陽」MK-II炉心の集大成として、これらのデータ及びこれらに関連するプラントデータについてユーザが利用できるようにデータベースとして整備した。本データベースには、関連するプラントデータと「常陽」実機で測定した1次系ナトリウム及び2次系ナトリウム中の酸素、炭素、水素、窒素、塩素、鉄、ニッケル及びクロムを、1次カバーガス及び2次カバーガス中の酸素、水素、窒素、一酸化炭素、二酸化炭素、メタン及びヘリウムの濃度を収録している。これらのデータは、ユーザが利用しやすいようにその時の炉心状態と併せて収録した。,"The experimental fast reactor ""JOYO"" served as the MK-II irradiation bed core for testing fuel and material for FBR development for 15 years from 1982 to 1997. During the MK-II operation, impurities concentrations in the sodium and the argon gas were determined by 67 samples of primary sodium, 81 samples of secondary sodium, 75 samples of primary argon gas, 89 samples of secondary argon gas (the overflow tank) and 89 samples of secondary argon gas (the dump tank). The sodium and the argon gas purity control data were accumulated from in thirty-one duty operations, thirteen special test operations and eight annual inspections. These purity control results and related plant data were compiled into database, which were recorded on CD-ROM for user convenience. Purity control data include concentration of oxygen, carbon, hydrogen, nitrogen, chlorine, iron, nickel and chromium in sodium, concentration of oxygen, hydrogen, nitrogen, carbon monoxide, carbon dioxide, methane and helium in argon gas with the reactor condition.",Japanese,66 Pages,2000/03,1次冷却系 ; 2次冷却系 ; Arガス系 ; FBR ; LMFBR型原子炉 ; MK-II炉心 ; Na純化系・循環ポンプ ; オンライン分析 ; カバーガス ; サンプリング ; データベース ; ナトリウム ; ニッケル ; パソコン ; 圧力調整 ; 運転電磁ポンプ ; 液体金属 ; 塩素 ; 温度測定 ; 原子炉冷却系 ; 原子炉冷却材 ; 原子炉炉心 ; 高速実験炉 ; 試料採取 ; 純度管理 ; 純度測定 ; 常陽 ; 水素 ; 炭素 ; 窒素 ; 中間熱交換器 ; 鉄 ; 濃度 ; 濃度測定 ; 不純物濃度,,,ar_mapping,6,ar,"irradiation bed core for testing fuel and material for FBR development for 15 years from 1982 to 1997. During the MK-II operation, impurities concentrations in the sodium and the argon gas were determin",https://jopss.jaea.go.jp/search/servlet/search?4036633,https://jopss.jaea.go.jp/pdfdata/JNC-TN9410-2000-008.pdf
4817,JAERI-Data/Code 2000-020,高並列可視化処理時におけるZバッファ画像合成処理,Z-buffer image assembly processing in high parallel visualization processing,金子 勇; 村松 一弘,"Kaneko, Isamu; Muramatsu, Kazuhiro",多数のプロセッサを有する高並列計算機上においては、領域分割による数値計算手法が用いられる。ここで、解析規模の増大してきている現状では、これらの解析結果の可視化を計算本体と同時に各プロセッサで同時に行う手法が現実的なものとなりつつある。特に、リアルタイムに計算結果を可視化するという、実時間可視化を行う際には、この手法は必須のものである。そして、このような多数のプロセッサを用いて画像レンダリングを行う手法の場合、各プロセッサのレンダリング結果を最終的に一つの画像に合成する処理を行う必要があり、これは、Zバッファを用いた画像合成手法で処理が行われる。しかし、数十プロセッサを超える規模でそのZバッファ画像合成手法を行うと、処理の低速化並びに各プロセッサでのローカルメモリ不足という問題が発生する。そこで本報告では、Zバッファ画像合成処理を演算子と考え、これがReduceオペレータという特殊な演算子であることを用いた並列化手法、並びに背景情報の削除によるバッファ圧縮という、この問題に対する二つの解決法を新たに提案する。また実際に、並列計算機Paragonで評価を行った結果を示し、これらの手法の有効性を検証する。,no abstracts in English,Japanese,p.16 - 0,2000/03,Z-Buffer ; Image Assembly ; Image Rendering ; Parallel ; Real-time Visualization ; Reduce Operation ; Binary Tree ; Buffer Compression ; Background Information ; Paragon,,https://doi.org/10.11484/jaeri-data-code-2000-020,computer_vision,6,"visualization, 可視化",高並列可視化処理時におけるZバッファ画像合成処理,https://jopss.jaea.go.jp/search/servlet/search?4817,https://jopss.jaea.go.jp/pdfdata/JAERI-Data-Code-2000-020.pdf
4504,JAERI-Data/Code 2000-013,並列分散科学技術計算支援ツール: TME(Task Mapping Editor); TME利用手引書,TME (Task Mapping Editor): Tool for excuting distributed Parallel Computing; TME user's manual,武宮 博*; 山岸 信寛*; 今村 俊幸; 上野 浩一*; 小出 洋; 辻田 祐一; 長谷川 幸弘*; 樋口 健二; 松田 勝之*; 平山 俊雄,"Takemiya, Hiroshi*; Yamagishi, Nobuhiro*; Imamura, Toshiyuki; Ueno, Koichi*; Koide, Hiroshi; Tsujita, Yuichi; Hasegawa, Yukihiro*; Higuchi, Kenji; Matsuda, Katsuyuki*; Hirayama, Toshio",計算科学技術推進センターでは、並列処理基盤技術開発にかかわる研究開発の一環として、複数の計算機を用い科学技術計算の並列分散処理を支援する環境PPExeを構築している。TME(Task Mapping Editor)は、PPExeを構成するツールの一つであり、一連の処理の定義や計算機割付けを利用者が対話的に定義できるビジュアルプログラミング環境を提供する。TMEを用いることにより、利用者はプログラム間のデータ依存関係をデータフローに基づき視覚的に定義することができる。また、定義された処理を実行する計算機の指定もGUIを介して容易に行うことができる。定義された一連の処理は、TMEにより決定された実行順序にしたがって、PPExeを構成するほかのサブシステム、メタスケジューラ、計算資源利用状況モニタ、及び実行マネジャにより実施される。本報告書では、TMEの利用方法について述べる。,no abstracts in English,Japanese,p.52 - 0,2000/03,並列分散 ; ビジュアルプログラミング ; 並列処理 ; 分散処理 ; ネットワークコンピューティング ; Distributed Parallel ; Visual Programming ; Parallel Processing ; Distributed Processing ; Network Computing,,https://doi.org/10.11484/jaeri-data-code-2000-013,ar_mapping,6,mapping,並列分散科学技術計算支援ツール: TME(Task Mapping Editor); TME利用手引書,https://jopss.jaea.go.jp/search/servlet/search?4504,https://jopss.jaea.go.jp/pdfdata/JAERI-Data-Code-2000-013.pdf
4036481,JNC TJ9400 2000-009,鉛スペクトロメータを用いたテクネシウム-99の中性子捕獲断面積測定の予備検討,Preliminary experiment of neutron capture cross section of Tc-99 with lead slowing-down spectrometer,小林 捷平*,"Kobayashi, Katsuhei*","本研究の前半では、長半減期を有する核分裂生成物(FP)の代表的核種であるTc-99について、まず、中性子核データの現状、評価済核データについて調査を行った。次に、京都大学原子炉実験所の電子線型加速器と組み合わせて付設されている京都大学鉛スペクトロメータ(KULS)を用いて、99Tc(n, )100Tc反応断面積を熱中性子から1keVのエネルギー領域において測定した。中性子捕獲によって放出される即発ガンマ線は、アルゴンガス入り比例計数管を用いて測定した。入射中性子束/スペクトルの測定はBF3比例計数管によって行い、捕獲断面積の絶対値は10B(n, )反応によって求めた相対測定値をTc-99の熱中性子断面積に規格化した。Tc-99試料に対する中性子自己遮蔽効果は、MCNPコードを用いた計算によって補正した。Chouらが鉛スペクトロメータを用いて測定したTc-99の中性子捕獲断面積は、本測定値より全体に高いがエネルギー依存性はよく一致している。ENDF/B-VI、JENDL-3.2の評価済核データは、5.6、20eV共鳴領域及び数100keV以上で高くなっている。本研究の後半では、鉛スペクトロメータの原理とその構築、諸特性についてまとめた。中でも、KULSの特性として(1)中性子減速時間t( s)とエネルギーE(keV)の関係(ビスマス孔:E=190/tの2乗、鉛孔:E=156/tの2乗)及び(2)エネルギー分解能(ビスマス孔、鉛孔共に約40%)に関しては共鳴フィルターを用いて実験的に求め、(3)飛行時間分析法によってKULS体系中の中性子スペクトルを測定した。一方、MCNPコードを用いてKULSの諸特性を計算した結果、全体に実験値とよい一致を示した。","The present status of nuclear data for technetium (Tc)-99, which is a well-known fission product (FP), has been reviewed and investigated. And making use of the Kyoto university Lead Slowing-down Spectrometer (KULS), the cross section of the Tc (n, ) Tc reaction has been measured in the energy range from thermal to keV neutron energy with an Ar-gas proportinal counter. The neutron flux/spectrum has been monitored with a BF proportional counter, and the relative measurement has been normalized to the well-known standard capture cross section value for the Tc (n, ) Tc reaction at 0.0253 eV. Self-shielding corrections, especially near the resonance peaks, were made by the calculations with the MCNP code. Although the experimental data measured by Chou et al with a lead slowing-down spectrometer are higher in general, the energy dependency is similar to the present measurement. The evaluated data in ENDF/B-VI and JENDL-3.2 are higher near the resonances at 5.6 and 20 eV and above several 100 eV. A lead slowing-down spectrometer was installed coupled to a 46 MeV electron linac at the Research Reactor Institute, Kyoto university (KURRI). Characteristics of the Kyoto University Lead Slowing-down Spectrometer (KULS) were measured and (1)the relation between neutron slowing-down time t( s) and energy E(keV) (E=190/t in Bi hole and E=156/t in Pb hole) and (2)the energy resolution ( 40% in Bi and Pb holes) were experimentally investigated. (3)The neutron energy spectrum in the KULS was also measured by the neutron TOF method. The results obtained by the MCNP code were in general agreement with these experimental ones.",Japanese,63 Pages,2000/02,FBR ; スペクトル測定 ; スペクトロメータ ; データライブラリ ; テクネチウム99 ; テクネチウム同位体 ; マイナーアクチニド ; 鉛スペクトロメータ ; 核データ ; 核データライブラリー ; 核種 ; 核分裂生成物 ; 自己遮蔽効果 ; 即発ガンマ線 ; 断面積 ; 中性子減速時間 ; 中性子束 ; 中性子捕獲 ; 飛行時間法 ; 捕獲断面積,,,ar_mapping,6,ar,Preliminary experiment of neutron capture cross section of Tc-99 with lead slowing-down spectrometer,https://jopss.jaea.go.jp/search/servlet/search?4036481,https://jopss.jaea.go.jp/pdfdata/JNC-TJ9400-2000-009.pdf
4327,JAERI-Data/Code 2000-010,並列分散科学技術計算支援ツール: TME (Task Mapping Editor); TME設計報告書,TME (Task Mapping Editor): Tool for executing distributed parallel computing; Design report on TME,武宮 博*; 山岸 信寛*; 今村 俊幸; 上野 浩一*; 小出 洋; 辻田 祐一; 長谷川 幸弘*; 樋口 健二; 松田 勝之*; 平山 俊雄,"Takemiya, Hiroshi*; Yamagishi, Nobuhiro*; Imamura, Toshiyuki; Ueno, Koichi*; Koide, Hiroshi; Tsujita, Yuichi; Hasegawa, Yukihiro*; Higuchi, Kenji; Matsuda, Katsuyuki*; Hirayama, Toshio",計算科学技術推進センターでは、並列処理基盤技術開発にかかわる研究開発の一環として、複数の計算機を用いた科学技術計算の並列分散処理を支援する環境PPExeを構築している。TME (Task Mapping Editor)は、PPExeを構成するツールの一つであり、一連の処理の定義や計算機割付けを利用者が対話的に定義できるビジュアルプログラミング環境を提供する。TMEを用いることにより、利用者はプログラム間のデータ依存関係をデータフローに基づき視覚的に定義することができる。また、定義された処理を実行する計算機の指定もGUIを介して容易に行うことができる。本報告書では、TMEにおいて実現された種々の機能をまとめ、それらの機能の実装方式について説明する。,no abstracts in English,Japanese,p.49 - 0,2000/02,並列分散 ; ビジュアル・プログラミング ; 並列処理 ; 分散処理 ; ネットワークコンピューティング ; Distributed Parallel ; Visual Programming ; Rarallel Processing ; Distributed Processing ; Network Computing,,https://doi.org/10.11484/jaeri-data-code-2000-010,ar_mapping,6,mapping,並列分散科学技術計算支援ツール: TME (Task Mapping Editor); TME設計報告書,https://jopss.jaea.go.jp/search/servlet/search?4327,https://jopss.jaea.go.jp/pdfdata/JAERI-Data-Code-2000-010.pdf
4316,JAERI-Data/Code 2000-005,データ可視化機能を持つ並列プログラムデバッグツール: vdebug; vdebug利用手引書,Vdebug: Debugging tool for parallel scientific programs; Vdebug user's manual,松田 勝之*; 武宮 博*,"Matsuda, Katsuyuki*; Takemiya, Hiroshi*",並列科学技術計算プログラムのデバック作業を支援するデバッガvdebugについて報告する。大量のデータの正誤判断を行う必要があるため、数値データをそのまま画面に表示する従来のデバッガを用いて科学技術計算プログラムをデバッグすることは困難である。この困難を軽減するために、われわれはデータを可視化表示することにより大量のデータの正誤判断を可能とするデバッグツールvdebugを開発してきた。これまでvdebugを用いたデバッグ対象は逐次プログラムに制限されていたが、7種の並列計算機で提供されているデバッガへの対応を図ると同時に、個々の並列プログラムに散在するデータを統合し可視化表示する機能を実現することで、並列プログラムの容易なデバッグを可能とした。本報告書では、並列プログラムへの対応を実現したvdebugの使用方法と並列プログラムデバッグ実施例について述べる。,no abstracts in English,Japanese,p.66 - 0,2000/02,デバッガ ; 可視化 ; 並列 ; 科学技術計算 ; プログラミング ; Debugger ; Visualization ; Parallel ; Scientific Computing ; Programming,,https://doi.org/10.11484/jaeri-data-code-2000-005,computer_vision,6,"visualization, 可視化",データ可視化機能を持つ並列プログラムデバッグツール: vdebug; vdebug利用手引書,https://jopss.jaea.go.jp/search/servlet/search?4316,https://jopss.jaea.go.jp/pdfdata/JAERI-Data-Code-2000-005.pdf
4529,JAERI-Data/Code 2000-014,データ可視化機能を持つ並列プログラムデバッグツール: Vdebug; Vdebugプログラム設計書,Vdebug: Debugging tool for parallel scientific programs; Design report on vdebug,松田 勝之*; 武宮 博*,"Matsuda, Katsuyuki*; Takemiya, Hiroshi*",並列科学技術計算プログラムのデバッグ作業を支援するデバッガvdebugについて報告する。大規模な科学技術計算では大量のデータの正誤判断を行う必要があるため、数値データをそのまま画面に表示する従来のデバッガを用いては科学技術計算プログラムをデバッグすることが困難である。この困難を軽減するために、われわれはデータを可視化表示することにより大量のデータの正誤判断を可能とするデバッグツールvdebugを開発してきた。これまでvdebugを用いたデバッグ対象は逐次プログラムに制限されていたが、7種の並列計算機で提供されているデバッガへの対応を図ると同時に、個々の並列プログラムに散在するデータを統合し可視化表示する機能を実現することで、並列プログラムの容易なデバッグを可能とした。本報告書では、並列プログラムへの対応を実現したvdebugのシステム構成及び各サブシステムの設計について述べる。,no abstracts in English,Japanese,p.121 - 0,2000/02,Visualization ; Debugging ; Data Distribution ; Visual Analysis ; Scienfitic Simulation ; Debugger,,https://doi.org/10.11484/jaeri-data-code-2000-014,computer_vision,6,"visualization, 可視化",データ可視化機能を持つ並列プログラムデバッグツール: Vdebug; Vdebugプログラム設計書,https://jopss.jaea.go.jp/search/servlet/search?4529,https://jopss.jaea.go.jp/pdfdata/JAERI-Data-Code-2000-014.pdf
4036543,JNC TN9400 2000-016,多次元熱流動解析のポスト処理システムの構築,Post processing system for multi-dimensionaI thermal-hydraulic analyses,三宅 康洋*; 中根 茂*; 西村 元彦; 木村 暢之,"Miyake, Yasuhiro*; not registered; not registered; Kimura, Nobuyuki",従来、多次元熱流動解析コードを用いた解析結果の可視化については2次元のプロットを各断面毎に日本語ラインプリンタ(NLP)へ出力することで対応していた。しかし、現象を把握するためには非常に多くのプロットを出力する必要があることから、時間と手間がかかり、解析結果を即座に確認することができなかった。また、出力結果は白黒描画であることから、視覚的に現象を把握するのが困難であった。そこで、熱流動現象の可視化ツールとして学術界および工業界で信頼性の高いMicroAVS(参考文献)およびFieldView(参考文献)を導入し、短時間で、かつ効率的に説得力のある解析結果の表示を得ることを目的として、多次元熱流動解析コードから可視化ツールへの物理データの引き渡しを行うポスト処理システムを構築した。その結果、これまで紙面上でしか確認できなかった解析モデル構造および解析結果をパソコン画面上で容易かつ迅速に確認できるようになった。さらに、カラー表示・印刷が可能となり、報告書等に掲載するプロットに品質の高い説得力のある表示(画像)を扱うことができるようになった。また、過渡熱流動現象解析に対して、可視化ツールのアニメーション機能を用いて現象の時間推移を動画で確認できるようになり、過渡現象を視覚的にとらえることが可能となった。,"ln the conventional visualization system for the computational results, only Japanese (Nihongo) Line Printer (NLP) was available to print two dimensional cross sectional plots of vector and scalar fields. To evaluate the phenomena, an analyst had to print many plots on the NLP. This task makes difficult to check the computational results immediately after the calculation. Recently, as the visualization tools, we introduced Micro AVS and Field View which are utilized widely in the scientific and the industrial fields. ln order to show the numerical results on the visualization software, we constructed a post processing system which convert the results of the numerical code to ""lntermediate files"" which can be read by the visualization tools. As using this system, the examination of the numerical results can be executed on the display of the personal computer. Furthermore, the persuasive report and paper with high quality can be produced due to the color printing. As for the transient calculation, the change of the phenomena can be visually evaluated by using the animation function.",Japanese,40 Pages,1999/12,AQUA ; FBR ; FieldView ; LMFBR型原子炉 ; MicroAVS ; アニメーション ; データファイル ; パーソナルコンピュータ ; ベクトル ; ポスト処理システム ; 温度 ; 可視化 ; 過渡現象 ; 画像 ; 解析モデル ; 格子形成 ; 原子炉容器 ; 三次元 ; 視覚 ; 信頼性 ; 多次元 ; 動画像 ; 日本語ラインプリンタ ; 熱流動 ; 熱流動解析 ; 白黒描画 ; 物理データ ; 流速,,,"3d_modeling, computer_vision",6,"visualization, 三次元, 可視化",従来、多次元熱流動解析コードを用いた解析結果の可視化については2次元のプロットを各断面毎に日本語ラインプリンタ(NLP)へ出力することで対応していた。しかし、現象を把握するためには非常に多くのプロットを出力する必要があることから、時間と手間がかかり、解析結果を即座に確認することができなかった,https://jopss.jaea.go.jp/search/servlet/search?4036543,https://jopss.jaea.go.jp/pdfdata/JNC-TN9400-2000-016.pdf
4036553,JNC TN9400 2000-026,燃料集合体内局所閉塞事象における4サブチャンネル体系水試験; 閉塞物周辺の流況可視化,Fundamental water experiment on subassembly porous blockage studies in 4 sub-channeI geometry (III); Flow visualization around the Porous Blockage,田中 正暁; 小林 順; 上出 英樹,"not registered; Kobayashi, Jun; Kamide, Hideki",ポーラス状閉塞物内の熱流動特性を調べる基礎研究として、燃料集合体内の4つのサブチャンネルを模擬し、3本のヒータピンに囲まれた中心サブチャンネルに閉塞物を設置した基礎水流動試験を実施している。温度分布測定試験および解析結果から閉塞物内部には水平方向の流れが存在し、この流れが閉塞物内部の温度分布に大きな影響を及ぼしていることが明かとなっている。そこで、ポーラス状閉塞物周りの流動場を把握するために、トレーサ法により可視化実験を行った。その結果、(1)閉塞物側面に循環渦が生じ、閉塞物下端から流入した冷却材が閉塞物内部を通り健全サブチャンネルへ流出すること、(2)閉塞物側面の循環流領域は流量の増加と共に下流側へ延び、循環渦内部では対流拡散が支配的であることが分かった。また、後流領域においては、(1)閉塞チャンネルを囲む健全チャンネルからの3方向の流れ込みにより、流れが周期的に変動しており不安定性をもつこと、(2)閉塞物上端からの浸み出しあるいは巻き込みによって、冷却材が後流域に常に供給されることが分かった。さらに、大型炉条件(Re=5.9 10の4乗)での流動場について、可視化試験結果を外挿して予測した。本結果は解析手法の検証に用いられると共に大型炉でのポーラス状閉塞事象評価に反映される。,"The phenomena on a thermal-hydraulic field inside/outside the porous blockage has been investigated by the experiment employed the 4-subchamlel geometry water test facility. From existing experimental and numerical studies, it was shown that the now field around the blockage had significant effect on the temperature distribution inside the blockage. Therefore, We conducted the experiment of flow visualization with 4-subchannel geometry water test facility. The flow visualization showed that the recirculation flow and a lateral flow existed at the side of the porous blockage. The region of recirculation flow extended to the downstream side with increasing of the flow rate. The mixing due to the convection was dominant in the region of recirculation flow, and was getting effective as increasing of the flow rate. ln the wake region, the flow was unstable due to the interaction between the flows in the unplugged and plugged subchannels. The coolant was provided from the unplugged subchannels and also through the inside of porous blockage. These results obtained from the flow visualization gathering with the numerical simulation will be reflect to the evaluation of the local blockage issue of large scale Fast Breeder Reactor.",Japanese,70 Pages,1999/11,FBR ; LMFBR型原子炉 ; サブチャンネル ; トレーサ法 ; ポーラス状閉塞物 ; 渦 ; 下端 ; 下流 ; 可視化 ; 局所性 ; 健全チャンネル ; 後流 ; 後流域 ; 循環渦 ; 水流動 ; 多孔質体 ; 対流拡散 ; 大型炉実験 ; 伴流 ; 閉塞 ; 流況 ; 流動 ; 流動場 ; 冷却材,,,computer_vision,6,"visualization, 可視化",燃料集合体内局所閉塞事象における4サブチャンネル体系水試験; 閉塞物周辺の流況可視化,https://jopss.jaea.go.jp/search/servlet/search?4036553,https://jopss.jaea.go.jp/pdfdata/JNC-TN9400-2000-026.pdf
4026663,JNC TN8400 99-067,炭素鋼オーバーパックにおける腐食の局在化の検討,A Study for localization of corrosion on carbon steel overpack,谷口 直樹; 本田 明; 川崎 学*; 森田 光男*; 森本 昌孝*,"Taniguchi, Naoki; Honda, Akira; Kawasaki, Manabu*; not registered; not registered",炭素鋼オーバーパックの腐食寿命の評価においては腐食にともなう表面の不均一化の程度を評価することが不可欠である。処分開始初期の酸化性環境下においては最も顕著な不均一化の原因として、不動態皮膜の局所的な破壊によって生起する局部腐食の進展が考えられる。本研究では炭素鋼が不動態化する溶液を用いて、代表的な局部腐食である孔食およびすきま腐食について水溶液環境における生起臨界条件と進展挙動を検討した。その結果、炭酸塩と塩化物を含む水溶液中では、不動態領域の広い範囲で孔食またはすきま腐食に対して感受性をもつことがわかった。しかし、孔食またはすきま腐食が生起した場合でもその進展とともに深さ方向への腐食の進展は抑制され、金属表面の全面にわたって腐食が進行するようになることがわかった。浸漬試験データの極値統計解析を行った結果、孔食/すきま腐食の進展を仮定しても従来の評価で用いられてきた経験式によって最大腐食深さを保守的に評価できることがわかった。次に酸素が消費されたあとの還元性環境下における炭素鋼の腐食の不均一化の評価に資するため、地下水の飽和した圧縮ベントナイト中で定電流加速試験を実施した。試験で得られた腐食深さを極値統計法により解析して平均腐食深さに対する最大の腐食深さを評価した。その結果、平均腐食深さが大きくなると、孔食係数は小さくなり、均一な状態に近づくことが確認された。1000年間の平均腐食深さを5 10mmとすると、そのときの孔食係数は2程度と見積もられた。,"Carbon steel is one of the candidate materials for overpacks for high level radioactive waste disposal in Japan. The estimation of corrosion allowance needs to clarify the localization of corrosion. One of the most extreme case of the localization under oxidizing condition at the initial stage of repository is considered to be localized corrosion such as pitting and crevice corrosion due to the break down of passive film formed on the metal surface. In this study, the critical condition for the initiation and the propagation behavior of pitting and crevice corrosion were assessed by the experimental study. The results of the electrochemical experiments in carbonate-chloride aqueous solution showed that carbon steel have high sensitivity for the pitting and crevice corrosion in passive region. The propagation behavior of pitting and crevice corrosion was studied by the immersion tests under aerated condition. The results of the immersion tests showed that the degree of localization became small and seemed to be like general corrosion in appearance as the localized corrosion propagate. The extreme value statistical analysis were applied to the corrosion depth measured in the immersion tests. Based on the analysis, it was concluded that the equation for maximum corrosion depth due to oxygen obtained in our previous study would give conservative assessment even in the assumption of propagation of pitting corrosion or crevice corrosion. The localization of corrosion for carbon steel under reducing condition after consumption of oxygen was also estimated. The external current was supplied to the carbon steel specimens in compacted bentonite to accelerate the corrosion and corrosion depth were measured for each specimens and extreme value statistical analysis were applied to the results. The pitting factor became small as the average corrosion depth became large. Assuming that the average corrosion depth in 1000 years is 5 10mm, the pitting factor is ...",Japanese,119 Pages,1999/10,no keyword,,,ar_mapping,6,localization,A Study for localization of corrosion on carbon steel overpack,https://jopss.jaea.go.jp/search/servlet/search?4026663,https://jopss.jaea.go.jp/pdfdata/JNC-TN8400-99-067.pdf
4036617,JNC TN9400 99-078,可視化画像による流速測定技術の開発; ノイズ処理手法を用いた計測精度の向上,Development of flow velocity measurement techniques in visible images; Improvement of particle image velocimetry techniques on image process,木村 暢之; 三宅 康洋*; 西村 元彦; 上出 英樹; 菱田 公一,"Kimura, Nobuyuki; Miyake, Yasuhiro*; not registered; Kamide, Hideki; Hishida, Koichi",高速炉設計において、炉内熱流動現象を定量的に把握するための速度場の計測手法として、瞬時2次元空間の速度ベクトルを時々刻々と測定できる粒子画像流速測定法(PIV)が活用されている。PIVは、流動場に混入された粒子にレーザー等でシート状のパルス光を照射して、カメラ等で粒子群を微小時間間隔で2枚撮影し、この2枚の画像の空間相関を求めることにより流速を定量化する手法である。本手法により正確な流速を得るためには流れと共に移動している粒子のみを画像に収録する必要がある。しかしながら実際には、構造物や撮影窓上のゴミ等(以下、ノイズとする)が画像中に存在し、流速計測の精度低下の原因となっている。そこで、PIVによる計測精度向上を図るため、ノイズ除去手法の開発、および誤差評価を実施した。開発したノイズ処理法は、時間的に連続する画像の各ピクセルの時間平均した輝度値を各時刻の画像から減算する時間平均輝度減算法(TIS法)と、連続画像の各ピクセルの最小輝度値を各時刻の画像から減算する最小輝度減算法(MIS法)の2種類である。本ノイズ処理手法による計測精度評価は、数値解析を基に作られた標準画像に模擬ノイズを付加した画像を用いて実施した。流速計測精度に関して、ノイズ処理前の画像から求めた流速は、誤差1ピクセル以上の頻度が全体の90%程度であるのに対し、ノイズ処理を施した結果、同程度の誤差の頻度は5%以下に低減した。また、ノイズ処理後は全体の50%以上が0.2ピクセル以内の誤差に収まることが確認された。不確かさ解析を行った結果、計測精度はノイズ処理により3 12倍向上し、MIS法を用いた場合は、TIS法と比べ、計測精度が1.1 2.1倍向上することが確認された。本ノイズ処理手法を実際の試験に適用した結果、複雑な体系内での流況把握や構造物近傍での流速測定が可能となることを確認した。,"Noise reduction system was developed to improve applicability of Particle Image Velocimetly (PIV) to complicated configure bounded flows. For fast reactor safety and thermal hydraulic studies, experiments are performed in scale models which usually have rather complicated geometry and structures such as fuel subassemblies, heat exchangers, etc. The structures and stuck dusts on the view window of the models obscure the particle image. Thus the image cxcept the moving particles can be regarded as a noise. In the present study, two noise reduction techniques are proposed. The one is the Time-averaged Light Intensity Subtraction method (TIS) which subtracts the the-averaged light intensity of each pixel in the sequential images from the each corresponding pixel. The other one is the Minimum Light Intensity Subtraction method (MIS) which subtracts the minimum light intensity of each pixel in the sequential images from the each corresponding pixel. Both methods are examined on their capabilities of noise reduction. As for the original ""bench mark"" image, the image made from Large Eddy Simulation was used. To the bench mark image, noises are added which are referred as sample images, Both methods reduce the rate of vector with the error of more than one pixel from 90% to less than 5%. Also, more than 50% of the vectors have the error of less than 0.2 pixel. The analysis of uncertainty shows that these methods enhances the accuracy of vector measurement 3 12 times if the image with noise were processed, and the TIS method has 1.1 2.1 times accuracy compared to the TIS. Thus the present noise reduction methods are quite efficient to enhance the accuracy of flow velocity fields measured with particle images including structures and deposits on the view window.",Japanese,44 Pages,1999/10,no keyword,,,computer_vision,6,"カメラ, 可視化",可視化画像による流速測定技術の開発; ノイズ処理手法を用いた計測精度の向上,https://jopss.jaea.go.jp/search/servlet/search?4036617,https://jopss.jaea.go.jp/pdfdata/JNC-TN9400-99-078.pdf
4026658,JNC TN8400 99-060,"Measurements of Apparent Diffusion Coefficients (Da)for Ca(I), Ni(II)and Se(IV) in Bentonite with Silica Sand","珪砂混合系ベントナイト中のCs(I), Ni(II), Se(IV)の見掛けの拡散係数(Da)の取得",佐藤 治夫,"Sato, Haruo","ベントナイト中の見掛けの拡散係数(Da)に及ぼす珪砂混合の影響を評価するため、Na型ベントナイト(クニゲルV1)を対象として、Cs(Cs+), Ni(Ni2+), Se(SeO332-)のDaを乾燥密度1.8Mg・m-3、珪砂混合率30wt%、室温の条件にてin-diffusion法により測定した。Cs及びNiについては大気雰囲気下で、また、酸化還元電位に敏感なSeについてはAr雰囲気の低酸素条件(酸素濃度0.1ppm未満)で測定した。その結果、Cs及びSeのDaには珪砂混合の影響は認められず、得られたDaは、これまでに報告されている珪砂が混合されていない系での値と同程度であった。一方、Niについては、珪砂混合系でのDaは混合されていない系での値より2桁小さい値が得られた。これまでに報告されているNiのDaは安定同位体のトレーサを用いて測定されており、本研究で用いたNi濃度よりかなり高い濃度のトレーサが使用された。さらに、クニゲルV1の主要粘土鉱物であるNaモンモリロナイトに対するNiの分配係数(Kd)は、Ni濃度の増加に伴って小さくなることが報告されている。このことから、珪砂混合系でのベントナイト中のNiのDaが大きく減少したのは、間隙水中でのNi濃度の違いによる収着の違いによるものと考えられる。","Apparent diffusion coefficients(Da) of Cs(Cs ), Ni(Ni ) and Se(SeO ) in a Na-bentonite (Kunigel-V1) were measured for a dry density of 1.8 Mg m with silica sand of 30 wt% at room temperature by in-diffusion method to evaluate the effect of the mixture of silica sand on Da in bentonite. The experiments for Cs and Ni were carried out under aerobic condition, but those for Se which is redox sensitive were carried out in an Ar glove-box (O concentration 0.1 ppm). Consequently, no significant effect of silica sand mixture to the bentonite on Da values of Cs and Se was found, and the obtained Da values were approximately the same as those in the system without silica sand reported so far. On the other hand, Da values of Ni in bentonite with silica sand were 2 orders of magnitude lower than those in bentonite without silica sand obtained to date. The Da values of Ni reported so far were obtained using stable isotopic tracer and a tracer solution with fairly high Ni concentration compared with concentration used in this study was introduced. Additionally, it is known that distribution coefficient (Kd) of Ni on Na-montmorillonite which is the major constituent clay mineral of Kunigel-V1 decreases with increasing Ni concentration. Based on this, the abrupt decrease in Da values of Ni for bentonite with silica sand is considered to be due to the difference of sorption caused by the difference of Ni concentration in the porewater of bentonite.",English,12 Pages,1999/10,Ar雰囲気 ; Cs ; Cs+ ; in-diffusion法 ; Na型ベントナイト ; Ni ; Ni2+ ; Ni濃度 ; Se ; SeO3・2- ; クニゲルVI ; セシウム ; セレン ; ニッケル ; ベントナイト ; 拡散係数 ; 乾燥密度 ; 環境放射性核種移動 ; 間隙水 ; 珪砂 ; 珪砂混合系 ; 見かけの拡散係数 ; 高レベル廃棄物 ; 高レベル放射性廃棄物 ; 混合率 ; 酸化還元電位 ; 室温 ; 収着 ; 性能評価 ; 大気雰囲気 ; 地下空洞 ; 地層処分 ; 地中処分 ; 低酸素条件 ; 濃度依存性 ; 廃棄物 ; 放射性廃棄物 ; 埋設,,,ar_mapping,6,ar,"Measurements of Apparent Diffusion Coefficients (Da)for Ca(I), Ni(II)and Se(IV) in Bentonite with Silica Sand",https://jopss.jaea.go.jp/search/servlet/search?4026658,https://jopss.jaea.go.jp/pdfdata/JNC-TN8400-99-060.pdf
4036283,JNC TJ9400 99-004,鉛スペクトルメータを用いたネプツニウム-237の中性子捕獲断面積測定,Neutron capture cross section measurement of Np-237 with lead slowing-down spectrometer,小林 捷平*,"Kobayashi, Katsuhei*","本研究の前半では、代表的なマイナ-アクチニド(MA)核種であるNp-237について、まず、中性子核デ-タの現状、評価済核デ-タについて調査を行った。次に、京都大学原子炉実験所の電子線型加速器と組み合わせて付設されている京都大学鉛スペクトロメ-タ(KULS)を用いて、金及びNp-237の中性子捕獲断面積を熱中性子からkeV領域において測定した。中性子捕獲によって放出される即発ガンマ線は、アルゴンガス入り比例計数管を用いて測定した。入射中性子束/スペクトルの測定には、BF3比例計数管を用い、捕獲断面積の絶対値は B(n, )反応による相対測定値を標準熱中性子断面積に規格化して求めた。金及びNp-237試料に対する共鳴領域の中性子自己遮蔽効果は、MCNPコ-ドを用いた計算によって補正した。 Au(n, ) Au及び Np(n, ) Np反応断面積の測定結果とENDF/B-VI、JENDL-3.2の評価済核デ-タ値との間には全般的によい一致が見られたが、大きな共鳴ピ-ク領域では両反応とも評価済核デ-タより低目の値を示した。本研究の後半では、鉛スペクトロメ-タの原理とその構築、諸特性についてまとめた。中でも、KULSの特性として(1)中性子減速時間t( s)とエネルギ-E(keV)の関係(ビスマス孔:E=190/tの2乗、鉛孔:E=156/tの2乗)及び(2)エネルギ-分解能(ビスマス孔、鉛孔共に約40%)に関しては共鳴フィルタ-を用いて実験的に求め、飛行時間分析法によって(3)KULS体系中の中性子スペクトルを測定した。一方、MCNPコ-ドを用いてKULSの諸特性を計算した結果、実験値とは全体によい一致が得られた。","The present status of nuclear data for neptuniumu(Np)-237, which is a well-known minor actinide, has been reviewed and investigated. Making use of the Kyoto University Lead Slowing-down Spectrometer, the neutron capture cross sections of Au-197 and Np-237 have been measured in the energy range from thermal to keV energy neutrons with an Ar-gas proportional counter. The neutron flux/spectrum has been monitored with a BF proportional counter, and the relative measurement has been normalized to the well-known standard capture cross section value at 0.0253 eV. Self-shielding corrections, especially near the resonance peaks, were made by the calculations with the MCNP code. The evaluated cross sections for the Au(n, ) Au and Np(n, ) Np reactions in ENDF/B-VI and JENDL-3.2 are in general agreement with the measurements, although the experimental values are rather lower at the resonance peaks. A lead slowing-down spectrometer was installed coupled to the 46 MeV electron linac at Research Reactor Institute, Kyoto University (KURRI). Characteristics of the Kyoto University Lead Slowing-down Spectrometer (KULS) were measured and (1) the relation between neutron slowing-down time t( s) and energy E (keV) (E=190/t in Bi hole and E=156/t in Pb hole) and (2) energy resolution ( 40% in Bi and Pb holes) were experimentally investigated. (3)The neutron energy spectrum in the KULS was also measured by the neutron TOF method. The results obtained by the MCNP code were in general agreement with these experimental ones.",Japanese,97 Pages,1999/03,no keyword,,,ar_mapping,6,ar,"The present status of nuclear data for neptuniumu(Np)-237, which is a well-known minor actinide, has been reviewed and investigated. Making use of th",https://jopss.jaea.go.jp/search/servlet/search?4036283,https://jopss.jaea.go.jp/pdfdata/JNC-TJ9400-99-004.pdf
2006211,JAERI-Research 98-069,電子ビーム加熱ウラン蒸発時の蒸発面温度分布測定,Measurement of surface temperature profiles on liquid uranium metal during electron beam evaporation,大場 弘則; 柴田 猛順,"Oba, Hironori; Shibata, Takemasa",電子ビーム加熱時のるつぼ内の表面温度分布を知ることは、原子レーザー法ウラン濃縮技術での蒸発過程を把握するうえで重要である。ウラン蒸発時のるつぼ内の表面温度分布を測定した。蒸発面を650nmの狭帯域透過フィルターを通してモノクロCCDカメラで撮像録画し、画像信号を画像処理装置に接続して分光輝度分布を表示させた。温度の絶対値はウラン凝固点または参照光源を基準に求めた。電子ビーム入力の増加に伴い最高温度は3000Kを越えること、飽和の傾向を示すことがわかった。また、測定温度は測定した蒸着速度をウラン飽和蒸気圧のデータを用いて推定した表面温度とほぼ一致することが確認できた。,no abstracts in English,Japanese,20 Pages,1998/11,電子ビーム蒸着 ; ウラン ; 表面温度分布 ; CCDカメラ ; プランクの法則,,https://doi.org/10.11484/jaeri-research-98-069,computer_vision,6,"カメラ, 画像処理",ン濃縮技術での蒸発過程を把握するうえで重要である。ウラン蒸発時のるつぼ内の表面温度分布を測定した。蒸発面を650nmの狭帯域透過フィルターを通してモノクロCCDカメラで撮像録画し、画像信号を画像処理装置に接続して分光輝度分布を表示させた。温度の絶対値はウラン凝固点または参照光源を基準に求めた。電子ビーム入力の増加に伴い最高温度は3000Kを越えること、飽和の傾向を示すことがわかった。また、測定温度は測定,https://jopss.jaea.go.jp/search/servlet/search?2006211,https://jopss.jaea.go.jp/pdfdata/JAERI-Research-98-069.pdf
4036408,PNC TN9430 98-007,実験炉部技術課研究開発業務報告 平成9年度上期の成果,None,伊藤 主税; 根本 昌明; 前田 幸基; 青山 卓史; 吉田 昌宏; 鈴木 惣十,"Ito, Chikara; Nemoto, Masaaki; Maeda, Yukimoto; Aoyama, Takafumi; not registered; not registered",本レポートは、実験炉部技術課が実施している研究成果のうち、平成9年4月 9月に技術課メモとして発行されたものをまとめたものである。主な内容は以下のとおりである。・炉心核熱性の測定と解析・評価、高速実験炉「常陽」100MW第30、31サイクルの運転特性試験および第32サイクルの予備解析で得られた炉心核熱特性の解析・評価結果をまとめた。また、安全性試験の予備解析、使用済燃料の崩壊熱測定ならびに 線測定結果について纏めた。・プラント特性の測定と解析・評価100MW第30、31サイクルプラント特性に係る運転特性試験を実施した。また、主冷却器の除熱量評価および光ファイバを用いた2次系主配管の温度分布測定結果をまとめた。・炉心の機械的挙動および耐震評価、炉心湾曲反応度解析と反射体の耐震評価を実施した。・プラント構造健全性評価、二次冷却系配管室ライナの強度解析を実施した。・中性子照射量の計測と測定と解析・評価、HE蓄積法(HAFM法)による測定および精度評価を実施した。・異常監視技術の開発100MW第30、31サイクル運転中の炉雑音測定および解析を実施した。・燃料破損診断技術の開発100MW第30、31サイクル運転中の温度制御型材料照射装置(MARICO)の試料破断に伴うタグガス放射化核種の分析を実施した。また、オンライン 線モニタ検出感度低減化、無停 電電源設置に関する検討ならびに特性試験を実施した。・線源挙動評価、100MW第30、31サイクルのトリチウム濃度分布測定を実施した。また、100MW第30、31サイクル原子炉起動時の24NAの減衰計算を実施した。また、100MW第30、31サイクル原子炉起動時の24NA放射化量、一次系カバーガス中の41AR濃度を評価した。・その他の試験研究、使用済燃料の吸収線量計算及びAR廃ガス系放射線モニタGM-12の計数率の挙動調査を実施した。,None,Japanese,192 Pages,1998/09,no keyword,,,ar_mapping,6,ar,発100MW第30、31サイクル運転中の炉雑音測定および解析を実施した。・燃料破損診断技術の開発100MW第30、31サイクル運転中の温度制御型材料照射装置(MARICO)の試料破断に伴うタグガス放射化核種の分析を実施した。また、オンライン 線モニタ検出感度低減化、無停 電電源設置に関する検討ならびに特性試験を実施した。・線源挙動評価、100MW第30、31サイクルのトリチウム濃度分布測定を実施した。,https://jopss.jaea.go.jp/search/servlet/search?4036408,https://jopss.jaea.go.jp/pdfdata/PNC-TN9430-98-007.pdf
4055958,PNC TN9410 98-047,高速炉燃料からのHe放出挙動評価,Evaluation of helium gas release behavior in FBR fuel,勝山 幸三; 三次 岳志; 浅賀 健男,"Katsuyama, Kozo; Mitsugi, Takeshi; Asaka, Takeo","高速炉燃料は照射中にXe, Kr, He等のガスを放出するため、ピン内圧が上昇し、これが燃料寿命制限要因の重要な一つとなっている。これまでXe,Krについては生成・放出される量が多いことから、その生成・放出について多くの研究がなされてきたが、Heについては十分な検討がなされていない。しかし、高燃焼度燃料(~150GWd/t)やAmを添加したマイナーアクチニド燃料では、生成・放出されるHe量が多くなると予想される。本研究では、燃料ピン内へ放出されるHeの直接定量手法を確立しこれまで推定していたHe量の妥当性を検証するとともに、He生成量を正確に把握した。さらにこれらのデータを用いて高速炉燃料からのHe放出挙動及びHeによるピン内圧への影響を評価した。主な結果を以下に示す。(1)He定量方法の確立燃料ピン内へ放出されるHeについて、ガス分析装置(ガスクロマトグラフ)のキャリアガスをHeからArに変更し、直接He量を定量する方法を確立した。照射済燃料ピンについてHe量を測定した結果、これまで全ガス量からFPガス量を差し引いて求めていたHe量は、直接測定された量と相違はなく、十分な信頼性を有するデータであることが明らかになった。(2)He生成量の計算(n, )反応からの生成について「常陽」の中性子エネルギースペクトルを考慮した反応断面積を算出した結果、同一燃焼度で比較すると炉心中心側で生成量が大きくなる傾向にあった。 崩壊からのHe生成は照射前のAm含有量による影響が大きく、また、サイクルの間や、集合体を炉外に取出した後の冷却期間にも有意な量のHeが生成される。(3)He放出挙動の把握PIE結果より、燃料ペレットから放出されるHe量は燃焼度に比例して増加するが、He放出率は約50 100%の範囲でばらついている。また、FPガスとの比較においては、FPガス放出率よりもHe放出率の方が高くなる傾向を示した。He放出率を100%したHe放出計算から高燃焼度MOX燃料ピンの内圧に及ぼすHe影響について検討した結果、燃焼度150GWd/tまでにおいてHeの寄与は5%以下であることがわかった。一方、マイナーアクチニド燃料(5wt%Am添加)を想定した計算では、Heは燃料ピン全内圧の20 30%を占めることが予想され、今後設計等へ反映する必要がある。","Internal rod pressure of a FBR fuel pin is one of the important factors which restrict the lifetime of a fuel pin, because fission gases (krypton, xenon and helium) are released from fuel pellets to increase internal rod pressure with increasing burn-up. Due to their relatively higher fission yield, the release behavior of krypton and xenon have already been studied well. However, there are few studies on helium release behavior. It is supposed that substantial amount of helium gas is produced in high burn-up ( 150Gwd/t) MOX fuels and the fuels containing minor actinides. Therefore we established the quantitative measurement method of helium gas released from FBR fuels, and the helium gas release behavior was evaluated. The results are shown as follows. (1) Quantitative Measurement of helium gas. In order to measure the volume of helium gas, the carrier gas of gas-chromatograph was changed from helium gas to argon gas. Consequently, a direct measurement of helium gas in the irradiated fuel pins became possible. The comparison between present method and the previous one made clear that the data obtained in the previous method were reliable. (2) Calculation of helium generation. Helium generation was calculated by considering decay, ternary fission of heavy nuclides elements, and (n, ) reaction of light elements in the MOX fuel. The calculation showed that the amount of helium production from (n, ) reaction is influenced by the neutron spectrum, and increased with increasing burn-up. The amount of helium from decay is influenced by the amount of trans-uranium elements such as Am-241, and by the length of cooling time after reactor shut down. (3) Helium gas release behavior. The amount of helium gas released from fuel pellets is increased with burn-up, and the helium gas release fraction varies from 50% to 100%. As compared to the case of fission gas release, the fraction of helium gas release is higher. In the case of ...",Japanese,152 Pages,1998/04,no keyword,,,ar_mapping,6,ar,への影響を評価した。主な結果を以下に示す。(1)He定量方法の確立燃料ピン内へ放出されるHeについて、ガス分析装置(ガスクロマトグラフ)のキャリアガスをHeからArに変更し、直接He量を定量する方法を確立した。照射済燃料ピンについてHe量を測定した結果、これまで全ガス量からFPガス量を差し引いて求めていたHe量は、直接測定された量と相違はなく、十分な信頼性を有するデータであることが明らかになった。(2,https://jopss.jaea.go.jp/search/servlet/search?4055958,https://jopss.jaea.go.jp/pdfdata/PNC-TN9410-98-047.pdf
4020158,PNC TJ7176 98-003,空げき構造調査による掘削影響領域の把握,None,喜多 治之*; 中田 雅夫*; 田村 富雄*,"Kita, Haruyuki*; Nakata, Masao*; not registered",岩盤中に水平坑道や立坑を掘削すると、空洞周辺では掘削の影響により岩盤本来の力学的・水理学的特性が変化する領域(掘削影響領域)が形成される。掘削影響領域における岩盤の特性の変化は、掘削による岩盤の損傷や応力再配分よる新たなクラックの発生、既存クラックの開口、あるいは閉塞によるものと考えられる。掘削影響領域の範囲を把握することは、地下構造物の設計、建設を行う上で非常に重要である。掘削影響領域の範囲を把握するために、東濃鉱山北延NATM坑道の発破掘削区間に掘削されたBVP-2号孔のコアを用いて、微細なクラックや空隙の分布状況を蛍光法と画像処理法によって調べた。蛍光法とは、岩石中のクラックや空隙に蛍光剤を固定し、紫外線を照射することによりクラックや空隙を可視化する方法である。蛍光法によりコアサイズの観察から薄片観察までの一連の観察を行い、自然光では識別できないような微細なクラックを可視化した。さらに、画像処理によるクラックの個数や長さの計測を行い、坑壁からの深度との関係を調べた。その結果、クラックの分布と坑壁からの距離との間に明確な相関は認められず、観察されたクラックの多くは掘削の影響により形成されたものではなく、乾湿にともなう劣化によって形成されたクラックであると推察された。,no abstracts in English,Japanese,68 Pages,1998/03,スクメタイト ; その他 ; ボーリングコア ; 応力再分布 ; 応力分布 ; 可視化 ; 間隙 ; 亀裂 ; 紫外線照射 ; 地中構造物 ; 粘土鉱物,,,computer_vision,6,"可視化, 画像処理",微細なクラックや空隙の分布状況を蛍光法と画像処理法によって調べた。蛍光法とは、岩石中のクラックや空隙に蛍光剤を固定し、紫外線を照射することによりクラックや空隙を可視化する方法である。蛍光法によりコアサイズの観察から薄片観察までの一連の観察を行い、自然光では識別できないような微細なクラックを可視化した。さらに、画像処理によるクラックの個数や長さの計測を行い、坑壁からの深度との関係を調べた。その結果、クラッ,https://jopss.jaea.go.jp/search/servlet/search?4020158,https://jopss.jaea.go.jp/pdfdata/PNC-TJ7176-98-003.pdf
2006015,JAERI-Data/Code 98-014,並列計算機上での流体解析のための実時間可視化システムの開発,Development of real-time visualization system for computational fluid dynamics on parallel computers,村松 一弘; 大谷 孝之; 松本 秀樹*; 武井 利文*; 土肥 俊*,"Muramatsu, Kazuhiro; Otani, Takayuki; Matsumoto, Hideki*; Takei, Toshifumi*; Doi, Shun*",並列計算機サーバ上での流体解析の結果を、ネットワークで接続されたクライアント上で解析と同時に可視化するとともに、解析及び可視化のための種々のパラメータをクライアントのGUI(Graphical User Interface)で制御する実時間可視化システムを開発した。本システムでは、並列計算機上で流体解析から画像データ生成までの過程を並列処理することにより高速化するとともに、サーバからクライアントへの画像データ転送に画像圧縮技術を用いることにより、ネットワークの負荷を軽減している。可視化処理の並列化は、Owner Computational Ruleに基づいている。またクライアント側はOS非依存の実現方式として、Javaアプレットを利用している。これによりWebブラウザさえインストールされていれば実時間可視化が可能になっている。,no abstracts in English,Japanese,35 Pages,1998/03,実時間可視化 ; トラッキング ; ステアリング ; 数値流体力学 ; 並列計算機 ; 画像データ生成 ; 画像圧縮技術 ; Javaアプレット ; ネットワーク計算環境 ; 領域分割法,,https://doi.org/10.11484/jaeri-data-code-98-014,computer_vision,6,"visualization, 可視化",並列計算機上での流体解析のための実時間可視化システムの開発,https://jopss.jaea.go.jp/search/servlet/search?2006015,https://jopss.jaea.go.jp/pdfdata/JAERI-Data-Code-98-014.pdf
4036679,PNC TY9600 98-002,ODSフェライト鋼の照射特性に関する研究; 電子線照射による再結晶処理と冷間加工の効果の検討,None,大貫 惣明*; 斉藤 順*; 高橋 平七郎*; 鵜飼 重治; 須田 孝徳*; 山下 真一郎*; 赤坂 尚昭,"Onuki, Somei*; not registered; not registered; not registered; not registered; Yamashita, Shinichiro*; Akasaka, Naoaki",ODSフェライト鋼の耐照射特性を検討するために、種々の処理を行った材料を電子線照射し、その照射特性を評価した。電子線照射は超高圧電子顕微鏡にて、670-720Kで12dpaまで行った。ODSフェライト鋼は基本的に耐スエリング性を有する材料であるが、その挙動は材料の処理条件に依存して変化した。スエリングのピーク温度はおよそ700Kであり、最大のスエリングは約0.8%であった。高温の再結晶処理した試料では、照射により '相の形成が促進された。再結晶化処理後の冷間加工は、高密度の転位を導入することから、スエリング抑制に効果的である。メカニカルアロイング時に使用する不活性ガスをArガスからHeガスに変えるとスエリングは低下する。以上の結果から、酸化物分散強化型ODSフェライト鋼のボイド形成挙動は、転位密度、分散粒子、ガスバブルなどに強く関連することが明らかになった。,None,Japanese,24 Pages,1998/03,no keyword,,,ar_mapping,6,ar,'相の形成が促進された。再結晶化処理後の冷間加工は、高密度の転位を導入することから、スエリング抑制に効果的である。メカニカルアロイング時に使用する不活性ガスをArガスからHeガスに変えるとスエリングは低下する。以上の結果から、酸化物分散強化型ODSフェライト鋼のボイド形成挙動は、転位密度、分散粒子、ガスバブルなどに強く関連することが明らかになった。,https://jopss.jaea.go.jp/search/servlet/search?4036679,https://jopss.jaea.go.jp/pdfdata/PNC-TY9600-98-002.pdf
4055699,PNC TJ9602 98-001,NaFe複合酸化物の化学熱力学特性に関する基礎的研究,Basic study of chemical thermodynamic properties of Na-Fe complex oxides,山脇 道夫*,"Yamawaki, Michio*",高速増殖炉の冷却系より液体ナトリウムが漏えいした場合、鉄鋼製周辺構造材料の腐食はナトリウム酸化物と構造材料の主要元素である鉄の複合酸化物形成によって進行することが多い。このため、腐食機構の詳細な解明や、腐食制御及び防止対策を効果的に施すためには主要なNaFe複合酸化物の化学熱力学的データを整備することが必須である。本研究では、Na -FeO圧粉体の加熱処理をArガスフロー法、パイレックスチューブ真空封じ法、ステンレス鋼製容器Arガス密閉法による加熱処理において高純度のNa FeO を合成することができた。,None,Japanese,40 Pages,1998/03,no keyword,,,ar_mapping,6,ar,、腐食制御及び防止対策を効果的に施すためには主要なNaFe複合酸化物の化学熱力学的データを整備することが必須である。本研究では、Na -FeO圧粉体の加熱処理をArガスフロー法、パイレックスチューブ真空封じ法、ステンレス鋼製容器Arガス密閉法による加熱処理において高純度のNa FeO を合成することができた。,https://jopss.jaea.go.jp/search/servlet/search?4055699,https://jopss.jaea.go.jp/pdfdata/PNC-TJ9602-98-001.pdf
4020810,JNC TJ7420 2005-043,活断層の運動様式に関する調査(2),Studies about active mode of active fault (2),田村 美乃*; 久保内 明彦*; 村岡 明子*,"Tamura, Yoshiharu*; Kubouchi, Akihiko*; Muraoka, Akiko*",本調査は、将来の断層運動の発生の可能性やその範囲を検討するための一環として、完新世に活動した横手盆地東縁の千屋断層系と山形県新庄盆地の逆断層系を対象に、断層の活動場の移動(時間的・空間的変化)に関するデータを得ることを目的に実施したものである。調査内容は、断層周辺地域の層序年代を検討するための年代測定(K-Ar法、FT法、美化石分析)と、新庄盆地の逆断層系の地下形態の把握を目的とした反射法地震探査である。調査の結果、千屋断層周辺に分布する荒川安山岩のK-Ar年代は6.8 7.4Ma、弥勒層の軽石凝灰岩のFT年代は8.1 8.6Ma、真昼川層のハイアロクラスタイトのFT年代は12.3Maと求められた。さらに、新庄盆地の山屋層の凝灰岩のFT年代についても4.0Maという値が得られた。一方、新庄盆地の逆断層系の地下形態についても反射法地震探査によって新たな知見が得られた。これらの調査結果と既往の資料から、千屋断層と新庄盆地の断層の活動場の移動に関して検討を加えた。,"The purpose of this study is carried out to reveal detailed distribution of Senya active fault, and to obtain data with displacement (change of period and space) of fault active area and influential area of fault activity, a view of investigation to be possible of fault activity in the future and active area. The content of studies are aerial photographs and field survey to evaluate distribution activity of fault, and boring survey and radiocarbon dating to estimate an age of fault activity, and reflection method and gravity prospecting to reveal fault form in great depth. As a result of studies, Senya fault to happen earthquake in 1896 is confirmed to be thrust to the eastern at an angle to 20 degree and there is distributed pumice-tuff formed Neogene in hanging wall and conglomerate accumulated Quaternary in footwall. In addition, displacement rate of Senya fault is proved to be 0.94-1.4 millimeter per year with the use of the radiocarbon age of chips of wood in conglomerate that distribute in foot wall. On the other hand, Senya fault and Kawaguchi fault laid east of its fault indicate to great depth clearly, and there is possibility that these faults are connected with great depth. Namely, Senya fault is thought to shift from Kawaguchi fault, and the rate of movement is estimated 1.2 millimeter per year.",Japanese,225 Pages,1998/02,no keyword,,,ar_mapping,6,ar,に、断層の活動場の移動(時間的・空間的変化)に関するデータを得ることを目的に実施したものである。調査内容は、断層周辺地域の層序年代を検討するための年代測定(K-Ar法、FT法、美化石分析)と、新庄盆地の逆断層系の地下形態の把握を目的とした反射法地震探査である。調査の結果、千屋断層周辺に分布する荒川安山岩のK-Ar年代は6.8 7.4Ma、弥勒層の軽石凝灰岩のFT年代は8.1 8.6Ma、真昼川層のハイ,https://jopss.jaea.go.jp/search/servlet/search?4020810,https://jopss.jaea.go.jp/pdfdata/JNC-TJ7420-2005-043.pdf
2006105,JAERI-Research 97-055,JT-60プラズマ位置形状実時間可視化システムの開発,Development of the real-time plasma shape visualization system in JT-60,栗原 研一; 川俣 陽一; 秋葉 賢一*; 安達 宏典*; 木村 豊秋,"Kurihara, Kenichi; Kawamata, Yoichi; Akiba, K.*; Adachi, H.*; Kimura, Toyoaki",プラズマの楕円度や三角形度は、エネルギー閉じ込め性能の決定因子の一つであるなど、その断面位置形状の重要性が近年認識されてきた。一方その全体像の実時間同定は、計算時間の制約から不可能とされていた。障害の原因である特殊関数や逆行列等の計算を実時間処理から除くために、特殊なテーブルを大容量メモリ上に展開しておくというアルゴリズム上の工夫に加え、最新の電子機器を用いて装置を構成した。この結果大幅な時間短縮に成功し、断面形状を毎秒10コマの速度で実時間動画として可視化した。同時に着火直後のリミタ配位からダイバータ配位に移行する一連の様子など、これまで得られなかった映像情報を実験運転者に初めて実時間で提供した。本報告では、JT-60で実稼動中のシステムの開発結果と実時間制約への開発構想について報告する。,no abstracts in English,Japanese,23 Pages,1997/08,JT-60 ; プラズマ位置形状 ; 最外核磁気面 ; プラズマ制御 ; 実時間可視化,,https://doi.org/10.11484/jaeri-research-97-055,computer_vision,6,"visualization, 可視化",JT-60プラズマ位置形状実時間可視化システムの開発,https://jopss.jaea.go.jp/search/servlet/search?2006105,https://jopss.jaea.go.jp/pdfdata/JAERI-Research-97-055.pdf
2006273,JAERI-Tech 97-028,実例によるAVS利用手引,AVS user's guide on the basis of practice,増子 献児*; 加藤 克海*; 久米 悦雄; 藤井 実,"not registered; Kato, Katsumi*; Kume, Etsuo; not registered",日本原子力研究所では、可視化ソフトウェアAVSについて原研の一般ユーザが簡単に理解、利用できるようにAVSの原研版利用手引を作成している。本報告書では「避難シミュレーション」を題材として、シミュレーション結果のAVSを用いた可視化及びその可視化された画像のVTRへの録画作業について解説する。本報告書の特長は、読者が上記の題材を本報告書に従ってAVSで処理することで、AVS利用に必要な一連の作業手順が修得できるようになっていることである。,no abstracts in English,Japanese,37 Pages,1997/07,AVS(Application Visualization System) ; Visualization ; Animation ; Image ; Transportation Evacuation Simulation,,https://doi.org/10.11484/jaeri-tech-97-028,computer_vision,6,"visualization, 可視化",日本原子力研究所では、可視化ソフトウェアAVSについて原研の一般ユーザが簡単に理解、利用できるようにAVSの原研版利用手引を作成している。本報告書では「避難シミュレーション」を題材として、シミュレーション結果のAVSを用いた可視化及びその可視化された画像のVTRへの録,https://jopss.jaea.go.jp/search/servlet/search?2006273,https://jopss.jaea.go.jp/pdfdata/JAERI-Tech-97-028.pdf
2005964,JAERI-Data/Code 97-019,IRACM: イオン及び中性子による生成放射能計算コードシステム,IRACM: A Code system to calculate induced radioactivity produced by ions and neutrons,田中 進; 福田 光宏; 西村 浩一; 渡辺 博正; 山野 直樹*,"not registered; Fukuda, Mitsuhiro; not registered; Watanabe, Hiromasa; Yamano, Naoki*",加速器施設では、加速イオン及び二次中性子により加速構成機器及び試料中に放射能が生成されることから、放射線被曝、放射性同位元素及び放射性廃棄物の低減のために、これらの生成放射能の評価が重要である。このため、加速器施設の放射線場で生成される核種、放射能を計算するコードシステムIRACMを開発した。本コードシステムは入射粒子として、中性子、陽子、重陽子、 、 C、 N、 O、 Ne、 Arを考慮した任意の1次元多重層体系における核種の生成・消滅計算が可能である。本システムは、計算プログラム、及び放射化断面積、崩壊・ガンマ線データライブラリで構成されており、FACOM-M780大型計算機及びDECワークステーションで実行可能である。,no abstracts in English,Japanese,91 Pages,1997/05,IRACM Code ; Induced Radioactivity ; Activation Cross Section ; Ion ; Neutron ; Decay Data ; High-energy Accelerator,,https://doi.org/10.11484/jaeri-data-code-97-019,ar_mapping,6,ar,場で生成される核種、放射能を計算するコードシステムIRACMを開発した。本コードシステムは入射粒子として、中性子、陽子、重陽子、 、 C、 N、 O、 Ne、 Arを考慮した任意の1次元多重層体系における核種の生成・消滅計算が可能である。本システムは、計算プログラム、及び放射化断面積、崩壊・ガンマ線データライブラリで構成されており、FACOM-M780大型計算機及びDECワークステーションで実行可能で,https://jopss.jaea.go.jp/search/servlet/search?2005964,https://jopss.jaea.go.jp/pdfdata/JAERI-Data-Code-97-019.pdf
4035813,PNC TJ9604 97-001,鉛スペクトロメータを用いたマイナーアクチニド核断面積の測定-III,Measurement of nuclear data for minor actinides with lead slowing-down spectrometer - III,小林 捷平*,"Kobayashi, Katsuhei*","電子線型加速器と組み合わせて付設された京都大学鉛スペクトロメータKULSについて、まず、その諸特性を求めた:共鳴フィルター法により(1)中性子減速時間t( s)とエネルギーE(keV)の関係(ビスマス孔:E=190/t^2、鉛孔:E=156/t^2)、(2)エネルギー分解能(ビスマス孔、鉛孔共に約40%)、飛行時間分析法により(3)中性子スペクトルを測定した。MCNPコードによる計算結果は、これらの実験値と全体によい一致を示した。次に、このKULSを用いて 0.1eVから 10keV領域におけるAm-241,Am-243,及びAm-242mの核分裂断面積を測定した。実験には、これらの電着膜とU-235の電着膜をそれぞれ背中合わせにした核分裂電離箱を用意し、測定結果をU-235(n,f)反応の標準断面積に規格化した。Am-241では、Dabbs等の実験値およびENDF/B-VIの評価値は本実験値とよい一致を示したが、JENDL-3.2の評価値は10 200eV領域において1.2 2.3倍低い値を示した。Am-243のENDF/B-VIは15 60eV領域で低く、JENDL-3.2は100eV以上の領域で全体に低くなっている。Am-242mに関する予備実験では、ENDF/B-VI、JENDL-32の評価値に近い結果が得られた。また、Am-241,243の熱中性子核分裂断面積についても、標準熱中性子場において測定した。最後に、MAに関する中性子捕獲断面積測定として、Arガス入り比例計数管を用いてNp-237(n, )反応断面積の測定を試みた。本実験では、Np-237試料( 2mg)からの中性子捕獲事象の計数率が少なく、バックグランドとの比較において有意な違いは得られなかった。","A lead slowing-down spectrometer was installed coupled to the 46 MeV electron linac at Research Reactor Institute, Kyoto university (KURRI). Characteristics of the Kyoto University Lead Slowing-down Spectrometer (KULS) were measured for (1)the relation between neutron slowing-down time t( s) and energy E (keV) (E=190/t in Bi hole and E=156/ in Pb hole), (2)energy resolutlon ( 40 % in Bi and Pb holes), and (3)neutron energy spectrum by the neutron TOF method. The results obtained by the MCNP code were in general agreement with these experimental ones. The KULS has been applied to the fission cross section measurements of Am-241, Am-243 and Am-242m relative to that of U-235 from 0.1 eV to 10 keV, making use of the back-to-back type double fission chambers. For Am-241, Dabbs and ENDF/B-VI data are in good agreement with the present measurement. The JEND L-3.2 data are smaller by a factor of 2 between 10 and 200 eV. The ENDF/B-VI data for Am-243 are lower between 15 and 60 eV, and the JENDL-3.2 are lower in general above 100 eV. It has been found that the preliminary result for the Am-242m(n,f) reaction is close to the ENDF/B-VI and the JENDL-3.2 data. Thermal neutron cross sections for Am-241 and Am-243 have also been measured in a standard Maxwellian distribution spectrum field. Finally, aiming at the measurement of capture cross section for MA nuclides, the experimental investigation for Np-237 sample ( 2 mg) has been performed with the KULS. Due to the comparable background counts to the foreground ones, the capture events from the sample have scarecely been detected with an Ar-gas proportional counter.",Japanese,108 Pages,1997/03,FBR ; アメリシウム241 ; アメリシウム242m ; アメリシウム243 ; アメリシウム同位体 ; ウラン235 ; エネルギー分解能 ; ネプツニウム237 ; ネプツニウム同位体 ; 核データ ; 核データライブラリー ; 核分裂 ; 断面積 ; 中性子 ; 中性子スペクトロメータ ; 中性子減速 ; 中性子捕獲,,,ar_mapping,6,ar,Measurement of nuclear data for minor actinides with lead slowing-down spectrometer - III,https://jopss.jaea.go.jp/search/servlet/search?4035813,https://jopss.jaea.go.jp/pdfdata/PNC-TJ9604-97-001.pdf
4016660,PNC TJ1380 97-002,釜石鉱山における深部地質環境特性調査(平成8年度)報告書概要版,None,米田 吉宏*; 高原 弘幸*; 中村 直昭*; 秋山 眞介*; 守屋 俊文*; 根木 健之*,"Yoneda, Yoshihiro*; Takahara, Hiroyuki*; Nakamura, Naoaki*; Akiyama, Shinsuke*; Moriya, Toshifumi*; Negi, Tateyuki*","釜石鉱山における原位置試験の第2フェーズ(H5 H9年度)では、次の5つの領域が研究対象とされている。すなわち、1.深部地質環境特性の把握(TASX-1)、2.深部岩盤における掘削影響領域の評価(TASX-2)、3.結晶質岩中の水理・物質移行特性の把握(TASX-3)、4.人工バリアに関する研究(TASX-4)、5.地震に関する研究(TASK-5)である。本報告書は、主に1.の深部地質環境特性の把握を目的として実施された調査・試験結果をまとめたものであり、同時にこれは他の研究のための基礎的な資料を提供するものである。本年度は大別して3つの調査項目からなり、以下のような成果を得た。1.割れ目充填物の年代測定:割れ目充填物中の変質鉱物であるセリサイトのK-Ar年代測定を実施した。その結果、同試料のフィッション・トラック年代よりも15Ma以上古い年代値が得られた。同試料では他の割れ目の影響や、再動・再変質等の影響を被っていないことから、割れ目充墳物は栗橋花崗閃緑岩体の冷却過程において形成され、岩体同様に徐々に冷却したものと推定された。地質構造および割れ目形成史のまとめ:現在迄に取得されている地質データを見直し、原位置試験場周辺の地質構造や割れ目特性、充填物・変質部の鉱物・地化学特性、形成史についての取りまとめを実施した。弾性波トモグラフィー:KF-1,2孔周辺における割れ目帯およびみずみちの検出を目的として弾性波トモグラフィーを適用し、解析には2種類の手法を用いた。その結果を比較検討したところ、地質観察(NW坑道周辺及びKF-1、2孔)で推定される割れ目帯、流体流動電位法(KF-1孔)においてSPのアノーマリーが検出された領域、流量検層(KF-1、2孔)で多くの湧水が確認された区間において両解析手法ともに低速度帯の存在が認められ、弾性波トモグラフィーが割れ目帯及びみずみちの検出技術として有効な手法であることが明らかとなった。2.降水量・気温・坑道湧水量・間隙水圧の経時変化の把握:KG-1孔の間隙水圧の経時変化と降水量に関連性があることが認められた。また、KD-90坑道とNW坑道周辺における間隙水圧の観測から550mL坑道内に存在する高水圧帯の連続性が推測された。KF-1、2孔、KCH-1、2孔における水理試験:これらの試錐孔において流量検層、PNC式JFT法および低圧ル",None,Japanese,157 Pages,1997/03,岩盤 ; 試掘抗 ; 水質調査 ; 浅地層処分 ; 地下水流出 ; 地質構造 ; 地中処分 ; 廃棄物 ; 廃棄物処分施設 ; 放射性廃棄物 ; 湧水,,,ar_mapping,6,ar,を提供するものである。本年度は大別して3つの調査項目からなり、以下のような成果を得た。1.割れ目充填物の年代測定:割れ目充填物中の変質鉱物であるセリサイトのK-Ar年代測定を実施した。その結果、同試料のフィッション・トラック年代よりも15Ma以上古い年代値が得られた。同試料では他の割れ目の影響や、再動・再変質等の影響を被っていないことから、割れ目充墳物は栗橋花崗閃緑岩体の冷却過程において形成され、岩体,https://jopss.jaea.go.jp/search/servlet/search?4016660,https://jopss.jaea.go.jp/pdfdata/PNC-TJ1380-97-002.pdf
4015974,PNC TJ1380 97-001,釜石鉱山における深部地質環境特性調査(平成8年度)報告書,None,米田 吉宏*; 高原 弘幸*; 中村 直昭*; 秋山 眞介*; 守屋 俊文*; 根木 健之*,"Yoneda, Yoshihiro*; Takahara, Hiroyuki*; Nakamura, Naoaki*; Akiyama, Shinsuke*; Moriya, Toshifumi*; Negi, Tateyuki*","釜石鉱山における原位置試験の第2フェーズ(H5 H9年度)では、次の5つの領域が研究対象とされている。すなわち、(1)深部地質環境特性の把握(TASK-1)、(2)深部岩盤における掘削影響領域の評価(TASK-2)、(3)結晶質岩中の水理・物質移行特性の把握(TASK-3)、(4)人工バリアに関する研究(TASK-4)、(5)地震に関する研究(TASK-5)である。本報告書は、主に(1)の深部地質環境特性の把握を目的として実施された調査・試験結果をまとめたものであり、同時にこれは他の研究のための基礎的な資料を提供するものである。本年度は大別して3つの調査項目からなり、以下のような成果を得た。(1).割れ目充填物の年代測定:割れ目充填物中の変質鉱物であるセリサイトのKーAr年代測定を実施した。その結果、同試料のフィッション・トラック年代よりも15Ma以上古い年代値が得られた。同試料では他の割れ目の影響や再動・再変質等の影響を被っていないことから、割れ目充填物は栗橋花崗閃緑岩体の冷却過程において形成され、岩体同様に徐々に冷却したものと推定された。地質構造および割れ目形成史のまとめ:現在迄に取得されている地質データを見直し、原位置試験場周辺の地質構造や割れ目特性、充填物・変質部の鉱物・地化学特性、形成史についての取りまとめを実施した。弾性波トモグラフィー:KF-1、2孔周辺における割れ目帯およびみずみちの検出を目的として弾性波トモグラフィーを適用し、解析には2種類の手法を用いた。その結果を比較検討したところ、地質観察(NW坑道周辺及びKF-l、2孔)で推定される割れ目帯、流体流動電位法(KF-1孔)においてSPのアノーマリーが検出された領域、流量検層(KF-l、2孔)で多くの湧水が確認された区間において両解析手法ともに低速度帯の存在が認められ、弾性波トモグラフィーが割れ目帯及びみずみちの検出技術として有効な手法であることが明らかとなった。(2).降水量・気温・坑道湧水量・間隙水圧の経時変化の把握:KG-1孔の間隙水圧の経時変化と降水量に関連性があることが認められた。また、KD-90坑道とNW坑道周辺における間隙水圧の観測から550mL坑道内に存在する高木圧帯の連続性が推測された。KF-1,2孔、KCH-l,2孔における水理試験:これらの試錐孔において流量検層、PNC式",None,Japanese,1338 Pages,1997/03,カリウム‐アルゴン法年代測定 ; トモグラフィー ; 釜石 ; 岩手 ; 岩盤 ; 亀裂 ; 原位置試験 ; 深部 ; 人工バリア ; 水質試験 ; 閃緑岩 ; 弾性波 ; 地下水 ; 地質構造 ; 地質構造発達史 ; 廃棄物 ; 廃棄物処分施設 ; 放射性廃棄物,,,ar_mapping,6,ar,供するものである。本年度は大別して3つの調査項目からなり、以下のような成果を得た。(1).割れ目充填物の年代測定:割れ目充填物中の変質鉱物であるセリサイトのKーAr年代測定を実施した。その結果、同試料のフィッション・トラック年代よりも15Ma以上古い年代値が得られた。同試料では他の割れ目の影響や再動・再変質等の影響を被っていないことから、割れ目充填物は栗橋花崗閃緑岩体の冷却過程において形成され、岩体同,https://jopss.jaea.go.jp/search/servlet/search?4015974,https://jopss.jaea.go.jp/pdfdata/PNC-TJ1380-97-001.pdf
4036097,PNC TJ9603 97-001,Nb基およびMo基超耐熱合金の特性評価,Characteristics and experimental evaluation of super-heat-resisting Nb-based and Mo-based Alloys,森永 正彦*; 野田 賢二*; 古井 光明*; 小田 雅章*,"Morinaga, Masahiko*; not registered; not registered; not registered",【目的】 高温液体アルカリ金属技術のフロンテイア領域を開拓するため、高温(最高1200 )液体金属リチウム中で優れた特性を有するNb基およびMo基合金の開発を行ってきた。本年度の研究ではMo基選定合金について、その強度特性および液体Li耐食性を評価することを目的とした。また本年度選定を行う予定のNb基合金については、液体Li耐食性を試験した。【実験方法】(1)高温引張試験:Mo基選定基合金の引張試験を、1473Kアルゴン雰囲気中において行った。比較材としてTZM合金を用いた。(2)高温クリープ試験:Mo基選定合金の高温クリープ試験を、1473Kアルゴン雰囲気中で行った。(3)加工性試験:Mo基選定基合金の加工性を評価するため、常温において3点曲げ試験を行った。(4)液体Li腐食評価:Nb基およびMo基選定合金の1473Kでの液体Li腐食試験の重量変化と表面分析結果を基に耐食性を評価した。【結果および考察】(1)高温引張試験:Mo基選定合金は実用TZM合金と比較して約1.5倍の引張強度、2.3倍の降伏強度を示した。また、2種類のMo基選定合金において顕著な強度の違いは見られなかった。(2)高温クリープ試験:Mo基選定合金のクリープひずみ速度は、他のMo基固溶強化型合金よりも小さかったが、析出強化型合金であるTZMに比べれば大きかった。(3)加工性試験:加工性の向上に有効であるTiの添加に関わらず、Mo基選定合金は最大曲がり角度まで破断することなく曲がった。(4)液体Li腐食評価:腐食試験後のNb-Hf合金の重量変化は添加したHf量の増加に伴って大きくなり、同時に亀裂の発生が著しくなる傾向が見られた。このため、Hf量が少ないNb-1Hf合金が最も優れていると思われた。Mo基選定合金ではTiを添加した合金が大きな重量変化を示したが、Tiを添加していない合金では粒界腐食が見られた。したがって、腐食表面が健全なMo-15Re-0.1Zr-0.1Ti合金がより優れた耐食性を有するものと考えられる。【結論】(1)引張強度:Mo基選定合金は実用TZM合金よりも優れた引張特性を示した。(2)高温クリープ強度:Mo基選定合金は優れた高温クリープ特性を有していた。(3)加工性:Mo基選定合金はTi添加の有無に関わらず、優れた加工性を示した。(4)液体Li耐食性:Nb基選定合金では、Nb-,"[PURPOSE] Nb-based and Mo-basd alloys have been investigated in order to develop the frontiers of matelials technique which will be utililized in the environment of high-temperature liquid alkali metals. In this study, both mechanical properties and corrosion resistance to liquid Li were evaluated for two designed Mo-based alloys, Mo-15Re-0.1Zr and Mo-15Re-0.1Zr-0.1Ti. In addition, a series of corrosion test was performed with provisionally designed Nb-based alloys, Nb-(1-4)Hf. [EXPERIMENTAL METHODS] (1)High-temperature tensile test : A tensile test in the Ar atmosphere was carried out at 1473K for the designed Mo-based alloys. Commercial TZM alloy was also tested as a reference. (2)High-temperature creep test : A Creep test in the Ar atmosphere was performed at 1473K under the several applied stress levels for the designed Mo-based alloys. (3)Workability test : A three-point bend test was carried out at room temperature to evaluate the workability of the designed Mo-based alloys. (4)Corrosion resistance to liquid Li : Both the provisionally desingned Nb-based alloys and the designed Mo-based alloys were immersed in the liquid Li at 1473K. The weight change was measured as an indication of the corrosion resistance. Also, the Auger electron spectroscopy analysis was performed with several specimens to examine the surface state of them after corrosion tests. [RESULTS AND DISCUSSIONS] (1)High-temperature tensile properties : The designed Mo-based alloys were superior in the tensile properties at 1473K to the commercial TZM alloy. In fact, both the tensile and yield strengths of them were about 1.5 and 2.3 times higher than the TZM alloy, respectively. (2)High-temperature creep properties : The creep rate of the designed Mo-based alloys at 1473K was lower, compared to other solid solution hardening Mo-based alloys, but higher than the precipitation hardening TZM alloy. (3)Workability : The workability of the designed Mo-based alloys was satisfactory regardless ...",Japanese,95 Pages,1997/03,FBR ; FBR型原子炉 ; クリープ強さ ; ニオブ ; モリブデン ; リチウム ; 引張強さ ; 引張試験 ; 液体金属 ; 降伏強さ ; 高温クリープ ; 耐食性 ; 耐熱合金 ; 炉心・構造材料,,,ar_mapping,6,ar,Characteristics and experimental evaluation of super-heat-resisting Nb-based and Mo-based Alloys,https://jopss.jaea.go.jp/search/servlet/search?4036097,https://jopss.jaea.go.jp/pdfdata/PNC-TJ9603-97-001.pdf
4025771,PNC TN8410 97-045,MOXペレットの焼結挙動解明試験(II) Pu富化度30wt.%混合酸化物燃料ペレットの焼結挙動に及ぼす予備焼成雰囲気の影響,None,成田 大祐; 大代 操; 吉田 真之*; 小幡 真一; 関 正之; 檜山 敏明; 上村 勝一郎,"not registered; Daidai, Misao; not registered; Obata, Shinichi; Seki, Masayuki; not registered; not registered",本試験は、予備焼成雰囲気としてAr-5%H2、N2及びCO2ガスを用い、ステアリン酸亜鉛及びアビセルを添加したPu富化度30wt.%混合酸化物燃料ペレットの予備焼成時の脱炭効果、またそれが焼結挙動に及ぼす影響を調べたものである。実施した試験の結果から、以下のことが結論として言える。(1)Ar-5%H2、N2及びCO2ガス雰囲気中における予備焼成時の炭素の脱離はペレットから分離・放出された酸素及び雰囲気中の不純物酸素との間で生じるC+1/202=CO反応が主として寄与するものと考えられる。従って、脱炭効果はペレットのO/Mが高く、雰囲気の酸素ポテンシャルが高いほど大きくなると推定される。(2)ステアリン酸亜鉛及びアビセルを添加した場合の焼結密度は、CO2ガスの方が炭素の脱離が十分進むため相対的に高くなるが、Ar-5%H2ガス予備焼結ペレットでは残存炭素の影響により低くなる。(3)ステアリン酸亜鉛のみ添加し、CO2ガス雰囲気で予備焼成したペレットの焼結密度は、原料粉末粒子の凝集強度及び粒子形状に起因し、低くなる場合と高くなる場合がある。(4)予備焼成雰囲気としてCO2ガスを使用する場合は、試料皿(Mo)との間でMo+2CO2=MoO2+2CO反応によるMo皿の酸化が起こるため、それに留意する必要がある。,None,Japanese,21 Pages,1997/03,プルトニウム ; 核燃料 ; 凝集 ; 凝集強度 ; 混合酸化物燃料 ; 焼結 ; 焼結挙動 ; 焼結密度 ; 焼成 ; 焼成雰囲気 ; 相互作用 ; 脱水素反応 ; 脱炭効果 ; 燃料ペレット ; 密度,,,ar_mapping,6,ar,本試験は、予備焼成雰囲気としてAr-5%H2、N2及びCO2ガスを用い、ステアリン酸亜鉛及びアビセルを添加したPu富化度30wt.%混合酸化物燃料ペレットの予備焼成時の脱炭効果、またそれが焼結挙動に及ぼす影響を調べたものである。実施した試験の結果から、以下のことが結論として,https://jopss.jaea.go.jp/search/servlet/search?4025771,https://jopss.jaea.go.jp/pdfdata/PNC-TN8410-97-045.pdf
4035924,PNC TN9410 97-036,もんじゅナトリウム漏えい事故の原因究明; ナトリウム漏えい燃焼実験-I,Investigation for the sodium leak in Monju sodium leak and fire test-I,川田 耕嗣; 大野 修司; 三宅 収; 寺奥 拓史; 宮原 信哉; 田辺 裕美,"Kawada, Koji; Ohno, Shuji; Miyake, Osamu; not registered; not registered; Tanabe, Hiromi",「もんじゅ」2次主冷却系ナトリウム漏えい事故の原因究明の一環として、ナトリウムによる漏えい速度・漏えい形態の確認実験、ナトリウム漏えい燃焼実験-I、ナトリウム漏えい燃焼実験-IIを順次実施した。本報告は、この内のナトリウム漏えい燃焼実験-Iに関するものである。ナトリウム漏えい燃焼実験-Iは、換気空調ダクト、グレーチングでの漏えいナトリウムの燃焼および破損挙動、漏えいナトリウムの床ライナへの影響挙動を明らかにする目的で、大規模ナトリウム漏えい燃焼試験施設(SAPFIRE)の大型密閉試験装置(SOLFA-2)を用いて実施した。実験では、「もんじゅ」と同仕様の温度計と周囲の保温構造の一部、換気空調ダクトおよびグレーチングを実機と同様に設置し、また床面には実機の床ライナと同仕様の受け皿を設置し、漏えい事故室の機器構造・配置を部分的に模擬した。実験は、480 のナトリウムを温度計から当初約4時間にわたって漏えいさせる予定であったが、排煙処理装置の排気流量低下のため約1.5時間で終了した。各部における燃焼挙動、破損挙動等はCCDカメラ、熱電対等を用いて確認した。ナトリウム漏えい燃焼実験-Iから、以下の結果を得た。(1)温度計からのナトリウム漏えい形態は、漏えい開始直後はフレキシブル管からの流線状の飛散後、換気空調ダクト上で跳ね返って液滴状燃焼になるのが観察された。(2)換気空調ダクトは、表面温度が約600 約700 の範囲であったが、「もんじゅ」で見られたような開口はなく、ダクト本体の破損は認められなかった。(3)グレーチングは、上面温度が約650 約940 の範囲で推移していたが、鋼板の一部に欠損や減肉が認められた。(4)床面に設置した受け皿の裏面温度は、約10分後に約700 に達し、その後は約740 約770 で推移していたが、受け皿の破損はなく、最大約1mmの減肉が認められた。(5)受け皿上には、「もんじゅ」と同様にナトリウム酸化物が山状に堆積し、堆積物最下層からは、鉄とナトリウムの複合酸化物(Na4FeO3)が確認された。,"As a part of the work for investigating the sodium leak accident which occurred in Monju on December 8, 1995, three tests, (1)sodium leak test, (2)sodium leak and fire test-I, and (3)sodium leak and fire test-II, were carried out at OEC/PNC. Main objectives of these tests are to confirm leak and burning behavior of sodium from the damaged thermometer, and effects of the sodium fire on integrity of the surrounding structure, etc. This report describes the result of the sodium fire test-I carried out as a preliminary test. The test was performed using SOLFA-2 (Sodium Leak, Fire and Aerosol) facility on April 8, 1996. In this test, sodium heated to 480 C was leaked for approximately 1.5 hours from a leak simulated apparatus and caused to drop onto a ventilation duct and a grating with the same dimensions and layout as those in Monju. The main conclusions obtained from the test are shown as below. (1)Observation from video cameras in the test revealed that in early stages of sodium leak, sodium dropped down out of the flexible tube of thermometer in drips. This dripping and burning were expanded in range as sodium splashed on the duct. (2)No damage to the duct itself was detected. However, the aluminum louver frame of the ventilation duct's lower inlet was damaged: Its machine screws had come off, leaving half of the grill (on the grating side) detached. (3)No large hole, like one seen at Monju, were found when the grating was removed from the testing system for inspection, although the area centered on the point that the sodium attacked was damaged in a way indicating the first stages of grating failure: The 5-mm- square lattice was corroded through in some parts, and many blades (originally 3.2 mm thick) had become like the blade of a sharp knife. (4)The burning pan underside thermocouple near the leak point measured 700 C in roughly 10 minutes, and for the next hour remained stable between 740 C and 770 C. There was a ...",Japanese,243 Pages,1997/01,FBR ; FBR型原子炉 ; ダクト ; ナトリウム ; もんじゅ原子炉 ; 温度計 ; 化学組成 ; 格子 ; 原子炉安全 ; 原子炉事故 ; 原子炉冷却系 ; 原子炉冷却材 ; 事故調査 ; 堆積物 ; 燃焼試験 ; 表面温度 ; 漏れ,,,computer_vision,6,"camera, カメラ",ムを温度計から当初約4時間にわたって漏えいさせる予定であったが、排煙処理装置の排気流量低下のため約1.5時間で終了した。各部における燃焼挙動、破損挙動等はCCDカメラ、熱電対等を用いて確認した。ナトリウム漏えい燃焼実験-Iから、以下の結果を得た。(1)温度計からのナトリウム漏えい形態は、漏えい開始直後はフレキシブル管からの流線状の飛散後、換気空調ダクト上で跳ね返って液滴状燃焼になるのが観察された。(2),https://jopss.jaea.go.jp/search/servlet/search?4035924,https://jopss.jaea.go.jp/pdfdata/PNC-TN9410-97-036.pdf
4036058,PNC TJ9124 97-009,ナトリウム漏洩燃焼挙動実験 -気流及び湿分影響確認実験-,None,後藤 忠*; 植竹 満*; 名雲 靖*; 中沢 学*; 床井 博見*; 斉藤 義則*; 小沢 一雅*,not registered; not registered; not registered; not registered; not registered; not registered; not registered,Na燃焼反応生成物の化学組成に及ぼす気流と湿分の影響を評価するため、気流影響実験と、湿分影響実験が可能なNa漏えい燃焼実験装置を使用し、500 のNaを100 200cc用いて最大湿分濃度5モル%、燃焼面への最大気流速度2.5m/Sの大気条件でNa燃焼実験を実施した。燃焼中の反応生成物を液化Ar中で急速固化し、大気に触れることなく、その化学組成を化学分析とX線回析で評価して以下の結論を得た。(1)Naプール燃焼実験時の燃焼皿内にはNa2Oが燃焼時間の経過と共に増加して燃焼末期まで主成分となるが、燃焼後期においてはNa2O2が漸増する。(2)大気に放出されるエアロゾルはNa2Oを微量含有するが、主成分はNa2O2であり、大気中の湿分を吸収してNaOHを生成する。(3)燃焼皿内の反応生成物の化学組成には湿分の影響は顕著でないが、エアロゾル組成には湿分の増加と共にNaOHやNa2CO3が顕著に増加する。(4)燃焼皿内の燃焼反応生成物及びエアロゾルの化学組成に及ぼす気流の影響は顕著でない。(5)燃焼反応生成物の化学組成はプール燃焼、液滴燃焼(落下高さ550mm)の燃焼形態に大きく依存しない。,None,Japanese,150 Pages,1996/12,no keyword,,,ar_mapping,6,ar,し、500 のNaを100 200cc用いて最大湿分濃度5モル%、燃焼面への最大気流速度2.5m/Sの大気条件でNa燃焼実験を実施した。燃焼中の反応生成物を液化Ar中で急速固化し、大気に触れることなく、その化学組成を化学分析とX線回析で評価して以下の結論を得た。(1)Naプール燃焼実験時の燃焼皿内にはNa2Oが燃焼時間の経過と共に増加して燃焼末期まで主成分となるが、燃焼後期においてはNa2O2が漸増す,https://jopss.jaea.go.jp/search/servlet/search?4036058,https://jopss.jaea.go.jp/pdfdata/PNC-TJ9124-97-009.pdf
2076259,JAERI-Research 96-035,有機塩素化合物の脱塩素化,Dechlorinating reaction of organic chlorides,矢幡 胤昭*; 木原 伸二; 大内 操,"Yahata, Taneaki*; Kihara, Shinji; not registered",トリクロロエチレン、ジクロロメタン等の有機塩素化合物と鉄、アルミニウム粉末または酸化カルシウムとの反応による脱塩素化を試みた。反応の進行状況は質量分析計を用いて有機塩素化合物の濃度変化より調べた。トリクロロエチレンと鉄粉末との反応をAr中350~440 Cで行った。380 Cで反応は急速に進行し約100分間の接触反応で99.5%以上が分解し塩化鉄と炭素が生成した。ジクロロメタンを380~440 Cで鉄粉末と反応させると塩化鉄、炭素及び水素が生成した。反応過程でメチル基、メタンが検出された。アルミニウムとは380~440 Cで反応が十分進行しなかった。トリクロロエチレンと酸化カルシウムの反応をアルゴン及び空気中で行った。いずれも塩化カルシウムが生成するが、空気雰囲気ではCO、CO が生成し、アルゴン中では炭素が遊離する。,no abstracts in English,Japanese,24 Pages,1996/06,トリクロロエチレン ; ジクロロメタン ; 有機塩素化合物 ; 鉄粉末 ; 酸化カルシウム ; 脱塩素化,,https://doi.org/10.11484/jaeri-research-96-035,ar_mapping,6,ar,末または酸化カルシウムとの反応による脱塩素化を試みた。反応の進行状況は質量分析計を用いて有機塩素化合物の濃度変化より調べた。トリクロロエチレンと鉄粉末との反応をAr中350~440 Cで行った。380 Cで反応は急速に進行し約100分間の接触反応で99.5%以上が分解し塩化鉄と炭素が生成した。ジクロロメタンを380~440 Cで鉄粉末と反応させると塩化鉄、炭素及び水素が生成した。反応過程でメチル基、メ,https://jopss.jaea.go.jp/search/servlet/search?2076259,https://jopss.jaea.go.jp/pdfdata/JAERI-Research-96-035.pdf
2076246,JAERI-Research 96-022,Slug flow transitions in horizontal gas/liquid two-phase flows; Dependence on chennel height and system pressure for air/water and steam/water two-phase flows,水平気液二相流におけるスラグ流遷移に関する研究; 空気/水及び蒸気/水二相流での流路高及び系圧力依存性,中村 秀夫,"Nakamura, Hideo",本研究は、軽水炉事故時の気液二相流挙動予測を高精度化するため、水平二相流でのスラグ流の発生条件と関連素過程に対し、従来の小規模、低圧力での実験に基づく予測モデルの改良、又は相関式を新たに作成し、実規模流動への拡張を試みたものである。このため、TPTF蒸気/水試験装置と水平矩形ダクト空気/水試験装置の2つの実規模装置を用い、流動の模擬と可視化観察を行った。その結果、蒸気/水二相流でのスラグ流及び波状噴霧流への遷移境界を良く予測する為、改良Taitel-Duklerモデル、気液界面摩擦係数の実験式、改良Steen-Wallis相関式等が得られた。さらに、これらの改良モデルや相関式を連係して用いると、本研究での実験条件範囲内ではあるが、スラグ流が生じる流量範囲を、発生条件の流路高と系圧力への依存性と共に良く予測できることを確認した。,no abstracts in English,English,135 Pages,1996/05,Slug Flow ; Wavy-dispersed Flow ; Wavy Flow ; Flow Regime Transition ; High-pressure Steam ; Water Two-phase Flow ; Flow Visualization ; Interfacial Friction Factor ; Channel Height ; System Pressure,,https://doi.org/10.11484/jaeri-research-96-022,computer_vision,6,"visualization, 可視化",式を新たに作成し、実規模流動への拡張を試みたものである。このため、TPTF蒸気/水試験装置と水平矩形ダクト空気/水試験装置の2つの実規模装置を用い、流動の模擬と可視化観察を行った。その結果、蒸気/水二相流でのスラグ流及び波状噴霧流への遷移境界を良く予測する為、改良Taitel-Duklerモデル、気液界面摩擦係数の実験式、改良Steen-Wallis相関式等が得られた。さらに、これらの改良モデルや相関式,https://jopss.jaea.go.jp/search/servlet/search?2076246,https://jopss.jaea.go.jp/pdfdata/JAERI-Research-96-022.pdf
4035792,PNC TJ9409 96-002,照射済燃料の乾式分離、抽出技術に関する調査・検討,Investigation of pyrometallurgical partitioning and extracting technology of irradiated fuel,湯本 鐐三*; 横内 洋二*; 小泉 益通*; 関 貞雄*,"Yumoto, Ryozo*; Yokochi, Yoji*; Koizumi, Masumichi*; Seki, Sadao*",照射済MOX燃料の乾式分離、抽出に関する技術の開発状況を調査し、大洗工学センターで実施する場合の試験内容、試験装置、試験装置を設置するセルの構造及びセルの設置場所等について検討した。試験の目的はプロセスの成立性をはじめコールド試験では得られないFPやTRUの挙動を把握すること及びオフガス性状の挙動を確認することである。試験内容の検討にあたり、取扱う試料としてはもんじゅ燃料の燃焼度9万4千MWd/ton、550日冷却1バッチ、最大重量100gを想定した。試験は燃料ピンの切断、粉末化等の前処理を除く(1)酸化物燃料還元工程(2)電解精製工程(3)陰極回収物処理工程(4)TRU抽出工程の4工程をホット試験の重要課題として取り上げ、試験工程の概要、試験フロー図及び試験における課題等を明らかにした。試験装置としては、各工程毎の試験装置の概略仕様、構造等の検討を行い、その概要を示すとともに、処理後の生成物評価に必要な分析装置についてもその概要を検討した。また、使用された塩化物からTRU及び一部のFPは抽出回収され、電解精製工程等にリサイクルされる。残留FPを含む塩廃棄物はゼオライトに吸蔵し固化安定化された後、容器に封入して保管する。これらの試験を行うセルについては、既設FMF試験セル、AGFコンクリートセルの改造及びFMF地下2階倉庫、FMF増設第2補機室におけるセルを新設する場合のケースについて検討した。その結果、設置スペース、装置設置を含むセルの改造及び新設の工事の難易度、メンテナンスの方法、オフガス対応を含む換気(Ar雰囲気)設備及び試験装置の配置計画などからFMF増設第2補機室に新規に鉄セルを配置して試験を行うことが、工事上の安全確保も容易であり、放射性廃棄物の発生も少なく、最も安全に、また他の試験作業への影響を与えることなく、かつ効率的に試験操作を行うことが可能であることを明らかにした。,"The state of development of pyrometallurgical partitioning and extracting technology of irradiated fuel is investigated. Also in case of perfoming the test at O-arai engineering center, the contents of the test, equipments, structure and arragement of cells that equipments are installed, are studied. The purpose of the test is to confirm the realization of the process and behavior of FP and TRU elements, and off-gass that cannot be made dear by cold test. In this study it is assumed that 100g monju fuel (94,000MWd/t B.U, cooled for 550 days) per batch is treated. Four processes are picked up except for pin sectioning and powdering, as important subjects. They are as follows. (1)reduction of oxide fuel (2)electrorefining (3)cathode processing (4)extraction of TRU elements. And the outline of the test, blocked flow chart and the outline of equipment are clarified. And the outline of chart is drawn. Moreover, the specification of analitical equipments which are necessary to analyze the product is shown. From spent chloride, TRU and a part of FP elements are extracted and they are recycled for electrorefining and so on. The salt-waste including residual FP elements is kept in a receptacle after being absorbed into Zeorite and soldified. As the disposition of these tests, modified test cell in the existing FMF, modified concrete cell in AGF, new cell at B2F in the existing FMF and new cell at second auxiliary room in FMF extension are studied. As result of considering the disposition for equipment, the difficulty of reconstucting new cell including of equipments, method of mentenance, and equipments of ventilazion (Ar circumstance) including of management of off gas, and the plan of disposition, it is concluded that constructing iron cell into the second auxiliary room of FMF extension is best, because it is easy to construct safely, and the occurance of radioactive waste and the influence to other tests is little, and it is possible to examine more efficiently.",Japanese,93 Pages,1996/03,AGFコンクリートセル ; FMF試験セル ; FP ; LMFBR型原子炉 ; MOX燃料 ; TRU ; オフガス ; もんじゅ ; 陰極 ; 核燃料 ; 核燃料再処理 ; 核燃料燃焼度 ; 核分裂生成物 ; 乾式法 ; 還元 ; 経済性 ; 混合酸化物燃料 ; 再処理 ; 酸化物燃料 ; 使用済燃料要素 ; 試験装置 ; 試験内容 ; 照射済燃料 ; 抽出技術 ; 超ウラン元素 ; 電解精製 ; 燃焼度 ; 放射性廃棄物 ; 溶媒抽出,,,ar_mapping,6,ar,Investigation of pyrometallurgical partitioning and extracting technology of irradiated fuel,https://jopss.jaea.go.jp/search/servlet/search?4035792,https://jopss.jaea.go.jp/pdfdata/PNC-TJ9409-96-002.pdf
4015823,PNC TY1579 96-001,Discrete fracture network code development,亀裂ネットワークコードの開発,*,not registered,None,"THIS REPORT PRESENTS THE RESULTS OF FRACTURE FLOW MODEL DEVELOPMENT AND APPLICATION PERFORMED BY GOLDER ASSOCIATES INC. DURING THE HEISEI-7 (1995-1996) FISCAL YEAR. THE MAJOR GOALS OF HEISEI-7 WERE TO APPLY FRACMAN TECHNOLOGIES AT THE ASPO AND KAMAISHI SITES, TO IMPLEMENT APPROXIMATE FLOW SOLUTIONS, AND TO IMPROVE AND VERIFY POCS STOCHASTIC CONTINUUM ALGORITHMS. THIS REPORT PRESENTS TECHNICAL DESCRIPTIONS OF SOFTWARE DEVELOPED DURING HY-7 FOR PATHWAYS ANALYSIS, APPROXIMATE FLOW SOLUTIONS, AND 2D POCS STOCHASTIC CONTINUUM FIELDS. VERIFICATION CASES AND USER DOUCMENTATION ARE PROVIDED FOR ALL SOFTWARE FEATURES. THE REPORT SUMMARIZES GOLDER ASSOCIATES' SUPPORT TO PNC WITHIN THE ASPO TUNNEL DRAWDOWN EXPERIMENT (""TASK 3""), AND TRACER RETENTION AND UNDERSTANDING EXPERIMENT (""TRUE-1""). THE REPORT ALSO SUMMARIZES DATA ANALYSIS AND MODELLING FOR THE PNC KAMAISHI EXPERIMENTAL SITE. DETAILED REPORTS FOR KAMAISHI MODELLING AND ANALYSIS SUPPORT, ASPO TASK3, ASPO TRUE-1 AND SOFTWARE DOCUMENTATION AR",English,733 Pages,1996/03,no keyword,,,ar_mapping,6,ar,"ON PERFORMED BY GOLDER ASSOCIATES INC. DURING THE HEISEI-7 (1995-1996) FISCAL YEAR. THE MAJOR GOALS OF HEISEI-7 WERE TO APPLY FRACMAN TECHNOLOGIES AT THE ASPO AND KAMAISHI SITES, TO IMPLEMENT APPROXIMAT",https://jopss.jaea.go.jp/search/servlet/search?4015823,https://jopss.jaea.go.jp/pdfdata/PNC-TY1579-96-001.pdf
4035558,PNC TN9410 95-243,"高速実験炉「常陽」運転経験報告書 平成4年度 6年度 系統設備機器台帳総括(1次Na純化系,1次Naサンプリング設備,1次系ガスクロマトグラフ,1次Arガスサンプリング設備,1次 Na充填・ドレン系,1次Arガス系,圧縮空気供給系)","Experimental fast reactor ""JOYO"" operational experience; Summary of register on machinery and tools in '92 '93 and '94",伊藤 和寛; 吉原 静也; 山崎 学; 入江 修二; 安 哲徳; 森本 誠; 塙 幹男,"not registered; not registered; not registered; not registered; Yasu, Tetsunori; Morimoto, Makoto; not registered",機器台帳は、系統設備に関する運転・保守履歴、運転経験及び研究開発成果について記録、整理及びその蓄積を行い、設備保全、プラントの安全・安定運転の確保に役立てることを目的として整備している。機器台帳の整備は、さらに「常陽」運転保守経験報告(JOMEC)を初めとする各種技術資料の作成や系統担当者の交替時における引継ぎの面において必要不可欠ななものである。本報告書は、1次Na純化系、1次Naサンプリング設備、1次系ガスクロマトグラフ、1次Arガスサンプリング設備、1次Na充填・ドレン系、1次Ar系及び圧縮空気供給系に関する平成4年度から6年度の機器台帳を総括したものである。主な特記事項は次の通りである。(1)純化系ラインの閉塞による1次Na純化系電磁ポンプ(EMP)の起動不能が数回あった。ラインの切替え等の操作でEMPを起動させることができた。EMP起動による流動昇温によりラインの閉塞は解消された。(2)1次Naサンプリング装置の出口弁がステムピンの破損により操作不能となり、補修した。(3)圧縮空気供給系除湿塔4方弁の動作不良及び制御用空気配管の損傷等があった。それら不良箇所の交換により、順調な運転を継続した。その後、除湿塔制御回路の老朽化対策として、同4方弁の制御回路を更新した。(4)その他の系統設備機器については、特記すべき不具合もなく順調な運転を継続した。,"The Register on Machinery and Tools is used for recording, summarizing, and accumulating the career of operation and maintenance, the operation experiences, and the results of research and development. It has been provided in order to secure equipment maintenance, safety control, and stable plant operation. Arrange and improvement of the Register on Machinery and tools is indispensable for preparing the technical reports (ex. ""JOYO"" Operation and Maintenance Experience Compile (JOMEC)), and for Job transfer from the person who was in charged of the system. This report summarizes the register from 1992 to 1994, related to the primary sodium purification system, the primary sodium sampling system, the gas chromatography monitor of primary cover gas, the primary argon gas sampling system, the sodium fill and drain system, the primary argon gas system, and the compressed air supply system. The conspicuous contents are as follows; (1)The electromagnetic pump (EMP) in the primary sodium purification system has been impossible to be started several times, because the purification line was blockaded. The EMP was coming back into operation successfully by changing over of the lines, etc. The blockade line was melted by temperature increasing of the flowing sodium at restored EMP. (2)The outlet valve of the primary sodium sampling system did not operate because of broken stem pin. It was repaired. (3)There were movement inferiority of the fore side valve of the dehumidified tower in the compressed air supply system, and damage of control air piping, etc. We successfully kept continuous operation by replacing the damage parts. After that, the fore side valve control unit was renewed in order to cope with superannuating of dehumidified control system. (4)The other systems had been favorably operated without particular trouble.",Japanese,48 Pages,1995/09,no keyword,,,ar_mapping,6,ar,"高速実験炉「常陽」運転経験報告書 平成4年度 6年度 系統設備機器台帳総括(1次Na純化系,1次Naサンプリング設備,1次系ガスクロマトグラフ,1次Arガスサンプリング設備,1次 Na充填・ドレン系,1次Arガス系,圧縮空気供給系)",https://jopss.jaea.go.jp/search/servlet/search?4035558,https://jopss.jaea.go.jp/pdfdata/PNC-TN9410-95-243.pdf
4055762,PNC TN8410 95-204,低二酸化炭素雰囲気下における水酸化サマリウムの溶解度測定及び加水分解定数の算出,Solubility measurements of samarium hydroxide under low CO concentration system,澁谷 早苗; 澁谷 朝紀; 吉川 英樹; 油井 三和,"Shibutani, Sanae; Shibutani, Tomoki; Yoshikawa, Hideki; Yui, Mikazu","高レベル廃棄物地層処分システムにおける核種移行評価においては、信頼性の高い熱力学データを整備することが重要となる。我々は、地層処分条件下における核種の溶解度を評価するために、処分条件を模擬した系における溶解度測定を行うことによって熱力学データを取得してきた。本研究においては、高レベル廃棄物中に核分裂生成物(FP)として大量に含まれるサマリウムについて、水酸化物の熱力学データを求めることを目的として溶解度測定試験を行ったので、結果を報告する。溶解度測定試験条件は以下のとおりである。雰囲気:Ar、99.99%以上(CO /分圧 1ppm,O /分圧 1ppm)雰囲気制御グローブボックス中温度:24 27 C、平衡期間:14 100日(未飽和側)、28 106日(過飽和側)、イオン強度:I=0.1(NaClO により調整)、pH範囲:pH4 12、溶解度測定結果から推定された水酸化サマリウムの加水分解反応とその平衡定数は以下のとおりである。Sm(OH) (cr) + 3H Sm + 3H O ;log K=16.4 Sm + H O SmOH + H ;log K=-7.2 Sm + 2H O Sm(OH) + 2H ;log K=-21.7 Sm + 3H O Sm(OH) (aq) + 3H ;log K=-24.9",None,Japanese,24 Pages,1995/09,no keyword,,,ar_mapping,6,ar,Solubility measurements of samarium hydroxide under low CO concentration system,https://jopss.jaea.go.jp/search/servlet/search?4055762,https://jopss.jaea.go.jp/pdfdata/PNC-TN8410-95-204.pdf
2076405,JAERI-Tech 95-043,Ar凝縮層を用いたクライオソープションポンプによる混合ガス(He/D )排気実験,Mixed gas evacuation with a cryo-sorption pump using an argon condensed layer,秋野 昇; 礒崎 信光*; 栗山 正明; 大賀 徳道; 清水 和彦*,"not registered; not registered; Kuriyama, Masaaki; Oga, Tokumichi; not registered",クローズドダイバータ実験時のダイバータ室排気ポンプとして、JT-60NBIクライオポンプを用いることで計画されている。本実験時に排気するガスは混合ガス(He/D )が主となる。Heガス単体の排気は、長パルスヘリウムビーム入射実験の際に、Ar凝縮層を用いたクライオソープションポンプにて実証済みであるが、混合ガスの排気は経験がない。そのため、Ar凝縮層を用いたクライオソープションポンプにて混合ガスの排気実験を行った。達成した排気速度は、1ビームラインあたり混合ガス(He/D ;5/95)に対して約700m /sであった。この結果、JT-60NBIクライオポンプをダイバータ室排気ポンプとして使用できることが明らかとなった。,no abstracts in English,Japanese,21 Pages,1995/09,クライオソープションポンプ ; Ar凝縮層 ; Heガス ; 混合ガス ; NBI,,https://doi.org/10.11484/jaeri-tech-95-043,ar_mapping,6,ar,Ar凝縮層を用いたクライオソープションポンプによる混合ガス(He/D )排気実験,https://jopss.jaea.go.jp/search/servlet/search?2076405,https://jopss.jaea.go.jp/pdfdata/JAERI-Tech-95-043.pdf
4025418,PNC TN8410 95-250,プルトニウム粒子径迅速測定評価法の開発,None,江花 稔; 松本 盛雄; 伊東 康久; 岡崎 良仙,"Ebana, Minoru; not registered; Ito, Yasuhisa; not registered",放射性粉塵の粒子径測定方法のひとつとしてオートラジオグラフ法がある。この方法を日常の放射線管理により使い易いものにするため、1978年に曝射用カメラと蛍光膜を組み合わせたオートラジオグラフ装置(以下「ARG」という)が製作され、その装置を用いて粒子径測定方法が確立された。筆者らは、この粒子径測定方法での、ARG写真からのスポット像の読み取り及びデータ処理に、多大の労力と時間を費やしていることに着目し、読み取り装置とデータ処理を含くむシステムの自動化の検討と試作機(以下「画像解析装置」という)の製作並びに性能試験を実施した。この結果、以下のことがわかった。(1)スポット径の測定を自動化することで、分単位で粒子径の測定が可能となった。(2)PuO2粒子の最小検出径は、0.35MMが得られた。従来は光学顕微鏡の測定でオートラジオグラフのスポット径が0.42MMであった。(3)放射能強度よってもARG写真の露光時間が異なるが、最小検出径0.35MMを評価するためには、曝射用35disintegrationsが必要となりARGに要する露光時間は20時間50分となる。(4)プルトニウム燃料第三開発施設の粒度分布の測定結果は、質量中央径(MMD)で3.18 6.24 m、幾何標準偏差( g)で1.27 2.25、空気力学的質量中央径(MMAD)で10.8 21.1 mであった。,None,Japanese,75 Pages,1995/08,no keyword,,,computer_vision,6,"カメラ, 画像解析",放射性粉塵の粒子径測定方法のひとつとしてオートラジオグラフ法がある。この方法を日常の放射線管理により使い易いものにするため、1978年に曝射用カメラと蛍光膜を組み合わせたオートラジオグラフ装置(以下「ARG」という)が製作され、その装置を用いて粒子径測定方法が確立された。筆者らは、この粒子径測定方法での、ARG写真からのスポット像の読み取り及びデータ処理に、多大の労力と時間を費やしてい,https://jopss.jaea.go.jp/search/servlet/search?4025418,https://jopss.jaea.go.jp/pdfdata/PNC-TN8410-95-250.pdf
2076179,JAERI-Research 95-045,エチルトリクロロシランを用いたCVD-SiCの熱力学計算,Thermodynamic calculations for chemical vapor deposition of silicon carbide using ehyltrichlorosilane,中野 純一; 山田 禮司,"Nakano, Junichi; Yamada, Reiji",自由エネルギー最小化法に基づく化学平衡状態計算プログラムSOLGASMIX-PVを用いて、C H SiCl -H -Ar系の化学蒸着(CVD)に関して熱力学計算を行い、CVD状態図を得た。C H SiCl -H 系では、 -SiC+C、 -SiC、 -SiC+Si(l)、Si(l)、 -SiC+Si(s)、およびSi(s)が蒸着する領域が存在することがわかった。C H SiCl Ar系では、 -SiC+CおよびCが蒸着することがわかった。これらの計算結果と報告されている蒸着実験結果とを比較した結果、 -SiC+Cが蒸着すると計算された領域において、 -SiC+C、 -SiC、または -SiC+Si(s)が蒸着することがわかった。CVDにおける最適なガスのモル比と蒸着温度に関しては、(Ar+H )/C H SiCl モル比1000~10000、Ar/H モル比0.43~0.15、蒸着温度1100~1500Kのときに、原料のSi原子は最も効率よく -SiCとして蒸着し、 -SiC単相を生成することが明らかになった。,no abstracts in English,Japanese,26 Pages,1995/06,Silicon Carbide ; Chemical Vapor Deposition ; Thermodynamic ; Calculation ; Gibbs Free Energy ; Ethyltrichlorosilane ; CVD-phase Diagram,,https://doi.org/10.11484/jaeri-research-95-045,ar_mapping,6,ar,Thermodynamic calculations for chemical vapor deposition of silicon carbide using ehyltrichlorosilane,https://jopss.jaea.go.jp/search/servlet/search?2076179,https://jopss.jaea.go.jp/pdfdata/JAERI-Research-95-045.pdf
2074284,JAERI-Conf 95-006,平成5年度JRR-3M中性子ラジオグラフィ研究会報文集; 1994年2月3 4日、東海村,"Proceedings of the Third Annual Meeting on Research and Application Using JRR-3M Neutron Radiography Facility; February 3 4, 1994, Tokai, Japan",研究炉部,not registered,本報文集は平成5年度JRR-3M中性子ラジオグラフィ研究会において行われた講演を基に、それぞれの研究者が執筆した論文を収録したものである。本研究会は平成6年2月3、4日に開催された。研究発表16件、参加者46名であった。今回の研究会の特徴は研究発表の増加とともに新分野における応用の提案、および中性子ラジオグラフィ技術への新たな試みがなされたことである。外国における中性子ラジオグラフィの研究が2件紹介された。また、特別講演も1件招待した。,no abstracts in English,Japanese,207 Pages,1995/03,Neutron Radiography ; JRR-3M ; Visualization ; Neutron Imaging Plate ; High-speed Neutron VTR ; Invivo Neutron Radiography,,https://doi.org/10.11484/jaeri-conf-95-006,computer_vision,6,"imaging, visualization",Neutron Radiography ; JRR-3M ; Visualization ; Neutron Imaging Plate ; High-speed Neutron VTR ; Invivo Neutron Radiography,https://jopss.jaea.go.jp/search/servlet/search?2074284,https://jopss.jaea.go.jp/pdfdata/JAERI-Conf-95-006.pdf
4015569,PNC TJ1214 95-006,カルシウム型ベントナイトに対する核種の収着特性に関する研究(2)-概要書-,None,向井 悟*; 滝 洋*; 土井 基尾*,"Mukai, Satoru*; not registered; Doi, Motoo*",本研究では、カルシウム型に変換したベントナイトに対する核種の収着特性を把握するために、以下に示す研究を実施した。(1)カルシウム型ベントナイトと模擬地下水との浸出液を調整し、溶液中のpH、Eh及び元素分析を行った。また、大気雰囲気下と雰囲気制御下(Ar雰囲気下、O2濃度1ppm以下)における浸出液の化学組成について比較・検討した。(2)大気雰囲気下と雰囲気制御下において、カルシウム型ベントナイトに対するNp、I(雰囲気制御下)、及びC(大気雰囲気下)の分配係数測定試験をバッチ法により実施し、以下の分配係数が得られた。1)Npの分配係数:1.1 102ml/gCa型ベントナイト-蒸留水系4.1 101ml/gクニゲルV1-蒸留水系2)Iの分配係数:2.9ml/gCa型ベントナイト-蒸留水系1.5ml/gCa型ベントナイト-水酸化カルシウム系3)Cの分配係数:1.7 101ml/gCa型ベントナイト-蒸留水系1.6 103ml/gCa型ベントナイト-水酸化カルシウム系,None,Japanese,34 Pages,1995/03,カルシウム ; セメント ; ネプツニウム ; ベントナイト ; よう素 ; 安全性 ; 環境放射性核種移動 ; 元素分析 ; 酸化還元電位 ; 収着 ; 充填材料 ; 浸出液 ; 水素イオン濃度 ; 炭素 ; 地下水 ; 同位体 ; 廃棄物 ; 廃棄物処分 ; 分配係数 ; 放射性廃棄物,,,ar_mapping,6,ar,下に示す研究を実施した。(1)カルシウム型ベントナイトと模擬地下水との浸出液を調整し、溶液中のpH、Eh及び元素分析を行った。また、大気雰囲気下と雰囲気制御下(Ar雰囲気下、O2濃度1ppm以下)における浸出液の化学組成について比較・検討した。(2)大気雰囲気下と雰囲気制御下において、カルシウム型ベントナイトに対するNp、I(雰囲気制御下)、及びC(大気雰囲気下)の分配係数測定試験をバッチ法により実施,https://jopss.jaea.go.jp/search/servlet/search?4015569,https://jopss.jaea.go.jp/pdfdata/PNC-TJ1214-95-006.pdf
4015568,PNC TJ1214 95-005,カルシウム型ベントナイトに対する核種の収着特性に関する研究(2),None,*,not registered,"本研究では、カルシウム型に変化したベントナイトに対する核種の収着特性を把握するために、以下に示す研究を実施した。(1)カルシウム型ベントナイトと模擬地下水との浸出液を調整し、溶液中のpH,Eh及び元素分析を行った。また、大気雰囲気下と雰囲気制御下(Ar雰囲気下,O/SUB2濃度1ppm以下)における浸出液の化学組成について比較・検討した。(2)大気雰囲気下と雰囲気制御下において、カルシウム型ベントナイトに対するNp,I(雰囲気制御下)、及びC(大気雰囲気下)の分配係数測定試験をバッチ法により実施し、以下の分配係数が得られた。1.Npの分配係数:1.1x10/SUP2/ml/g Ca型ベントナイト-蒸留水系4.1x10/SUP1/ml/g クニゲルV1-蒸留水系2.Iの分配係数:2.9ml/g Ca型ベントナイト蒸留水系1.5ml/g Ca型ベントナイト-水酸化カルシウム系3.Cの分配係数:1.7x10/SUP1/ml/g Ca型ベントナイト-蒸留水系1.6x10/SUP3/ml/g Ca型ベントナイト-水酸化カルシウム系",None,Japanese,86 Pages,1995/03,no keyword,,,ar_mapping,6,ar,"下に示す研究を実施した。(1)カルシウム型ベントナイトと模擬地下水との浸出液を調整し、溶液中のpH,Eh及び元素分析を行った。また、大気雰囲気下と雰囲気制御下(Ar雰囲気下,O/SUB2濃度1ppm以下)における浸出液の化学組成について比較・検討した。(2)大気雰囲気下と雰囲気制御下において、カルシウム型ベントナイトに対するNp,I(雰囲気制御下)、及びC(大気雰囲気下)の分配係数測定試験をバッチ法に",https://jopss.jaea.go.jp/search/servlet/search?4015568,https://jopss.jaea.go.jp/pdfdata/PNC-TJ1214-95-005.pdf
2076355,JAERI-Tech 94-031,Ar凝縮層を用いたクライオソープションポンプによるHeガス排気,Helium gas evacuation with a cryo-sorption pump using an argon condensesd layer,秋野 昇; 朴木 敏郎*; 国枝 俊介; 栗山 正明; 大賀 徳道; 清水 和彦*,"not registered; not registered; Kunieda, Shunsuke; Kuriyama, Masaaki; Oga, Tokumichi; not registered",既設JT-60NBIを使った大出力ヘリウムビーム入射のために、アルゴン凝縮層を利用した大容量ヘリウムガス排気のクライオソープションポンプの開発を行った。このクライオソープションポンプは、既設の水素排気用クライオポンプをほとんど改造せずに、単にアルゴンガス導入系だけを追加したものである。達成した排気速度は、 Heガスに対して550m /s、 Heガスに対して480m /sであった。この結果、パルス幅4.0秒までの He及び Heビームを安定してJT-60に入射することができた。,no abstracts in English,Japanese,31 Pages,1994/11,ヘリウムガス排気 ; ヘリウムビーム ; NBI ; クライオソープションポンプ ; JT-60,,https://doi.org/10.11484/jaeri-tech-94-031,ar_mapping,6,ar,Ar凝縮層を用いたクライオソープションポンプによるHeガス排気,https://jopss.jaea.go.jp/search/servlet/search?2076355,https://jopss.jaea.go.jp/pdfdata/JAERI-Tech-94-031.pdf
2074274,JAERI-Conf 94-002,"平成4年度JRR-3M中性子ラジオグラフィ研究会報文集; 1993年2月25 26日,東海村","Proceedings of the Second Annual Meeting on Research and Application Using JRR-3M Neutron Radiography Facility; February 25 26, 1993, Tokai",研究炉部,not registered,JRR-3M中性子ラジオグラフィ装置は平成3年度より一般利用を開始した。本装置の性能は高中性子束など世界第一級のものである。特にリアルタイムの鮮明な動画像が取得できることは広い応用分野を持つこととなった。所内における利用だけでなく、諸大学との協力研究が盛んに行われている。これらの成果を持ち寄り討論する場としてJRR-3M中性子ラジオグラフィ研究会を平成3年度に続いて、平成4年度も開催した。本報文集はこの第2回目となる研究会において発表された資料及び研究論文を収録したものである。なお、研究会は平成5年2月に2日間にわたって開かれ、研究発表12件、参加者約30名であった。,no abstracts in English,Japanese,154 Pages,1994/07,Neutron Radiography ; JRR-3M ; Image Processing ; Visualization ; Two-phase Flow ; Water Hydrology,,https://doi.org/10.11484/jaeri-conf-94-002,computer_vision,6,"image processing, visualization",Neutron Radiography ; JRR-3M ; Image Processing ; Visualization ; Two-phase Flow ; Water Hydrology,https://jopss.jaea.go.jp/search/servlet/search?2074274,https://jopss.jaea.go.jp/pdfdata/JAERI-Conf-94-002.pdf
4015401,PNC TJ1607 94-002,放射線の空間分布計測手法に関する研究(2),None,*,not registered,大強度加速器放射線場におけるドシメトリーで重要となる広域かつ挟あい・複雑空間における線量率分布測定に対して、プラスチックシンチレーションファイバーを用いた新しい放射線空間分布センシング手法の開発と適用性を評価した。特に、中性子空間線量率分布の測定性能とノーマルファイバーを接続した長距離測定仕様における位置検出特性について実験的評価を行い、基本的な技術の確立と性能確認を行うとともに、従来の中性子やガンマ線サーベイメータで空間線量率マッピングを行うこととほとんど遜色のない結果が、極めて効率的に得られることを実証した。また、本手法を加速器ビーム損失モニターとしても活かすため、対になって測定されるべき加速器ビーム特性のモニター法についても検討を加えた。特に、我々のグループが開発している電子線形加速器用のビームモニタリング手法の中で、非破壊型かつ簡便であるという観点から、空気中または真空中で使用する多線式ビームプロファイルモニター及び同軸ケーブル用コネクターを用いたビームバンチ・ポジションモニターの有用性を示した。,no abstracts in English,Japanese,60 Pages,1994/03,PSF ; ガンマ線サーベイメータ ; その他 ; ドシメトリー ; ノーマルファイバー測定 ; ビームモニタリング ; プラスチックシンチレーションファイバー ; プラスチックシンチレーション検出器 ; マッピング ; 位置検出特性 ; 核分裂生成物 ; 環境汚染 ; 空間線量率 ; 空間分布 ; 消滅処理 ; 線形加速器 ; 線量測定 ; 線量率 ; 線量率分布 ; 測定精度 ; 中性子空間線量率 ; 電子ビーム ; 電子線形加速器 ; 放射性物質 ; 放射線監視 ; 放射線空間分布 ; 放射線場 ; 放射能汚染 ; 放射能除去 ; 放射能測定,,,ar_mapping,6,マッピング,接続した長距離測定仕様における位置検出特性について実験的評価を行い、基本的な技術の確立と性能確認を行うとともに、従来の中性子やガンマ線サーベイメータで空間線量率マッピングを行うこととほとんど遜色のない結果が、極めて効率的に得られることを実証した。また、本手法を加速器ビーム損失モニターとしても活かすため、対になって測定されるべき加速器ビーム特性のモニター法についても検討を加えた。特に、我々のグループが開発して,https://jopss.jaea.go.jp/search/servlet/search?4015401,https://jopss.jaea.go.jp/pdfdata/PNC-TJ1607-94-002.pdf
4019243,PNC TJ6401 94-001,地下深部におけるバクテリアの存在調査研究,None,同和工営*,not registered,本報告書は、岐阜県土岐市東濃鉱山内KNA-2孔から地下水を採取し、その化学分析とバクテリア調査を実施した結果をまとめたものである。調査地は岐阜県南東部に位置し、堆積岩中に掘削された坑内の試錐孔である。調査試料は、この試錐孔において深度約120mから自噴している地下水を、Arガス流送中の簡易グローブバック内で採取した。採取した地下水は、水温18.3 でpH9.1のアルカリ性であった。溶存化学成分は測定結果より、陽イオンがNa+(44.2) Ca2+(2.97) K+(0.36) Mg2+(0.06)、陰イオンがHCO3-(93) CO32-(7) Cl-(0.86) SO42-(N.D.)の順でそれぞれ高濃度であった。(数値の単位はmg/l)。また一般的な微生物の環境因子となるTOC、T-N、T-Pはそれぞれ0.19mgC/l、0.078mgN/l、0.005mgp/lと低濃度であった。バクテリア調査の結果から、全菌数は1.6 105cells/ml、生菌の鉄酸化細菌(Thiobacillus ferrooxidans)、メタン生成細菌、亜硝酸細菌、硝酸細菌及び脱窒細菌は不検出、硫酸塩還元細菌は5.0 10-1MPN/mlと各々計数された。脱窒細菌についてはアンモニア、亜硝酸及び硝酸態窒素の不足が、メタン生成細菌については電子供与体の不足が制限因子として示唆された。このように試料の嫌気条件が整っている割には、調査対象とした嫌気性細菌の現存量は微少であった。一般細菌の分析では、一般細菌が3.0 100CFU/mlと計数されたが、大腸菌群数、嫌気性菌数、芽胞形亜硫酸還元嫌気性菌数、腸球菌数、緑膿菌数、放線菌数及びカビ数は不検出であった。,no abstracts in English,Japanese,78 Pages,1994/03,no keyword,,,ar_mapping,6,ar,まとめたものである。調査地は岐阜県南東部に位置し、堆積岩中に掘削された坑内の試錐孔である。調査試料は、この試錐孔において深度約120mから自噴している地下水を、Arガス流送中の簡易グローブバック内で採取した。採取した地下水は、水温18.3 でpH9.1のアルカリ性であった。溶存化学成分は測定結果より、陽イオンがNa+(44.2) Ca2+(2.97) K+(0.36) Mg2+(0.06)、陰イオンが,https://jopss.jaea.go.jp/search/servlet/search?4019243,https://jopss.jaea.go.jp/pdfdata/PNC-TJ6401-94-001.pdf
4034942,PNC TN9420 94-005,ヨウ素に関する文献調査,None,加藤 一憲*; 宮原 信哉,"not registered; Miyahara, Shinya",高速炉において、ナトリウム漏洩事故時にNAの蒸発・燃焼によって気相中に放出されるヨウ素のうちガス状のものが生成された場合は、エアロゾル状のものと異なり時間により減衰することがなく長時間雰囲気中に存在することが考えられる。このため、ガス状のヨウ素の生成は事故時の被曝評価上重要な事象で、その生成量、形態、気相への放出割合は正確に把握しておく必要がある。本調査では、現在までに得られた研究結果をまとめることによりガス状ヨウ素の生成について現状得られている知見を整理し、今後これらを実験的に調べる時の参考とすることを目的として、国内で実施されたヨウ素に関する研究成果よりNA燃焼時に液相から気相への放出されるヨウ素の割合(KB)とその時発生するガス状ヨウ素の割合について調べ以下の結果を得た。1NAプールから気相へのヨウ素の放出割合、NA温度400 550 の範囲におけるNA蒸発及び燃焼時のヨウ素のKB(エアロゾル中のI/NAとNAプール中比)は1以下。2ガス状ヨウ素の生成割合、NAをARガス中で蒸発させてから大気中に放出した条件の試験では、ガス状ヨウ素の生成割合は放出されるNAの温度に依存し、最大約60%(AT100 )であった。但し、その傾向は明らかではない。NAをO2濃度4.5% 21%雰囲気中でプール燃焼させた条件試験では、ガス状ヨウ素の生成割合は概ね5%以下。報告の中には異常に高い生成割合を示したデータも含まれていた。,no abstracts in English,Japanese,74 Pages,1994/03,FBR ; FBR型原子炉 ; Na温度 ; Na燃焼 ; Na漏洩事故 ; ガス状ヨウ素 ; ナトリウム ; よう素 ; 温度依存性 ; 気相 ; 気相放出割合 ; 形態 ; 原子炉事故 ; 蒸発 ; 生成割合 ; 生成物 ; 燃焼 ; 被曝線量 ; 被曝評価 ; 文献検索 ; 文献調査 ; 放射線被爆 ; 放射能汚染 ; 放射能測定 ; 放射能放出 ; 有効性 ; 漏れ,,,ar_mapping,6,ar,割合、NA温度400 550 の範囲におけるNA蒸発及び燃焼時のヨウ素のKB(エアロゾル中のI/NAとNAプール中比)は1以下。2ガス状ヨウ素の生成割合、NAをARガス中で蒸発させてから大気中に放出した条件の試験では、ガス状ヨウ素の生成割合は放出されるNAの温度に依存し、最大約60%(AT100 )であった。但し、その傾向は明らかではない。NAをO2濃度4.5% 21%雰囲気中でプール燃焼させた条件試,https://jopss.jaea.go.jp/search/servlet/search?4034942,https://jopss.jaea.go.jp/pdfdata/PNC-TN9420-94-005.pdf
2075994,JAERI-M 93-243,電子ビーム加熱蒸発面の温度分布,Temperature profiles of evaporation surface heated by electron beam,大場 弘則; 柴田 猛順,"Oba, Hironori; Shibata, Takemasa",電子ビーム加熱で銅を蒸発させた時の蒸発面温度分布測定をCCD(電荷結合素子)カメラを用いて試みた。蒸発面を562 5nmの単色フィルターを通してCCDカメラで撮影録画し、画像処理を行って表面からの放射強度分布を測定した。温度分布を放射強度分布からプランクの式を用いて算出した。電子ビーム入力が4.5kWの時、最高温度は2040Kに達し、中心からるつぼ半径方向に向かうにしたがって急激に低下し、るつぼ壁面付近では融点に近くなっていることがわかった。また、温度分布から飽和蒸気圧のデータを用いて蒸発速度分布を算出し、水晶振動子膜厚計位置での蒸着速度を推定したところ実測値とほぼ一致した。,no abstracts in English,Japanese,17 Pages,1993/12,電子ビーム加熱 ; 蒸発面 ; 表面温度分布 ; CCDカメラ ; 銅 ; 放射強度 ; プランクの式,,https://doi.org/10.11484/jaeri-m-93-243,computer_vision,6,"カメラ, 画像処理",電子ビーム加熱で銅を蒸発させた時の蒸発面温度分布測定をCCD(電荷結合素子)カメラを用いて試みた。蒸発面を562 5nmの単色フィルターを通してCCDカメラで撮影録画し、画像処理を行って表面からの放射強度分布を測定した。温度分布を放射強度分布からプランクの式を用いて算出した。電子ビーム入力が4.5kWの時、最高温度は20,https://jopss.jaea.go.jp/search/servlet/search?2075994,https://jopss.jaea.go.jp/pdfdata/JAERI-M-93-243.pdf
2075792,JAERI-M 93-041,非線形原子炉雑音および非定常原子炉雑音の統計的解析に関する研究,Study on statistical analysis of nonlinear and nonstationary reactor noises,林 光二,"Hayashi, Koji",原子炉システムの非線形機構の解明と異常診断を目的とした非線形炉雑音解析手法の研究を行った。従来の非線形同定手法GMDH(組み合せデータ処理法)に新たに考案した近似応答関数を付加し、非線形スペクトル解析や非線形機構の解析に役立つ手法を確立した。また、原研の研究炉NSRRで観測された炉出力振動の測定実験と解析を行い、不安定性の原因を明らかにした。更に、非定常炉雑音の解析手法とデータ収録法に関する研究を行った。瞬時の自己回帰スペクトルの時間軸分解能を向上させ、原子炉運転状態の追跡や異常診断に役立つ手法を確立した。また非定常炉雑音データ収録用前処理システムを開発し、測定試験を通じて実用性を実証した。,no abstracts in English,Japanese,152 Pages,1993/03,炉雑音解析 ; GMDH ; 非線形システム同定 ; 非線形インパルス応答関数 ; 炉出力振動 ; 非定常雑音解析 ; 瞬時のARスペクトル ; 非定常信号前処理システム,,https://doi.org/10.11484/jaeri-m-93-041,ar_mapping,6,ar,Study on statistical analysis of nonlinear and nonstationary reactor noises,https://jopss.jaea.go.jp/search/servlet/search?2075792,https://jopss.jaea.go.jp/pdfdata/JAERI-M-93-041.pdf
4019229,PNC TJ6401 93-001,地下深部におけるバクテリアの存在調査,None,*,not registered,本報告書は、岩手県釜石鉱山KG-1孔から地下水を採取し、その化学分析とバクテリア調査を実施した結果をまとめたものである。調査地は岩手県南西部に位置し、栗橋花崗閃緑岩中に掘削された試錐孔(深度約800m)である。調査試料は、この試錐孔において深度約738mの地下水を、採水器HGP-10を利用し連続的に汲み上げArガス流送中の簡易グローブバッグ内で採取した(採水量約70ml/min)。採取した地下水は、水温11.6度CでpH10.2のアルカリ性であった。溶存化学成分は、測定結果より、陽イオンはNa/SUP+(11.10) Ca/SUP2+(3.7) K/SUP+(1.42) Mg/SUP2+(0.17)、陰イオンはHCO/SUB3/SUP-(6.56) CO/SUB3/SUP2-(4.55) SO/SUB4/SUP2-(2.6) Cl/SUP-(2.5)の順でそれぞれ高濃度となった(数値の単位はmg/l)。またTOCは12.8mg/lで比較的高い濃度で検出された。バクテリア調査の結果から、全菌数は1.0x10/SUP5/cells/ml、生菌の鉄酸化細菌(Thiobacillus ferrooxidans)は不検出( 1.0x10/SUP-2/MPN/ml)、硫酸塩還元細菌は0.8x10/SUPo/MPN/ml、メタン生成細菌は0.4x10/SUPo/MPN/mlと各々計数された。全菌数の計数値の割には硫酸塩還元細菌とメタン生成細菌の現存量が少ないと考えられる。硫酸塩還元細菌については、特に本調査地下水の水温とpHがこの細菌の生息環境から大きく外れていることが、増殖制限因子として挙げられる。別途本調査地下水から分離した硫酸塩還元細菌は、Desulfovibrio sp.と同定された。,no abstracts in English,Japanese,2 Pages,1993/03,no keyword,,,ar_mapping,6,ar,、栗橋花崗閃緑岩中に掘削された試錐孔(深度約800m)である。調査試料は、この試錐孔において深度約738mの地下水を、採水器HGP-10を利用し連続的に汲み上げArガス流送中の簡易グローブバッグ内で採取した(採水量約70ml/min)。採取した地下水は、水温11.6度CでpH10.2のアルカリ性であった。溶存化学成分は、測定結果より、陽イオンはNa/SUP+(11.10) Ca/SUP2+(3.7),https://jopss.jaea.go.jp/search/servlet/search?4019229,https://jopss.jaea.go.jp/pdfdata/PNC-TJ6401-93-001.pdf | https://jopss.jaea.go.jp/pdfdata/PNC-TJ6401-93-001(errata).pdf
2075777,JAERI-M 93-026,実験データ時間断面モニターソフトSLICEの概要と利用手引,Outline and handling manual of experimental data time slice monitoring software SLICE,白井 浩; 平山 俊雄; 清水 勝宏; 谷 啓二; 安積 正史; 平井 健一郎*; 今野 智司*; 高瀬 計三*,"Shirai, Hiroshi; Hirayama, Toshio; Shimizu, Katsuhiro; Tani, Keiji; Azumi, Masafumi; Hirai, Kenichiro*; Konno, Satoshi*; Takase, Keizo*",JT-60UおよびJFT-2Mの、異なる幾何学的配置で計測される多数のプラズマ実験データを磁気面関数にマッピングし、体積平均半径 の関数に加工するソフト「SLICE」を開発した。実験データは「SLICE」を用いる事により、統合的に扱うことができる。「SLICE」はその豊富なコマンドにより、マッピングされたデータの加工が容易であり、線積分量として計測される物理パラメーターをアーベル変換処理する機能も併せ持っている。「SLICE」でマッピングされたデータは、フィッティングされた後データベースに保存すると共に、データベースからデータを読み込み、再表示・再加工することができる。さらに「SLICE」は粒子軌道追跡モンテカルロ・コード「OFMC」や、トカマクプラズマ予測解析コードシステム「TOPICS」の実行データを作成することができる。,no abstracts in English,Japanese,97 Pages,1993/02,JT-60U ; JFT-2M ; 実験データ ; 平衡磁場配位 ; 体積平均半径 ; マッピング ; フィッティング ; アーベル変換 ; データベース ; SLICE,,https://doi.org/10.11484/jaeri-m-93-026,ar_mapping,6,マッピング,JT-60UおよびJFT-2Mの、異なる幾何学的配置で計測される多数のプラズマ実験データを磁気面関数にマッピングし、体積平均半径 の関数に加工するソフト「SLICE」を開発した。実験データは「SLICE」を用いる事により、統合的に扱うことができる。「SLICE」はその豊富なコマンドにより、マッピングされたデータの加工が容易であり、線積分量として計測さ,https://jopss.jaea.go.jp/search/servlet/search?2075777,https://jopss.jaea.go.jp/pdfdata/JAERI-M-93-026.pdf
2075519,JAERI-M 91-213,パソコンによる画像処理システムの開発,Development of image process system with personal computer,新妻 泰; 村尾 良夫,"Niitsuma, Yasushi; Murao, Yoshio",実験に際し種々の情報は映像としてビデオテープに記録されることが多い。このような映像データから定量的な情報を得ることは、処理が繁雑なためにとかく敬遠されがちであった。このような状況を改善し、簡易に映像データ処理を行えるようにすることを目的として、パーソナルコンピューターを用いての画像処理システムを開発した。本報告書は今回開発した画像処理システムの取扱い方法と画像処理プログラムの概要を説明したものである。本画像処理システムでは、ビデオテープから各画素の明度データを読み込み、平均化、とストグラム作成、2値化、等高線作成、輪郭線の抽出、画面の拡大縮小等の処理、処理結果のディスケットへの格納やプリンター等への表示を行うことができる。本システムの開発により、ビデオテープに記録された画像データに対しての定量的な処理を簡単に行えるようになった。,no abstracts in English,Japanese,73 Pages,1992/01,Image Processing ; Data Acquisition ; Personal Computer,,https://doi.org/10.11484/jaeri-m-91-213,computer_vision,6,"image processing, 画像処理",パソコンによる画像処理システムの開発,https://jopss.jaea.go.jp/search/servlet/search?2075519,https://jopss.jaea.go.jp/pdfdata/JAERI-M-91-213.pdf
4034134,PNC TN9410 91-376,高速実験炉「常陽」運転経験報告書; 平成2年度系統設備機器台帳総括(1次Na純化系、1次Naサンプリング設備、1次系ガスクロマトグラフ、1次Arガスサンプリング設備、1次Na充填・ドレン系、1次Arガス系圧縮空気供給系),None,寺門 嗣夫; 住野 公造; 安 哲徳; 川原 誠二; 伊藤 芳雄; 郡司 泰明; 照沼 誠一,"not registered; Sumino, Kozo; Yasu, Tetsunori; not registered; not registered; not registered; Terunuma, Seiichi","機器台帳は,運転サイドの観点から系統設備に関する運転・保守履歴,運転経験及び研究開発成果について記録,整理及びめお蓄積を行い,設備保全,プラントの安全・安定運転の確保に役立てる事を目的としている。機器台帳の整備は,さらに「常陽」運転保守経験報告書(JOMEC)を初めとする各種技術資料の作成や系統担当者の交替時における引継の面において必要不可欠なものである。本報告書は,原子炉台1種運転台2グループの担当統計である1次Na純化系,1次Nsサンプリング設備,1次系ガスクロマトグラフ,1次AArガスサンプリング設備,1次Na充填・ドレン系,1次Naガス系,圧縮空気供給に関する平成2年度の機器台帳を総括したものである。主な特記事項は次の通りである。1・電気品不良による簡単な故障は数回発生したが,特記すべき不具合を無く順調な運転を継続した。2・炉容器V/TラインNaドレン,1次CTバイパス運転中におけるCT余熱予熱保持等において貴重な運転データを習得した。又,1次系ガスクロマトグラフの保守基準を確立した。3・1次CTバイパス運転によるNa系内への不純物混入量評価,偏析特殊サンプラの閉発等研究の面においても数多くの成果が得られた。",None,Japanese,79 Pages,1991/11,CTバイパス運転 ; CT予熱保持 ; FBR ; LMFBR型原子炉 ; V/Tライン ; アルゴン ; ガスクロマトグラフィー ; データ収集 ; ナトリウム ; ナトリウムサンプリング設備 ; ナトリウム充填・ドレン系 ; ナトリウム純化系 ; 圧縮空気機械 ; 圧縮空気系 ; 一次アルゴンガス ; 一次ナトリウム ; 機器台帳 ; 原子炉構成要素 ; 原子炉実験設備 ; 試料採取器 ; 常陽 ; 不純物 ; 保守基準,,,ar_mapping,6,ar,高速実験炉「常陽」運転経験報告書; 平成2年度系統設備機器台帳総括(1次Na純化系、1次Naサンプリング設備、1次系ガスクロマトグラフ、1次Arガスサンプリング設備、1次Na充填・ドレン系、1次Arガス系圧縮空気供給系),https://jopss.jaea.go.jp/search/servlet/search?4034134,https://jopss.jaea.go.jp/pdfdata/PNC-TN9410-91-376.pdf
4024135,PNC TN8410 91-279,YAGレーザによるステンレス鋼加工フロー端面の表面改質,None,永井 崇之; 武田 誠一郎; 河田 東海夫; 加藤 利弘*; 川野辺 一則*,"not registered; Takeda, Seiichiro; Kawata, Tomio; Kato, Toshihiro*; not registered","(目 的)310Nbステンレス鋼の加工フロー端面にYAGレーザを照射し,最表面の組織を変えることによって,ステンレス鋼加工フロー端面の耐食性を向上させる。(方 法)丸棒状の 310Nb圧延材(圧延は軸方向)を円板形状に切断し,この円板の加工フロー端面である両面にYAGレザーを照射した。照射条件は60Hzパルス発振,ビーム径1mm とし,レーザー出力300W,600W),加工ガスの種類(N2,Ar),および試験片の送り速度(50 400mm/分)をパラメータとした。照射後,改質表面と断面の観察,表面硬さおよび改質層厚さの測定ならびに腐食試験により耐食性を評価した。なお,比較として,未照射の試験片についても評価を行った。(結 果)本試験の結果を以下に示す。1) 全ての照射条件において,改質層でのマイクロクラックは認められなかった。2) 照射時のレーザ出力が高いほど改質層は厚くなった。3) 照射時の試験片送り速度が速くなるほど,改質層は薄くなる傾向があった。4) 照射時の加工ガスの種類による開始層厚さの差は認められなかった。5) レーザ照射による改質試験片の耐食性は最大浸食深さにおいて,全ての改質試験片とも未照射の試験片の半分以下と向上した。(結 論)ステンレス鋼加工フロー端面にYAGレーザを照射することによって,照射表面が改質し,加工フロー腐食に対する耐食性が向上ることがわかったホ",no abstracts in English,Japanese,49 Pages,1991/11,310Nbステンレス鋼 ; YAGレーザ ; ステンレス鋼 ; レーザ加工 ; レーザ加熱 ; 加工熱処理 ; 再処理 ; 耐食性 ; 表面改質 ; 表面硬化熱処理 ; 腐食試験,,,ar_mapping,6,ar,"の加工フロー端面である両面にYAGレザーを照射した。照射条件は60Hzパルス発振,ビーム径1mm とし,レーザー出力300W,600W),加工ガスの種類(N2,Ar),および試験片の送り速度(50 400mm/分)をパラメータとした。照射後,改質表面と断面の観察,表面硬さおよび改質層厚さの測定ならびに腐食試験により耐食性を評価した。なお,比較として,未照射の試験片についても評価を行った。(結 果)本試",https://jopss.jaea.go.jp/search/servlet/search?4024135,https://jopss.jaea.go.jp/pdfdata/PNC-TN8410-91-279.pdf
4024119,PNC TN8410 91-259,"パラ水素ラマンレーザーの高効率化研究-光学部品の最適化,ビーム交差効果の影響の把握",None,宮本 泰明; 長谷川 信; 矢戸 弓雄,"not registered; Hasegawa, Makoto; Yato, Yumio",(1) 光学部品の最適化をはかり、ストークス光出力及びラマン変換効率を増大する。(2) ビーム交差効果の影響を実験的に把握する。ラマンセル入射窓材の違いによる入出力エネルギー特性を観測する。波形測定によりビーム交差効果のラマン変換効率に及ぼす影響を把握する。(1) ラマンレーザーの入射窓材としてARコートZnSeを使用可能とし、その結果ストークス光出力1.3J、変換効率約29%を得た。(2) ラマン変換に伴い、自己ビーム回析効果が発生することを見出した。(3) ラマン変換が完全に飽和する領域では、ストークス光の直前・直後の未変換ポンプ光のビーム交差効果がラマン変換効率に大きな影響を与えることを確認した。光学部品での損失を少なくすることによってラマン変換効率を増加できることを確認した。また、ビーム交差効果を有効活用可能な光路設計により、ラマン変換効率を増大できることを確認した。,None,Japanese,27 Pages,1991/10,Ramanレーザ ; Raman変換効率 ; Stokes線 ; ビーム交差効果 ; 光学系 ; 光学部品 ; 最適化 ; 濃縮ウラン,,,ar_mapping,6,ar,ル入射窓材の違いによる入出力エネルギー特性を観測する。波形測定によりビーム交差効果のラマン変換効率に及ぼす影響を把握する。(1) ラマンレーザーの入射窓材としてARコートZnSeを使用可能とし、その結果ストークス光出力1.3J、変換効率約29%を得た。(2) ラマン変換に伴い、自己ビーム回析効果が発生することを見出した。(3) ラマン変換が完全に飽和する領域では、ストークス光の直前・直後の未変換ポンプ,https://jopss.jaea.go.jp/search/servlet/search?4024119,https://jopss.jaea.go.jp/pdfdata/PNC-TN8410-91-259.pdf
4024101,PNC TN8410 91-236,低密度ペレット製造条件確立試験(I)-不純物低減化試験・密度安定化試験,None,森平 正之; 成田 大祐; 山口 俊弘; 長井 修一朗; 上村 勝一郎,"not registered; not registered; not registered; Nagai, Shuichiro; not registered","プルトニウム燃料工場の「もんじゅ」初装荷燃料製造においては,ペレット中の窒素・蒸発性不純物の残留及び焼結密度のばらつきが課題となった。本報告は,これらの問題点の解決を目的として平成2年5月から実施した試験の結果をまとめたものである。本試験の結果,(1) 予焼・焼結雰囲気を従来のN2-H2ガスからAr-H2ガスに,ポアフォーマをK-3からアビセルに替えることで窒素・蒸発性不純物を「もんじゅ」燃料の仕様内に収めることができる。(2) K-3,アビセル共に,添加量2.0wt%以上あるいは粒径を150 m以上とした場合,窒素・炭素不純物量の増加及びO/Mの低下が生じ,「もんじゅ」燃料の仕様を超える場合がある。(3) 焼結密度ばらつきの原因は,MOXの崩壊熱によるK-3の溶融によるところが大きいため,耐熱性に優れたアビセルの採用により改善することができる。(4) 密度安定化のためには,粒径70 100 mのアビセルを造粒前に添加することが望ましい。(5) プルトニウム燃料工場の工程でバナナ状に曲がったペレットが発生したが,このような変形は焼結性が非常に良いMOX粉末を用い,かつグリーンペレット中のポアフォーマが偏っているときに生じる場合がある。等の知見が得られ,その結果を製造工程に反映することができた。「低密度ペレット製造条件確立試験」は平成3年度一杯継続実施するが,平成2年度末までに終了した不純物低減と密度安定化を中心とした試験の結果を「低密度ペレット製造条件確立試験(I)」として報告する。",None,Japanese,72 Pages,1991/09,no keyword,,,ar_mapping,6,ar,"報告は,これらの問題点の解決を目的として平成2年5月から実施した試験の結果をまとめたものである。本試験の結果,(1) 予焼・焼結雰囲気を従来のN2-H2ガスからAr-H2ガスに,ポアフォーマをK-3からアビセルに替えることで窒素・蒸発性不純物を「もんじゅ」燃料の仕様内に収めることができる。(2) K-3,アビセル共に,添加量2.0wt%以上あるいは粒径を150 m以上とした場合,窒素・炭素不純物量の増",https://jopss.jaea.go.jp/search/servlet/search?4024101,https://jopss.jaea.go.jp/pdfdata/PNC-TN8410-91-236.pdf
2075455,JAERI-M 91-149,Experimental study for cryogenic distillation column with N -Ar system,窒素-アルゴン系による深冷蒸留塔に関する実験研究,山西 敏彦; 木下 正弘*; 奥野 健二; 成瀬 雄二,"Yamanishi, Toshihiko; not registered; Okuno, Kenji; Naruse, Yuji","深冷蒸留塔の分離特性を、N -Ar系で、内径の小さい塔(1,2cm)及びサイズが(1.5,3.0,6.0mm)のディクソンリングを用いて測定した。充填物のサイズ及び塔内径によらず、HETPに対する塔内蒸気速度の明確な影響は認められなかった。内径の異なる両方の塔に対して、1.5mmと3mmのディクソンリングはほぼ同じHETP(5.5cm)を与えたが、一方、6mmのディクソンリングでは大きなHETP(8~12cm)を得た。塔中央部でのAr濃度の実験値と計算値の不一致が蒸気速度の小さい範囲で認められたが、この傾向は、充填物サイズが小さくなると共に顕著になることを認めた。結果として、3mmのディクソンリングが、HETPの値が小さい、ステージモデルによる塔挙動の予測が容易であるという点で、最も優れた分離特性を与えた。",no abstracts in English,English,11 Pages,1991/09,深冷蒸留 ; ディクソンリング ; 塔内径 ; 充填物 ; HETP ; 段モデル,,https://doi.org/10.11484/jaeri-m-91-149,ar_mapping,6,ar,Experimental study for cryogenic distillation column with N -Ar system,https://jopss.jaea.go.jp/search/servlet/search?2075455,https://jopss.jaea.go.jp/pdfdata/JAERI-M-91-149.pdf
4024232,PNC TN8430 91-002,TVFガラス固化体保管時におけるAr放射化量の試算,None,吉岡 正弘; 菊池 栄,not registered; not registered,"TVFガラス固化体保管庫において、ピットに沿って円環流路を流れる冷却空気中の40Arがガラス固化体からの中性子によって放射化される量を試算した。計算条件としてガラス固化体からの中性子発生数およびそのエネルギの違いによる放射化の反応断面積を変えて試算を行った。ORIGENで計算される自発核分裂および( ,n)反応による中性子発生数で、かつその中性子を全て熱中性子と仮定した場合(ケースI)と、文献より求めたガラス固化体についての中性子発生数で、熱中性子および熱外中性子に対する放射化の反応断面積を考慮したより現実的な試算(ケースII)を行い、比較した。その結果、スタックから放出される41Arの量は毎時1 104 105(Bq)で、ほぼ同様の放射化量、となった。中性子発生数が増えた(105倍)にも係わらず、放射化量がほぼ同じであったのは、ガラス固化体から発生する中性子の大部分が高速中性子であり、放射化に寄与しないからである。",None,Japanese,16 Pages,1991/03,アルゴン ; アルゴン40 ; ガラス固化 ; 換気 ; 断面積 ; 廃棄物処分施設 ; 放射化 ; 放射能汚染 ; 冷却,,,ar_mapping,6,ar,TVFガラス固化体保管時におけるAr放射化量の試算,https://jopss.jaea.go.jp/search/servlet/search?4024232,https://jopss.jaea.go.jp/pdfdata/PNC-TN8430-91-002.pdf
4033648,PNC TN9320 90-011,高速実験炉「常陽」プラント管理月報1990年11月分(平成2年11月分),None,実験炉部*,not registered,"100MW第21サイクル定格運転を17日で終了し,翌18日にサイクル運転後の臨界点確認,19日に原子炉停止後点検を実施した。第22サイクル用炉心構成に係わる燃料交換作業を20日から開始した。今月実施した主なプラント操作は次のとおりである。1) 第21サイクル運転に伴うプラント操作第21サイクル運転に伴う原子炉出力調整,FFD手動ドレン,Arガスサンプリング,定例切替等に係わるプラント操作を実施した。2) 第21サイクル運転終了に伴うプラント操作第21サイクル運転終了に伴い,17日に原子炉出力を徐々に降下した後,25MWから手動制御棒一斉挿入により原子炉を停止した。翌18日にサイクル運転後の臨界点確認試験に伴う操作,19日に原子炉停止後点検を実施した。3) 燃料取扱関係 第22サイクル用炉心構成に係わる燃料交換作業を20日から開始し,炉内燃料取扱1),2)及び燃料移送1)を実施した。",no abstracts in English,Japanese,47 Pages,1990/11,no keyword,,,ar_mapping,6,ar,"ら開始した。今月実施した主なプラント操作は次のとおりである。1) 第21サイクル運転に伴うプラント操作第21サイクル運転に伴う原子炉出力調整,FFD手動ドレン,Arガスサンプリング,定例切替等に係わるプラント操作を実施した。2) 第21サイクル運転終了に伴うプラント操作第21サイクル運転終了に伴い,17日に原子炉出力を徐々に降下した後,25MWから手動制御棒一斉挿入により原子炉を停止した。翌18日にサ",https://jopss.jaea.go.jp/search/servlet/search?4033648,https://jopss.jaea.go.jp/pdfdata/PNC-TN9320-90-011.pdf
4033647,PNC TN9320 90-010,高速実験炉「常陽」プラント管理月報1990年10月分(平成2年10月分),None,*,not registered,"100MW第21サイクル運転を順調に継続中である。この間,原子炉出力調整,ステップ応答試験等に係るプラント操作を実施した。今月実施した主なプラント操作は次のとおりである。1) 試験に伴うプラント操作ステップ応答試験,1次・2次Na,Arガスサンプリング等に係るプラント操作を実施した。2) 運転中点検 第21サイクルの運転中点検を実施した。3) 定格出力運転(出力調整操作) 燃焼に伴う出力低下を補償するため,1日3回出力調整を実施し,定格出力100MWを保持した。4) 燃料取扱関係第22サイクル運転用燃料交換作業期間の短縮化の検討を行った。",no abstracts in English,Japanese,46 Pages,1990/10,no keyword,,,ar_mapping,6,ar,",ステップ応答試験等に係るプラント操作を実施した。今月実施した主なプラント操作は次のとおりである。1) 試験に伴うプラント操作ステップ応答試験,1次・2次Na,Arガスサンプリング等に係るプラント操作を実施した。2) 運転中点検 第21サイクルの運転中点検を実施した。3) 定格出力運転(出力調整操作) 燃焼に伴う出力低下を補償するため,1日3回出力調整を実施し,定格出力100MWを保持した。4) 燃料",https://jopss.jaea.go.jp/search/servlet/search?4033647,https://jopss.jaea.go.jp/pdfdata/PNC-TN9320-90-010.pdf
4033811,PNC TN9410 90-192,高速実験炉「常陽」運転経験報告書 平成元年度系統設備機器台帳総括(1次・2次Na純化系、1次・2次Na充填ドレン系、1次・2次Arガス系、N ・Arガス供給系、圧縮空気供給系、Na漏洩検出設備),None,安 哲徳*,not registered,機器台帳は、運転サイドの観点から系統設備に関する運転・保守覆歴、運転経験及び研究開発成果につい記録、整理及びその蓄積を行い、設備保全、プラントの安全・安全運転の確保に役立てることを目的としている。機器台帳の設備は、さらに「常陽」運転・保守経験報告書(JOMEC)を初めとする各種技術資料の作成や系統担当者の交替時における引継ぎの面においても有効である。本報告書は、原子炉第一課運転第2グループの担当系統である1次・2次NA純化系、1次・2次系NA充填ドレン系、1次・2次ARガス系、N ・ARガス供給系、圧縮空気供給系及びNA漏洩検出設備に関する平成元年度の機器台帳を総括したものである。主な特記事項は次の通りである。(1)特記すべき不具合のなく順調な運転を継続中である。(2)1次・2次CT降温操作の基準化を図った。(3)第3の不順物究明試験及び新型CT表面線量当量率測定試験等の研究開発の面においても、数多くの成果が得られた。,None,Japanese,47 Pages,1990/09,no keyword,,,ar_mapping,6,ar,高速実験炉「常陽」運転経験報告書 平成元年度系統設備機器台帳総括(1次・2次Na純化系、1次・2次Na充填ドレン系、1次・2次Arガス系、N ・Arガス供給系、圧縮空気供給系、Na漏洩検出設備),https://jopss.jaea.go.jp/search/servlet/search?4033811,https://jopss.jaea.go.jp/pdfdata/PNC-TN9410-90-192.pdf
4019609,PNC TN7410 90-009,堆積岩盤中における掘削影響評価; 掘削による緩み領域の計測・評価手法の研究開発,Evaluation of excavation response in sedimentary rock mass,杉原 弘造*; 二宮 康郎*,"Sugihara, Kozo*; Ninomiya, Yasuo*",地層処分の性能評価において、掘削による岩盤への影響を正確に把握することは非常に重要である。本研究の目的は、既存の掘削技術、評価技術および計測技術を用いて、空洞掘削時の周辺岩盤挙動の計測・評価を行い、それらの精度や有効性を探り、処分場建設・閉鎖時におけるこれらの技術の適用可能性と、今後の技術開発項目の検討を行うことにある。このような目的のもとに、堆積岩盤中に長さ30mの坑道(2.5x2.5m)をNATM工法により掘削し、岩盤の変形、ロックボルト軸力、透水係数および間隙水圧の計測を実施した。この坑道を計測坑道とし、これに平行して3.0x3.0mの試験坑道を支保工としてロックボルトのみを用いて掘削した。そして初期値を採ることに力点を置いて、岩盤変位、弾性波速度、透水係数、初期応力について原位置計測を実施した。これらの試験・計測結果は事前に行った予測結果と比較し、地質観察データに基づき評価し、トンネル掘削時の坑道周辺岩盤の挙動と緩みの関係について考察した。この結果坑道周囲に弾性波の低速度域が発生し、この部分で透水性が変化していること、この部分の変化が大きいことがわかった。解析においては、室内試験結果に基づく数値解析により、概略の挙動予測ができ、これに初期地圧計測結果と坑道周囲の変化領域を考慮することにより、かなり正確に試験結果が説明できた。しかし、坑壁近傍の力学的、水理学的特性の測定方法や、力学的特性変化と水理学的特性変化の関係、緩み領域発生に係わる現象の解明等が今後の課題として残っている。,"Among many R&D categories for the performance assessment of geological disposal, it is very important to develop the techniques to measure and to evaluate the disturbed zone due to excavation. This study aimes to investigate the disturbed zone around the drift excavated in the sedimentary rock formation and to evaluate the accuracy, reliability and effectiveness of existing techniques for excavation, measurement and analysis for the use of the repository construction. For this purpose, a drift (2.5 2.5m, L=30m) was excavated by NATM. Rock mass displacement, rock bolt stress, permeability and pore water pressure were measured in and around the drift. Using this drift as measuring drift, a test drift (3.0 3.0m, L=20m) was excavated parallel to the measuring drift. As the supporting system of this drift only rock bolting was employed. In-situ measurement of rock displacement, elastic wave velocity, permeability and initial stress have been carried out. These results were compared with the predicted results to investigate the effectiveness of the existing evaluation techniques. Laboratory test results and geological mapping data were also used to understand the rock mass behavior and the disturbed zone around drift. These investigations revealed that low velocity zone of elastic wave was generated around the drift, and in the zone, permeability decreased and displacement increased. Rock mass movement was predicted roughly by numerical analysis based on the laboratory test results. And detailed numerical analysis considering the initial stress data and disturbed zone around the drift, provided good simulation of rock mass movement. But measurement technigues of mechanical and hydrological properties of narrow zone adjacent to the drift wall and understanding of relationship between mechanical property change and hydrological one and phenomenon of disturbed zone generation remained as future study subjects.",Japanese,45 Pages,1990/02,トモグラフィー ; ボアホール ; 間隙水圧測定 ; 岩盤 ; 掘削 ; 原位置試験 ; 試掘坑 ; 水文地質 ; 堆積岩 ; 弾性波 ; 地中処分 ; 透水係数 ; 廃棄物処分施設 ; 変形 ; 放射性廃棄物,,,ar_mapping,6,mapping,s of the existing evaluation techniques. Laboratory test results and geological mapping data were also used to understand the rock mass behavior and the disturbed zone around drift. These investigations reve,https://jopss.jaea.go.jp/search/servlet/search?4019609,https://jopss.jaea.go.jp/pdfdata/PNC-TN7410-90-009.pdf
4023485,PNC TN8410 90-015,"Estimation of illitization rate of smectite from the thermal history of murakami deposit, Japan",None,亀井 玄人; 新井 隆; 湯佐 泰久; 佐々木 憲明*; 桜本 勇治*,"Kamei, Gento; Arai, Takashi; Yusa, Yasuhisa; Sasaki, Noriaki*; Sakuramoto, Yuji*",緩衝材の候補材料であるベントナイトは、スメクタイトを主成分とする。本研究の目的は天然環境下でのスメクタイトのイライト化変質を調査し、スメクタイトの長期安定性を評価することである。調査対象として、ベントナイト層とこれを貫く火成岩体が分布している地域を選定し、火成岩体の熱に伴うスメクタイトのイライト化を調査した。火成岩体中のいく種類かの鉱物について放射年代を測定し、これらの値とそれぞれの閉止温度を組み合わせて熱源(火成岩体)の冷却速度を見積った。この値をもとに、イライト化反応時間を計算等で求めたところ、340万年以上となった。X線回析分析により、この間、スメクタイトは40%のイライトを含む、イライト/スメクタイト混合層鉱物に変化したことがわかった。イライト化変質に関与した水の組成を推定するため、イライトの構造水の水素同位体比(D/H)を測定した。その結果、この反応に関与した水のD/Hは、海水のそれに近い値をもっていることがわかった。,"The research on illitization of smectite in the natural environment affords information on the long-term durability of bentonite which is the candidate for buffer material. Murakami bentonite deposit in central Japan, where the bentonite and rhyolitic intrusive rock were distributed, was surveyed and the lateral variation of smectite to illite in the aureole of the rhyolite was studied. The radiometric ages of some minerals from the intrusive rock and the clay deposit were determined. Comparison of the mineral ages (obtained by K-Ar, Rb-Sr and fission-track methods) with closure temperature estimated for the various isotopic systems allowed the thermal history of the area. The age of the intrusion was 7.1 0.5 Ma(;Mega d'annees), and the cooling rate of the intrusive rock was estimated to be approximately 45 C/Ma. Sedimentation ages of the clay bed were mostly within the range from 18 to 14 Ma. However, the fission-traek age of zircon in the clay containing illite/smectite mixed layers was 6.4 0.4 Ma, which was close to that of the intrusion. The latter value could be explained as the result of annealing of fission-tracks in zircon. The presence of annealing phenomena and the estimated cooling rate concluded that illitization had occurred in the period of 3.4 Ma at least under the temperature range from above 240 50 to 105 C. Illite-smectite mixed layers occured from smectite in the process. The proportion of illite was about 40 %. Approximately, 29 kcal/mol as a value or activation energy was calculated to the illitization. The hydrogen isotopic ratio (D/H) of constitution water of the illite was determined. The values that were calculated for the water, which were related to the illitization, fell within the range of hydrogen isotopic ratios of seawater.",English,7 Pages,1990/02,no keyword,,,ar_mapping,6,ar,The research on illitization of smectite in the natural environment affords information on the long-term durability of bentonite w,https://jopss.jaea.go.jp/search/servlet/search?4023485,https://jopss.jaea.go.jp/pdfdata/PNC-TN8410-90-015.pdf
4033360,PNC TN9320 89-012,高速実験炉「常陽」プラント管理月報1989年12月分,None,実験炉部*,not registered,「常陽」の経過、100MW第20サイクル運転を順調に継続し、この間原子炉出力調整、ステップ応答試験に係るプラント操作を実施した。26日15時00分に昭和52年4月24日の初臨界以来の原子炉運転積算時間が、4万時間に到達した。今月実施した主なプラント操作は次のとおりである。(1)試験等に伴うプラント操作、安定性試験のため1日に原子炉出力を一時的に95MWまで降下し、試験終了後に100MWへの復帰操作を行った。また、ステップ応答試験、NA・ARガスサンプリング等に係るプラント操作及び第20サイクルの運転中点検を実施し、定格出力100MWを保持した。(2)定格出力運動、燃焼に伴う出力低下を補償するため、1日3回出力調整を実施し、定格出力100MWを保持した。(3)燃料取扱関係、100MW第20サイクル用燃料交換作業工程の検討・調整を実施した。,no abstracts in English,Japanese,35 Pages,1989/12,no keyword,,,ar_mapping,6,ar,験等に伴うプラント操作、安定性試験のため1日に原子炉出力を一時的に95MWまで降下し、試験終了後に100MWへの復帰操作を行った。また、ステップ応答試験、NA・ARガスサンプリング等に係るプラント操作及び第20サイクルの運転中点検を実施し、定格出力100MWを保持した。(2)定格出力運動、燃焼に伴う出力低下を補償するため、1日3回出力調整を実施し、定格出力100MWを保持した。(3)燃料取扱関係、10,https://jopss.jaea.go.jp/search/servlet/search?4033360,https://jopss.jaea.go.jp/pdfdata/PNC-TN9320-89-012.pdf
2075016,JAERI-M 89-175,炉雑音信号に対するGMDHに基づく階層型モデル,Layered model based on GMDH for reactor noise signals,林 光二; 篠原 慶邦; 鈴木 勝男; 鍋島 邦彦,"Hayashi, Koji; Shinohara, Yoshikuni; Suzuki, Katsuo; Nabeshima, Kunihiko",非線形炉雑音信号のモデリングを目的としたGMDHに基づく階層型モデルに関する研究を行っている。本報告はその第1報であり、GMDHの原理と概要、階層モデルのフィッテング・アルゴリズムならびに線形階層モデルの理論、数値処理的考察に関するものである。フィッテング・アルゴリズムは1入力1出力型モデルについて詳細に示し、さらに1変数型、多変数フィールドバック型への拡張についても述べた。統計的信号処理の理論の立場から、基礎関数の係数を与える正規方程式を考察し、また線形階層モデルとARモデルの比較を通じて、階層モデルと物理モデルとの対応関係を考察した。最後に幾つかの線形シミュレーション・データを用いてフィッテング試験を行い、その有用性を確かめた。,no abstracts in English,Japanese,90 Pages,1989/10,GMDH ; 同定 ; モデルのあてはめ ; 原子炉雑音解析 ; 非線形信号 ; 非定常信号 ; ARモデル,,https://doi.org/10.11484/jaeri-m-89-175,ar_mapping,6,ar,さらに1変数型、多変数フィールドバック型への拡張についても述べた。統計的信号処理の理論の立場から、基礎関数の係数を与える正規方程式を考察し、また線形階層モデルとARモデルの比較を通じて、階層モデルと物理モデルとの対応関係を考察した。最後に幾つかの線形シミュレーション・データを用いてフィッテング試験を行い、その有用性を確かめた。,https://jopss.jaea.go.jp/search/servlet/search?2075016,https://jopss.jaea.go.jp/pdfdata/JAERI-M-89-175.pdf
4033499,PNC TN9410 89-186,"高速実験炉「常陽」運転経験報告書; 昭和63年度系統設備機器台帳総括(1次・2次Na純化系,1次・2次Na充填ドレン系,1次・2次Arガス系,N ・Arガス供給系,圧縮空気供給系,Na漏洩検出設備)",None,伊藤 芳雄*; 道野 昌信*; 野口 浩二*; 相川 幸司*; 阿部 定好*; 軽部 浩二*; 郡司 泰明*,"not registered; not registered; not registered; not registered; Abe, Sadayoshi*; not registered; not registered","機器台帳は、運転サイドの観点から系統設備に関する運転・保守履歴,運転経験及び研究開発成果について記録,整理及びその蓄積を行い、設備保全,プラントの安全・安定運転の確保に役立てることを自的としている。機器台帳の整備は、さらに「常陽」運転・保守経験報告書(JOMEC)を初めとする各種技術資料の作成や系統担当者の交替時における引継ぎの面においても有効である。本報告書は、原子炉第1課運転第2グループの担当系統である1次・2次Na純化系,1次・2次Na充填ドレン系,1次・2次Arガス系、N2・Arガス供給系,圧縮空気供給系及びNa漏洩検出設備の昭和63年度の機器台帳をまとめたものである。",None,Japanese,46 Pages,1989/09,no keyword,,,ar_mapping,6,ar,"高速実験炉「常陽」運転経験報告書; 昭和63年度系統設備機器台帳総括(1次・2次Na純化系,1次・2次Na充填ドレン系,1次・2次Arガス系,N ・Arガス供給系,圧縮空気供給系,Na漏洩検出設備)",https://jopss.jaea.go.jp/search/servlet/search?4033499,https://jopss.jaea.go.jp/pdfdata/PNC-TN9410-89-186.pdf
4033533,PNC TN9420 88-004,世界の高速炉の燃料破損検出及び位置決め法 (副題)FFD、FFDL感度特性とデータ集,"Failed fuel detection system and localization method of LMFBR in the world; FFD, FFDL detection sensitivity and characteristic",青野 忠純*,not registered,"高速実験炉「常陽」においては、運転用燃料及び照射燃料いづれにおいても、燃料破損の発生は皆無で、万一これ等の燃料破損が発生した場合、これを検知するための核燃料破損検出系の挙動を明確に予測することは難しく、各計測系の感度の評価は検討課題となっている。本資料は、こうした課題に対し、世界各国の高速炉で開発されてきた燃料破損検出装置及び位置決め装置の現状と各国で経験した燃料破損の実情及び破損発生時の各計測系(FFD-DND,CGD-FFDL等)の信号挙動について緒さし「常陽」の各FFDモニタの感度評価と運転管理の参考として資することを目的としたものである。","This paper describes the results on investigation of FFD. FFDL system of proceeding LMFBR in the world. Experimental reactor JOYO has no fuel failure experience, therefore, the detection sensitivity and characteristic of FFD, FFDL System, while fuel failure occured, is very important for evaluation of fuel damage and reactor safety operation.",Japanese,99 Pages,1988/12,no keyword,,,ar_mapping,6,localization,"Failed fuel detection system and localization method of LMFBR in the world; FFD, FFDL detection sensitivity and characteristic",https://jopss.jaea.go.jp/search/servlet/search?4033533,https://jopss.jaea.go.jp/pdfdata/PNC-TN9420-88-004.pdf
2074817,JAERI-M 88-249,Mapping model for trapped particles in a toroidal ripple field,トロイダル・リップル磁場中のバナナ捕捉粒子運動の写像モデル,J.J.Foit*; 谷 啓二; 滝塚 知典; 安積 正史,"J.J.Foit*; Tani, Keiji; Takizuka, Tomonori; Azumi, Masafumi",トカマクにおけるトロイダル磁場リップルのバナナ粒子運動に及ぼす効果を領域保存写像法により検討した。バナナ粒子のトロイダル角運動の近似式を導出し、これに基づいて、領域保存、領域非保存写像法により、グローバルなエルゴデック領域境界を求めた。また、粒子運動の位相空間構造をリアプノフ数を用いて検討した。最後に、写像法によりアルファ粒子のリップルによるパワー損失比を求め、軌道追跡モンテカルロコードの結果と比較検討した。衝突プラズマ中では、領域保存、領域非保存写像法ともその結果は軌道追跡モンテカルロ法とよく一致する。しかし、無衝突プラズマ中では、領域非保存写像の結果の間に明らかな差が生じることがわかった。,no abstracts in English,English,24 Pages,1988/12,写像法,,https://doi.org/10.11484/jaeri-m-88-249,ar_mapping,6,mapping,Mapping model for trapped particles in a toroidal ripple field,https://jopss.jaea.go.jp/search/servlet/search?2074817,https://jopss.jaea.go.jp/pdfdata/JAERI-M-88-249.pdf
4033232,PNC TN9450 88-005,高速実験炉「常陽」Na、Ar純度管理実績 : 純度管理分析データ集(昭和50年 昭和62年),Purity control results of coolant sodium and argon gas in JOYO data conections of purity control (1975 1987),飯島 稔*; 原 和之*; 鈴木 伸也; 畠中 孝司*; 今井 勝友*; 堀米 利元*; 鈴木 実*,not registered; not registered; not registered; not registered; not registered; not registered; not registered,本報告書は、運転経験のデータベース化を目的とし、「常陽」1、2次系ナトリウム及びアルゴンガスのサンプリング分析結果(昭和50年から昭和62年)をデータ集としてまとめたものである。本期間中における主な分析結果は、以下のとおりである。 (1) ナトリウム中の不純物は、1、2次系共にほぼ管理目標値を満足していた。 (2) 1次系アルゴンガス中の不純物のうち水素及びメタンは、主循環ポンプの点検及び燃料交換作業に伴い管理目標値を越える事があった。その他の不純物は、管理目標値を満足していた。(3) 2次系アルゴンガス中の不純物は、第6回定期検査時の水素を除き、全て管理目標値を満足していた。,"This paper is the impurities eontrol experience data collections in primary and secondary sodium and argon gas for the purpose of build up data base, from the initial sodium fill of the system in 1975 to the 100 MW cycle operation in 1987 in JOYO. Main results of the impurities monitoring in this period were as follows. (1)Impurities concentrations in primary and secondary sodium were generally within the control level of JOYO. (2)Although hydrogen and methane concentrations in primary argon gas exceeded the control level during maintenance of primary system main circulating pump and fuel handling works, other items were well controlled within the level. (3)Impurities concentrations in secondary argon gas were generally within the control level, except hydrogen concentration at the 6th periodical inspection and maintenance in 1987.",Japanese,136 Pages,1988/05,no keyword,,,ar_mapping,6,ar,高速実験炉「常陽」Na、Ar純度管理実績 : 純度管理分析データ集(昭和50年 昭和62年),https://jopss.jaea.go.jp/search/servlet/search?4033232,https://jopss.jaea.go.jp/pdfdata/PNC-TN9450-88-005.pdf
4033097,PNC TN9410 88-108,高速実験炉「常陽」運転経験報告書; 2次ナトリウム純化系運転試験(昭和54年9月 昭和62年3月),Experimental fast reactor JOYO operational experience; The operational experiences of JOYO secondary sodium purification System,甲高 義則; 野口 浩二*; 軽部 浩二*; 中村 正人*; 郡司 泰明*; 堀米 利元*; 小澤 健二*,"Kotaka, Yoshinori; not registered; not registered; not registered; not registered; not registered; not registered",本報告書は、高速実験炉「常陽」2次ナトリウム純化系運転試験報告書(SN941 79-196)の続編として作成したものであり、第1回定期検査期間中の昭和54年9月から第6回定期検査期間中の昭和62年3月までの運転経験をまとめたものである。得られた主な知見は、次の通りである。(1)2次主冷却系ナトリウム中の主な不純物は酸素と水素であり、これらのナトリウム中濃度とフラギンク温度との対応は良好であった。(2)2次主冷却系ナトリウム中の不純物による腐食を低減するため、昭和57年5月16日からコールドトラップ制御温度を150 から130 に変更した。(3)昭和54年度12月26日から29日にかけて、ナトリウム温度200 の低温待機状態において2次ナトリウム純化系コールドトラップの純化効率を測定した結果80%であった。(4)昭和55年10月29日の2次ナトリウム純化系自重ドレン操作時によるものとおもわれるアルゴンガス溜まりがコールドトラップ内に発生したが、昭和56年1月13日にコールドトラップ内アルゴンガス抜き操作を実施して正常に復旧した。その後この様なガス溜まり現象は発生していない。(5)原子炉出力100MWにおいて、外部電源喪失時の2次ナトリウム純化系電磁ポンプダクト温度と2次系ダンプタククナトリウム温度の温度差制限値(60 )までの時間を調査したところ20分以内に電磁ポンプを再起動しなければならないことがわかった。(6)期間中、2次ナトリウム純化系の不具合は28件であり、その内電気的な不具合は12件、機械的な不具合は16件であった。しかし、プラント全体に影響する様な不具合は無かった。(7)コールドトラップバイパス運転試験によって、プラギンク温度が約215 で、物質移動係数が小さな第3の不純物が存在することが確認された。,"This paper describes operational experiences of Joyo Secondary Sodium Purification System which were obtained from September 1979 in the middle of the first annual inspection and maintenance to March 1987 in the middle of the 6th annual inspection and maintenance. The test results were as follows. (1)The impurities in the secondary sodium cooling system were oxygen and Hydrogen. The impurity density corresponded to the plugging-temperature. (2)The cold trap control temperature was changed from 150 C to 130 C on 16 May, 1982 in order to decrease corrosion due to the impurities in the secondary sodium cooling system. (3)The purification efficiency test of secondary cold trap was conducted on 26 through 29, December 1979. It was found that purification efficiency coefficient was 80%. While the test conducted, secondary cooling system was held at 200 C constant. (4)Sodium charge in the secondary sodium purification system was conducted on 25 October 1980 and the secondary cold trap was started to be in use. In the secondary cold trap it was happened to be abnormal tendency, that is, the cold trap control temperature could not be abated to the set temperature, the heat exchange of economizer was not enough, and the mesh temperature changed. As a result of examination, the cause of the abnormal tendency was presumed that argon (Ar) gas space happened to exsist in sodium of secondary cold trap. The argon (Ar) gas space was supposed to be provided during the sodium drain in the secondary sodium purification system. Some recovery plant operation was proceeded ln order to reduce the argon (Ar) gas space out of the secondary cold trap. Thereafter, the secondary cold trap was operated without any trouble. (5)The number of cases of the secondary purification system trouble was 28. Among them, electrical troubles happened twelve times, mechanically oriented troubles happened sixteen times. Those troubles, however, did not affect to the ...",Japanese,121 Pages,1988/03,no keyword,,,ar_mapping,6,ar,reactor JOYO operational experience; The operational experiences of JOYO secondary sodium purification System,https://jopss.jaea.go.jp/search/servlet/search?4033097,https://jopss.jaea.go.jp/pdfdata/PNC-TN9410-88-108.pdf
2074640,JAERI-M 88-072,油膜法による突起物回りの流れの可視化,A Flow visualization around an obstacle by oil film method,高瀬 和之,"Takase, Kazuyuki",平行平板流路内に設置した種々の突起物周辺の流れパターンを、流れの可視化手法の1つである油膜法によって調べた。本実験で用いた油膜はシリコン油、顔料、オレイン酸から成る混合物である。油膜の混合量は、各流速に対して最も鮮明な状態で流れパターンが観察できるように調整した。,no abstracts in English,Japanese,70 Pages,1988/03,Fluid Mechanics,,https://doi.org/10.11484/jaeri-m-88-072,computer_vision,6,"visualization, 可視化",油膜法による突起物回りの流れの可視化,https://jopss.jaea.go.jp/search/servlet/search?2074640,https://jopss.jaea.go.jp/pdfdata/JAERI-M-88-072.pdf
4020694,JNC TJ7440 2004-002,EB地区における深部地質環境調査資料-地表地質調査及び地表物理探査(CSAMT法)-,"Data on the Deep Geological Environment in the EB district, -Surface Geological Mapping and Geophysical Exploration (CSAMT Method)-",荻野 雅彬*,"Ogino, Masaaki*",本資料は、既存の鉱床探査資料の中から、地表地質調査及び地表物理探査(CSAMT法)のデータ解析結果をとりまとめたものである。対象地区は鹿児島県南部にあたる。(契約先会社名および担当者名はマスキングする。),no abstracts in English,Japanese,124 Pages,1988/02,no keyword,,,ar_mapping,6,mapping,"Data on the Deep Geological Environment in the EB district, -Surface Geological Mapping and Geophysical Exploration (CSAMT Method)-",https://jopss.jaea.go.jp/search/servlet/search?4020694,https://jopss.jaea.go.jp/pdfdata/JNC-TJ7440-2004-002.pdf
4032818,PNC TN9410 88-005,Molten Fuel-Coolant Interactions in Pin-Bundle Geometries,ピンバンドル形状下における溶融燃料-冷却材相互作用,佐藤 浩司*; 今堀 真司*,not registered; not registered,高速炉の仮想的過出力事故(TOP)及び冷却材流量喪失下での過出力事故(LOF-d-TOP)時に燃料集合体内で想定される溶融燃料挙動を調べるために、ピン径の異なる(直径8.7㎜、16.5㎜)2種類の7本ピンバンドル試験体を用いて炉外試験を6回実施した。試験では、流動ナトリウム中(0.4 6.6m/s、450 )に設置した燃料ピン内のUO2ペレットを直接通電法で定常発熱状態に維持し、その後、過渡電力を投入することにより加熱溶融し、溶融燃料-冷却材熱的相互作用(FCI)を生じさせ、その際の発生圧力とボイド挙動を測定すると共に、2台のX線装置と高速度カメラ(472 1015fps)を用いて溶融燃料挙動を観測した。本研究の結果、以下のことが明らかとなった。(1) 発生圧力は高々5MPaで、そのピーク値の燃料放出量、ナトリウム流速、試験体形状の違いによる顕著な差は見られなかった。(2) 燃料放出からFCI発生までの時間は、ナトリウム流速の減少と共に増大する傾向にあった。(3) FCI時の熱-仕事変換率は0.01%オーダと評価された。(4) 放出された燃料はFCI時の発生圧力パルスにより分散され、有意な流路閉塞は観測されなかった。(5) 微粒化燃料粒子の直径の質量メディアンは220 320 mの範囲内にあった。また4回の試験データを各試験後の回収重量で規格化した後、それらの平均的な粒径分布を求めると、f(logD)=0.694exp(-(logD-2.41)E2/0.660).D:粒子直径( m)の確率密度関数で表わせる。これらの結果は、FCI時の発生圧力と機械的仕事がそれほど大きくないことを示唆すると共に、放出された燃料の大部分は、FCI時の発生圧力パルスにより有意な流路閉塞を生じることなくスウィープアウトされることが予測される。,"A series of six out-of-pile tests has been performed in the two types of seven-pin bundle geometries with fuel pin diameters of 8.7 and 16.5 mm to investigate the molten fuel behaviors in a fuel subassembly under hypothetical transient overpower (TOP) and loss-of-flow-driven TOP (LOF-d-TOP) accidents in liquid-metal fast breeder reactors. In the tests, fuel pins loaded with natural UO pellets were initially heated to a steady-state temperature in the flowing sodium (0.4 to 6.6 m/sec, 450 C), and then subjected to a pre-specified power transient by direet electric heating. During the power transient, the UO pellets in the pins were melted and ejected into the flowing sodium. The pressure and voiding behaviors during molten fuel-coolant interaction (FCI) were measured and also the molten fuel motion was directly observed by dual X-ray cinemato-graphy and high-speed cameras at 472 10 fps. Main results obtained in the present study are summarized : (1)The pressure pulses observed were about 5 MPa at most. The pressure peaks did not depend much upon the mass of ejected fuel, sodium flow velocity, and geometries of the test section. (2)The intermixing time before FCI onset tends to increase with decrease of the sodium flow velocity. (3)The conversion ratios from thermal to mechanical energies due to FCIs were in the order of O.01 %. (4)The ejected fuel was dispersed due to the pressure pulses during FCIs and no significant blockage was formed in the flow channel. (5)The fuel debris diameters for the mass median values ranged 220 to 320 m. After normalizing by the individual total masses and then averaging for the four samples, the size distribution of the fuel debris can be expressed in the following probability density function: f(log D)= 0.694 exp(-(log D-2.41) / 0.660 ), where D( m) is a particle diameter. These results indicate that pressure generation and mechanical energy release during the FCIs are ...",English,33 Pages,1988/01,no keyword,,,computer_vision,6,"camera, カメラ",、過渡電力を投入することにより加熱溶融し、溶融燃料-冷却材熱的相互作用(FCI)を生じさせ、その際の発生圧力とボイド挙動を測定すると共に、2台のX線装置と高速度カメラ(472 1015fps)を用いて溶融燃料挙動を観測した。本研究の結果、以下のことが明らかとなった。(1) 発生圧力は高々5MPaで、そのピーク値の燃料放出量、ナトリウム流速、試験体形状の違いによる顕著な差は見られなかった。(2) 燃料放出,https://jopss.jaea.go.jp/search/servlet/search?4032818,https://jopss.jaea.go.jp/pdfdata/PNC-TN9410-88-005.pdf
4032795,PNC TN9410 87-174,高速実験炉「常陽」運転経験報告書; 100MW運転時Na・Arサンプリング及び分析結果(MK-II炉心移行作業から100MW第7サイクルまで),Report of operation experience on JOYO purity monitoring of coolant sodium and cover gas in the period from MK-II core conversion work to 100MW 7th cycle,伊吹 正和*; 寺内 誠*; 伊藤 芳雄*; 青野 忠純*; 藤原 昭和*; 今井 勝友*,not registered; not registered; not registered; not registered; not registered; not registered,常陽の冷却材ナトリウム、カバーガスアルゴン中の不純物及び放射性物質の純度管理を目的としてサンプリングし分析を行った。その結果は以下の通りであった。1. ナトリウム中の不純物は、1次・2次系共に管理目標値を満足していた。2. 1次系カバーガスアルゴン中の不純物のうち水素及びメタンは、主循環ポンプの点検及び燃料交換作業に伴い管理目標値を超える事があったが、その他の不純物は管理目標値を満足していた。特に窒素濃度はMK-1 炉心時に比べ約1/5に減少した。これはMK-1 炉心時の不確定要素による不具合が解消され、燃料交換機器のブローダウンガスにより希釈された為と思われる。3. MK-2移行中にMK-2炉心用制御棒に封入されているヘリウムが炉内装荷時に放出され、その濃度は734(ppm)であった。又、原子炉運転に伴う制御棒と中性子の反応によるヘリウム発生量は、制御棒の引抜量が増加すると減少していった。4. 2次系カバーガスアルゴン中の不純物は全て管理目標値を満足していた。5. 放射性物質で1次系ナトリウムサンプリングコイルに沈着する放射性腐食生成物は、原子炉運転時間が達つにつれ徐々に増加している。又、本コイル交換時の表面線量率は、24Na減衰後約10mR/h以下であった。,"Monitoring of impurities concentration and radioactivity in coolant sodium and cover gas argon has been continued for the purpose of purity control on JOYO. This report deals with the results of these monitoring during 1983 to 1985. Typical characteristics are followed. (1)Impurities concentrations in primary and secondary sodium were generally within the reference limits of JOYO. (2)Although hydrogen and methane concentrations in primary cover gas argon exceeded the reference limits during maintenance of primary system main circulating pump and fuel handling works, other items were well controlled within the limits. Particularly nitrogen concentrations in primary cover gas argon decreased to 1/5 as MK-I Core. This is due to vanishment of undifined air leak-in during the MK-I Core operation and diclution effect of blow down for fuel handling charge machine during core conversion works. (3)When vent type control rods were newly inserted to the reactor core, initially in helium gas in the rods were released to the primary cover gas during irradiation core conversion period. Tts concentrations were 734ppm. And helium concentrations produced by neutron reaction in the control rod absorber were decreased as withdrawal of control rods. (4)Impurity concentrations in secondary cover gas argon were generally within the reference limits of JOYO. (5)Radioactive corrosion products deposited in the primary sodium sampler were gradually increased with reactor opration time elapsed. And, dose rate at the surface of sampler was less than 10 mR/h after Na decay.",Japanese,128 Pages,1987/12,no keyword,,,ar_mapping,6,ar,高速実験炉「常陽」運転経験報告書; 100MW運転時Na・Arサンプリング及び分析結果(MK-II炉心移行作業から100MW第7サイクルまで),https://jopss.jaea.go.jp/search/servlet/search?4032795,https://jopss.jaea.go.jp/pdfdata/PNC-TN9410-87-174.pdf
4032649,PNC TN9320 87-005,高速実験炉「常陽」プラント管理月報1987年5月分,None,大洗工学センター,not registered,「常陽」の経過、「常陽」は先月に引続きプラントの定検モードを維持し、第6回定期検査、改造工事、照射準備等に係る各種のプラント操作及び燃料取扱設備に係る点検、改造工事等を実施した。プラントは、炉内サーベイランスリグ取出し及び炉内観察等のため一時的に、1次主冷却系のナトリウム充填・ドレン操作を行った以外は定検モードに伴い1次・2次系及び1次・2次系補助系ともナトリウムドレン状態を維持した。また、炉心崩壊熱の除去は余熱N2ガス系に引続き行った。第6回定期検査に係る科技庁立会検査を4件受検し、合格した。今月実施した主なプラント操作は次のとおりである。(1)一次純化系新型コールドトラップ(A)の機能試験に係るプラント操作、1次純化系新型コールドトラップ(A)の機能試験のため、5月8日にNAを充填し、NA充填後の予熱ヒータ性能試験及び表面線量率測定を実施した。(2)1次主冷却系NA充填・ドレン操作、炉内サーベイランスリグ取出し及び炉内観察等に伴い、1次主冷却系NA充填・ドレン操作を各2回実施した。(3)1次・2次ARガス系低圧運転操作、1次ARガス系は炉内サーベイランスリグ取出作業時に通常運転モードから低圧運転モードに切替え運転を行った。(4)その他プラント操作、コンクリート遮蔽体冷却系窒素ガス冷却器の点検に伴って、格納容器雰囲気調整系は通常運転から特殊運転(N-2モード)に移行した。また格納容器局部漏洩率試験に係るプラント操作等を実施した。(5)燃料取扱関係に係るプラント操作、炉内サーベイランスリグ取出し及び炉内観察に伴う回転プラグ運転・炉内燃料取扱作業を実施した。なお、炉内観察はフェイバースコープを用いて燃料集合体頂部、ポット、ホールダウン軸を対象として実施し、画像はVTRを用いて録画した。,None,Japanese,32 Pages,1987/05,no keyword,,,ar_mapping,6,ar,た。(2)1次主冷却系NA充填・ドレン操作、炉内サーベイランスリグ取出し及び炉内観察等に伴い、1次主冷却系NA充填・ドレン操作を各2回実施した。(3)1次・2次ARガス系低圧運転操作、1次ARガス系は炉内サーベイランスリグ取出作業時に通常運転モードから低圧運転モードに切替え運転を行った。(4)その他プラント操作、コンクリート遮蔽体冷却系窒素ガス冷却器の点検に伴って、格納容器雰囲気調整系は通常運転から特,https://jopss.jaea.go.jp/search/servlet/search?4032649,https://jopss.jaea.go.jp/pdfdata/PNC-TN9320-87-005.pdf
4032648,PNC TN9320 87-004,高速実験炉「常陽」プラント管理月報1987年4月分(昭和62年4月分),None,*,not registered,「常陽」の経過、「常陽」は先月に引続きプラントの定検モードを維持し、第6回定期検査、改造工事照射準備等に係る各種のプラント操作を行った。燃料取扱設備に係る定期検査及び改造工事を継続して実施した。プラントは先月に引続いて1次・2次系及び1次・2次系助系ともナトリウムドレン状態を維持した。炉心崩壊熱は先月に引続き予熱N2ガス系にて除去中である。第6回定期検査に係る科技庁立会検査を2件受検し、良好な結果で合格した。今月、実施した主なプラント操作と自主点検、定期検査及び工事等は次のとおりである。(1)1次純化系新型コールドトラップ(A)の機能試験及び工事等は次のとおりである。(2)サーベイランス材取出作業に伴うプラント操作、2次系主配管及びダンプタンクサーベイランス材取出作業に伴い先月に引続いて2次ARガス系は低圧運運を行った。(3)その他のプラント操作、商用送電線への落雷の影響で瞬時電圧降下(4月23日)に対するプラント復旧操作・確認、予熱N2ガスの主配管通気操作(4月27日)、格納容器局部漏洩率試験に係るプラント操作等を実施した。(4)燃料取扱関係に係るプラント操作、炉上部照射プラグリグ(UPR)試料部交換作業、計測線付特殊燃料集合体保持装置(INTA-1)撤去及び材料照射用校正試験装置(INTA-S)装荷に伴う回転プラグの運転を実施した。(5)燃料取扱設備定期点検、格内つかみ部洗浄設備の定期点検を実施し終了した。,no abstracts in English,Japanese,34 Pages,1987/04,no keyword,,,ar_mapping,6,ar,試験及び工事等は次のとおりである。(2)サーベイランス材取出作業に伴うプラント操作、2次系主配管及びダンプタンクサーベイランス材取出作業に伴い先月に引続いて2次ARガス系は低圧運運を行った。(3)その他のプラント操作、商用送電線への落雷の影響で瞬時電圧降下(4月23日)に対するプラント復旧操作・確認、予熱N2ガスの主配管通気操作(4月27日)、格納容器局部漏洩率試験に係るプラント操作等を実施した。(4,https://jopss.jaea.go.jp/search/servlet/search?4032648,https://jopss.jaea.go.jp/pdfdata/PNC-TN9320-87-004.pdf
4055682,PNC TN9320 87-003,高速実験炉「常陽」プラント管理月報1987年3月分,None,大洗工学センター,not registered,「常陽」の経過、「常陽」の照射準備・改造工事・第6回定期検査は、昨年12月10日より開始され今年9月上旬完了を目標に現在計画どおり順調に進行中である。プラントは、先月に引き続いて1次・2次系及び1次・2次補助系ともナトリウムドレン状態を維持した。炉心崩壊熱は先月に引き続き余熱N ガス系にて除去中である。今月、実施した主なプラント操作と定期自主点検・定期点検及び工事等は次のとおりである。(1)電源設備点検に係わるプラント操作:電源設備点検(その2)に係わる特殊受電等の電源操作、各機器の停止・起動操作を3月2日から9日にかけて実施した。(2)1次純化系コールドトラップ据付工事に係わるプラント操作:1次純化系コールドトラップの現地搬入後の据付工事、科学技術庁立会検査等に係わる系統パージ、Arガス置換、耐圧試験等のプラント操作を実施した。(3)2次系サーベランス材取出作業に伴うプラント操作:2次系主配管及びダンプタンクサーベイランス材取出作業に伴い27日より2次Arガス系は低圧運転を開始した。(4)燃料取扱設備定期点検:燃料出入機、使用済燃料移送機、新燃料貯蔵設備に係わる分解点検等の定期検査を実施し、それぞれ6日、10日、25日に完了した。(5)定期自主点検:(a)1次系電動弁点検、(b)2次コールドトラップ送風機点検、(c)2次補助送風機点検、(d)制御設備盤点検、(e)エアロック点検。(6)定期点検:(a)冷却系配管支持装置の点検、(b)主送風機点検、(c)主冷却器出入口ダンパ点検、(d)中性子計装設備計器点検、(e)格納容器雰囲気調整系計器点検、(f)格納容器局部漏洩率試験(1次Na純化系、N ガス供給系、安全容器呼吸系、ケーブルペネトレーション、圧空供給系、床上予備N 供給系、BM1予備N 供給系、格納容器雰囲気調整系空気系統出口、差圧検出器)。(7)工事及び改造工事:(a)回転プラグケーブル交換、(b)トランスファロータ弁開閉表示灯設置、(c)燃料洗浄設備改造(工程短縮、廃液低減)工事、(d)1次純化系コールドトラッププレーフィルタの設置、(e)1次純化系コールドトラップ据付工事(A側)、(f)2次系ヒータ制御装置交換、(g)FFD DN法検出器交換、(h)FFD CG法温度調整器交換、(i)廃棄物処理系プロセス計器交換、(j)運転支援システム用2次系プラント信号取出工事,None,Japanese,30 Pages,1987/03,no keyword,,,ar_mapping,6,ar,施した。(2)1次純化系コールドトラップ据付工事に係わるプラント操作:1次純化系コールドトラップの現地搬入後の据付工事、科学技術庁立会検査等に係わる系統パージ、Arガス置換、耐圧試験等のプラント操作を実施した。(3)2次系サーベランス材取出作業に伴うプラント操作:2次系主配管及びダンプタンクサーベイランス材取出作業に伴い27日より2次Arガス系は低圧運転を開始した。(4)燃料取扱設備定期点検:燃料出入,https://jopss.jaea.go.jp/search/servlet/search?4055682,https://jopss.jaea.go.jp/pdfdata/PNC-TN9320-87-003.pdf
4032370,PNC TN9320 87-002,高速実験炉「常陽」プラント管理月報1987年2月分(昭和62年2月分),None,*,not registered,「常陽」の経過、「常陽」の照射準備・改造工事・第6回定期検査は昨年12月10日から開始し、今年度9月上旬完了の予定で現在計画どおり順調に作業を進行中である。プラントは、先月に引続き1次・2次系ともナトリウムドレン状態を維持した。補助系点検のため、1次・2次系ナトリウムドレン操作を行った。炉心崩壊熱は、補助系ナトリウムのドレン以後予熱N2ガス系にて除去中である。今月、実施した主なプラント操作と自主点検・定期自主点検及び工事等は次のとおりである。(1)コールドトラッププレーフィルター据付後の耐圧・漏洩試験に係るプラント操作(18日、19日)コールドトラッププレフィルター据付後の耐圧・漏洩試験に係るガス導通確認の操作を18日、19日に実施した。(2)1次・2次補助系ナトリウムドレン操作(26日)補助系点検のため、1次・2次系補助系ナトリウムのドレン操作を26日に実施した。補助系ドレン以後は、崩壊熱を予熱N2ガス系で除去中である。(3)燃料取扱設備定期点検、燃料出入機、キャスクカー、新燃料貯蔵設備、つかみ部洗浄設備等の点検、燃取設備の盤点検、計器校正等を実施した。(4)自主点検及び定期自主点検、1、1次主ポンプオイルプレッシャーユニット点検、2、1次系現場計器点検、3、1次系プロセス計装点検・変換器交換、4、1次系電動弁点検、5、2次ARガス系点検、6、2次主・圧空点検、7、2次主送風機点検、8、2次主・C/C・盤・ドライブユニット点検、9、2次主プロセス計器点検、10、2次主・IVP・遮断器・他点検、11、2次系電磁流量計電源装置点検、12、2次純化系コールドトラップ送風機点検、13、2次補助・弁点検、14、補機系ポンプ分析点検、15、格・雰囲気調整系計器点検、16、脱塩水供給設備点検、17、FFD C/G法コンプレッサ点検、,no abstracts in English,Japanese,28 Pages,1987/02,no keyword,,,ar_mapping,6,ar,及び定期自主点検、1、1次主ポンプオイルプレッシャーユニット点検、2、1次系現場計器点検、3、1次系プロセス計装点検・変換器交換、4、1次系電動弁点検、5、2次ARガス系点検、6、2次主・圧空点検、7、2次主送風機点検、8、2次主・C/C・盤・ドライブユニット点検、9、2次主プロセス計器点検、10、2次主・IVP・遮断器・他点検、11、2次系電磁流量計電源装置点検、12、2次純化系コールドトラップ送風,https://jopss.jaea.go.jp/search/servlet/search?4032370,https://jopss.jaea.go.jp/pdfdata/PNC-TN9320-87-002.pdf
3020661,JAERI-M 86-053,Carburization Behaviour of High Temperature Aalloys in Carburizing Environment,浸炭雰囲気中の耐熱合金の浸炭挙動,新藤 雅美,"Shindo, Masami","高温ガス炉用耐熱合金の浸炭挙動を調べるために、強浸炭雰囲気中での浸炭試験を行った。試験に用いた材料はERANS合金の1つであるr4286,Ni-18.5% Cr-21.5% W(F合金)、ハステロイXR及びハステロイXR-IIである。試験は800 C,850 C,900 C,及び950 Cの(Ar+10%CH )雰囲気中で行い、次のような結果が得られた。保護酸化膜が形成されない場合、浸炭速度は放物線則に従う。Crの酸化膜が形成されない様な低酸化ポテンシャル環境では、Al及びTiの添加が、それらの保護膜の形成によって、耐浸炭性を改良する。耐浸炭性を合金間で比較すると、2%Alと2.5%Tiを含んだR4286がAl及びTiからなる保護膜によって、最も優れた特性を示した。また、F合金は中間のハステロイXR及びXR-IIは 最も低い耐浸炭性を示した。",no abstracts in English,English,23 Pages,1986/03,耐熱合金 ; ERANS合金 ; R4286 ; Ni-Cr-W合金 ; ハステロイXR ; ハステロイXR-II ; 浸炭 ; 高温ガス炉,,https://doi.org/10.11484/jaeri-m-86-053,ar_mapping,6,ar,Carburization Behaviour of High Temperature Aalloys in Carburizing Environment,https://jopss.jaea.go.jp/search/servlet/search?3020661,https://jopss.jaea.go.jp/pdfdata/JAERI-M-86-053.pdf
3020625,JAERI-M 86-017,Current generation by a large amplitude wave packet,大振幅波束による電流生成,田中 昌司*,not registered,トカマクプラズマにおけるトロイダル電流生成の観点から、コヒ-レントな大振幅波束中の電子の非線形運動を、フォッカ-・プランク方程式及びマッピング方程式を用いて解析した。波束の振幅が大きく、波のポテンシャル中の電子のバウンス時間が電子の波束通過時間より短い場合には、波のポテンシャルによって電子が捕捉(そして脱捕捉)される。この効果をフォッカ-・プランク方程式の、電場による摩擦項と拡散項に取り入れ、電子の準定常分布関数を求めた。波束によって生成される電流、散逸パワ-、及びそれらの比を求めて、準線形理論から得られるものと比較した。,no abstracts in English,English,46 Pages,1986/02,RF電流生成 ; コ-ヒ-レント波束 ; 電子の非線形運動 ; マッピング方程式 ; 統計性 ; フォッカ-プランク方程式,,https://doi.org/10.11484/jaeri-m-86-017,ar_mapping,6,マッピング,トカマクプラズマにおけるトロイダル電流生成の観点から、コヒ-レントな大振幅波束中の電子の非線形運動を、フォッカ-・プランク方程式及びマッピング方程式を用いて解析した。波束の振幅が大きく、波のポテンシャル中の電子のバウンス時間が電子の波束通過時間より短い場合には、波のポテンシャルによって電子が捕捉(そして脱捕捉)される。この効果をフォッカ-・プランク方程式の、電場による摩擦項と拡散,https://jopss.jaea.go.jp/search/servlet/search?3020625,https://jopss.jaea.go.jp/pdfdata/JAERI-M-86-017.pdf
3020587,JAERI-M 85-199,照射済みUO ペレットの加熱による炉外EP放出実験,Out-pile FP Release Experiment by Heating of Irradiated UO Pellet,石渡 名澄; 永井 斉,not registered; not registered,LWRの燃料損傷事故条件下での燃料からのFP放出割合については、NUREG-0772において貝体的な数値データが提出された。上出の数値データを評価するため、相対的に小規模の実験装置を用いる測定方法を開発した。1500 C以上の温度範囲において、燃料からのFPのCsの放出割合は相対的に大きいので、高周波誘導加熱炉を含む実験装置を用いて、照射済みUO ペレットからの Csの放出割合を測定した。照射済みUO ペレットはNSRR及びJMTR-RABBITを用いて製作した。加熱実験において、 Csの放出割合は、NSRR照射のペレットでは0.51(Ar、12.2分加熱、1500~2080 C)、RABBIT照射のペレットでは、それぞれに0.63、0.59、0.81及び0.78(Ar、10.7分加熱、1500~1740 C;Ar、32.8分加熱、1500~2255 C;Ar+蒸気、22.0分加熱、1500~2230 C;Ar+蒸気+H 、14.0分加熱、1500~2030 C)であった。,no abstracts in English,Japanese,16 Pages,1985/12,Fission product ; Fission product release ; Severe fuel damage accident ; Nuclear reactor safety ; Light water reactor ; Irradiated uranium dioxide pellet ; Cesium-137 ; Release fraction rate ; Uranium dioxide pellet ; Severe core damage accident,,https://doi.org/10.11484/jaeri-m-85-199,ar_mapping,6,ar,測定した。照射済みUO ペレットはNSRR及びJMTR-RABBITを用いて製作した。加熱実験において、 Csの放出割合は、NSRR照射のペレットでは0.51(Ar、12.2分加熱、1500~2080 C)、RABBIT照射のペレットでは、それぞれに0.63、0.59、0.81及び0.78(Ar、10.7分加熱、1500~1740 C;Ar、32.8分加熱、1500~2255 C;Ar+蒸気、22.0,https://jopss.jaea.go.jp/search/servlet/search?3020587,https://jopss.jaea.go.jp/pdfdata/JAERI-M-85-199.pdf
4032304,PNC TN952 85-30,Incorporation of sodium-concrete reaction module and water release module into CONTAIN,None,工藤 隆雄*; 宮地 郁雄*; 広井 博*,"Kudo, Takao*; Miyaji, Ikuo*; Hiroi, Hiroshi*",None,"The containment response analysis code, CONTAIN, released from Sandia National Laboratories (SNL) U.S.A. is not yet provided with the function to deal with the sodium-concrete reaction, as well as the water release from a heated concrete, which is thought to be the important reaction occurring in the event of an LMFBR hypothetical accident. Thus, the current CONTAIN code can not consistently evaluate the influence of water vapor, hydrogen gas, and reaction heat during the course of the containment analysis. This report presents the incorporation of the SLAM code (the sodium-concrete reaction code developed by SNL) into CONTAIN and its modification for the analysis of water migration within a concrete. The transition into the sodium-concrete reaction due to a liner failure is also included. Details of program structure and variable usage are presented.",English,157 Pages,1985/11,no keyword,,,ar_mapping,6,slam,urse of the containment analysis. This report presents the incorporation of the SLAM code (the sodium-concrete reaction code developed by SNL) into CONTAIN and its modification for the analysis of water m,https://jopss.jaea.go.jp/search/servlet/search?4032304,https://jopss.jaea.go.jp/pdfdata/PNC-TN952-85-30.pdf
3020519,JAERI-M 85-131,JT-60 LHRF給合系真空導波管用Cuメッキの表面分析と2次電子放出率,Surface Analysis and Secondary Electron Rate of Cu Plating for Vacuum Wave Guide of LHRF Coupler in JT-60,池田 佳隆; 今井 剛; 廣木 成治; 藤井 常幸; 坂本 慶司; 三枝 幹雄; 佐川 準基*; 阿部 哲也; 木村 晴行; 上原 和也; 永島 孝,"not registered; not registered; Hiroki, S.; not registered; not registered; Saigusa, Mikio; not registered; not registered; not registered; not registered; not registered",JT-60LHRF加熱装置の結合系に用いる真空導波管用Cu(銅)メッキの、メッキ方法について、放出ガス、表面分析により評価し、シアン化銅溶液によるCuメッキが最適であることを明らかにした。またべーキング、Arエッチングが、Cuメッキの表面組成や2次電子放出率に与える影響を調べ、ベーキング、Arエッチング共に2次電子放出率を大巾に低減させるが、純粋なCuメッキの表面では、1以下にならないことを明らかとした。さらにCuメッキに、C(炭素)コーティングを施せば、この値を1前後にできることも明らかとした。,no abstracts in English,Japanese,28 Pages,1985/08,JF-60LHRF加熱装置 ; 結合系 ; 真空導波管用Cuメッキ ; シアン化銅 ; ベーキング ; Arエッチング ; 表面組成 ; 2次電子放出率 ; シューティング,,https://doi.org/10.11484/jaeri-m-85-131,ar_mapping,6,ar,Surface Analysis and Secondary Electron Rate of Cu Plating for Vacuum Wave Guide of LHRF Coupler in JT-60,https://jopss.jaea.go.jp/search/servlet/search?3020519,https://jopss.jaea.go.jp/pdfdata/JAERI-M-85-131.pdf
4036046,PNC TJ902 85-05,高速増殖原型炉「もんじゅ」 CRDモックアップベローズ実証試験; 動的変形挙動試験,Prototype fast breeder reactor 'MONJU'; Scram dynamics test report of full mockuped stroke bellows for fine control rod drive (FCRD),河島 弘明*; 城土井 崇*; 佐藤 春夫*; 古満 豊*; 大友 康正*; 原田 清*; 佐藤 一夫*,not registered; not registered; not registered; not registered; not registered; not registered; not registered,CRDモックアップベローズ実証試験は、「もんじゅ」用制御棒駆動機構のベローズの設計手法確立の一環として実施した。本試験の主な結果は、次のとおりである。(1)「もんじゅ」用微調整棒駆動機構のストロークベローズの最新設計仕様により製作した実寸大のストロークベローズを使用して、スクラム試験を行い、この時のトロク-クべローズの動的挙動を高速度カメラで撮影して、1山当たりの最大変位位置等について解析した。(2)解析結果、疲労試験結果、微調整棒駆動実機における想定作動回数(暫定値)等からストロークベローズの健全性評価を行った。評価結果は、次のとおりである。(a)実機における1山当たりの最大位置量及びひずみは、スクラム落下速度が4m/sの場合、3.4mm及び228%であった。(b)スクラム1回当たりの最大ひずみ振幅の発生サイクル数については、1サイクル起こるとすれば充分であることを確認した。,"This scram dynamics test was done as one of series of R&D activities to establish a design guideline for ""MONJU"" CRD welded bellows. Scram tests of a full-sized FCRD stroke bellows mock-up by updated equipment design was carried out. The dynamic motion and deformation of the bellows recorded by high speed cameras and the films were analyzed to obtain design data such as maximum displacement per convolution. The major test results are as follows. (1)The maximum displacement per convolution and the maximum strain amplitude during a scram motion at maximum speed of 4 meter/sec. are estimated at 3.4 mm per convolution, 228 percent respectively. (2)The number of maximum strain cycles can be conservatively estimated at one per scram. (3)The cumulative fatigue damage factor is tentatively evaluated to be small enough to be acceptable as shown below. (n /N ) = usage factor scram + usage factor translating = 0.053 + 0.016 = 0.069 1.0 (4)As test results, the current design stroke bellows demonstrates to be acceptable for ""MONJU"" FCRD.",Japanese,163 Pages,1985/05,no keyword,,,computer_vision,6,"camera, カメラ",棒駆動機構のストロークベローズの最新設計仕様により製作した実寸大のストロークベローズを使用して、スクラム試験を行い、この時のトロク-クべローズの動的挙動を高速度カメラで撮影して、1山当たりの最大変位位置等について解析した。(2)解析結果、疲労試験結果、微調整棒駆動実機における想定作動回数(暫定値)等からストロークベローズの健全性評価を行った。評価結果は、次のとおりである。(a)実機における1山当たりの最,https://jopss.jaea.go.jp/search/servlet/search?4036046,https://jopss.jaea.go.jp/pdfdata/PNC-TJ902-85-05.pdf
3020431,JAERI-M 85-043,化学蒸着SiCの熱力学計算,Themodynamic Calculations for Chamical Vapor Deposition of Silicon Cable,湊 和生; 福田 幸朔; 井川 勝市,"Minato, Kazuo; not registered; Ikawa, Katsuichi",自由エネルギー最小化法に基づく計算コードSOLGASMIX-PVを用いて、CH SiCle -H -Ar系の熱力学計算を行ない、CVD-状態図を得た。条件により、 -SiC、 -SiC+C(S)、 -SiC+Si(S)、 -SiC+Si(l)、Si(S)、Si(l)、またはC(S)が蒸着する領域があることがわかった。また、CH SiCle -H -Ar系では、 -SiC+C(S)またはC(S)が蒸着することがわかった。これらの計算結果と報告されている蒸着実験結果とを比較した結果、 -SiCが蒸着すると予測された領域の高温部(約2000K以上)で -SiC+C(S)が、低温部(約1700K以下)で -SiC+Si(S)がそれぞれ蒸着しており、SiCの蒸着機構を考察する上で重要な結果を得た。,no abstracts in English,Japanese,27 Pages,1985/03,HTGR Fuel ; Coated Fuel Particles ; Silicon Carbide ; Phase Diagram ; Gibbs Free Energy ; Chemical Vapor Deposition ; Thermodynamic Calsulation,,https://doi.org/10.11484/jaeri-m-85-043,ar_mapping,6,ar,自由エネルギー最小化法に基づく計算コードSOLGASMIX-PVを用いて、CH SiCle -H -Ar系の熱力学計算を行ない、CVD-状態図を得た。条件により、 -SiC、 -SiC+C(S)、 -SiC+Si(S)、 -SiC+Si(l)、Si(S)、Si(l)、またはC(S)が蒸着する領域があることがわかった。また、CH SiCle -,https://jopss.jaea.go.jp/search/servlet/search?3020431,https://jopss.jaea.go.jp/pdfdata/JAERI-M-85-043.pdf
3020300,JAERI-M 84-158,原子炉に使用される流れの可視化法、第1報 流体の流れ,Flow Vieualization Technniques in Nuclear Reactors (I) Fluid Flow,日野 竜太郎; 秋野 詔夫; 稲垣 嘉之; 佐野川 好母; 岡本 芳三,"not registered; Akino, Norio; not registered; Sanokawa, Konomo; Okamoto, Yoshizo",原子炉で発生する熱を発電やプロセスなどの利用系に伝達するための、炉心及び冷却系を流れる流体の流れは、原子炉の熱除去特性を把握するためにも極めて重要である。このような冷却流体の流れを明らかにするためにも、圧力および流速などの測定に先立って、予め流れの模様を可視化(Flow Visualization)することが、しばしば行われている。本報告は、このような可視化の手法の中、特に原子炉内の流体の流れを把握するに必要な可視化手法について、その基礎的手法と応用事例を列記したものである。,no abstracts in English,Japanese,99 Pages,1984/09,流れの可視化 ; 原子炉 ; 流動状態 ; 可視化手法,,https://doi.org/10.11484/jaeri-m-84-158,computer_vision,6,"visualization, 可視化",原子炉に使用される流れの可視化法、第1報 流体の流れ,https://jopss.jaea.go.jp/search/servlet/search?3020300,https://jopss.jaea.go.jp/pdfdata/JAERI-M-84-158.pdf
3020269,JAERI-M 84-127,最小2乗法に基づくARモデル・フィッティング・アルゴリズムの評価,Evalution of Autoregressive Medel Fitting Alogrithms Based on Least Sguares Method,林 光二,not registered,本報告は最小2乗法に基づく自己図帰モデル・フィッティングの2つのアルゴリズム(Marpleおよび北川・赤池のアルゴリズム)の数値的評価に関するものである。正弦波あるいは正弦波に白色雑音を付加した信号からサンプルされた3種類のデータを用いて、これらのアルゴリズムのシュミレーション・スタディを行なった。この結果、従来のもの(Yule-Walker、Burgのアルゴリズム)に対して以下の点で優れている事が明らかになった。(1)データ中に強い周期成分が含まれている場合でも、安定な数値計算が行なえ、またその結果も妥当である。(2)少数サンプル・データのフィッティングの際に起るARスペクトル・ピークの周波数バイアス誤差が非常に小さい。,no abstracts in English,Japanese,47 Pages,1984/07,自己図帰モデル ; 最小2乗法 ; Marpleのアルゴリズム ; 北川・赤池のアルゴリズム ; 異常診断,,https://doi.org/10.11484/jaeri-m-84-127,ar_mapping,6,ar,最小2乗法に基づくARモデル・フィッティング・アルゴリズムの評価,https://jopss.jaea.go.jp/search/servlet/search?3020269,https://jopss.jaea.go.jp/pdfdata/JAERI-M-84-127.pdf
3020211,JAERI-M 84-069,"Data on Collisions of Helium Atoms and Ions with Atoms and Molecules(II); Cross Sections for Charge Transfer of He , He , He and He with He, Ne, Ar, Kr and Xe","ヘリウム原子・イオンと原子分子の衝突に関するデーや集(II) (He , He , He および He と He, Ne, Ar, Kr および Xeの電荷移動断面積",中井 洋太; 菊地 昭*; 白井 稔三; 左高 正雄,"Nakai, Y.; not registered; not registered; not registered","この報告書では、He ,He ,HeおよびHe とHe,Ne,Ar,KrおよびXeなどの希ガスの電荷移動断面積の実験データを収集したものである。すなわち、上述の過程の1983年末までに発表された文献を調べ、その結果をまとめたものである。断面積の値を入射粒子のエネルギーの関数としてグラフおよび数値表の形にまとめ、これに文献リストを付している。",no abstracts in English,English,135 Pages,1984/04,電荷移動 ; ヘリウム・イオン ; ヘリウム原子 ; 希ガス ; ヘリウム灰 ; 原子分子データ原子衝突,,https://doi.org/10.11484/jaeri-m-84-069,ar_mapping,6,ar,"ons of Helium Atoms and Ions with Atoms and Molecules(II); Cross Sections for Charge Transfer of He , He , He and He with He, Ne, Ar, Kr and Xe",https://jopss.jaea.go.jp/search/servlet/search?3020211,https://jopss.jaea.go.jp/pdfdata/JAERI-M-84-069.pdf
3020182,JAERI-M 84-040,計算機シミュレーションによるトカマク・プラズマの安定性の研究,Stability Analyses of Tokamak Plasmas by Computer Simulation,徳田 伸二,not registered,線形理想MHD安定性解析コードERATOによってトカマクプラズマの安定性を解析した。ポロイダル座標が任意の磁束座標系を選択できる高精度の写像法を開発した。トカマクの中性粒子入射加熱実験において、軟X線の信号が鋸歯振動から高周波の連続振動に変化することが観測されている。ERATOコードを用い、m=1内部キンク・モードの安定性を解析した。主として、ポロイダル・ベータ値、磁場のシィアが安定性に与える影響を調べ、鋸歯振動から高周波振動に変化するプラズマのパラメーター領域とm=1キンク・モードが不安定になるパラメーター領域とが定性的に一致することを示した。また、m=1内部キンク・モードに対する第二安定領域を見つけ、シィアおよび楕円度に対する第二安定領域の依存性を調べた。,no abstracts in English,Japanese,90 Pages,1984/03,ERATO ; MHD Stability ; High accuracy mapping ; m=1 internal kink mode ; second stability ; internal disruption,,https://doi.org/10.11484/jaeri-m-84-040,ar_mapping,6,mapping,ERATO ; MHD Stability ; High accuracy mapping ; m=1 internal kink mode ; second stability ; internal disruption,https://jopss.jaea.go.jp/search/servlet/search?3020182,https://jopss.jaea.go.jp/pdfdata/JAERI-M-84-040.pdf
4031892,PNC TN941 84-59,ナトリウム沸騰音検出試験,Sodium boiling detection by acoustic method,荒木 等*; 大山 信夫*; 荒 邦章*; 羽賀 一男*; 中本 香一郎*; 山本 研*,"not registered; not registered; not registered; Haga, Kazuo*; not registered; not registered","高速増殖炉炉心内におけるナトリウム沸騰の音響検出法を確立するために,炉外ナトリウム試験装置においてナトリウム沸騰試験を行なった。そしてナトリウム沸騰音の性質,信号処理法,音響検出器の性能変化等に関して,ナトリウム沸騰検出システムの設計に有効な以下のような結果が得られた。沸騰音圧は沸騰が激しくなるにつれて上昇するが,沸騰周期は逆に長くなる。これまで実施した最大音圧は約1000Pascalに達し,発生周期は0.7秒まで長くなった。沸騰時の音響スペクトルは数kHzから数10kHzまで拡がっているが,ラッパ管壁とナトリウム中とでは異り,ナトリウム中では低周波の成分が,ラッパ管壁では高周波の成分が多く,またラッパ管壁ではナトリウム中でみられない波形が観測された。複数の検出器間の時間差を求めるための相互相関法では,あらかじめ波形を整流・平滑化するスムージング処理が必要である。圧電型音響検出器(LiNbO/3)のナトリウム中長期使用において感度の低下は20dBから最終的には5dB以内に回復しているが,電極間抵抗は徐々に減少し続けている。初期沸騰段階における検出のためには流動ノイズと区別するために,沸騰の周期性や複数の検出器間の相関性等に着目した検出方法が必要と考えられる。今後は実機流動ノイズ規模の中での初期沸騰検出法や位置決め法の確立,酸素供給が不要な磁歪型検出器などの開発に関する研究が必要と考えられる。","Sodium boiling experiments were conducted with the out-of-core sodium loop in order to establish the acoustic detection method of sodium boiling in FBR reactor core. The following results, which are informative to the design of the sodium boiling boiling acoustic detection system were obtained concerned about the characteristic of sodium boiling sound, the method of signal processing and the change of acoustic sensor performance. (1)Acoustic pressure by sodium boiling increases according to the boiling grade, but boiling period becomes longer conversely. The maximum acoustic pressure reached about 1000 Pascal, and the period decreased until about 0.7 second. (2)Acoustic spectrum extends from a few kHz to a few tens kHz, but by in-sodium sensor, lower frequency components and by on-wraper tube sensor, higher frequency components were obtained mainly. And the latter sensor had peculiar acoustic signals which didn't appear in the former sensor. (3)Smooting processing of acoustic signals was found to be necessary for the cross correlation method in order to obtain the time lag between the signals of two sensors. (4)Detecting sensitivity of piezo electric acoustic sensors (LiNbO ) decreased about 20 dB and recovered to 5 dB after used in sodium for long time. But the resistance between electrodes of sensors continued to decrease with the operation time in sodium due to lack of oxygen. (5)On the detection of early stage sodium boiling, some methods which utilizes the boiling periodicity and cross-correlation between two sensors would be necessary in order to distinguish that was caused by boiling from the flow noise. Some studies are still necessary in future for the establishment of the detection method of early stage boiling under the real level of flow noise, and the localization method of boiling sourse. Besides these efforts, the development of magnetic distortion probe which doesn't need oxygen is also expected.",Japanese,49 Pages,1984/03,no keyword,,,ar_mapping,6,localization,"ction method of early stage boiling under the real level of flow noise, and the localization method of boiling sourse. Besides these efforts, the development of magnetic distortion probe which doesn't need oxygen",https://jopss.jaea.go.jp/search/servlet/search?4031892,https://jopss.jaea.go.jp/pdfdata/PNC-TN941-84-59.pdf
3020045,JAERI-M 83-143,"Data on Collisions of Hydrogen Atoms and Ions with Atoms and Molecules, II; Cross Sections for Charge Transfer of H,H and H with He,Ne,Ar,Kr and Xe",水素原子・イオンと原子分子の衝突に関するデータ集(II) (H、H およびH とHe、Ne、Ar、KrおよびXeの電荷移動断面積),中井 洋太; 菊地 昭*; 白井 稔三; 左高 正雄,"Nakai, Y.; not registered; not registered; not registered",この報告書は、H、H およびH とHe、Ne、Ar、KrおよびXeなどの希ガスの電荷移動断面積の実験データを収集したものである。すなわち、上述の過程の1982年終りまでに発表された文献を調べた結果のものであり、断面積の値を入射エネルギーの関数としてグラフおよび数値表の形にまとめ、さらにこれに文献リストを加えている。,no abstracts in English,English,114 Pages,1983/09,電荷移動 ; 水素イオン ; 水素原子 ; 希ガス ; 原子データ ; 原子衝突,,https://doi.org/10.11484/jaeri-m-83-143,ar_mapping,6,ar,"s of Hydrogen Atoms and Ions with Atoms and Molecules, II; Cross Sections for Charge Transfer of H,H and H with He,Ne,Ar,Kr and Xe",https://jopss.jaea.go.jp/search/servlet/search?3020045,https://jopss.jaea.go.jp/pdfdata/JAERI-M-83-143.pdf
4031661,PNC TN941 83-80,"高速実験炉「常陽」運転試験報告書 : 75MW運転時Na,Arサンプリングおよび分析結果",JOYO operational experience report results of sampling and analysis of sodium and argon during 75 MW operation,野崎 誠*; 大戸 敏弘; 山崎 和祥*; 小澤 健二*; 引地 貴義*; 安 哲徳*; 吉野 富士男*,"not registered; Odo, Toshihiro; not registered; not registered; not registered; not registered; not registered","高速実験炉「常陽」のナトリウムおよびカバーガスアルゴンのサンプリングおよび分析は,総合機能試験から継続して実施されてきている。本報告書は,75MW性能試験から75MW定格運転第6サイクルまでのサンプリング分析結果についてまとめたもので,その主な結論は次の通りである。ナトリウムの分析結果は1次・2次系共に,ほぼ管理目標値を満足していた。ナトリウム中の酸索および水素の化学分析値は,1次系の場合バラツキが大きくEichelbergerおよびVisserの溶解度曲線よりも高い値を示す傾向にある。また2次系では酸素の場合,溶解度曲線より高い値を示すものの1次系よりバラツキは大きくなかった。また,水素の場合,溶解度曲線と比較的よく一致することが分かった。カバーガスアルゴンの分析結果で,1次系の場合,水素,メタン,窒素が管理目標値を越える場合があった。炉容器内をアルゴンガスパージすることによって,短時間で純度回復を行なえることを確認した。同時に同パージ操作要領を確立した。","In JOYO, coolant sodium and cover gas argon have been sampled and their impurities have been analysed since its initial functional tests. this report describes the results of sampling and analysis during 75 MW operation. The major conclusions are summarized as follows. (1)Impurity concentrations in primary and secondary sodium were within the reference limits of JOYP. (2)analysed oxygen concentrations in both primary and secondary sodium were dispersed and were above the Eichelberger's oxygen solubility curve. On the other hand, hydrogen concentrations showed good consistency with the Visser's solubitity curve. (3)some impurity concentrations in the primary cover gas, such as hydrogen and methane, had been above the reference values. (4)It was confirmed that purity of the primary cover gas could be easily recovered by argon gas purging in the reactor vessel. At the same time, its operational method was established.",Japanese,109 Pages,1983/06,no keyword,,,ar_mapping,6,ar,"高速実験炉「常陽」運転試験報告書 : 75MW運転時Na,Arサンプリングおよび分析結果",https://jopss.jaea.go.jp/search/servlet/search?4031661,https://jopss.jaea.go.jp/pdfdata/PNC-TN941-83-80.pdf
4009127,PNC TN441 84-05,Mineralogy and Petrology of Uranium Occurrences in the Thekulthili Lake Area Northwest Territories Canada -The 1983 Report-,None,湯佐 泰久; 鈴木 滋*; 黒沼 長助*; 大塚 保夫*,"Yusa, Yasuhisa; not registered; not registered; not registered","1983年度に行った鉱物試験の結果,テクルシリレイク地域におけるウラン鉱化作用には次のような特徴が認められる。(1)Kult51および82鉱区におけるウラン鉱化作用はマイロナイト化作用に伴う葉状構造に規制されている。(2)両地域のウラン鉱化作用はやや弱くマイロナイト化された個所に集中する傾向がある。より強く変形されマイロナイトそのものになった部分や,逆に弱い変形だけのカタクレーサイトの部分には,ウラン鉱化作用は弱くなるようである。これら(1), (2)の事実は効果的な鉱区設定や探鉱活動をする。(3)ウラン鉱徴地を中心とする変質ハローが両地域で認められた。この変質ハローは主として緑泥石の組成変化(鉱化帯に近づくにつれMgに富む傾向)により特徴づけられる。その分布は岩石構造に規制され,鉱化帯の下盤側,上盤側,走行方向の順に広くなっている。今後,変質ハローの中心を求める事により地下鉱体の位置をさぐる事ができる。(4)Kult59におけるピッチブレンド脈はNE系断層周辺に集中する2次小断層系であると考えられる。(5)角閃石と黒雲母の,K-Ar年代とArの閉止温度からKult59における温度一時間曲線が描かれた。この関係とピッチブレンドのPb-Pb年代からその生成温度は480 500 Cと推定された。これらの考察から,当地域の初生ウラン鉱価作用はハドソニアン造山運動に属する変成作用の後退期における熱水作用によるとみなされる。(なお本報告書の邦文は「昭和58年度カナダ北西準州テクルシリレイク地区調査報告書」に添付されているので必要に応じて参照されたい。)","Descriptions are given of some uranium occurrences in the Thekulthili Lake Area, Northwest Territories, Canada, and the following conclusions are obtained: (1) Uranium mineralizations found in Kult 51 and 82 claims are governed by the foliation associated with mylonitization. Pitchblende veins in Kult 59 claim appear to be the secondary fault system subordinated to the major fault system. (2) Significance of mylonitization to the uranium mineralization is noteworthy; pitchblende deposition is probably restricted to the area where rocks of weakly or moderately mylonitized nature are distributed. (3) Alteration halo is recognized around uranium occurrences in Kult 82. Most prominent and diagnostic phenomenon of the halo is that the Mg content in chlorite tends to increase from the unmineralized zone to the mineralized zone. The halo becomes wider in an asending order: footwall, hanging wall and strike, extending more than 200 m. The alteration halo can be the factor leading to discovery of blind deposits. (4) Combination of K-Ar dates and closure temperature of Ar in hornblende and biotite, together with Pb-Pb dates of pitchblende, leads to a hypothetical temperature-time relationship in Kult 59, and the temperature, 480-500 C, of pitchblende deposition is obtained. Thus the initial uranium mineralization in the area must be due to hydro-thermal process in the stage of retrogressive metamorphism of the Hudsonian orogeny.",English,49 Pages,1983/01,no keyword,,,ar_mapping,6,ar,Mineralogy and Petrology of Uranium Occurrences in the Thekulthili Lake Area Northwest Territories Canada -The 1983 Report-,https://jopss.jaea.go.jp/search/servlet/search?4009127,https://jopss.jaea.go.jp/pdfdata/PNC-TN441-84-05.pdf
4031326,PNC TN941 82-268,"ナトリウムエアロゾル発生速度 : 窯素雰囲気ガス中の酸素,水分不純物の影響",Aerosol release rate from sodium pool into nitrogen gas; Effects of oxygen and water impurities in Nitrogen gas,姫野 嘉昭; 金沢 光雄*; 高須 宏雄*; 井口 達郎*,"Himeno, Yoshiaki; not registered; not registered; Iguchi, Tatsuro*","「もんじゅ」では一次冷却系の各機器,配管類からのNa微小漏洩の早期検主を目的に,漏洩検出系の開発が進められている。そこでは検出系の検出遅延時間および検出下限の評価のため,現在各方面で進められているR&Dのデータとともにエアロゾル発生速度データ が必要とされている。本試験では「もんじゅ」の格納容器内窒素零囲気を模擬した下記の試験条件でこのエアロゾル発生速度 を測定した。Na温度‥200 550 、H/2中のH/2O濃度‥0.04% 1.0%、H12中のO/2濃度‥0.1.5,3.0%、Na表面積‥20と80cm 2、測定で得た結果によると, はO/2,濃度には敏感であるがH/2O濃度による変化は少く,Arカバーガス中へのNa蒸発率 eと類似なNa温度依存性を示すことが明らかにされた。","Sodium leak detection system is now under development for quick detection of a small leak from Monju primary systems. In this development, aerosol release rate from leaked sodium is requied to evaluate the delay time for the detection as well as to determine the lower limit of the detectable aerosol concentration. To meet that requirement, the test under the following conditions was made. This was to determine the aerosol release rate from sodium into innert nitrogen enviroment under the primary cell simulated conditions. [sodium temperature : 200 to 550 C] [H O content in N : 0.04 to 1.0%] [O content in N : 0, 1.5, and 3.0%] [surface area of sodium : 20 and 80 cm ] The test results revealed that the aerosol release rate is sensitive to the oxygen concentration, but not to the water concentration, and has the same temperature coefficient as the sodium evaporation rate into argon gas.",Japanese,14 Pages,1982/12,no keyword,,,ar_mapping,6,ar,"12中のO/2濃度‥0.1.5,3.0%、Na表面積‥20と80cm 2、測定で得た結果によると, はO/2,濃度には敏感であるがH/2O濃度による変化は少く,Arカバーガス中へのNa蒸発率 eと類似なNa温度依存性を示すことが明らかにされた。",https://jopss.jaea.go.jp/search/servlet/search?4031326,https://jopss.jaea.go.jp/pdfdata/PNC-TN941-82-268.pdf
4031126,PNC TN932 82-08,高速実験炉「常陽」プラント管理月報1982年8月分,None,動力炉・核燃料開発事業団,Power Reactor and Nuclear Fuel Development Corporation,常陽の経過、「常陽」は、照射用炉心構成作業および第3回定期検査のため、先月に引続き原子炉を停止している。1次冷却系は先月に引続きドレン状態であり、主配管は常温状態から18日に予熱を開始した。1次系ナトリウム充填は9月1日の予定である。2次冷却系コールドトラップのみナトリウム充填状態、その他の系統は全てドレン状態で維持したが、29日予熱を開始した。31日にナトリウム充填を実施した。2次系主循環ポンプの運転は9月1日の予定である。今月の照射用炉心構成作業は、先月29日機材搬入から開始したACT-10、上部案内管交換作業が、3日 7日にRR-1、9日 16日にRR-2、17日 23日にSR-4の交換作業を終了した。24日から27日に機材搬出、28日 29日に炉上部ピット蓋の取外し及び搬出を行った。第3回定期検査による今月の主な作業は次の通りである。(1)遮コン系窒素ガスブロワ、ペデスタルブロワ点検(6月28日 8月10日)完了(2)2次系格納容器貫通部冷却系点検(7月12日 24日、8月17日 20日)完了(3)1次系オーバーフロー電磁ポンプ点検(8月2日 13日)完了(4)格納容器エアロック点検(8月18日 継続中)(5)燃料取扱設備点検(7月20日 継続中)今月の局立会検査は下記の通りである。(1)8月日、・A-111 1次ARガス系設備安全弁の作動検査・B-314 配管支持装置外観検査・B-316 配管(1次主冷却系)外観検査(2)8月24日(記録確認)・B-703 原子炉格納容器計器校正検査・B-706 格納容器雰囲気調整系計器校正検査・B-707 遮コン系窒素ガスブロワ分解検査・B-708 遮コン系窒素ガスブロワ分解検査・B-709 遮コン系ペデスタルブロワ作動検査・B-710 遮コン系ペデスタルブロワ作動検査(3)8月27日・B-309 2次主循環ポンプ、電動機、外観検査、絶縁抵抗測定,no abstracts in English,Japanese,39 Pages,1982/08,no keyword,,,ar_mapping,6,ar,4)格納容器エアロック点検(8月18日 継続中)(5)燃料取扱設備点検(7月20日 継続中)今月の局立会検査は下記の通りである。(1)8月日、・A-111 1次ARガス系設備安全弁の作動検査・B-314 配管支持装置外観検査・B-316 配管(1次主冷却系)外観検査(2)8月24日(記録確認)・B-703 原子炉格納容器計器校正検査・B-706 格納容器雰囲気調整系計器校正検査・B-707 遮コン系窒,https://jopss.jaea.go.jp/search/servlet/search?4031126,https://jopss.jaea.go.jp/pdfdata/PNC-TN932-82-08.pdf
3019748,JAERI-M 82-065,Development of TiC and TiN Coated Molybdenum Limiter System and Initial Results of the Thermal Testing in Neutral Beam Heated JFT-2 Tokamak,TiCおよびTiNコーティングモリブデンリミタ系の開発と、中性粒子入射加熱JFT-2トカマクでの熱的試験初期結果,中村 博雄; 仙石 盛夫; 前野 勝樹; 山本 新; 関 昌弘; 椛澤 稔,"Nakamura, H.; Sengoku, Seio; not registered; not registered; Seki, Masahiro; Kazawa, Minoru",TiCおよびTiNコーティングされたモリブデンリミタ用のリミタ駆動機構系と、中性劉氏入射加熱されたJFT-2トカマクでの、TiC/Moリミタの熱負荷試験の初期結果について述べた。JT-60では、壁材不純物制御の一つとして、TiC/Mo第一壁の開発が行われており、種々の評価試験が行われている。JT-60実機への適用に先立ち、TiC/Moリミタのプラズマへの影響を調べる為と、トカマクプラズマ照射下でのTiCコーティングの付着特性を調べる為に、実機模擬のリミタ実験がJFT-2トカマクにおいて行なわれた。プラズマコンディショニングの後、再現性の有るプラズマが得られた。赤外線カメラによりリミタ温度が測定され、最高熱負荷は、1.5~6.5kw/cm 25msecであった。この条件下で、リミタ面には、アーク痕跡が見られたが、マイクロクラック、はがれや蒸発は見られなかった。今後、より高熱負荷の、より長パルスの実験が計画されている。,no abstracts in English,English,24 Pages,1982/06,チタンカーバイト ; チタンナイトライド ; 低原子番号材 ; コーティング ; 第一壁 ; 不純物対策 ; 高熱負荷 ; リミタ実験 ; JFT-2トカマク ; 中性粒子入射加熱,,https://doi.org/10.11484/jaeri-m-82-065,computer_vision,6,"カメラ, 赤外線",ィングの付着特性を調べる為に、実機模擬のリミタ実験がJFT-2トカマクにおいて行なわれた。プラズマコンディショニングの後、再現性の有るプラズマが得られた。赤外線カメラによりリミタ温度が測定され、最高熱負荷は、1.5~6.5kw/cm 25msecであった。この条件下で、リミタ面には、アーク痕跡が見られたが、マイクロクラック、はがれや蒸発は見られなかった。今後、より高熱負荷の、より長パルスの実験が計画され,https://jopss.jaea.go.jp/search/servlet/search?3019748,https://jopss.jaea.go.jp/pdfdata/JAERI-M-82-065.pdf
4031121,PNC TN932 82-03,高速実験炉「常陽」プラント管理月報1982年3月分,None,動力炉・核燃料開発事業団,Power Reactor and Nuclear Fuel Development Corporation,常陽の経過、常陽は照射用炉心構成作業および第3回定期検査のため先月に引続き冷却系は1次系、2次系ともドレン状態で、1次系はN2プロワにより200 に維持された。2次系は予熱ヒータ断により常温で保持された。ただし、充填ドレン系、純化系については予熱状態で維持された。6日に炉心器NAレベルGL-8600MMからGL-7.600MMまで充填した後、1次系補助系による除熱運転を開始し、そのまま継続された。照射用炉心構成作業は先月に引続きACT-5、制御棒下部案内管(CR-2)の交換作業が継続され6日に完了した。7日にACT-4、燃料交換(1-4)を実施し、またアドレス確認試験は7日の燃料交換(1-4)作業の合間と8日に行われた。燃取設備自主点検は2月13日より点検に入り3月17日に完了、ACT-6、燃料交換作業(2)が18日から開始され順調に進んでいる。ACT-19、使用済炉心構成要素プール間移行作業が2日から17日の期間に行われた。第3回定期検査による今月の作業は1次ポンプ(B)本体の引抜、搬出(1日 17日)引続きメンテナンス建家にてサーベイランス取材出し、対流防止板取付、分解、洗浄が継続されている。先月に引続き2次主送風機インレットベーン改造工事、1次純化系自動PL計の一部改造工事が継続中でる。また、2次系D/T内サーベランス材取出作業が9日に、1次系メカスナ交換工事が8日に、床上冷凍機設置工事が25日にそれぞれ完了した。圧空C/P点検(7日 9日)、ARガスC/P分解点検(10日 16日)、圧空系タンク点検(17日 18日)、2次主ポンプモータ補修(15日 20日)、無停電電源設備点検(8日 20日)、原子炉保護系点検(23日 26日)等の点検が実施された。また格納容器局部漏洩率B試験は18日に、C種試験は24日にそれぞれ完了した。,no abstracts in English,Japanese,38 Pages,1982/03,no keyword,,,ar_mapping,6,ar,また、2次系D/T内サーベランス材取出作業が9日に、1次系メカスナ交換工事が8日に、床上冷凍機設置工事が25日にそれぞれ完了した。圧空C/P点検(7日 9日)、ARガスC/P分解点検(10日 16日)、圧空系タンク点検(17日 18日)、2次主ポンプモータ補修(15日 20日)、無停電電源設備点検(8日 20日)、原子炉保護系点検(23日 26日)等の点検が実施された。また格納容器局部漏洩率B試験は1,https://jopss.jaea.go.jp/search/servlet/search?4031121,https://jopss.jaea.go.jp/pdfdata/PNC-TN932-82-03.pdf
3019692,JAERI-M 82-009,Burgのアルゴリズムに基づくARモデルの同定とその原子炉異常診断への応用,Identification of AR Model Based on Burg Algorithm and Its Application to Diagnosis of Nuclear Reactor,林 光二; 尾熊 律雄,not registered; not registered,本研究はBurgのアルゴリズム(最大エントロピー法)に基づくARモデルとその原子炉雑音解析への応用に関するものである。シミュレーション・データを用いて、一般に良く用いられるYule-Walker法と比較しながら、本手法の評価を行なった。この評価には、モデルの次数、サンプル数、初期位相等の影響が考慮された。この結果、短いデータの解析にみられる推定されたスペクトルピークのずれの現象は、データの分散が正しく推定できない場合に起ることが示された。この手法を高出力炉の中性子雑音データに適用した。長いデータを一定長の短いデータに分割し、それぞれに対しスペクトル解析を行なった。この結果、スペクトルのピークの位置が時間依存の変動をする場合、これを検出できるという事が示された。,no abstracts in English,Japanese,43 Pages,1982/03,Burg Algorithm ; Autoregressive Model ; Maximum Entropy Method ; Reactor Noise Analysis ; Diagnosis of Nuclear Reactor ; Spectral Analysis,,https://doi.org/10.11484/jaeri-m-82-009,ar_mapping,6,ar,Burgのアルゴリズムに基づくARモデルの同定とその原子炉異常診断への応用,https://jopss.jaea.go.jp/search/servlet/search?3019692,https://jopss.jaea.go.jp/pdfdata/JAERI-M-82-009.pdf
3019609,JAERI-M 9761,統計的解析手法に基づく原子炉システムの動特性解析および異常診断用コード:STAR,Computer Code 「STAR: Statistical Analysis of Random Data」 for Dynamics Analysis and Diagnosis of Nuclear Reactor Systems,林 光二; 尾熊 律雄; 渡辺 光一,not registered; not registered; not registered,多変数システムの動特性解析およひ診断解析のために、ハイブリッド計算機用の計算コードSTAR(Statistical Analysis of Random Data)を作成した。運転中のシステムで得られた多量の時系列データの取り扱いを容易にするために、ハイブリッド計算機の持つ種々の機能を広範に用いている。本計算コードは、データの取り込み、前処理、磁気テープやディスク・システムを使ったデータ管理、時間および周波数領域におけるシステムの動特性解析、得られた結果のグラフィック・ディスプレイ上での表示など種々のルーチンを含んでいる。システムの動特性解析は、時系列データのBlackman-Tukey法によるスペクトル解析あるいはAR(自己回帰)モデリングに基づいて実行される。本報告は、本コードに用いられている種々のデータ処理方法や解析手法、およびその使用法を幾つかの適用例とともに記述したものである。,no abstracts in English,Japanese,79 Pages,1981/10,Dynamics Analysis ; Diagnostic Analysis ; Hybrid Computer ; Spectral Analysis ; Autoregressive Modeling,,https://doi.org/10.11484/jaeri-m-9761,ar_mapping,6,ar,統計的解析手法に基づく原子炉システムの動特性解析および異常診断用コード:STAR,https://jopss.jaea.go.jp/search/servlet/search?3019609,https://jopss.jaea.go.jp/pdfdata/JAERI-M-9761.pdf
3019607,JAERI-M 9757,アクチノイド核種を用いた核分裂計数管の製作と特性,Preparation and Characteristics of Fission Chambers with Actinide Nuclides,大部 誠,not registered,高速炉臨界集合体FCAの一連の体系中で Np、 Pu、 Pu、 Pu、 Am、 Am、 Cmおよび Uの中心核分裂率を測定するため、平行板電極型の核分裂計数管を製作した。計数管は薄いステンレス鋼の本体、円板集電極および0.2mm厚さの白金板を用いた電着ソースからなっている。封入ガスは、Ar 97%とN 3%の混合ガス1気圧である。核種の電着質量は、各核種の 線比放射能の強さにより調整した。FCAにおける実験において、全ての計数管で 線パイルアップの少い良好な特性が得られた。各計数管について、 線分析による核種質量の定量、核分裂性不純物の補正、計数管の感度を検討した。実験により、アクチノイド核分裂率が+-2~+-5%の誤差内で測定できることが明らかになった。以上の結果は、本計数管がアクチノイド核種の核断面積の実験的評価に有効に使用でさることを示している。,no abstracts in English,Japanese,18 Pages,1981/10,Actinide Fission Chamber ; Preparation ; Characteristics ; Eight Actinide Nuclide ; Actinide Fission Rate ; FCA Assembly ; Electrodeposited Source ; -Assay ; Measured Error ; Estimation,,https://doi.org/10.11484/jaeri-m-9757,ar_mapping,6,ar,Preparation and Characteristics of Fission Chambers with Actinide Nuclides,https://jopss.jaea.go.jp/search/servlet/search?3019607,https://jopss.jaea.go.jp/pdfdata/JAERI-M-9757.pdf
3019542,JAERI-M 9576,自己回帰モデリングによるフィードバック効果を伴なうシステムのコヒーレンス解析の新しい方法,A New Method for Coherence Analysis of Systems with Feedback Effect Based on Autoregressive Modeling,尾熊 律雄,not registered,本報告書はフィードバック効果を持つシステムに対してコヒーレンス解析を実行するための新しい手法に関するもので、コヒーレンス関数とAR法によって得られるノイズ寄与率関数の比較評価を通じてコヒーレンス関数上でフィードバック特性の解析が可能となることを示している。ハイブリッド計算機によるシミュレーション実験およびJPDR-IIノイズ実験データの解析を通じてここで提案した手法の有効性が示された。さらに、本手法を出力炉炉雑音解析に適用することにより炉雑音の発生と伝播のメカニズムの解明に対して有益な情報が得られるものと思われる。,no abstracts in English,Japanese,32 Pages,1981/07,コヒーレンス解析 ; 炉雑音解析 ; フィードバック効果 ; 自己回帰モデリング ; ノイズ寄与率 ; JPDR-II,,https://doi.org/10.11484/jaeri-m-9576,ar_mapping,6,ar,本報告書はフィードバック効果を持つシステムに対してコヒーレンス解析を実行するための新しい手法に関するもので、コヒーレンス関数とAR法によって得られるノイズ寄与率関数の比較評価を通じてコヒーレンス関数上でフィードバック特性の解析が可能となることを示している。ハイブリッド計算機によるシミュレーション実験およびJPDR-IIノイズ実験データの解析を通じてここで提案した手法の,https://jopss.jaea.go.jp/search/servlet/search?3019542,https://jopss.jaea.go.jp/pdfdata/JAERI-M-9576.pdf
4008345,PNC TN241 81-11VOL4,Summary of In-Pile Loop Experiments Related to the Development of the Fuel Failure Detection Systems for LMFBR in Japan,None,*,not registered,"A summary of the works on the development of the fuel failure detection systems for IMFBRs using two sodium in-pile loops (SIL and FPL) and one cover gas loop (CGMTF) will be reported. The SIL, a sodium in-pile loop located at Japan Research Reactor-2 (JRR-2) in Tokai Research Establishment, Japan Atomic Energy Research Institute, contained 8.5 liter sodium in which metallic uranium plates or UO pellets had been irradiated by a thermal neutron flux of 5 10 n/cm s at the reactor full power of 10MW. The calculated fission rates from the former and the latter fissile materials were 3.5 10 and 2.0 10 fissions/s, respectively. The cover gas was helium. A delayed neutron monitor, a moving-wire precipitator and a cover gas reservoir-Ge(Li) gammaray spectrometer had been tested. THe FPL(Fission Product Loop), a sodium in-pile loop located at Toshiba Training Reactor (TTR) in Nuclear Engineering Laboratory, Toshiba Corporation, has 4.8kg sodium with natural UO balls of 150g expose to a thermal neutron flux of 1 10 n/cm s at 100kW reactor power. The fission rate is calculated as 1.4 10 fissicns/s. Argon is used as te cover gas in the expansion tank. Two delayed neutron monitors, newly-developed precipitators of a proportional counter type and a Ge(Li) gamma-ray spectrometer were used to obtain their performance as a function of the sodium flow rate and temperature as well as the reactor power. The CGMTF, a cover gas monitor test facility located at Japan research Reactor-3 (JRR-3) in Tokai Research Establishment, JAERI, was built to test various types of cover gas monitors using the reactor helium cover gas which included gaseous fission products of about 0.01 Ci /cm for each of the nuclides and Ar. A cover gas reservoir-Ge(Li) on-line gamma-ray spectrometer system, a moving-wire precipitator, a proportional counter type precipitator, a room temperature charcoal ...",,English,13 Pages,1981/06,no keyword,,,ar_mapping,6,ar,Summary of In-Pile Loop Experiments Related to the Development of the Fuel Failure Detection Systems for LMFBR in Japan,https://jopss.jaea.go.jp/search/servlet/search?4008345,https://jopss.jaea.go.jp/pdfdata/PNC-TN241-81-11VOL4.pdf
4030703,PNC TN932 81-03,高速実験炉「常陽」プラント管理月報1981年3月分,None,動力炉核燃料開発事業団*,not registered,常陽の経過、第2回定期点検作業も終結に近すぎ、予熱N2ガスブロアA号機の点検が11日で完了、AR廃ガス流量計取付工事が1日から開始して14日に完了した。圧縮空気コンプレッサ、除湿塔の点検が12日に開始し20日に終了した。2.3日に警報装置、スクラム、アイソレーション、調整棒一斉挿入の条件確認を行い、9.10日に局立会の確認検査を受けた。3日に電源喪失の自主検査を行えない、5日に局立会検査を受けた。3日ぶ格納容器の機器搬出出入口を閉鎖し、4日に格納容器床下のN2置換を行った。5日から原子炉起動前点検を開始して11日に終了した。12日に原子炉の運転を開始し臨界点の確認と制御棒較正を行い終了後に通常停止操作で停止した。13日に運転操作を再開し臨界点の確認と制御棒の較正後に調整棒一斉挿入で停止し、原子炉運転モードSWを起動モードから停止モードに切換えた。16日に1次冷却系統の圧損測定と流速計較正を行った。17日に原子炉の運転操作を開始し臨界点の確認を制御棒較正の局立会検査を受けた後に出力2MW保持を継続した。18日に出力2MW運転により系統温度を370 に上昇した状態でのスクラム時間測定を実施した。その後は50MW保持を継続した。19日に50MWから5MWステップで75MWまでの出力上昇係数測定と過渡応答試験、試験、および75MWから5MWステップで75MWまでの出力係数測定を行ない、その後は50MWまでの出力係数測定を行った後に50MW保持を保ち安定した所で炉雑音測定を実施した。20.23日に出力50MW時の主冷却系風量制御設備性能(M系列)試験を実施した。23日のM系列試験終了後に出力50MWから75MWに上昇し出力係数測定を行い、その後は定格出力70MW連続運転を継続した。,None,Japanese,33 Pages,1981/04,no keyword,,,ar_mapping,6,ar,常陽の経過、第2回定期点検作業も終結に近すぎ、予熱N2ガスブロアA号機の点検が11日で完了、AR廃ガス流量計取付工事が1日から開始して14日に完了した。圧縮空気コンプレッサ、除湿塔の点検が12日に開始し20日に終了した。2.3日に警報装置、スクラム、アイソレーション、調整棒一斉挿入の条件確認を行い、9.10日に局立会の確認検査を受けた,https://jopss.jaea.go.jp/search/servlet/search?4030703,https://jopss.jaea.go.jp/pdfdata/PNC-TN932-81-03.pdf
4030998,PNC TN941 81-73,"ナトリウム技術実用物性値表; Na,Ar,304SS,2 1/4Cr-1MO鋼","Physical properties for sodium technology; Na, Ar, He, 304SS, 316SS, 2.25Cr-Mo",高須 宏雄*; 磯崎 三喜男*; 姫野 嘉昭; 井口 達郎*,"not registered; not registered; Himeno, Yoshiaki; Iguchi, Tatsuro*","FBRの試験研究において,試験装置の設計および実験データの解析のため種々の物性値を頻繁に使用する。本報告は比較的使用頻度の高い物性値を図表にまとめ,利用の便利さを計ることを目的とし作成した。本報告の内容は,ナトリウム,アルゴン,ヘリウム,304ステンレス鋼,36ステンレス鋼,および21/4Cr―1Mo鋼の物性値を最高温度800 までの範囲にわたって示したもので,PNC報告書「ナトリウム物性値の実用計算式」N94175-19の内容を増補改訂したものである。","In R&D of FBR, various kinds of physical properties are used for designing of test loop and analysis of test data. In this report, tables and figures, which are frequently used, are presented for convenience of their easy reference. Physical properties of sodium, argon, helium, 304 stainless steel, 316 stainless steel, and 2.25Cr-1Mo steels are listed up to 800 C. The report is a supplement and revise edition of PNC-report, No. N941 75-19, ""Practical use method of Thermophysical properties of Sodium"", Published in 1975.",Japanese,270 Pages,1981/04,no keyword,,,ar_mapping,6,ar,"ナトリウム技術実用物性値表; Na,Ar,304SS,2 1/4Cr-1MO鋼",https://jopss.jaea.go.jp/search/servlet/search?4030998,https://jopss.jaea.go.jp/pdfdata/PNC-TN941-81-73.pdf
3019458,JAERI-M 9320,大強度パルス電子線による気体電離過程の数値解析; 計算プログラムの作成とArへの適用,Numerical Analysis of Gas Ionization by an Intense Pulsed Electron Beam; Program and Application to Ar,新井 英彦,not registered,現在、各種の大強度パルス電子線が、プラズマの生成、気相放射線化学反応、気休レーザーの発振の研究に広く使われているが、数Torr以上の比較的高い圧力の気体中でのパルス電子線照射による電離過程の解明ははとんど為されてない。本研究では、パルス電子線により生じる誘導電場とプラズマ逆電流を考慮した自己無接着法によりパルス電子線照射による気体電離過程の数値解析可能なプログラムを作成し、Arに通用し、その妥当性と有用性を確かめた。このプログラムは任意のビーム電流特性のパルス電子線および任意の気体に適用可能で、電離過程での各素過程の寄与を明らかにすることができる。,no abstracts in English,Japanese,40 Pages,1981/02,Intense Pulsed ; Gas Ionization ; Numerical ; Simulation ; Argon,,https://doi.org/10.11484/jaeri-m-9320,ar_mapping,6,ar,大強度パルス電子線による気体電離過程の数値解析; 計算プログラムの作成とArへの適用,https://jopss.jaea.go.jp/search/servlet/search?3019458,https://jopss.jaea.go.jp/pdfdata/JAERI-M-9320.pdf
4030284,PNC TN932 80-12,高速実験炉「常陽」プラント管理月報1980年12月分,None,動力炉核燃料開発事業団*,not registered,運転経過、12月は第2回定期点検期間中につき、原子炉の運転は行われなかったが、先月に引続き、格納容器床下機器点検が16日まで行われた。今月のB、C種格納容器漏洩試験は24日で終了した。2次系は12日 13日にかけて予熱を開始し16日 17日に、NA充填を行った。17日には1次系も充填し、引続き、1次・2次系ポンプを起動し流量100%、NA温度250 の等温運転を行った。この後22日には、2次主ポンプモータブラシ等の管庁立会検査のため、2次主ポンプの停止、起動を行い、27日には、CRD調整作業本年度分終了に伴い、1次系流量を100%から20%に下げて運転を継続した。ARガス系は低圧状態で運転していたが、3日に圧力調整を行い、通常運転状態に復帰した。26日に36SC/Cの電源を停止して、各機器の電源設備定期点検が行われた。炉心構成要素移送作業は常陽プールと、照射燃料集合体試験室(FMF)のキャスクの取合を11日、16日、18日、25日に行わない使用済炉心構成要素1体をFMFに渡し、試験済炉心構成要素4体を受け取った。,None,Japanese,33 Pages,1981/01,no keyword,,,ar_mapping,6,ar,ラシ等の管庁立会検査のため、2次主ポンプの停止、起動を行い、27日には、CRD調整作業本年度分終了に伴い、1次系流量を100%から20%に下げて運転を継続した。ARガス系は低圧状態で運転していたが、3日に圧力調整を行い、通常運転状態に復帰した。26日に36SC/Cの電源を停止して、各機器の電源設備定期点検が行われた。炉心構成要素移送作業は常陽プールと、照射燃料集合体試験室(FMF)のキャスクの取合を1,https://jopss.jaea.go.jp/search/servlet/search?4030284,https://jopss.jaea.go.jp/pdfdata/PNC-TN932-80-12.pdf
3019331,JAERI-M 9034,"Kr線源ガスの精製,2; ジメチルエーテルの除去","Purification of Kr Radiation Source,II; Removal of Dimethyl Ether",山本 忠利; 大塚 徳勝,"Yamamoto, Tadatoshi; not registered",Kr線源ガス中のジメチルエーテルをCuOで化学的に除去固定する方式の Kr線源ガス精製装置を製作し、 Kr線源210Ciのガス精製を行った。ホット実験に先だち、本反応の最適条件を調べるため、Ar-ジメチルエーテル混合ガスを用いてCuOによるジメチルエーテルの分解に及ぼす諸因子(温度、ガス循環、CuO量、反応様式等)の影響について予備的検討を行なった。その結果、線源ガス中のジメチルエーテルは本精製反応により、38.3%から152ppmに低下し、精製済みの Kr線源は照射線源として再使用することができた。このことから、本法は線源ガス中に含まれている炭化水素(特に低沸点成分)の除去に有効であると考えられる。,no abstracts in English,Japanese,12 Pages,1980/08,Kr線源 ; ガス精製装置 ; ジメチルエーテル ; 酸化銅 ; 化学反応,,https://doi.org/10.11484/jaeri-m-9034,ar_mapping,6,ar,ルをCuOで化学的に除去固定する方式の Kr線源ガス精製装置を製作し、 Kr線源210Ciのガス精製を行った。ホット実験に先だち、本反応の最適条件を調べるため、Ar-ジメチルエーテル混合ガスを用いてCuOによるジメチルエーテルの分解に及ぼす諸因子(温度、ガス循環、CuO量、反応様式等)の影響について予備的検討を行なった。その結果、線源ガス中のジメチルエーテルは本精製反応により、38.3%から152pp,https://jopss.jaea.go.jp/search/servlet/search?3019331,https://jopss.jaea.go.jp/pdfdata/JAERI-M-9034.pdf
4030605,PNC TN960 80-01,FFTF冷却系機能試験報告 : FFTF派遣報告(その2),None,谷山 洋*,not registered,"FFTF(FastFluxTestFacility)のAcceptanceTestsはphasel 5から構成される。すなわちphase1.PreoperationalTests phase2.SystemStartupTests phase3.HotFunctionalTests phase4.NuclearStartupTests phase5.PowerAscensionTestsであり,その内ここではphase3.HotFunctionalTestsの主として冷却系の試験について報告する。FFTFは1977年9月をもって,建設担当のBechtelCorp.から正式にHEDL(HanfordEngneeringDevelopmentLabolatoryの咯でWestinghouseHanfordCompanyがDOEの委託を受けている)に引渡され,試験運転が遂行されている。一般的にNa冷却型高速炉を稼動状態へもっていく典型的なシーセンスとして,建設完了 Na冷却系の真空引,Ar置換 Na機器,配管の予熱 冷却材Naの受入,充填 ポンプの起動,系統Na純化 Na系統昇温 燃料装荷(臨界) 出力上昇等の手順を採る。FFTFにおいても全く同等のTestprogramが設定され,遂行された。以下にこのシーケンスに従って,7つのテーマを掲げ,各々について,FFTFで行われた手法とその結果を報告する。",None,Japanese,219 Pages,1980/02,no keyword,,,ar_mapping,6,ar,")のAcceptanceTestsはphasel 5から構成される。すなわちphase1.PreoperationalTests phase2.SystemStartupTests phase3.HotFunctionalTests phase4.NuclearStartupTests phase5.PowerAscensionTestsであり,その内ここではphase3.HotFunctionalT",https://jopss.jaea.go.jp/search/servlet/search?4030605,https://jopss.jaea.go.jp/pdfdata/PNC-TN960-80-01.pdf
4030078,PNC TN941 79-161,高速実験炉「常陽」性能試験報告書 : PT-53 廃ガス濃度測定試験,"""JOYO"" Start-up test report; Measurement of radioactive waste gas",中島 裕治*; 根本 典雄*; 遠藤 清*; 引地 貴義*; 安 哲則*; 広瀬 正史*; 今泉 英之*,"not registered; not registered; not registered; not registered; not registered; Hirose, Tadashi*; not registered","出力上昇試験期間中に,アルゴンおよび窒素廃ガス処理系の廃ガスを捕集容器にサンプリングして,廃ガスに含まれる放射性ガスの核種分析・濃度測定を,多重波高分析装置(MCA)振動容量電位計(VRE)で行った。▲MCAで得られた 線スペクトルでは,アルゴン41(T/1/2=183hr,E/ =1.29MeV,E/ =1.20MeV)のみが確認され,VREによる減衰特性の結果では,アルゴン41の他に長半減期核種の存在も確認された。長半減期核種については,試料の分析(凝縮法+液シン)により水素3(T/1/2=12.26y,E/ =0.018MeV)が一部混入していることが判明し,さらには諸々の条件により炭素14(T/1/2=5730y,E/ =0.156MeV)が推定された。▲以上の核種分析の結果に基づいて廃ガス試料の濃度を評価したが,原子炉出力との相関は不明確であった。全体の傾向としては,長半減期核種の濃度( Ci/cm 3)が,出力上昇試験期間中に10 -5から10 -5オーダーに1桁程度増加し,アルゴンおよび窒素系から,各々水素3,アルゴン41が支配的に廃ガス処理系へ到達していることが認められた。▲本試験では,核種の同定が不完全で廃ガスデータについての十分な解析結果が得られていないが,今後は実績をふまえて,プラント状態に合致させたサンプリング,連続測定の方法の検討,水素3,炭素14の定性・定量分析の可能な測定方法の導入,および廃ガス発生源の放射性ガスの核種・濃度・発生量などに関する試験の充実により総合的な解析・評価を進める。▲尚,試験期間中の廃ガスの濃度・放出率は,管理基準値を十分に満足していた。▲","A radionuclide-analysis and a determination of activity of the waste argon and nitrogen gas were carried out during the power ascension test. The sampling of the gas was carried out by means of stainless steel vaccum vessels or vinyl bags and gamma activities were analyzed with a multi channel pulse height analyzer (MCA) and a vibrating reed electrometer (VRE). Ar was observed as the major part of gamma activity. In addition to Ar, some long-lived radionuclides were observed in the decay measurement with VRE. Concerning long-lived radionuclides, it was confirmed that some amounts of H existed as a part of activity and some amounts of C were considered to be in the waste gas by judging several charactiristic informations of the gas. The concentration of radionuclides in the waste gas were also evaluated. No relationship between the concentrations and a reactor power were found. Above results, however, indicated such general tendency that the concentration of this long-lived radionuclides released from the argon and nitrogen waste gas are H and Ar. The values of concentrations of the radionuclides and release rates of the waste gas were well below the control criteria in this test period.",Japanese,50 Pages,1979/10,no keyword,,,ar_mapping,6,ar,"""JOYO"" Start-up test report; Measurement of radioactive waste gas",https://jopss.jaea.go.jp/search/servlet/search?4030078,https://jopss.jaea.go.jp/pdfdata/PNC-TN941-79-161.pdf
4030168,PNC TN941 79-58,タグガスの濃縮と分析(第1報); タグガス濃縮装置の試作と深冷吸着試験,Enrichment and measurement of tag gas (No.1); Fabrication of enrichment system and cryogenic adsorption test,秋山 孝夫*; 小林 孝良*; 時田 光彦*; 高荷 智*,not registered; not registered; not registered; not registered,"タギング法による破損燃料位置検出システム開発の一環として,カバーガス中の微量Kr,Xeを濃縮捕集する方法および濃縮ガス中のKr,Xeの同位体比を測定する方法を確立することを目的とする。このため自動式タグガス濃縮装置を試作し,Ar中のKr,Xeの濃縮捕集試験ならびに向位体比測定法についての試験を行なった。主な結果は次の通りである。基礎試験装置を約10倍スケールアップした全金属製の自動式深冷吸着波縮装置を試作し,その機能・性能共に満足しうることをたしかめた。フィードガス中に濃度0.1ppb含むKr,Xeを本深冷吸着法により,各々9800倍,34,500倍に濃縮できることを確認した。さらに濃縮率を高めるためには,フィードガス量を増加することによって,何倍にも濃縮できる見通しを得た。市販Arガス中のKr,Xeを本波縮装置により波縮捕集し,これを質量分析計で測定した結果,Kr,Xe濃度は各々0.2 1.3 10 -1ppb,6 10 -3ppb程度であることがわかった。質量分析計によるKr,Xeの同位体比測定条件を定めた。本機の測定精度は同位体濃度1ppmのとき,2.5%であった。","The purpose of this study is to establish the method for enrichment of trace tagging gas in cover gas and the method for measuring isotopic ratios of tagging gas in resultant emriched gas in the program of developing the gas tagging method for failed fuel detection and location system in PNC. Based on above purpose, a full automatic tagging gas enrichment system which consists of a control unit and a cryogenic adsorption unit with activated charcoal bed was fabricated, and examinations were conducted to confirm automatic function of this system, enrichment conditions of krypton and xenon having natural isotopic compositions, and optimum measuring conditions of tbeir isotopic ratios by the magnet-type mass spectrometric technique. The results are as follows. (1)It was confirmed that this enrichment system which was scaled up to about ten times of basic test system was satisfactory in its automatic function and performance. (2)By this cryogenic adsorption method, it was found that Kr and Xe contained at the concentration rate of 0.1 ppb in feed gas could be enriched to 9800 and 34500 times, respectively. (3)It was found that the contents of Kr and Xe in commercial Ar gas were 0.2 1.3 10 ppb and 6 10 ppb, respectively. (4)To measure the isotopic ratios of Kr and Xe, on optimum condition of mass spectrometer was established. It was found that the precision was 2.5 % at isotopic content of 1 ppm.",Japanese,96 Pages,1979/06,no keyword,,,ar_mapping,6,ar,"ガス中の微量Kr,Xeを濃縮捕集する方法および濃縮ガス中のKr,Xeの同位体比を測定する方法を確立することを目的とする。このため自動式タグガス濃縮装置を試作し,Ar中のKr,Xeの濃縮捕集試験ならびに向位体比測定法についての試験を行なった。主な結果は次の通りである。基礎試験装置を約10倍スケールアップした全金属製の自動式深冷吸着波縮装置を試作し,その機能・性能共に満足しうることをたしかめた。フィードガ",https://jopss.jaea.go.jp/search/servlet/search?4030168,https://jopss.jaea.go.jp/pdfdata/PNC-TN941-79-58.pdf
4029746,PNC TN932 79-01,高速実験炉「常陽」プラント管理月報1979年1月分,None,動力炉・核燃料開発事業団,Power Reactor and Nuclear Fuel Development Corporation,運転経過、50MW第2サイクルは、1月12日に開始した。本サイクルの停止予定は、2月26日である。1月8日 11日に運転前確認を行い、12日に起動した。12日は、新調整棒1の制御棒較正を実施したのち、昇温・出力上昇し、10MWを保持した。13日は、主送風機を起動したのち、出力上昇し、16時20分50MWに到達した。以後順調に50MW定格運転を継続している。22日には、熱出力較正を実施た。前月に引続き、自主点検を実施し、その主なものは、燃料取扱設備、SMAC強震計、メンテナンス設備盤、動力盤および照射設備である。施設設備は、使用済燃料貯蔵施設について、以下の通りである。燃料貯蔵取扱設備は、新燃料収納管およびARガス防錆設備の基礎配管工事を実施した。放射線管理設備は、調整試験を1月11日に終了した。水冷却池水張は、1月4日に給水を再開し、27日に完了した。水冷却浄化設備は、水冷却池水張完了に伴ない、1月29日から系統フラッシング作業に入り、引続き機能試験を実施する予定である。その他施設整備として、風量制御特性検査装置は調整を完了し、水中カッタ設備(メンテナンス設備)据付およびろ過装置(補機冷却系)据付を開始した。,no abstracts in English,Japanese,27 Pages,1979/01,no keyword,,,ar_mapping,6,ar,SMAC強震計、メンテナンス設備盤、動力盤および照射設備である。施設設備は、使用済燃料貯蔵施設について、以下の通りである。燃料貯蔵取扱設備は、新燃料収納管およびARガス防錆設備の基礎配管工事を実施した。放射線管理設備は、調整試験を1月11日に終了した。水冷却池水張は、1月4日に給水を再開し、27日に完了した。水冷却浄化設備は、水冷却池水張完了に伴ない、1月29日から系統フラッシング作業に入り、引続き機,https://jopss.jaea.go.jp/search/servlet/search?4029746,https://jopss.jaea.go.jp/pdfdata/PNC-TN932-79-01.pdf
4029320,PNC TN932 77-07,高速実験炉「常陽」プラント管理月報1977年10月分,None,動力炉核燃料開発事業団*,not registered,1.1運転経過、全月(9月)末から開始されたボイド効果測定(NT-32)のための燃料取扱作業が10月1日に終了し、2日からボイド集合体による運転が行われた。測定は、炉中心、1F1、2F1 5F1各単チャンネルについてボイド燃料装荷、原子炉起動を繰り返して行われ、更に、中心と1F1を同時にボイド燃料にして行った。その後、ボイド燃料取扱系で取出し、ボイド形成部の弁を開いて再び炉内に移送した。この間、原子炉は等温系測定(NT-33)、炉周囲遮蔽性能測定(ST-21)、および空間線量率測定(ST-11)のために運転された。一次系NA温度は200 まで下げられた。13日から1次系NA温度250 で弁を開いたボイド効果測定特殊燃料集合体を炉内に再移送し、19日までフラッド状態の特殊燃料を炉心に装荷して測定が行われた。測定は工程の都合から、炉中心、2F1、4F1、5F1、6F1について行われ、1F1、3F1は省かれた。21日まで燃料交換等の後始末が行われ、ボイド効果測定が終了した。22日から出力分布測定(NT-42-2(2/2)のうちの炉内貯蔵ラック位置における測定が行われた。27日に照射箱の取出しを行った後、28日、29日にかけて臨界点再現性試験を行った。そのために1次系NA流量は20%、50%、100%に制御された。30日からは出力分布測定試験の後始末が行われており、原子炉は燃料交換モードに保持されている。以上の低出力特性試験の外に、先月より引続いて予熱窒素ガスブロワの分解点検が12日まで実施された。10日には補助系冷却能力確認試験が原子炉出力500KWで実施され、同じく10日から26日にかけて1次系および2次系のNAとARのサンプリングが行われ、分析に送られた。20日からは中央制御室のグラフィックパネルの改造工事が実施されている。,None,Japanese,32 Pages,1977/10,no keyword,,,ar_mapping,6,ar,ロワの分解点検が12日まで実施された。10日には補助系冷却能力確認試験が原子炉出力500KWで実施され、同じく10日から26日にかけて1次系および2次系のNAとARのサンプリングが行われ、分析に送られた。20日からは中央制御室のグラフィックパネルの改造工事が実施されている。,https://jopss.jaea.go.jp/search/servlet/search?4029320,https://jopss.jaea.go.jp/pdfdata/PNC-TN932-77-07.pdf
3018677,JAERI-M 7223,Study on Porosity of Nuclear Graphite by Activation Analysis and Mass-Spectrometry,放射化分析および質量分析法を用いた原子炉用黒鉛の多孔性に関する研究,衛藤 基邦; 佐々木 泰一; 大内 操; 田村 則,not registered; not registered; not registered; not registered,"原子炉用黒鉛の多孔度および空隙構造の測定に関して放射化分析および質量分析法を用いた新方法を試みた結果を報告した。すなわち、黒鉛の空隙中のアルゴン量を Ar(n,r) Arなる核反応を利用して定量するとともに気体質量分析によって空隙中気体に占めるアルゴン比率を測定し、両者を比較して空隙の体積を推算した。試料としては主としてSMI-24および7477PT黒鉛を用いた。アルゴン含量の多いSMI-24では本方法によって多孔度に関寸る知見が得られるが、後者ではアルゴン含量が少ないため、多孔度の計算に大きな誤差が伴うことが明らかになった。また、真空中熱処に伴う試料中のアルゴン減少を放射化分析により測定し、水銀ポロシメトリの結果をも参照することによって、理論密度と見掛密度から計算される空隙量(試料体積の約20%)の内、約55%、30%が各々開空孔、閉空孔に対応し残り約15%がここで用いたいずれの方法によっても捉えられない微細空隙であると推論した。",no abstracts in English,English,22 Pages,1977/08,Nuclear graphite ; Porosity ; Pore stucture ; Activation analysis ; Gas mass-spectrometry,,https://doi.org/10.11484/jaeri-m-7223,ar_mapping,6,ar,Study on Porosity of Nuclear Graphite by Activation Analysis and Mass-Spectrometry,https://jopss.jaea.go.jp/search/servlet/search?3018677,https://jopss.jaea.go.jp/pdfdata/JAERI-M-7223.pdf
4004090,PNC TJ222 77-04,微細隙間腐食試験(II)成果報告書,None,*,not registered,"Na冷却高速増殖炉の冷却系機器では構造ならびに製作上不可避な微細隙間が存在し,隙間腐食の発生が懸念されている。そこで前回の試験にひきつづき微細隙間腐食について定性的に検討するため,実機で予想される温度529 および酸素濃度10 20ppmのNa中およびカバーガス(Ar)中で,約3,000時間のポツト浸漬試験を実施した。その結果,「もんじゅ」中間熱交換器および蒸気発生器の管板部や管支持板部の微細隙間を模擬した環状隙間腐食試験片(SUS304鋼),および平板状隙間のは握を目的とした平板隙間腐食試験片(SUS304鋼および21/4Cr-1Mo鋼)のいずれにも隙間腐食は認められなかった。",no abstracts in English,Japanese,66 Pages,1977/03,no keyword,,,ar_mapping,6,ar,"いる。そこで前回の試験にひきつづき微細隙間腐食について定性的に検討するため,実機で予想される温度529 および酸素濃度10 20ppmのNa中およびカバーガス(Ar)中で,約3,000時間のポツト浸漬試験を実施した。その結果,「もんじゅ」中間熱交換器および蒸気発生器の管板部や管支持板部の微細隙間を模擬した環状隙間腐食試験片(SUS304鋼),および平板状隙間のは握を目的とした平板隙間腐食試験片(SUS",https://jopss.jaea.go.jp/search/servlet/search?4004090,https://jopss.jaea.go.jp/pdfdata/PNC-TJ222-77-04.pdf
3009739,JAERI-M 6943,JRR-2改修後の特性試験,Characterristic Measurements After the JRR-2 Modification,宮坂 靖彦; 船山 佳郎,not registered; not registered,JRR-2は1973年12月原子炉を停止し、改修工事を行なった。改修工事は運転上の問題点であった重水漏洩、下段プラグの腐食、制御棒の故障を重点に置き、(1)支持リング部での重水漏洩を止める立上りシール溶接、(2)炉心上部遮蔽体の交換(3)ヘリウム循環系の改善(4)改良型制御棒装置との交換(5)新型の燃料キャスクとの交換(6)放射性アルゴンガス( Ar)の放出量を低減するための被照射空気系の改善等を実施した。改修工事は1975年9月に終了し、引続き改修部分の機能試験、特性試験を行ない良好な結果を得た。本報告書は、これらの試験について纏めたものであるが、特性試験の一部は1970年に実施された第3次特性試験の結果と比較するために行なわれたものも含まれている。主な内容は、改修の概略、臨界実験、制御棒の校正、中性子束分布、出力校正、放出アルゴンの測定、遮蔽効果の測定などである。,no abstracts in English,Japanese,169 Pages,1977/03,原子炉 ; 改修 ; 特性測定 ; 臨界実験 ; 制御棒校正 ; 中性子束分布 ; 出力校正 ; Ar ; 遮蔽効果 ; 円筒燃料,,https://doi.org/10.11484/jaeri-m-6943,ar_mapping,6,ar,Characterristic Measurements After the JRR-2 Modification,https://jopss.jaea.go.jp/search/servlet/search?3009739,https://jopss.jaea.go.jp/pdfdata/JAERI-M-6943.pdf
4028801,PNC TN941 76-125,Sodium Vapor Deposition in Annular Within Enclosed Ar Cover Gas Space,None,"Himeno, Yoshiaki*; Takahashi, June*; Yamamoto, K.*; K.Mochi*","Himeno, Yoshiaki*; Takahashi, June*; Yamamoto, K.*; K.Mochi*",None,"In this paper, the results of a vapor deposition experiment with closely arranged annular walls are presented. A computer code was first made and sodium vapor deposition caused by argon gas natural convection vapor transfer from the pool surface to the annular were numerically calculated. The numerical results thus obtained were about 1/100 of the experimental vapor deposition rate. On the other hand, measurement of vapor concentration in argon cover gas space indicated that more than 99.5 % of the sodium dispersed into gas pace was in form of mist. so, it was infered that deposition process was controlled by mist plating on wall. Further investigation on behavior of mists in cover gas space is necessary for accurate evaluation of the vapor deposition.",English,30 Pages,1976/11,no keyword,,,ar_mapping,6,ar,Sodium Vapor Deposition in Annular Within Enclosed Ar Cover Gas Space,https://jopss.jaea.go.jp/search/servlet/search?4028801,https://jopss.jaea.go.jp/pdfdata/PNC-TN941-76-125.pdf
3009584,JAERI-M 6585,Ar イオン照射によるMo表面のブリスターの観察,Observation of Blister in Molybdenum Surface Ar ion Irradiated at Ambient Temperature,田中 三雄; 深井 勝麿; 白石 健介,"not registered; not registered; Shiraishi, K.",核融合炉第一壁のブリスタリングによる損耗のわりあいがを評価するための予備実験を行った。入射エネルギーが450KeVのAr ionを室温でMoに照射し表面に形成されるブリスターを走査型電子顕微鏡で観察し、ブリスタリングの照射量およびその後の焼鈍温度依存性を調べた。Mo表面のブリスターは5.1 10 ion/cm 以上照射すると観えはじめ、直径は1.8 mでガス気泡のつり合いの式から予測される値と良く一致した。照射をつづけると密度は一定で直径は増加した。直径(d m)と照射量( t)の関係はd=1.5log( t)-16で表わされた。ブリスタリングによる表面損耗率も同様に照射量の対数に比例して増加し、4 10 ions/cm まで照射試料では2.04atoms/cm にも達する。照射後焼鈍を行ってもブリスタリングの程度(照射表面をブリスターが占める割合)はほぼ一定であり、損耗率もほとんど変わらない。これらの結果は室温照射におけるブリスタリングの程度は照射初期のSr気泡の密度であることを示している。,no abstracts in English,Japanese,25 Pages,1976/06,ブリスター ; モリブデン ; 核融合炉第一壁 ; 損耗率 ; イオン照射 ; Ar イオン,,https://doi.org/10.11484/jaeri-m-6585,ar_mapping,6,ar,Ar イオン照射によるMo表面のブリスターの観察,https://jopss.jaea.go.jp/search/servlet/search?3009584,https://jopss.jaea.go.jp/pdfdata/JAERI-M-6585.pdf
4004330,PNC TN251 76-13,Development Work on The Noblegas Recovery (3),None,*,not registered,None,"Applicational tests with the pilot plant of flow rate 6.5nm3/h to separate and recover the noble gases containing Kr-85 by cryogenicdistillation were carried out. This plant was designed to install in the carrier-gas clean up system of the FBR. The purpose of this investigation is to obtain the data needed for the design, manufacturing, and operation of the real plant, and to confirm the reliability of the continuous operation for a long period. The results are summarized as follows. (1) Performance of the cryogenic distillation plant it was found that decontamination factor(d.f.) of the continuous distillation column was more than 107 under the condition that the inletgas(Kr,Xe and Ar) flow rate was 6.5nm3/h and reflux ratio was between 0.5 and 2. The removal efficiency has been constant for 3 months. The noble gases were concentrated about 2.6x103 times as compared with the concentration of the inlet gas. It was found that the noble gases whose initial concentration was 1.7 vol% were concentr",English,50 Pages,1976/04,no keyword,,,ar_mapping,6,ar,Applicational tests with the pilot plant of flow rate 6.5nm3/h to separate and recover the noble gases containing Kr-85 by cryogenicdistillation were carried out. This plant was designed to i,https://jopss.jaea.go.jp/search/servlet/search?4004330,https://jopss.jaea.go.jp/pdfdata/PNC-TN251-76-13.pdf
3009400,JAERI-M 6094,原子炉材料の重イオン照射損傷および関連パラメータの計算,Calculations on Displacement Damage and Its Related Parameters for Heavy Ion Bombardment in Reactor Materials,曽根 和穂; 白石 健介,"not registered; Shiraishi, K.",Mo、Nb、V、Fe、Niの5種類の金属材料を、N、Arおよびそれぞれの金属イオンで照射した場合のはじき出し損傷(DPA値)の計算を行い、その結果をグラフで示した。損傷計算の基礎となる重イオンのエネルギー損失については、LSS理論を用いた。重イオンによって生み出された1次ノック・オン原子(PKA)の損傷効率を常に1としている従来の計算法の欠点を補正し、1次ノック・オン以降の衝突カスケードに対しても電子励起によるPKAのエネルギー損失を考慮する方法をとった。計算の対象にした重イオンのエネルギーは2MeV以下で、特にFeターゲットのNiイオン照射の場合についても計算した。これはステンレス鋼のNiイオン照射の近似としてよく使われる組合せである。これらの重イオン照射損傷の計算や実験などにおいて重要な関連パラメータ(エネルギー損失率、損傷効率、飛程およびそのストラグリング)の計算値を重イオンのエネルギーの関数として表で示した。,no abstracts in English,Japanese,39 Pages,1975/04,重イオン照射 ; 照射損傷 ; DPA ; 飛程 ; ストラグリング ; LSS理論 ; 損傷効率,,https://doi.org/10.11484/jaeri-m-6094,ar_mapping,6,ar,Calculations on Displacement Damage and Its Related Parameters for Heavy Ion Bombardment in Reactor Materials,https://jopss.jaea.go.jp/search/servlet/search?3009400,https://jopss.jaea.go.jp/pdfdata/JAERI-M-6094.pdf
3009373,JAERI-M 6024,可搬型Ge(Li)検出器を用いたJRR-3原子炉におけるガンマ線スペクトル測定,Gamma-Ray Spectrum Measurement in JRR-3 Nuclear Reactor Using a Portable Ge(Li) Detector,阪井 英次; 寺田 博海; 鈴木 征四郎*; 片桐 政樹; 白井 英次,not registered; not registered; not registered; not registered; not registered,ピーク検出効率2.6%、エネルギー分解能3.5keVのGe(Li)検出器を7.5lの液体窒素デュワに取り付けた重量11kgの可搬型ガンマ線スペクトロメータを試作した。これを用いてJRR-3各部におけるガンマ線スペクトルを測定した。すべての箇所において、 K、 Tl、 Biの自然放射能および原子炉構造材の放射化生成物の Coが測定された。原子炉運転時にはすべての箇所で空気中のアルゴンの放射化生成物である Arが見られた。炉室1階では、中性子回折装置の単色化結晶が発生源と思われるFe(n、 )反応の高エネルギー・ガンマ線および重水中の酸素の O(n、P) N反応による Nからのガンマ線が見られた。炉室地下のFFDのヘリウム系には希ガスFP核種からのガンマ線が見られた。これらのガンマ線のスペクトルおよび計数率を示した。,no abstracts in English,Japanese,38 Pages,1975/03,可搬型Ge(Li)検出器 ; ガンマ線スペクトル ; 原子炉 ; JRR-3,,https://doi.org/10.11484/jaeri-m-6024,ar_mapping,6,ar,Gamma-Ray Spectrum Measurement in JRR-3 Nuclear Reactor Using a Portable Ge(Li) Detector,https://jopss.jaea.go.jp/search/servlet/search?3009373,https://jopss.jaea.go.jp/pdfdata/JAERI-M-6024.pdf
3009348,JAERI-M 5977,光の干渉を用いたイオン照射表面の研究,Interferomatic Investigation of Ion-Bombarded Surfaces,久保 和子,not registered,2MV Van de Graaff加速器からの陽子、重陽子、 -粒子、N-およびAr-イオン・ビームの衝撃によってLiF、NaF、UO を蒸着したNaCl、MgF 、パイロ黒鉛およびGe結晶表面に生じた変形を顕微干渉計を用いて観測した。イオン照射効果としでの格子膨張、swelling、blistering、およびその歪緩和のためにslipping、cracking、flakingが起ることが明らかになり、重イオン照射の場合は析出ならびにamorphizationも認められた。これらの現象は、照射によって出来る格子欠陥と温度の試料内分布および結晶の物性に支配されるので、結晶毎に異なる現われ方をする;就中、機械的性質の影響は大きい。光の干渉を用いる観測は、イオンによる照射損傷の研究においては最も有効な手段の一つであるし、応用可能な範囲は広い。,no abstracts in English,Japanese,25 Pages,1975/02,光干渉 ; イオン照射 ; 照射損傷 ; 表面変形 ; イオン結晶 ; 黒鉛 ; ゲルマニウム,,https://doi.org/10.11484/jaeri-m-5977,ar_mapping,6,ar,Interferomatic Investigation of Ion-Bombarded Surfaces,https://jopss.jaea.go.jp/search/servlet/search?3009348,https://jopss.jaea.go.jp/pdfdata/JAERI-M-5977.pdf
4028410,PNC TN941 74-45,小リークナトリウム水反応試験研究 第4報; 蒸気ウエステージと検出計の応答,"Studies of small leak sodium-water reactions, 4; Steam wastage and responses of leak detectors",根井 弘道*; 氏原 幸三朗*; 大内 義弘*; 橋口 功*; 大島 巖*; 井上 設生*; 堀 雅夫*,not registered; not registered; not registered; not registered; not registered; not registered; not registered,"期間1973年8月1日 1974年5月31日目的蒸気注入によるターゲット管のウェステージに及ぼす種々のパラメータの影響を定量的に把握することおよびリーク検出計の応答特性を調べること。要旨今期間中次の項目の試験をした。1)破損伝播実験,2)ターゲット管上の温度分布測定,3)内径0.2mmのノズルによる小リークウェステージ,4)キャプセルによる微小リーク試験時の水素検出計の応答。破損伝播実験により,破損孔の大きさ,破損に至るまでの時間を知ることができた。さらに,破損に到るまでのへこみの成長の過程を考察した。ウェステージ部のへこみ測定から,へこみ分布は正規分布をすることがわかった。ターゲット管表面の温度分布の形状はへこみ分布の形状とよく似ていた。ウェステージ率をリーク率とNa温度で表す実験式をクロモリ鋼とステンレス鋼について作った。Na中水素検出計として新たに電離真空計(B-Aケージ)をとりつけた。ノーブルポンプ,質量分析器,B-Aゲージのうら,B-Aケージの性能が最も良好であることがわかった。B-Aケージの感度ほ,Na中水素濃度が100ppbのとき,3ppbと計算された。ノーブルポンプ及びB-Aゲージの応答を理論的に解析した。理論値と実測値はよく一致した。この解析から,Na中への水素の溶解割合を知ることができた。Ar中水素計では還流式Naべーパトラップの性能をしらべた。","This report describes the results of the thirty five test runs conducted by the small-leak sodium-water reaction testloop (SWAT-2) in the period of August 1976 throngh May 1974. The ohjectives of the work is to determine the effects of various parameters on material wastage during small leak of super heated steam into sodium and to examine characteristics of the responses of various leak detectors after the steam injections into sodium. The following tests were made in the period described above. (1)Full penetration of a target tube by wastage. (2)Measurement of temperature on a target tube surface during sodium-water reactions (3)Wastage rate of a target tube with use of a nozzle with 0.2mm diameter (4)Responses of detectors of hydrogen in sodium or argon gas after super-small leaks of steam into sodium by usiug capsule Material wastage tests with steam injections into sodium have been performed. The test conditions of sodium velocity past target of spacing between nozzle and target, and of sodium and steam temperature were same as ones described in previous report. The nozzle diameter was 0.2 1.0mm. A target material was a 2.25Cr-1Mo steel and stainless steel. Inspection of the contour map and sectional view of wastage area showed that the depth distribution was expressed by a normal curve of error for most ranges of leak rate tested. Tube penetration tests were conducted to evaluate the size of penetration hole on the target tube, and time which is from starting of steam leaks to tube failure. A process of the propagation of tube failure was discussed assuming the depth distribution of wastage area to be a normal curve of error. An experimental equation was presented to predict the wastage rate as a function of the leak rate and the sodium temperature for 2.25Cr-1Mo steel and stainless steel respectively. Temperature distributions on the target tube were very similar to the wastage patterns. Maximum temperature measured on the target tube ...",Japanese,97 Pages,1974/07,no keyword,,,ar_mapping,6,ar,"bと計算された。ノーブルポンプ及びB-Aゲージの応答を理論的に解析した。理論値と実測値はよく一致した。この解析から,Na中への水素の溶解割合を知ることができた。Ar中水素計では還流式Naべーパトラップの性能をしらべた。",https://jopss.jaea.go.jp/search/servlet/search?4028410,https://jopss.jaea.go.jp/pdfdata/PNC-TN941-74-45.pdf
4028486,PNC TN951 74-05,Determination of Isotope Ratio of Trace Amounts of Rare Gases in Argon Gas,None,"M.Tokit*; Takani, Satoru*; Atsumo, Hideo*","M.Tokit*; Takani, Satoru*; Atsumo, Hideo*",None,"A mass-spectrographic method was studied for determination of isotope ratio of trace amounts of rare gases in argon gas, and the operating condition of mass spectrometer such as ionic potential, total emission current, mass resolution factor, pressure of sample gas were decided. Trace amounts of 0.08ppm of Ne, Kr, and Xe in argon gas are detectable by this method. Coefficient variation of the determination of isotope ratio is 8% at 0.08ppm level, 6% at 1ppm level and 3% at 10ppm level of the concentration of rare gases in Ar gas, respectively.From the investigations, however, it was found that diatomic ion of overlapped with mass peak of 78Kr(M/e 78) and 80Kr(M/e 80), and mass peak of 20Ne overlapped with divalent ion of Ar(M/e 20). Therefore, in the case of the determination of 87Kr, 80Kr, and 20Ne isotope ratio, it was found that preliminary separation of the rare gases from the Ar or substi- tution of Ar by He gas is necessary.",English,47 Pages,1974/05,no keyword,,,ar_mapping,6,ar,Determination of Isotope Ratio of Trace Amounts of Rare Gases in Argon Gas,https://jopss.jaea.go.jp/search/servlet/search?4028486,https://jopss.jaea.go.jp/pdfdata/PNC-TN951-74-05.pdf
4003137,PNC TJ261 74-02,熱拡散法によるアルゴン クリプトン混合ガスの分離に関する研究,None,*,not registered,"高速増殖炉のカバーガス(アルゴン)中に核分裂生成分として混入するクリプトンを連続的に分離除去するプロセスとして熱拡散塔カスケードを応用する前提で,以下に述べるような調査,実験を行ない,高速炉""もんじゅ""に適用した場合の見通しを述べた。すなわち1) 内径15mm ,長さ200cmの熱線型熱拡散塔に連続的自動分析装置を取りつけ,全環流および連続抜取りにおけるN2 Ar系,Ar Kr系の分離実験を行ない,操作圧と分離係数との関係,定常状態までの過渡特性,熱拡散塔の操作パラメータH,Kc,Kd等,熱線の温度分布および発熱のための所要電力等を測定した。その結果Ar Kr系の熱拡散分離ではH = 1.1 10-1 〔mole/hr〕qe = 103 〔 - 〕W = 200 〔watt/塔〕の数値が実用規模の概略設計に使用できることが判った。2) 上記の数値を使用して高速炉""もんじゆ""に熱拡散塔カスケードを付設してアルゴンガス中の85Krを除去して常時カバーガス(Ar)中の85Kr濃度を10ppm以下(定常平衡値の約1/200に相当する)に維持すると仮定すれば,回収部: 1段 18塔(15mm 2mH)濃縮部: 1段 4塔(15mm 2mH)1塔(15mm 2mH)の設備により,約2%まで濃縮する場合は混合ガスとして1ケ月約18l抜き出され,また85Krを約90%まで濃縮する場合は月に約350ml抜き出される。その場合いずれも消費電力は約4.6kwと推算された。この分離法は従来の低温蒸溜法にくらべて装置構造およびその付帯設備が単純であり,運転操作が容易であることが特徴である。",no abstracts in English,Japanese,80 Pages,1974/04,no keyword,,,ar_mapping,6,ar,"に適用した場合の見通しを述べた。すなわち1) 内径15mm ,長さ200cmの熱線型熱拡散塔に連続的自動分析装置を取りつけ,全環流および連続抜取りにおけるN2 Ar系,Ar Kr系の分離実験を行ない,操作圧と分離係数との関係,定常状態までの過渡特性,熱拡散塔の操作パラメータH,Kc,Kd等,熱線の温度分布および発熱のための所要電力等を測定した。その結果Ar Kr系の熱拡散分離ではH = 1.1 10-",https://jopss.jaea.go.jp/search/servlet/search?4003137,https://jopss.jaea.go.jp/pdfdata/PNC-TJ261-74-02.pdf
4001849,PNC TJ222 72-04VOL5,「常陽」2次冷却系構造材料の確性試験 -Na浸清を行なわない素材の試験-,"The test for the conformation on the structural materials for secondary coolant of ""JOYO""; The test on the material of non-dipping sodium",薄田 寛*; 米沢 利夫*,not registered; not registered,"「常陽」実機に使用している鋼材のNa中での性状を検討すべく,動力炉核燃料開発事業団殿大洗工学センターではM-4ループを用いて種々の試験が実施されている。本試験は,このM-4ループに挿入した試片と同一の製造履歴熱履歴を有する試片を用いて,大気中とArガス雰囲気中とのクリープ特性を検討したものである。その結果,クリープ特性は,大気中とArガス雰囲気中とでは特に有意差は認められず,大気中でも試片は脱炭を生じなかつた。 (J213 72-04 - mb-b)",no abstracts in English,Japanese,20 Pages,1972/12,no keyword,,,ar_mapping,6,ar,"The test for the conformation on the structural materials for secondary coolant of ""JOYO""; The test on the material of non-dipping sodium",https://jopss.jaea.go.jp/search/servlet/search?4001849,https://jopss.jaea.go.jp/pdfdata/PNC-TJ222-72-04VOL5.pdf
3008996,JAERI-M 4771,JRR-2の重水中の放射性核種,Radiounclides in the JRR-2 Heavy Water,鈴木 義雄; 根本 剛; 吉島 哲夫; 鎌田 崇; 重本 雅光,not registered; not registered; not registered; not registered; not registered,本報告はJRR-2重水中の放射性核種のうち、 線核種を対称として、分解能のすぐれているGe(Li) 線検出器を用いて、核種を同定した。さらに、代表的な核種の放射能濃度を測定した。検出した核種は Al、 Ar、 Co、 Cr、 Cu、 F、 Fe、 I、 I、 I、 I、 Mn、 Mn、 Mg、 Na、 Tc、 Wおよび Xeの18機種である。 I、 I、1 I、 I、 Tcおよび Xeは燃料加工時に燃料表面に付着したウランの核分裂により生成したものである。その他の核種は原子炉の構造材の腐食などのため、重水中に溶出した不純物の放射化により生成したものである。特に、 Alが全体の約95%をしめていたが、重水がアルミニウムで微白濁している状態での測定のためである。また、炉心全体の付着ウラン量は約500 gで製作仕様の約10%であった。,no abstracts in English,Japanese,35 Pages,1972/03,JRR-2,,https://doi.org/10.11484/jaeri-m-4771,ar_mapping,6,ar,、 線核種を対称として、分解能のすぐれているGe(Li) 線検出器を用いて、核種を同定した。さらに、代表的な核種の放射能濃度を測定した。検出した核種は Al、 Ar、 Co、 Cr、 Cu、 F、 Fe、 I、 I、 I、 I、 Mn、 Mn、 Mg、 Na、 Tc、 Wおよび Xeの18機種である。 I、 I、1 I、 I、 Tcおよび Xeは燃料加工時に燃料表面に付着したウランの核分裂により生成し,https://jopss.jaea.go.jp/search/servlet/search?3008996,https://jopss.jaea.go.jp/pdfdata/JAERI-M-4771.pdf
4001628,PNC TJ201 71-17T,Studies on swelling of fast reactor fuel due to gaseous fission products,None,*,not registered,None,"Two kinds of experiments;(1) annealing of as-sintered UO2 pellets under high temperature and high pressure, and (2) Isothermal annealing of irradiated UO2 pellets were carried out. These preliminary experiments will be followed by next projects which study the influence of stress on fast reactor fuel swelling due to gaseous fission products. In the first experiment, a piece of UO2 pellet was annealed in Ar atmosphere under -1000kg/cm2 at -2000 c. The pore density and size distribution after annealing were examined by optical and electron microscopies. It was found that pores became spherical rather rapidly while the shrinkage of pore sizes proceeded very slowly. The shrinkage could be explained by mechanism of vacancy diffusion. Also the rate of shrinkage roughly agreed with extrapolated compressive creep data of vacancy diffusion range on UO2 pellets. In the second experiment, A piece of irradiated UO2 (av.burnup 5700 Mwd/t) was annealed in the atmosphere at 1300-2000 c, and the fractured surface was",English,60 Pages,1971/08,no keyword,,,ar_mapping,6,ar,"and high pressure, and (2) Isothermal annealing of irradiated UO2 pellets were carried out. These preliminary experiments will be followed by next projects which study the influence of stress on fast re",https://jopss.jaea.go.jp/search/servlet/search?4001628,https://jopss.jaea.go.jp/pdfdata/PNC-TJ201-71-17T.pdf
4021133,PNC TN841 71-18,"UO 中のBa, Sr, Zrの高温挙動",None,小泉 益通; 佐藤 政一*; 増山 貞吉*,"Koizumi, Masumichi; Sato, Seiichi*; not registered","酸化物燃料UO および(U-Pu)O 燃料についての照射後試験から、不揮発性核分裂生成物は、(1)金属析出相になるもの、(2)燃料マトリックスと固溶するもの、(3)燃料マトリックスと別の相をつくるものに大別される。このうち、(3)に属するBa、SrおよびZrに着目し、高温X線およびX線マイクロアナライザにより、これら各元素の挙動について若干の考察を試みた。試料はセラミック級UO/ 、市販のBaO、SrO、ZrO/ を各種混合比で混合して調整した。これら試料を高温X線はエチルアルコールに懸濁して使用し、金相、X線マイクロアナライザは加圧成形し、Ar-5%H/ 中で2,000 C、1時間加熱したものを使用した。BaO、SrOのいずれかとUO/ 、ZrO/ の1つとの2種混合では1,500 CではいずれもBaZrO/ 、BaUO/ 、SrZrO/ 、SrUO/ という形固溶体をつくり、SrUO/ 以外は立方晶である。4種を混合した試料は(Sr,Ba)ZrO/ 、(Sr,Ba)UO/ に近い組成の2種の反応生成物ができるが、いずれも若干量のU、Zrがそれぞれ混入している。(Sr,Ba)UO/ は1,800 Cで完全に分解するが、(Ba,Sr)ZrO/ は安定で、2,000 Cでも存在する。",no abstracts in English,Japanese,16 Pages,1971/06,no keyword,,,ar_mapping,6,ar,"販のBaO、SrO、ZrO/ を各種混合比で混合して調整した。これら試料を高温X線はエチルアルコールに懸濁して使用し、金相、X線マイクロアナライザは加圧成形し、Ar-5%H/ 中で2,000 C、1時間加熱したものを使用した。BaO、SrOのいずれかとUO/ 、ZrO/ の1つとの2種混合では1,500 CではいずれもBaZrO/ 、BaUO/ 、SrZrO/ 、SrUO/ という形固溶体をつくり、S",https://jopss.jaea.go.jp/search/servlet/search?4021133,https://jopss.jaea.go.jp/pdfdata/PNC-TN841-71-18.pdf
3010107,JAERI 5014,"保健物理部の活動,7; 1964年度","Activities of Health Physics Division,7; 1964 March 31,1965",保健物理部,not registered,「保健物理部の活動」は、これで第7号を数えることになった。この号には1964年4月から1965年3月までの活動内容が管理記録とともに解説的にとりまとめてある。この1年間における研究所としての大きな出来事はまづ6月に首脳部の交代があり、新理事長が就任されて、新しい方針が示されたことと、研究関連部門を中心に1965年2月組織の改変が行なわれたことが挙げられる。その際、保健物理部も新しく保健物理安全管理部に改められた。そこで本号の取りまとめについては編集後記に記されるような取り扱いをした。原子炉関係では動力試験炉(JPDR)が、故障も復旧して12月から運転を再開し、3月には通商産業省の発電試験にも合格し、本格的な運転状態に入った。遮蔽研究用原子炉(JRR-4)では1月の臨界試験後特性試験に入り、また、 Arの放出が問題とされていた2号炉(JRR-2、CP-5型)が1月性能検査に合格して全出力10MWの運転に入り、さらに国産1号炉(JRR-3)も2月に性能試験を終了するなど、いよいよ原子炉運転利用の研究活動が本格化する段階に入った。,no abstracts in English,Japanese,187 Pages,1965/10,保健物理,,https://doi.org/10.11484/jaeri-5014,ar_mapping,6,ar,"Activities of Health Physics Division,7; 1964 March 31,1965",https://jopss.jaea.go.jp/search/servlet/search?3010107,https://jopss.jaea.go.jp/pdfdata/JAERI-5014.pdf
