patent_id,title,authors,abstract,detail_url,application_no,publication_no,registration_no,application_date,publication_date,registration_date,ipc,pdf_links,score,matched_keywords
P54481,放射線検出装置、放射線検出方法、放射性微粒子検出装置,"坪田 陽一 ; Laffolley, H. ; 佐川 直貴 ; 中村 博樹 ; 鈴木 政浩; not registered",【課題】β線を検出する際に、γ線を弁別できる放射線検出装置を得る。 【解決手段】まず、一定時間内における放射線検出器10の測定結果(検出結果)が得られ(S11:測定工程)、この結果が記憶部に記憶される。発光の検出が認められた画素の連続体として検出パターンが複数認識される(S13:検出パターン認識工程)。まず、一つの検出パターンが選択され、これに含まれる画素における出力(パルス高)の和から、この検出パターン中で吸収されたエネルギーが算出される(S14)。解析部31は、このエネルギーと、前記のように検出パターンから算出された特徴量((「広がり」、「かたさ」、「離心率」)から、この検出パターンがα線、β線、γ線のどれによって形成されたかを判定する(S15:識別工程)。,https://jopss.jaea.go.jp/search/servlet/search?P54481,2024-176933,2026-067469,,2024/10/09,2026/04/21,,G01T 1/167(2006.01):G01T 1/36 (2006.01):G01T 1/24 (2006.01):G01T 1/20 (2006.01),https://jopss.jaea.go.jp/pdfdata/P1/P54481A.pdf,14,"パターン認識, 特徴量, 認識, 識別"
P53940,海洋ロボットの制御装置、海洋ロボット、海洋ロボットの制御方法、および海洋ロボットの制御プログラム,眞田 幸尚; 田原 淳一郎* ; 藤井 竣* ; 馬場尚一郎*,【課題】外乱が大きい場合であっても、海洋ロボットの位置を精度よく保持すること。 【解決手段】第1の推進器および第2の推進器を有する推進機構を備える海洋ロボットを制御する制御装置であって、海洋ロボットの目標位置および現在位置を含む位置情報を取得する情報取得部と、位置情報に基づいて切換関数を生成し、海洋ロボットの現在位置が目標位置に一致するようにスライディングモード制御を行うためのスライディングモード制御値を生成するスライディングモード制御部と、位置情報および切換関数に基づいて、海洋ロボットの現在位置が目標位置に一致するようにニューラルネットワーク制御を行うためのニューラルネットワーク制御値を生成するニューラルネットワーク制御部と、スライディングモード制御値およびニューラルネットワーク制御値に基づいて推進機構に入力される制御入力を生成する制御入力生成部とを備える。,https://jopss.jaea.go.jp/search/servlet/search?P53940,2023-179160,2025-068999,,2023/10/17,2025/04/30,,B63H 25/42 (2006.01):B63J 99/00 (2009.01):B63H 21/21 (2006.01):G05B 13/00 (2006.01):G05D 1/611(2024.01):G05D 1/43 (2024.01),https://jopss.jaea.go.jp/pdfdata/P1/P53940A.pdf,7,"ニューラルネットワーク, ロボット"
P53400,化合物同定方法及び化合物同定装置,阿部 雄太; 川上 智彦* ; 藤本 勝成* ; 横田 裕海*,【課題】未知試料に含まれる金属元素や化合物を分類・推定する方法を提供する。 【解決手段】本発明である化合物同定方法は、想定される化合物種の標準試料についてスペクトルデータを因子分解して因子及び前記因子の影響度を表す因子スコアを導出し、前記化合物種を決定木において前記因子スコアで分類するためのスコア閾値及び前記因子スコアを前記決定木にかける因子適用順を予め学習・設定しておき、未知試料のスペクトルデータに対して前記標準試料の因子を用いて前記未知試料における因子スコアを算出し、前記因子適用順にしたがって前記決定木で前記未知試料の因子スコアを前記スコア閾値によって分類していくことにより、前記未知試料に含まれる化合物種を同定する、ことを特徴とする。,https://jopss.jaea.go.jp/search/servlet/search?P53400,2022-057807,2023-149303,7780757,2022/03/31,2023/10/13,2025/11/27,G01N 21/71 (2006.01),https://jopss.jaea.go.jp/pdfdata/P1/P53400A.pdf | https://jopss.jaea.go.jp/pdfdata/P1/P53400A.pdf | https://jopss.jaea.go.jp/pdfdata/P2/P53400B.pdf,6,"分類, 学習, 推定"
P54220,RADIATION DETECTION DEVICE,北山 佳治; 人見 啓太朗* ; 野上 光博*,"A radiation detection device is provided that is wide in visual field, wide in application range of radiation energy, and which is smaller and lighter in weight as compared to other devices. The device includes a detecting element group has a plurality of detecting elements that detect radiation are three-dimensionally arranged. The detecting element group has a structure with a depletion formed by removing the detecting element at any position from a virtual detecting element group in which the detecting elements are laid out on any virtual surface. The depletion is provided at a position at which a difference of detected values between one detecting element and another detecting element arranged along any direction exhibits different values in a case where the radiation having the direction as an incident direction enters and a case where the radiation having an opposite direction of the direction as an incident direction enters.",https://jopss.jaea.go.jp/search/servlet/search?P54220,18/410450,US2024/0248219 A1,,2024/01/11,2024/07/25,,G01T 1/29 (2006.01):G01T 7/00 (2006.01),https://jopss.jaea.go.jp/pdfdata/P1/P54220A.pdf,5,ai
P54005,CARBON STRUCTURE,勅使河原 誠 ; 猿田 晃一; 村松 一生* ; 池田 裕二郎* ; 大竹 淑恵* ; 岩田 英里* ; 高橋 一馬* ; 須谷 康一*,"Provided is a carbon structure having a three-dimensional shape containing nano-carbon structures, wherein the nano-carbon structures have at least one structure from among a petal-like structure, in which flaky carbon having a graphene framework and a thickness of less than 20 nm is fixed in a petal-like shape, and an uneven structure formed by a collection of seed-like structures having a size of 1 to 100 nm. The carbon structure has favorable shapability and excellent durability in high radiation fields, and is effective as a reflective material for cold neutrons and very cold neutrons, the reflective material being capable of increasing the strength of the cold neutrons and very cold neutrons by coherent scattering.",https://jopss.jaea.go.jp/search/servlet/search?P54005,23874741.4,WO 2024/075614,,2023/09/27,2024/04/11,,C01B 32/15(2017.01):G01N 23/02(2006.01):G01N 23/05(2006.01),https://jopss.jaea.go.jp/pdfdata/P1/P54005A.pdf,5,ai
P54004,CARBON STRUCTURE,勅使河原 誠 ; 猿田 晃一; 村松 一生* ; 池田 裕二郎* ; 大竹 淑恵* ; 岩田 英里* ; 高橋 一馬* ; 須谷 康一*,"Provided is a carbon structure having a three-dimensional shape containing nano-carbon structures, wherein the nano-carbon structures have at least one structure from among a petal-like structure, in which flaky carbon having a graphene framework and a thickness of less than 20 nm is fixed in a petal-like shape, and an uneven structure formed by a collection of seed-like structures having a size of 1 to 100 nm. The carbon structure has favorable shapability and excellent durability in high radiation fields, and is effective as a reflective material for cold neutrons and very cold neutrons, the reflective material being capable of increasing the strength of the cold neutrons and very cold neutrons by coherent scattering.",https://jopss.jaea.go.jp/search/servlet/search?P54004,"19/115,022",WO 2024/075614,,2023/09/27,2024/04/11,,C01B 32/15(2017.01):G01N 23/02(2006.01):G01N 23/05(2006.01),https://jopss.jaea.go.jp/pdfdata/P1/P54004A.pdf,5,ai
P54006,CARBON STRUCTURE,勅使河原 誠 ; 猿田 晃一; 村松 一生* ; 池田 裕二郎* ; 大竹 淑恵* ; 岩田 英里* ; 高橋 一馬* ; 須谷 康一*,"Provided is a carbon structure having a three-dimensional shape containing nano-carbon structures, wherein the nano-carbon structures have at least one structure from among a petal-like structure, in which flaky carbon having a graphene framework and a thickness of less than 20 nm is fixed in a petal-like shape, and an uneven structure formed by a collection of seed-like structures having a size of 1 to 100 nm. The carbon structure has favorable shapability and excellent durability in high radiation fields, and is effective as a reflective material for cold neutrons and very cold neutrons, the reflective material being capable of increasing the strength of the cold neutrons and very cold neutrons by coherent scattering.",https://jopss.jaea.go.jp/search/servlet/search?P54006,202380067536.2,WO 2024/075614,,2023/09/27,2024/04/11,,C01B 32/15(2017.01):G01N 23/02(2006.01):G01N 23/05(2006.01),https://jopss.jaea.go.jp/pdfdata/P1/P54006A.pdf,5,ai
P53464,中性子検出器,"伊藤 史哲 ; Lee, J. ; 弘中 浩太 ; 小泉 光生; not registered","To obtain a neutron detector capable of measuring high dose neutrons with high neutron/gamma-ray discrimination ability and high efficiency. A scintillator 10 has a layered structure in which a phosphor layer 11 and a light transmission layer 12 are alternatelylaminatedin z direction. The phosphor layer 11 is made of a phosphor material emitting fluorescent light by absorbing neutrons, the material being, for example, a scintillator material used in neutron detectors having alreadybeen known. The light transmission layer 12 is made of a material highly transmitting fluorescent light emitted by the phosphor materialand only slightlyabsorbingneutrons. In the scintillator 10, when neutrons and gamma-ray photons enter it, luminescence intensity (pulse height) due to neutrons is significantly different from that due to gamma-ray photons. It makes it easy to discriminate between outputs due to the two kinds of radiations.",https://jopss.jaea.go.jp/search/servlet/search?P53464,18/086818,2023/0228890,12196899,2022/12/22,2023/07/20,2025/01/14,G01T 3/06 (2006.01):G01T 3/02 (2006.01),https://jopss.jaea.go.jp/pdfdata/P1/P53464A.pdf | https://jopss.jaea.go.jp/pdfdata/P1/P53464A.pdf | https://jopss.jaea.go.jp/pdfdata/P2/P53464B.pdf,5,ai
P53263,電子デバイス、その製造方法及びその使用方法,家田 淳一; 竹内 祐太朗* ; 深見 俊輔* ; 山根 結太* ; Yoon J.-Y.* ; 陣内 佛霖* ; 金井 駿* ; 大野 英男*,"The purpose of the present invention is to provide a digital device for which an external magnetic field in unnecessary, which can be used as a memory element and random number generation element capable of outputting a comparatively large reading signal, and which can also be used as an oscillation/detection element having output/input frequency variability. Provided is a digital device characterized by comprising a main body, an input terminal, and an output terminal, wherein: the main body is configured by laminating a spin torque generation layer and a non-collinear antiferromagnetic layer in this order on a substrate, or in the reverse order in the stacking direction; the input terminal is disposed on both ends in an arbitrary direction parallel to the lamination surface of the spin torque generation layer; and the non-collinear antiferromagnetic layer has a non-collinear magnetic order in the plane formed by the arbitrary direction and the stacking direction.",https://jopss.jaea.go.jp/search/servlet/search?P53263,111110073,202244923,I922630,2022/03/18,2022/11/16,2026/04/21,G11C 11/16 (2006.01):G11C 11/02 (2006.01):H01L 43/00 (2006.01),https://jopss.jaea.go.jp/pdfdata/P1/P53263A.pdf,5,ai
P53228,液液系多段装置及びそれを用いた特定物質の製造方法,長縄 弘親 ; 永野 哲志 ; 鈴木 英哉; not registered,"DISPOSITIVO DE MULTIPLOS ESTAGIOS DE TIPO LIQUIDO-LIQUIDO E METODO DE PRODUCAO DE SUBSTANCIAS ESPECIFICAS QUE USA O MESMO. A presente invencao refere-se a dispositivo de multiplos estagios usado em um sistema de liquido-liquido que compreende duas fases liquidas que nao se misturam, no qual a posicao da interface (interface liquido-liquido) de uma fase liquida pesada e de uma fase liquida leve nao flutua ou e mesmo suprimida e um metodo de producao de uma substancia especifica que usa o mesmo. Um dispositivo que tem um corpo conectado de uma pluralidade de recipientes adjacentes ou dois ou mais estagios instalados em um recipiente de peca unica no qual uma pluralidade de divisorias e colocada dentro do mesmo, e um metodo de producao de uma substancia especifica que usa o mesmo. ・・・",https://jopss.jaea.go.jp/search/servlet/search?P53228,BR102022005725-7,BR102022005725-7,,2022/03/25,2022/10/25,,B01D 11/04,https://jopss.jaea.go.jp/pdfdata/P1/P53228A.pdf,5,ai
P53226,液液系多段装置及びそれを用いた特定物質の製造方法,長縄 弘親 ; 永野 哲志 ; 鈴木 英哉; not registered,"[PROBLEMS] To provide a multistage apparatus used in a liquid-liquid system comprising two liquid phases that do not mix with each other, in which the position of the interface (liquid-liquid interface) of a heavy liquid phase and a light liquid does not fluctuate or else is suppressed, and a method of producing a specific substance using it. [SOLVING MEANS] An apparatus having a connected body of a plurality of adjacent containers or two or more stages installed in a single-piece container in which a plurality of partitions are arranged inside thereof, and a method of producing a specific substance using it. The multistage extraction is performed so as that the position of the interface (liquid-liquid interface) of a heavy liquid phase and a light liquid does not fluctuate or else is suppressed, by using the mechanism in which only the heavy liquid phase communicates in the lower part of the container, ・・・",https://jopss.jaea.go.jp/search/servlet/search?P53226,17/703722,2022/0331751,,2022/03/24,2022/10/20,,B01F 23/41 (2006.01):B01F 23/43 (2006.01):B01F 23/451(2006.01),https://jopss.jaea.go.jp/pdfdata/P1/P53226A.pdf,5,ai
P53230,水素同位体濃縮装置,保田 諭 ; 朝岡 秀人; 松島 永佳*,"To obtain deuterium in a gas state from a mixed gas of hydrogen and deuterium at a low cost. A first electrode 11 is an electrode made of a metal allowing hydrogen (H component and D component) to permeate therethrough (hydrogen permeable metal), and the hydrogen permeable metal is Pd, for example. H ions and D ions having permeated through the first electrode 11 flow to the side of a second electrode 12 in a proton conduction layer 20. When the first electrode 11 is used as an anode and the second electrode 12 as a cathode, H ions and D ions flow in the proton conduction layer 20 from the left to the right in the drawing. In that case, hydrogen component in an input gas is more likely to flow into an atmosphere on the cathode side than deuterium component, and an H/D composition ratio accordingly becomes higher in a product gas than in the input gas. In an exhaust gas extracted after H and D components in the input gas are thus consumed, D component has been enriched.",https://jopss.jaea.go.jp/search/servlet/search?P53230,17/691807,2022/0288532,12533634,2022/03/10,2022/09/15,2026/01/27,B01D 59/40 (2006.01):C01B 3/58 (2006.01):H01M 4/86 (2006.01):H01M 4/88 (2006.01):H01M 4/92 (2006.01):H01M 16/00 (2006.01),https://jopss.jaea.go.jp/pdfdata/P1/P53230A.pdf | https://jopss.jaea.go.jp/pdfdata/P1/P53230A.pdf | https://jopss.jaea.go.jp/pdfdata/P2/P53230B.pdf,5,ai
P53231,水素同位体濃縮装置,保田 諭 ; 朝岡 秀人; 松島 永佳*,"To obtain deuterium in a gas state from a mixed gas of hydrogen and deuterium at a low cost. A first electrode 11 is an electrode made of a metal allowing hydrogen (H component and D component) to permeate therethrough (hydrogen permeable metal), and the hydrogen permeable metal is Pd, for example. H ions and D ions having permeated through the first electrode 11 flow to the side of a second electrode 12 in a proton conduction layer 20. When the first electrode 11 is used as an anode and the second electrode 12 as a cathode, H ions and D ions flow in the proton conduction layer 20 from the left to the right in the drawing. In that case, hydrogen component in an input gas is more likely to flow into an atmosphere on the cathode side than deuterium component, and an H/D composition ratio accordingly becomes higher in a product gas than in the input gas. In an exhaust gas extracted after H and D components in the input gas are thus consumed, D component has been enriched.",https://jopss.jaea.go.jp/search/servlet/search?P53231,3151601,3151601,,2022/03/10,2022/09/12,,B01D 59/38 (2006.01):H01M 8/0662(2016.01):H01M 8/1004(2016.01),https://jopss.jaea.go.jp/pdfdata/P1/P53231A.pdf,5,ai
P53221,薄膜インダクタ素子及び薄膜可変インダクタ素子,家田 淳一; 山根 結太* ; 深見 俊輔*,"The purpose of the present invention is to provide a thin film inductor element which utilizes a novel emergent electromagnetic field that does not have much difficulty in selecting materials, while not having high temperature dependence. A thin film inductor element that is characterized by comprising a multilayer film, in which a magnetic layer and a non-magnetic layer or an antiferromagnetic layer are stacked, and a pair of electrodes, while being also characterized in that: the magnetic layer and the non-magnetic layer or the antiferromagnetic layer are stretched in an arbitrary shape in a direction that is perpendicular to the stacking direction; the vertical orientation of the stacked layers is also arbitrary; the magnetic layer has a generally uniform magnetization structure; and the pair of electrodes are provided on both ends of the multilayer film in the stretched direction, while having an alternating current or a high frequency current applied thereto.",https://jopss.jaea.go.jp/search/servlet/search?P53221,10-2023-7027254,10-2023-149810,10-2897137,2022/01/07,2022/09/01,2025/12/03,H01F 17/00(2006.01):H01F 21/00(2006.01),https://jopss.jaea.go.jp/pdfdata/P1/P53221A.pdf | https://jopss.jaea.go.jp/pdfdata/P1/P53221A.pdf | https://jopss.jaea.go.jp/pdfdata/P2/P53221B.pdf,5,ai
P53222,薄膜インダクタ素子及び薄膜可変インダクタ素子,家田 淳一; 山根 結太* ; 深見 俊輔*,"The purpose of the present invention is to provide a thin film inductor element which utilizes a novel emergent electromagnetic field that does not have much difficulty in selecting materials, while not having high temperature dependence. A thin film inductor element that is characterized by comprising a multilayer film, in which a magnetic layer and a non-magnetic layer or an antiferromagnetic layer are stacked, and a pair of electrodes, while being also characterized in that: the magnetic layer and the non-magnetic layer or the antiferromagnetic layer are stretched in an arbitrary shape in a direction that is perpendicular to the stacking direction; the vertical orientation of the stacked layers is also arbitrary; the magnetic layer has a generally uniform magnetization structure; and the pair of electrodes are provided on both ends of the multilayer film in the stretched direction, while having an alternating current or a high frequency current applied thereto.",https://jopss.jaea.go.jp/search/servlet/search?P53222,202280014817.7,WO2022/181069,,2022/01/07,2022/09/01,,H01F 17/00(2006.01):H01F 21/00(2006.01),https://jopss.jaea.go.jp/pdfdata/P1/P53222A.pdf,5,ai
P53220,THIN FILM INDUCTOR ELEMENT AND THIN FILM VARIABLE INDUCTOR ELEMENT,家田 淳一; 山根 結太* ; 深見 俊輔*,"The purpose of the present invention is to provide a thin film inductor element which utilizes a novel emergent electromagnetic field that does not have much difficulty in selecting materials, while not having high temperature dependence. A thin film inductor element that is characterized by comprising a multilayer film, in which a magnetic layer and a non-magnetic layer or an antiferromagnetic layer are stacked, and a pair of electrodes, while being also characterized in that: the magnetic layer and the non-magnetic layer or the antiferromagnetic layer are stretched in an arbitrary shape in a direction that is perpendicular to the stacking direction; the vertical orientation of the stacked layers is also arbitrary; the magnetic layer has a generally uniform magnetization structure; and the pair of electrodes are provided on both ends of the multilayer film in the stretched direction, while having an alternating current or a high frequency current applied thereto.",https://jopss.jaea.go.jp/search/servlet/search?P53220,18/546002,WO2022/181069,,2022/01/07,2022/09/01,,H01F 17/00(2006.01):H01F 21/00(2006.01),https://jopss.jaea.go.jp/pdfdata/P1/P53220A.pdf,5,ai
P52741,放射線分析方法、放射線検出器,冠城 雅晃; 島添 健次*,"The present invention carries out highly accurate assay of a sample, even under high-dose radiation, by analyzing an energy spectrum obtained by a radiation detector. In this radiation analysis method, first, the spectrum (actual spectrum) of a sample is measured by a radiation detector (sample measurement step: S1). In this step, two or more types of scintillators having different sizes are used and two or more types of shielding substances having different thicknesses are used to obtain an actual spectrum for each condition (setting condition). Next, measurement similar to that described above is carried out with respect to a reference radiation source (reference radiation source measurement step: S2). Next, a background nuclide-derived component, which is a component derived from a background nuclide (137Cs) in the actual spectrum, is inferred from the reference spectrum obtained in the reference radiation source measurement step (S2) (background nuclide-derived component inference step: S3). ・・・",https://jopss.jaea.go.jp/search/servlet/search?P52741,21877754.8,4227712,,2021/10/08,2022/04/14,,G01T 1/167(2006.01):G01T 1/20 (2006.01),https://jopss.jaea.go.jp/pdfdata/P1/P52741A.pdf,5,ai
P52742,放射線分析方法、放射線検出器,冠城 雅晃; 島添 健次*,"The present invention carries out highly accurate assay of a sample, even under high-dose radiation, by analyzing an energy spectrum obtained by a radiation detector. In this radiation analysis method, first, the spectrum (actual spectrum) of a sample is measured by a radiation detector (sample measurement step: S1). In this step, two or more types of scintillators having different sizes are used and two or more types of shielding substances having different thicknesses are used to obtain an actual spectrum for each condition (setting condition). Next, measurement similar to that described above is carried out with respect to a reference radiation source (reference radiation source measurement step: S2). Next, a background nuclide-derived component, which is a component derived from a background nuclide (137Cs) in the actual spectrum, is inferred from the reference spectrum obtained in the reference radiation source measurement step (S2) (background nuclide-derived component inference step: S3). ・・・",https://jopss.jaea.go.jp/search/servlet/search?P52742,21877754.8,4227712,,2021/10/08,2022/04/14,,G01T 1/167(2006.01):G01T 1/20 (2006.01),https://jopss.jaea.go.jp/pdfdata/P1/P52742A.pdf,5,ai
P52740,放射線分析方法、放射線分析装置、放射線検出器,冠城 雅晃; 島添 健次*,"The present invention carries out highly accurate assay of a sample, even under high-dose radiation, by analyzing an energy spectrum obtained by a radiation detector. In this radiation analysis method, first, the spectrum (actual spectrum) of a sample is measured by a radiation detector (sample measurement step: S1). In this step, two or more types of scintillators having different sizes are used and two or more types of shielding substances having different thicknesses are used to obtain an actual spectrum for each condition (setting condition). Next, measurement similar to that described above is carried out with respect to a reference radiation source (reference radiation source measurement step: S2). Next, a background nuclide-derived component, which is a component derived from a background nuclide (137Cs) in the actual spectrum, is inferred from the reference spectrum obtained in the reference radiation source measurement step (S2) (background nuclide-derived component inference step: S3). ・・・",https://jopss.jaea.go.jp/search/servlet/search?P52740,18/031002,US20230375732,12474492,2021/10/08,2022/04/14,2025/11/18,G01T 1/36(2006.01):G01T 1/20 (2006.01),https://jopss.jaea.go.jp/pdfdata/P1/P52740A.pdf | https://jopss.jaea.go.jp/pdfdata/P1/P52740A.pdf | https://jopss.jaea.go.jp/pdfdata/P2/P52740B.pdf,5,ai
P52723,真空部品、これを用いた真空排気方法,神谷 潤一郎; not registered,"Provided is a vacuum component capable of evacuation by a getting effect, which has a large maximum number of captured molecules and a long working life. It is provided, in an area around its central axis, with a hollow cylindrical electrode 20 having an electrode surface 20A that is sufficiently smaller than an inner surface 10A of the vacuum container 10, along the central axis. In the vacuum container 10, it is possible to realize any one of states among a first state of generating DC discharge by introducing Ar into the inside and setting the electrode surface 20A at a positive potential, a second state of setting the electrode surface 20A at a ground potential without introducing Ar, and a third state of generating DC discharge by introducing Ar into the inside and setting the electrode surface 20A at a negative potential. Evacuation by the vacuum component 1 is performed in the second state. ・・・",https://jopss.jaea.go.jp/search/servlet/search?P52723,17/387756,2022/0034327,11668309,2021/07/28,2022/02/03,2023/06/06,F04D 19/04 (2006.01):F04B 37/04 (2006.01):F04B 37/02 (2006.01):F04B 37/14 (2006.01),https://jopss.jaea.go.jp/pdfdata/P1/P52723A.pdf | https://jopss.jaea.go.jp/pdfdata/P1/P52723A.pdf | https://jopss.jaea.go.jp/pdfdata/P2/P52723B.pdf,5,ai
P52724,真空部品、これを用いた真空排気方法,神谷 潤一郎; not registered,"Provided is a vacuum component capable of evacuation by a getting effect, which has a large maximum number of captured molecules and a long working life. It is provided, in an area around its central axis, with a hollow cylindrical electrode 20 having an electrode surface 20A that is sufficiently smaller than an inner surface 10A of the vacuum container 10, along the central axis. In the vacuum container 10, it is possible to realize any one of states among a first state of generating DC discharge by introducing Ar into the inside and setting the electrode surface 20A at a positive potential, a second state of setting the electrode surface 20A at a ground potential without introducing Ar, and a third state of generating DC discharge by introducing Ar into the inside and setting the electrode surface 20A at a negative potential. Evacuation by the vacuum component 1 is performed in the second state. ・・・",https://jopss.jaea.go.jp/search/servlet/search?P52724,21188189.1,EP3945210,3945210,2021/07/28,2022/02/02,2023/09/06,F04B 37/04(2006.01):F04B 37/14(2006.01),https://jopss.jaea.go.jp/pdfdata/P1/P52724A.pdf,5,ai
P52722,アルミニウム合金材およびアルミニウム合金材の水素脆化防止剤,山口 正剛; 戸田 裕之* ; 清水 一行*,"An aluminum alloy material which has an aluminum alloy composition (1) described below. Aluminum alloy composition (1) contains 0.30% by mass or less of Si, more than 0.35% by mass of Fe, 0.20% by mass or less of Cu, from 0.20% by mass to 0.70% by mass of Mn, from 1.0% by mass to 2.0% by mass of Mg, 0.30% by mass or less of Cr, from 4.0% by mass to 5.0% by mass of Zn, 0.10% by mass or less of V, 0.25% by mass or less of Zr and 0.20% by mass or less of Ti, while additionally containing Al.",https://jopss.jaea.go.jp/search/servlet/search?P52722,3185880,WO2021/246267,,2021/05/27,2021/12/09,,C22C 21/10,https://jopss.jaea.go.jp/pdfdata/P1/P52722A.pdf,5,ai
P52364,液液抽出に基づく特定物質の製造装置,長縄 弘親 ; 永野 哲志; not registered,"This apparatus is provided with a container, a first liquid introduction unit for introducing a heavy liquid phase from above said container, a second liquid introduction unit for introducing a light liquid phase from below said container, a stirrig unit for mechanically stirring the vicinity of the interface between the light liquid phase and the heavy liquid phase while forming the light liquid phase in the upper part of said container and the heavy liquid phase in the lower part. And, specific substances are separated and purified in a heavy liquid phase and/or a light liquid phase, by growing the emulsion-mixed phase of two-liquid phases, and promoting simultaneously the phase separation of both phases.",https://jopss.jaea.go.jp/search/servlet/search?P52364,202044054398,202044054398A,423648,2020/12/14,2021/06/25,2023/03/01,B01D 11/04,,5,ai
P51847,METHOD AND APPARATUS FOR PRODUCING SPECIFIC SUBSTANCES BY EXTRACTION AND SEPARATION IN A LIQUID-LIQUID SYSTEM,長縄 弘親 ; 永野 哲志; not registered,"A new system in which a forward extraction part, a scrubbing part, and a backward extraction part operate together and synchronously to produce specific substances by extraction and separation in a liquid-liquid system. The aqueous phase is circulated independently only in the forward extraction part one or more times, and the organic phase is circulated from the forward extraction part through the scrubbing part and the backward extraction part to the forward extraction part again in synchronization with the liquid circulation of the aqueous phase.",https://jopss.jaea.go.jp/search/servlet/search?P51847,16/903622,2020/0398185,11571634,2020/06/17,2020/12/24,2023/02/07,B01D 11/04 (2006.01):C22B 59/00 (2006.01):C01F 17/17 (2020.01),https://jopss.jaea.go.jp/pdfdata/P1/P51847A.pdf | https://jopss.jaea.go.jp/pdfdata/P1/P51847A.pdf | https://jopss.jaea.go.jp/pdfdata/P2/P51847B.pdf,5,ai
P51841,炭酸基高含有炭酸アパタイト,関根 由莉奈 ; 南川 卓也 ; 香西 直文; not registered,"Une carbonate-apatite a teneur elevee en groupes carbonate est fournie, possedant un pouvoir d'adsorption de metaux lourds excellent. La carbonate-apatite ne contient pas moins de 15,6 % en poids de groupes carbonate, preferablement contient au moins l'un parmi le cuivre (Cu), le zinc (Zn), le strontium (Sr), le magnesium (Mg), le potassium (K), le fer (Fe), et le sodium (Na), et preferablement possede un rapport molaire Ca/P de pas moins de 1,5. Figure pour l'abrege : 9",https://jopss.jaea.go.jp/search/servlet/search?P51841,1915710,3091526,1915710,2019/12/30,2020/07/10,2024/01/05,C01B 25/32 (2019.12):B01J 20/04:B01J 20/28:B01D 15/04,https://jopss.jaea.go.jp/pdfdata/P1/P51841A.pdf | https://jopss.jaea.go.jp/pdfdata/P1/P51841A.pdf | https://jopss.jaea.go.jp/pdfdata/P2/P51841B.pdf,5,ai
P51843,PROCESS FOR PRODUCING CARBONATE APATITE,関根 由莉奈 ; 南川 卓也 ; 香西 直文; not registered,An efficient method of producing a carbonate apatite is provided. The method comprises: a first step of calcining animal bone; and a second step of reacting a bone calcined product obtained in the first step with a basic carbonate compound.,https://jopss.jaea.go.jp/search/servlet/search?P51843,16/732396,2020/0216318,11649166,2020/01/02,2020/07/09,2023/05/16,C01B 25/16 (2006.01),https://jopss.jaea.go.jp/pdfdata/P1/P51843A.pdf | https://jopss.jaea.go.jp/pdfdata/P1/P51843A.pdf | https://jopss.jaea.go.jp/pdfdata/P2/P51843B.pdf,5,ai
P51840,CARBONATE APATITE WITH HIGH CARBONATE CONTENT,関根 由莉奈 ; 南川 卓也 ; 香西 直文; not registered,"A carbonate apatite highly containing carbonate groups, having excellent heavy metal adsorption capacity is provided. The carbonate apatite contains not less than 15.6% by weight carbonate groups, preferably contains at least one of copper (Cu), zinc (Zn), strontium (Sr), magnesium (Mg), potassium (K), iron (Fe), and sodium (Na), and preferably has a Ca/P molar ratio of not less than 1.5.",https://jopss.jaea.go.jp/search/servlet/search?P51840,16/731234,2020/0215513,11577216,2019/12/31,2020/07/09,2023/02/14,B01J 20/04 (2006.01):C01B 25/16 (2006.01),https://jopss.jaea.go.jp/pdfdata/P1/P51840A.pdf,5,ai
P51482,PRODUCTION PROCESS OF FINE-GRAINED AUSTENITIC STAINLESS STEEL,広田 憲亮 ; 武内 伴照 ; 中野 寛子; 菊池 淳*,"A process of producing a fine-grained austenitic stainless steel, the process comprising a step of subjecting a fine-grained austenitic stainless steel comprising: C: 0.15 wt % or less, Si: 1.00 wt % or less, Mn: 2.0 wt % or less, Ni: 6.0 to 14.0 wt %, Cr: 16.0 to 22.0 wt %, and Mo: 3.0 wt % or less, with the balance being Fe and inevitable impurities, and having an average grain size of 10 μm or lower, to an annealing treatment at a temperature from 600° C. to 700° C. for 48 hours or longer.",https://jopss.jaea.go.jp/search/servlet/search?P51482,16/578755,2020/0102625,11597982,2019/09/23,2020/04/02,2023/03/07,C22C 38/02 (2006.01):C21D 9/46 (2006.01):C22C 38/44 (2006.01):C22C 38/04 (2006.01):C21D 6/00 (2006.01):C21D 8/02 (2006.01),https://jopss.jaea.go.jp/pdfdata/P1/P51482A.pdf | https://jopss.jaea.go.jp/pdfdata/P1/P51482A.pdf | https://jopss.jaea.go.jp/pdfdata/P2/P51482B.pdf,5,ai
P51483,PRODUCTION PROCESS OF FINE-GRAINED AUSTENITIC STAINLESS STEEL,広田 憲亮 ; 武内 伴照 ; 中野 寛子; 菊池 淳*,"A process of producing a fine-grained austenitic stainless steel, said process comprising a step of subjecting a fine-grained austenitic stainless steel comprising: C: 0.15 wt % or less, Si: 1.00 wt % or less, Mn: 2.0 wt % or less, Ni: 6.0 to 14.0 wt %, Cr: 16.0 to 22.0 wt %, and Mo: 3.0 wt % or less, with the balance being Fe and inevitable impurities, and having an average grain size of 10 μm or lower, to an annealing treatment at a temperature from 600° C. to 700° C. for 48 hours or longer.",https://jopss.jaea.go.jp/search/servlet/search?P51483,20195799,20195799,,2019/09/23,2020/03/29,,C22C (2006.01):C22C 38/40 (2006.01):C22C 38/22 (2006.01):C22C 38/02 (2006.01):C21D 6/00 (2006.01):C21D 9/46 (2006.01):C22C 38/58 (2006.01),https://jopss.jaea.go.jp/pdfdata/P1/P51483A.pdf,5,ai
P50583,METHOD FOR SYNTHESIZING TETRAALKYLNITRILOACETIC ACID DIACETAMIDE COMPOUND,下条 晃司郎 ; 長縄 弘親; not registered,"In synthesis of a compound represented by the General Formula (1) or a salt thereof, nitrilotriacetic acid as its raw material is reacted with a dehydrating agent to allow dehydration, and the resulting nitrilotriacetic acid anhydride is reacted with a dialkylamine to obtain a reaction intermediate product. The reaction intermediate product is then similarly reacted with a dehydrating agent to allow dehydration, and the resulting reaction intermediate anhydride is reacted with a dialkylamine to synthesize a tetraalkylnitriloacetic acid diacetamide compound. In Formula (1), R1, R2, R3 and R4 independently represent the same or different hydrocarbon group, with the proviso that the total number of carbon atoms in the hydrocarbon groups R1, R2, R3, and R4 is 8 to 64.",https://jopss.jaea.go.jp/search/servlet/search?P50583,16/131479,2019/0092718,10494329,2018/09/14,2019/03/28,2019/12/03,C07C 231/02(2006.01),https://jopss.jaea.go.jp/pdfdata/P1/P50583A.pdf | https://jopss.jaea.go.jp/pdfdata/P1/P50583A.pdf | https://jopss.jaea.go.jp/pdfdata/P2/P50583B.pdf,5,ai
P50580,RADIATION-SHIELDING MATERIAL,神谷 潤一郎; 小泉 欧児* ; 那須 昌吾*,"A radiation shielding material that is lighter and has lower installation restrictions than conventional methods, and that exhibits excellent shielding efficiency against radiation in the high energy region. The radiation shielding material comprises a complex containing a fibrous nanocarbon material, a primary radiation shielding particle, and a binder, wherein the fibrous nanocarbon material and the primary radiation shielding particle are dispersed in the binder.",https://jopss.jaea.go.jp/search/servlet/search?P50580,16/464119,2019/0333653,11587691,2018/08/09,2019/02/14,2023/02/21,G21F 1/10 (2006.01):G21F 1/02 (2006.01):G21F 1/08 (2006.01),https://jopss.jaea.go.jp/pdfdata/P1/P50580A.pdf | https://jopss.jaea.go.jp/pdfdata/P1/P50580A.pdf | https://jopss.jaea.go.jp/pdfdata/P2/P50580B.pdf,5,ai
P50581,RADIATION-SHIELDING MATERIAL,神谷 潤一郎; 小泉 欧児* ; 那須 昌吾*,"The present invention provides a radiation shielding material that is lighter and has lower installation restriction than conventional methods, and that exhibits excellent shielding efficiency against radiation in the high energy region. The radiation shielding material of the present invention comprises a complex containing a fibrous nanocarbon material, a primary radiation shielding particle, and a binder, wherein the fibrous nanocarbon material and the primary radiation shielding particle are dispersed in the binder.",https://jopss.jaea.go.jp/search/servlet/search?P50581,18843387.4,3667679,3667679,2018/08/09,2019/02/14,2025/02/19,G21F 1/02 (2006.01):G21F 1/10 (2006.01):G21F 7/00 (2006.01):G21F 1/04 (2006.01):G21F 1/08 (2006.01),https://jopss.jaea.go.jp/pdfdata/P1/P50581A.pdf,5,ai
P50203,"FUNCTIONAL MEMBRANE FOR ION BEAM TRANSMISSION, BEAM LINE DEVICE USING FUNCTIONAL MEMBRANE FOR ION BEAM TRANSMISSION, FILTER DEVICE USING FUNCTIONAL MEMBRANE FOR ION BEAM TRANSMISSION, AND METHOD FOR ADJUSTING FILTER DEVICE",藤田 奈津子; 松原 章浩*,"In order to provide a functional membrane for ion beam transmission whereby ion beam transmittance can be increased and improved emittance can be obtained, the functional membrane for ion beam transmission pertaining to the present invention has a channel and is used in a beam line device through which an ion beam advancing in one direction passes, and is characterized in that the channel axis is essentially parallel to the advancing direction of the ion beam.",https://jopss.jaea.go.jp/search/servlet/search?P50203,18771662.6,3605555,,2018/03/09,2018/09/27,,G21K 1/14 (2006.01):G01T 1/185(2006.01):G21K 1/00 (2006.01):H01J 37/18 (2006.01):H05H 5/06 (2006.01),https://jopss.jaea.go.jp/pdfdata/P1/P50203A.pdf,5,ai
P14045,OPTICAL DETECTION ELEMENT AND SOLID-STATE IMAGE PICKUP DEVICE,武内 伴照 ; 土谷 邦彦; 上柳 智裕* ; 渡辺 恭志*,A radiation tolerant optical detection element includes: a p-type base-body region; a gate insulating film provided on an upper surface of the base-body region; an n-type buried charge-generation region buried in an upper portion of the base-body region; an n-type charge-readout region buried in an upper portion of the base-body region on the inner-contour side of the buried charge-generation region; an n-type reset-drain region buried on the inner-contour side of the charge-readout region; a transparent electrode provided on the gate insulating film above the buried charge-generation region; and a reset-gate electrode provided on a portion of the gate insulating film between the charge-readout region and the reset-drain region.,https://jopss.jaea.go.jp/search/servlet/search?P14045,15/412154,2017/0133419,9923006,2015/07/23,2016/01/28,2018/03/20,H01L 27/148(2006.01):H01L 27/146(2006.01),https://jopss.jaea.go.jp/pdfdata/P1/P14045A.pdf | https://jopss.jaea.go.jp/pdfdata/P1/P14045A.pdf | https://jopss.jaea.go.jp/pdfdata/P2/P14045B.pdf,5,ai
P13964,NEUTRON DETECTOR,中村 龍也; 片桐 政樹* ; 筒井 紀彰* ; 坂上 敦*,"A neutron detector with a unique neutron detecting element is disclosed. The neutron detecting element has an inner cylindrical neutron scintillator where a neutron detection body including a ZnS phosphor, and a neutron converter material which contains 6Li or 10B is arranged outside of the cylindrical substrate; a scintillator fluorescence detection body made by placing coiled wavelength shift fibers where two wavelength shift fibers are wound in parallel along the cylindrical substrate on said inner cylindrical neutron scintillator; and an outer cylindrical neutron scintillator where a neutron detection body is arranged inside of the cylindrical substrate, the outer cylindrical neutron scintillator being arranged on the scintillator fluorescence detection body. The fluorescence signals converted into pulse signals by two optical detectors are led to a coincidence circuit, and when two fluorescence signals are measured simultaneously during the predetermined period of time, a neutron signal is output.",https://jopss.jaea.go.jp/search/servlet/search?P13964,14/502698,2015/0097122,9268045,2014/09/30,2015/04/09,2016/02/23,G01T 3/06 (2006.01),https://jopss.jaea.go.jp/pdfdata/P1/P13964A.pdf | https://jopss.jaea.go.jp/pdfdata/P1/P13964A.pdf | https://jopss.jaea.go.jp/pdfdata/P2/P13964B.pdf,5,ai
P13843,NEUTRON DETECTOR AND NEUTRON IMAGE DETECTOR WITH SCINTILLATOR,中村 龍也 ; 海老根 守澄 ; 美留町 厚 ; 大図 章 ; 片桐 政樹; 寄林 豊* ; 筒井 紀彰*,"A neutron detector without 3He gas, provided with a translucent type plate neutron scintillator having the structure capable to emit fluorescence from double-sides; the neutron scintillator is composed of ZnS fluorescent substance and a neutron converter which contains 6Li or 10B, and arranged at an angle of 45 degrees from the neutrons which are incident in parallel all together, inside of a cylindrical detector housing with the circular or square section where the specular reflector with the reflectance of 90% or more is arranged internally, and the fluorescence emitted when the neutron enters the scintillator is detected by two photo multipliers arranged on both sides, and signals output from these two photo multipliers are processed to be taken out as a neutron signal.",https://jopss.jaea.go.jp/search/servlet/search?P13843,13/943324,2014/0021359,8822943,2013/07/16,2014/01/23,2014/09/02,G01T 3/06 (2006.01),https://jopss.jaea.go.jp/pdfdata/P1/P13843A.pdf | https://jopss.jaea.go.jp/pdfdata/P1/P13843A.pdf | https://jopss.jaea.go.jp/pdfdata/P2/P13843B.pdf,5,ai
P13845,NEUTRON DETECTOR AND NEUTRON IMAGE DETECTOR WITH SCINTILLATOR PLATE,中村 龍也 ; 海老根 守澄 ; 美留町 厚 ; 大図 章 ; 片桐 政樹; 寄林 豊* ; 筒井 紀彰*,"A neutron detector without 3 He gas, provided with a translucent type plate neutron scintillator having the structure capable to emit fluorescence from double-sides; the neutron scintillator is composed of ZnS fluorescent substance and a neutron converter which contains 6 Li or 10 B, and arranged at an angle of 45 degrees from the neutrons which are incident in parallel all together, inside of a cylindrical detector housing with the circular or square section where the specular reflector with the reflectance of 90% or more is arranged internally, and the fluorescence emitted when the neutron enters the scintillator is detected by two photo multipliers arranged on both sides, and signals output from these two photo multipliers are processed to be taken out as a neutron signal.",https://jopss.jaea.go.jp/search/servlet/search?P13845,13176901.0,2687870,2687870,2013/07/17,2014/01/22,2020/09/02,G01T 3/06 (2006.01),https://jopss.jaea.go.jp/pdfdata/P1/P13845A.pdf | https://jopss.jaea.go.jp/pdfdata/P1/P13845A.pdf | https://jopss.jaea.go.jp/pdfdata/P2/P13845B.pdf,5,ai
P13844,Detecteur de neutrons et detecteur d'image de neutrons avec une plaque-scintillateur,中村 龍也 ; 海老根 守澄 ; 美留町 厚 ; 大図 章 ; 片桐 政樹; 寄林 豊* ; 筒井 紀彰*,"A neutron detector without 3 He gas, provided with a translucent type plate neutron scintillator having the structure capable to emit fluorescence from double-sides; the neutron scintillator is composed of ZnS fluorescent substance and a neutron converter which contains 6 Li or 10 B, and arranged at an angle of 45 degrees from the neutrons which are incident in parallel all together, inside of a cylindrical detector housing with the circular or square section where the specular reflector with the reflectance of 90% or more is arranged internally, and the fluorescence emitted when the neutron enters the scintillator is detected by two photo multipliers arranged on both sides, and signals output from these two photo multipliers are processed to be taken out as a neutron signal.",https://jopss.jaea.go.jp/search/servlet/search?P13844,13176901.0,2687870,2687870,2013/07/17,2014/01/22,2020/09/02,G01T 3/06 (2006.01),https://jopss.jaea.go.jp/pdfdata/P1/P13844A.pdf | https://jopss.jaea.go.jp/pdfdata/P1/P13844A.pdf | https://jopss.jaea.go.jp/pdfdata/P2/P13844B.pdf,5,ai
P13703,PROCEDE DE PRODUCTION DE METHYLIMINOBISDIALKYLACETAMIDE,佐々木 祐二; 折山 剛* ; 大橋 朗*,"L'invention concerne un procede permettant de produire en toute securite et de maniere efficace des methylimino-N,N-dialkylacetamides. Les methyliminio-N,N-dialkylacetamides peuvent être utilises comme substance d'extraction pour extraire le Pd, le Tc, le Mo et le Pu contenus dans un dechet liquide hautement radioactif. L'invention concerne egalement un methyliminio-N,N-dialkylacetamide represente par la formule generale (I) : CH - N - (CH CON (R) ) ....(I) (dans laquelle, R est un groupe alkyle contenant de 2 a 12 carbones), qui est obtenu par le melange de l'acide methyliminodiacetique et du methylimidazole dans du dichloromethane anhydre, l'ajout de chlorure de p-toluenesulfonyle pour obtenir, comme intermediaire, un compose d'imidazole ayant reagi avec l'acide methyliminodiacetique et l'ajout d'une amine secondaire a cet intermediaire.",https://jopss.jaea.go.jp/search/servlet/search?P13703,1250176,2970251,2970251,2012/01/06,2012/07/13,2013/02/08,C07C 231/02:C07C 233/05:C07C 237/06,https://jopss.jaea.go.jp/pdfdata/P1/P13703A.pdf | https://jopss.jaea.go.jp/pdfdata/P1/P13703A.pdf | https://jopss.jaea.go.jp/pdfdata/P2/P13703B.pdf,5,ai
P13577,NEUTRON IMAGE DETECTIING METHOD AND NEUTRON IMAGE DETECTOR USING ITS METHOD,中村 龍也 ; 片桐 政樹 ; 海老根 守澄 ; 美留町 厚; 寄林 豊*,"A neutron image detection method is disclosed, which collects a fluorescent light generated by a neutron incident at a designated position interval in one-dimensional geometry and determines an incident position of the neutron by detecting the collected fluorescent light, in which the fluorescent light is detected by a photon counting method; a pulse signal generated by an individual output photon is extracted on the basis of a clock signal generated with the same time interval as the time width of the pulse signal generated by a signal photon; a count-value distribution is obtained in terms of incident position as variable determined by a signal neutron incident by counting the pulse signal output; and a neutron incident position is determined by a calculating a median point on the basis of the obtained count-value distribution.",https://jopss.jaea.go.jp/search/servlet/search?P13577,13/035248,2011/0284750,8253107,2011/02/25,2011/11/24,2012/08/28,G01T 1/10 (2006.01),https://jopss.jaea.go.jp/pdfdata/P1/P13577A.pdf | https://jopss.jaea.go.jp/pdfdata/P1/P13577A.pdf | https://jopss.jaea.go.jp/pdfdata/P2/P13577B.pdf,5,ai
P13578,NEUTRON IMAGE DETECTING METHOD AND NEUTRON IMAGE DETECTOR USING ITS METHOD,中村 龍也 ; 片桐 政樹 ; 海老根 守澄 ; 美留町 厚; 寄林 豊*,"A neutron image detection method is disclosed, which collects a fluorescent light generated by a neutron incident at a designated position interval in one-dimensional geometry and determines an incident position of the neutron by detecting the collected fluorescent light, in which the fluorescent light is detected by a photon counting method; a pulse signal generated by an individual output photon is extracted on the basis of a clock signal generated with the same time interval as the time width of the pulse signal generated by a single photon; a count-value distribution is obtained in terms of incident position as variable determined by a single neutron incident by counting the pulse signal output; and a neutron incident position is determined by calculating a median point on the basis of the obtained count-value distribution.",https://jopss.jaea.go.jp/search/servlet/search?P13578,11001589.8,2386879,2386879,2011/02/25,2011/11/16,2021/05/05,G01T 3/06 (2006.01),https://jopss.jaea.go.jp/pdfdata/P1/P13578A.pdf | https://jopss.jaea.go.jp/pdfdata/P1/P13578A.pdf | https://jopss.jaea.go.jp/pdfdata/P2/P13578B.pdf,5,ai
P13579,NEUTRON IMAGE DETECTING METHOD AND NEUTRON IMAGE DETECTOR USING ITS METHOD,中村 龍也 ; 片桐 政樹 ; 海老根 守澄 ; 美留町 厚; 寄林 豊*,"A neutron image detection method is disclosed, which collects a fluorescent light generated by a neutron incident at a designated position interval in one-dimensional geometry and determines an incident position of the neutron by detecting the collected fluorescent light, in which the fluorescent light is detected by a photon counting method; a pulse signal generated by an individual output photon is extracted on the basis of a clock signal generated with the same time interval as the time width of the pulse signal generated by a single photon; a count-value distribution is obtained in terms of incident position as variable determined by a single neutron incident by counting the pulse signal output; and a neutron incident position is determined by calculating a median point on the basis of the obtained count-value distribution.",https://jopss.jaea.go.jp/search/servlet/search?P13579,11001589.8,2386879,2386879,2011/02/25,2011/11/16,2021/05/05,G01T 3/06 (2006.01),https://jopss.jaea.go.jp/pdfdata/P1/P13579A.pdf | https://jopss.jaea.go.jp/pdfdata/P1/P13579A.pdf | https://jopss.jaea.go.jp/pdfdata/P2/P13579B.pdf,5,ai
P13090,Vient Flamingo,長谷 純宏 ; 田中 淳; 飯塚 正英* ; 木村 康夫* ; 関口 政行*,"A new and distinct cultivar of Osteospermum plant named `Vient Flamingo`,characterized by its compact, semi-upright, outwardly spreading andmounded plant habit; freely branching growth habit; freely floweringhabit; large daisy-type inflorescences with yellow-colored ray floretswith red purple-colored venation; and good garden performance.",https://jopss.jaea.go.jp/search/servlet/search?P13090,12/152677,,PP20332,2008/05/14,,2009/09/22,,,5,ai
P50585,METHOD FOR SYNTHESIZING TETRAALKYLNITRILOACETIC ACID DIACETAMIDE COMPOUND,下条 晃司郎 ; 長縄 弘親; not registered,"In synthesis of a compound represented by the General Formula (1) or a salt thereof, nitrilotriacetic acid as its raw material is reacted with a dehydrating agent to allow dehydration, and the resulting nitrilotriacetic acid anhydride is reacted with a dialkylamine to obtain a reaction intermediate product. The reaction intermediate product is then similarly reacted with a dehydrating agent to allow dehydration, and the resulting reaction intermediate anhydride is reacted with a dialkylamine to synthesize a tetraalkylnitriloacetic acid diacetamide compound.",https://jopss.jaea.go.jp/search/servlet/search?P50585,2018/005628,,1026010,2018/09/13,,2019/09/12,C07C 231/02:C07C 237/06,https://jopss.jaea.go.jp/pdfdata/P1/P50585A.pdf | https://jopss.jaea.go.jp/pdfdata/P1/P50585A.pdf | https://jopss.jaea.go.jp/pdfdata/P2/P50585B.pdf,5,ai
P53264,観測点決定装置及び観測点決定方法,町田 昌彦; not registered,【課題】観測点数を極力少なくしながら観測対象を確実に観測できるよう観測点の最適化を図る。 【解決手段】観測点決定装置1は、対象区域の構造物の表面を分割して複数の格子面を作成する格子面作成部13と、対象区域内の空間を分割して複数の空間格子点を作成する空間格子点作成部16と、を備える。観測点決定装置1は、観測点における観測結果から観測対象を推定する逆推定が成功する観測点の最少点数を、観測対象の数と格子面の数とに基づいて決定する最少点数決定部15を備える。観測点決定装置1は、各格子面の任意の点と空間格子点とを結ぶ直線が当該空間格子点に直接到達するか否かを、空間格子点毎に判定する直達判定部17と、観測点の最少点数と直達判定部17の判定結果とに基づいて観測点を決定する観測点決定部19と、を備える。,https://jopss.jaea.go.jp/search/servlet/search?P53264,2022-083280,2023-171063,7605492,2022/05/20,2023/12/01,2024/12/16,G01T 1/16(2006.01):G01T 1/167(2006.01):G21C 17/00(2006.01):G21C 17/013(2006.01),https://jopss.jaea.go.jp/pdfdata/P1/P53264A.pdf | https://jopss.jaea.go.jp/pdfdata/P1/P53264A.pdf | https://jopss.jaea.go.jp/pdfdata/P2/P53264B.pdf,4,"推定, 最適化"
P51880,核物質検知装置、核物質検知方法、試料分析方法,米田 政夫 ; 藤 暢輔; not registered,【課題】一次中性子成分と、これによって試料から発生する二次中性子成分が共に検出される場合に、適切に二次中性子成分を認識して試料の分析を行う。 【解決手段】中性子検出器20は、中性子1個を吸収する度にパルス出力をする。解析装置30は、中性子検出器20における中性子の検出タイミングの時間差を算出する時間差算出部31と、この時間差のデータから上記の認識を行う解析部32を具備する。時間差算出部31は、中性子検出器20が中性子を検出した度に、この検出タイミングよりも前に中性子を検出した検出タイミングとの時間差ΔTを算出し、解析部32はこの値を認識し、認識されたΔTの全てを記憶し、測定の終了後にそのヒストグラムを生成する。ΔTのヒストグラムから試料Sにおける核物質の検知、その含有量を推定することができる。,https://jopss.jaea.go.jp/search/servlet/search?P51880,2020-006793,2021-113751,7281816,2020/01/20,2021/08/05,2023/05/18,G21C 17/00 (2006.01):G21C 17/06 (2006.01),https://jopss.jaea.go.jp/pdfdata/P1/P51880A.pdf | https://jopss.jaea.go.jp/pdfdata/P1/P51880A.pdf | https://jopss.jaea.go.jp/pdfdata/P2/P51880B.pdf,4,"推定, 認識"
P50720,組成分析方法及び組成分析装置、硬度算出方法及び硬度算出装置,阿部 雄太 ; 中桐 俊男; 川上 智彦*,【課題】金属を主成分とする材料中のO、Bの組成や材料の硬度を非接触で精密に算出できる。 【解決手段】図5の関係より、上記の方法で算出された(B/O)/M値のみからビッカース硬度を推定することは一般的には困難である。しかしながら、試料が図5におけるZを挟んだどちらの領域にあるかを判定することができれば、(B/O)/M値からビッカース硬度を推定することができる。前記の通り、図5におけるZよりも左側の領域はOの組成比が大きい場合であり、Zよりも右側の領域はBの組成比が大きな場合に対応する。このため、前記のO/M値、B/M値に応じてこの試料がどちらの領域に属するかを認識することができる。結局、(B/O)/M値から前記の一次式を用いてビッカース硬度を算出することができる。,https://jopss.jaea.go.jp/search/servlet/search?P50720,2018-199316,2020-067337,7116420,2018/10/23,2020/04/30,2022/08/02,G01N 21/71 (2006.01):G01N 3/42 (2006.01),https://jopss.jaea.go.jp/pdfdata/P1/P50720A.pdf | https://jopss.jaea.go.jp/pdfdata/P1/P50720A.pdf | https://jopss.jaea.go.jp/pdfdata/P2/P50720B.pdf,4,"推定, 認識"
P50880,放射線分布の3次元表示方法及び装置,鳥居 建男 ; 佐藤 優樹; 小澤 慎吾* ; 菅原 洋*,【課題】地表の広い範囲における放射性物質の位置を高精度で検出して3次元表示可能とする。 【解決手段】3次元位置を検出可能な移動体(ドローン10)に搭載された放射線検出器(コンプトンカメラ20)を用いて放射線を測定し、前記移動体(10)の移動に伴って得られる複数位置での前記放射線検出器(20)による測定結果と前記移動体(10)の3次元位置情報とを用いることによって、放射線分布の3次元マップを作成し、該放射線分布の3次元マップを、3次元の地形データ又は航空写真と重ね合せて表示する際に、放射線検出器(20)による放射線測定値を、地表(6)面の単位面積毎の測定にかかった時間に応じて時間補正する。更に、放射線検出器(20)と地表(6)面の距離に応じて距離補正したり、放射線検出器(20)に対する放射線の入射角度に応じて角度補正したりすることもできる。,https://jopss.jaea.go.jp/search/servlet/search?P50880,2018-173023,2020-046231,7165348,2018/09/14,2020/03/26,2022/10/26,G01T 1/16 (2006.01),https://jopss.jaea.go.jp/pdfdata/P1/P50880A.pdf | https://jopss.jaea.go.jp/pdfdata/P1/P50880A.pdf | https://jopss.jaea.go.jp/pdfdata/P2/P50880B.pdf,4,"カメラ, ドローン"
P14098,光無線通信システム、該システム用光受信装置および光無線通信方法,大塚 紀彰 ; 武内 伴照; 柴垣 太郎* ; 野沢 省吾* ; 八束 純司*,【課題】情報を2次元コードに対応した発光パターンで表示可能な表示面をそれぞれ有する複数の送信装置と、複数の送信装置の表示面を撮影するカメラおよびその映像から発光パターンを抽出する抽出部を有する受信装置と、を備える光無線通信システムにおいて、通信状態が変化した場合にでも、複数の送信装置から送信される2次元コードを確実且つ効率よく取得できるようにする。 【解決手段】カメラの画面に対し、送信装置毎にその表示面が含まれる必要十分な領域を設定する。そして、表示面の作動のタイミング、期間および周期に対応して、その設定された領域に対し300F/Sの高速度の画像取り込み処理を実行して光パターンを抽出し、情報復元手段に転送するための画像取り込み処理を行う。,https://jopss.jaea.go.jp/search/servlet/search?P14098,2017-057879,2018-160840,6829439,2017/03/23,2018/10/11,2021/01/26,H04B 10/116(2013.01):H04B 10/516(2013.01):H04B 10/69 (2013.01):H04L 7/00 (2006.01),https://jopss.jaea.go.jp/pdfdata/P1/P14098A.pdf | https://jopss.jaea.go.jp/pdfdata/P1/P14098A.pdf | https://jopss.jaea.go.jp/pdfdata/P2/P14098B.pdf,4,"カメラ, 画像"
P13947,レーザー光を用いた溶断・破砕適応制御装置,村松 壽晴 ; 山田 知典 ; 羽成 敏秀 ; 武部 俊彦 ; 松永 幸大; 酒井 英明* ; 碓井 秀三* ; 中田 正宏* ; 坪井 昭彦* ; 社本 英泰*,【課題】異なる材料が混在して、無定形で不規則な外形を有する処理対象物を、その材料に対応して溶断あるいは破砕できるレーザー光を用いた溶断・破砕適応制御装置を提供する。 【解決手段】レーザー加工ヘッド6を搭載したロボット1、対象物19の状態を検出する検出部3、検出情報に基づいてロボット1を制御する制御部2を備え、検出部3は対象物19からのレーザー光8の反射光25を受光し、反射光25に基づいて対象物19の形状を認識するレーザースキャナ12、反射光25に基づいて対象物19の材質を検出する分光計1と、反射光25に基づいて対象物19の溶断の有無を検出する温度計13を有し、制御部2は検出部3からの情報に基づいて、ロボットをするロボット制御部と、レーザー光8を制御するレーザー光制御部9を有している。,https://jopss.jaea.go.jp/search/servlet/search?P13947,2014-016086,2015-139820,6265417,2014/01/30,2015/08/03,2018/01/05,B23K 26/38 (2014.01):B23K 26/00 (2014.01):B23K 26/03 (2006.01):B23K 26/08 (2014.01):B23K 26/044(2014.01):B23K 26/142(2014.01):B23K 26/16 (2006.01):G21F 9/30 (2006.01),https://jopss.jaea.go.jp/pdfdata/P1/P13947A.pdf | https://jopss.jaea.go.jp/pdfdata/P1/P13947A.pdf | https://jopss.jaea.go.jp/pdfdata/P2/P13947B.pdf,4,"ロボット, 認識"
P13787,垂直面線量率マップ作成装置,三村 竜二 ; 川妻 伸二 ; 岡田 尚; 斉藤 義彦*,【課題】立木や建物の側壁など、垂直面におけるγ線の線量率マップを精確に作成するための装置を提供すること。 【解決手段】伸縮可能なロッドの先端にガイガーミューラ管を取り付け、高所におけるγ線の線量率を測定すると共に、その位置を把握するために、そのGM管と実質的に同位置のロッド上に赤外線発光部を設け、かつロッドの位置から離れた個所に赤外線カメラと可視光カメラを設置して、両者のカメラで撮像された映像を画像処理することで、赤外線発光部の位置とその位置での線量率を、可視光カメラで捉えた測定対象物上に重ねて表示するようにしている。この操作を順次位置を変えながら繰り返すことにより、例えば、建物側壁面などの線量率の分布を建物側壁の可視光写真上に表示する。,https://jopss.jaea.go.jp/search/servlet/search?P13787,2012-114349,2013-242181,6004393,2012/05/18,2013/12/05,2016/09/16,G01T 1/16 (2006.01):G01T 1/167(2006.01),https://jopss.jaea.go.jp/pdfdata/P1/P13787A.pdf | https://jopss.jaea.go.jp/pdfdata/P1/P13787A.pdf | https://jopss.jaea.go.jp/pdfdata/P2/P13787B.pdf,4,"カメラ, 画像"
P55002,飛行時間測定方法及び飛行時間補正装置,山本 和喜 ; 徐 平光; 岩本 ちひろ*,【要約】 パルス荷電粒子線をターゲットに照射することで中性子を発生させて対象物に照射し、その結果、対象物で散乱した中性子を検出して中性子の飛行時間を求める(ステップS5)。求めた飛行時間を、中性子の飛行に係る遅延時間を推定するための遅延時間データに基づいて補正する(ステップS6)。遅延時間データは、パルス荷電粒子線のパルス幅と、対象物への中性子を減速させるモデレータの減速特性との一方又は両方に基づいて予め求められる(ステップS1~S4)。,https://jopss.jaea.go.jp/search/servlet/search?P55002,PCT/JP2025/023886,WO2026/028709,,2025/07/02,2026/02/05,,G01N 23/204(2006.01),https://jopss.jaea.go.jp/pdfdata/P1/P55002A.pdf,2,推定
P54320,放射線検出装置,米田 政夫 ; 藤 暢輔; 田辺 鴻典* ; 土屋 兼一*,【課題】中性子等の放射線の入射方向を検出できる安価な放射線検出装置を得る。 【解決手段】この放射線検出装置1においては、検出槽10がその中心の周りの周方向で複数(4つ)の領域に区分され、領域毎の発光強度(発光量)が認識され、これによって紙面内の2次元内における中性子の入射方向が算出される。このため、図1においては、円形の検出槽10は、周方向で等間隔の4つの領域R1~R4に区分される。各領域の境界は、光(可視光、紫外光等)を反射させる境界層11によって区分される。円形の検出槽10の外周には、各領域毎の発光強度を検出する光検出器D1~D4が設置されている、入射方向は領域毎の発光量(あるい領域の組み合わせの総和の発光量)の大小関係によって決定される。,https://jopss.jaea.go.jp/search/servlet/search?P54320,2024-037897,2025-139123,,2024/03/12,2025/09/26,,G01T 1/22 (2006.1),https://jopss.jaea.go.jp/pdfdata/P1/P54320A.pdf,2,認識
P53980,放射線検出装置、放射性核種検出装置、放射性核種分布測定方法,寺阪 祐太; not registered,【課題】放射線を検出することによって放射性核種の分布を認識する際に、この放射線のエネルギーに関する情報も認識することによって、複数の放射性核種が混在している場合でも、特定の放射性核種を検出する。 【解決手段】液体ライトガイド10の両端には、それぞれ端部で光を検出する光検出器21A、21Bが設けられる。MCA26で、液体ライトガイド10に荷電粒子が入射した際における1回の発光に対する、光検出器21A、21Bにおける検出タイミングの時間差を認識することができる。放射線検出装置1によって得られた検出強度分布においては、両端部側に第2の検出光(端面での反射を経た光)に基づく反射ピークが形成され、これらの間に第1の検出光(端面での反射を経ない光)に基づく非反射ピークが形成される。荷電粒子に起因するチェレンコフ光を検出する場合には、これらのピークの強度比は荷電粒子のエネルギーによって変化する。,https://jopss.jaea.go.jp/search/servlet/search?P53980,2023-118210,2025-015087,,2023/07/20,2025/01/30,,G01T 1/22 (2006.01),https://jopss.jaea.go.jp/pdfdata/P1/P53980A.pdf,2,認識
P53840,物質検知装置,前田 亮 ; 藤 暢輔 ; 米田 政夫; not registered,【課題】様々な試料における様々な物質を高精度で検知する。 【解決手段】中性子線N0(照射中性子)の照射によって試料Sから発せられた中性子(検出対象中性子N)を異なる箇所で検出する2つの独立した中性子検出器20A、20Bが用いられる。中性子検出器20A、20Bにおける中性子の検出毎の時間差のヒストグラムを作成し、その中で領域IIIを認識すれば、この領域IIIの大きさは核物質の量に対応する。,https://jopss.jaea.go.jp/search/servlet/search?P53840,2023-047902,2024-136701,7287736,2023/03/24,2024/10/04,2023/05/29,G01N 23/222 (2006.01,https://jopss.jaea.go.jp/pdfdata/P2/P53840B.pdf,2,認識
P53760,α線放出核種の分析方法及び分析装置,瀬川 麻里子 ; 前田 亮 ; 藤 暢輔; not registered,【課題】薄層クロマトグラフィの異常を早期に発見可能なα線放出核種の分析方法を提供する。 【解決手段】α線放出核種の分析方法は、薄層プレート上でα線放出核種を化学形毎に分離する分離ステップと、分離ステップの過程で薄層プレートを繰り返し撮像する撮像ステップと、撮像ステップで撮像画像を生成する度に、当該撮像画像が正常範囲内か否かを判定する判定ステップと、判定ステップで全ての撮像画像が正常範囲内だと判定した場合に、α線放出核種の各化学形に対応するスポット領域の輝度値を抽出する抽出ステップと、輝度値とα線量との予め求められた対応関係に基づいて、輝度値に対応するα線量をα線放出核種の化学形毎に特定する特定ステップとを含む。薄層プレート及び溶媒の少なくとも一方は、α線に晒されて可視光を放出する蛍光剤を含む。,https://jopss.jaea.go.jp/search/servlet/search?P53760,2023-016184,2024-111587,,2023/02/06,2024/08/19,,G01T 1/167(2006.01):G01T 1/20 (2006.01),https://jopss.jaea.go.jp/pdfdata/P1/P53760A.pdf,2,画像
P53229,線源推定装置及び線源推定方法,町田 昌彦; not registered,【課題】数少ない測定結果から放射線源の分布を精度良く推定する。 【解決手段】線源推定装置1は、対象区域を分割して得られた複数の領域のそれぞれに存在すると仮定された放射線源を示す線源ベクトルωを作成する線源ベクトル作成部13と、測定点における測定値を示す線量ベクトルYを作成する線量ベクトル作成部15と、線源ベクトルωが示す放射線源の数と測定点の数とに対応する行列Xを計算する行列計算部16と、対象区域における放射線源の分布を推定する線源推定部17と、を備える。線源推定部17は、線源ベクトルωと行列Xとの積を線量ベクトルYの擬似ベクトルと見做し、線源ベクトルωをスパースベクトルとして、擬似ベクトルから線源ベクトルωを復元する逆解析を行うことにより、放射線源の分布を推定する。,https://jopss.jaea.go.jp/search/servlet/search?P53229,2022-083279,2023-171062,7607945,2022/05/20,2023/12/01,2024/12/20,G01T 1/16(2006.01):G01T 1/169(2006.01):G01T 1/00(2006.01):G21F 9/00(2006.01):G21C 17/00(2006.01),https://jopss.jaea.go.jp/pdfdata/P1/P53229A.pdf | https://jopss.jaea.go.jp/pdfdata/P1/P53229A.pdf | https://jopss.jaea.go.jp/pdfdata/P2/P53229B.pdf,2,推定
P53320,情報処理方法、情報処理装置、及び、情報処理システム,佐藤 優樹; not registered,【課題】現実空間と仮想空間との間で簡便に情報共有を行うことを可能とする情報処理方法を提供する。 【解決手段】情報処理方法は、現実空間を撮影した複数の静止画データを取得するデータ取得工程(S100)と、複数の静止画データのうち少なくとも1つの静止画データに撮影された対象物に対応付けて、現実空間の対象物に第1の仮想イメージを重畳表示させるためのマーカ情報を作成するマーカ情報作成工程(S110~S112)と、複数の静止画データに基づいて現実空間の三次元モデルを作成する三次元モデル作成工程(S120~S123)と、三次元モデルに含まれる対象物に対応付けて、三次元モデルに基づいて表示される仮想空間の対象物に第2の仮想イメージを重畳表示させるためのオブジェクト情報を作成するオブジェクト情報作成工程(S130~S132)と、を有する。,https://jopss.jaea.go.jp/search/servlet/search?P53320,2022-031560,2023-127707,7219932,2022/03/02,2023/09/14,2023/02/01,G06T 19/00 (2011.01):G06T 7/00 (2017.01):G06T 7/55 (2017.01),https://jopss.jaea.go.jp/pdfdata/P1/P53320A.pdf | https://jopss.jaea.go.jp/pdfdata/P1/P53320A.pdf | https://jopss.jaea.go.jp/pdfdata/P2/P53320B.pdf,2,モデル
P53062,放射線検出器及び放射線の入射方位推定方法,眞田 幸尚 ; 佐々木 美雪; 鳥居 建男*,【課題】放射線の入射方向を検出することができ、かつ、安価に小型軽量化を図ることが可能な放射線検出器を提供する。 【解決手段】放射線検出器1は、放射線を検出し、フラクタル構造を形成するように配列された複数の放射線センサ10と、隣り合う放射線センサ10の間を埋める放射線遮蔽材20と、を備える。,https://jopss.jaea.go.jp/search/servlet/search?P53062,2021-176290,2023-065889,7708371,2021/10/28,2023/05/15,2025/07/07,G01T 1/29 (2006.01):G01T 1/20 (2006.01),https://jopss.jaea.go.jp/pdfdata/P1/P53062A.pdf | https://jopss.jaea.go.jp/pdfdata/P1/P53062A.pdf | https://jopss.jaea.go.jp/pdfdata/P2/P53062B.pdf,2,推定
P52660,核医学診断装置、試料評価方法,平出 哲也; 大鷹 豊* ; 島添 健次* ; 澁谷 憲悟*,【課題】試料(人体を含む)における複数の情報を陽電子を用いて同時に測定する。 【解決手段】個々のγ線検出器からの出力は、イベント抽出部20に入力する。イベント抽出部20は、認識された個々のパルス出力の中における、2光子消滅によると推測されるもの(2光子検出イベント)と、3光子消滅によると推測されるもの(3光子検出イベント)を認識し、それぞれに関わる情報を、記憶部30に記憶させる。マッピング部40は、このうち、2光子検出イベント情報のみから、2光子消滅強度分布を算出し、3光子検出イベント情報のみから、3光子消滅強度分布を算出する。演算部60は、被験者Hの体内における2光子消滅強度分布、3光子消滅強度分布より、3光子消滅強度の2光子消滅強度に対する比率(対消滅強度比)を、位置毎に算出する。演算部60は、このように算出された位置毎の対消滅強度比から、ラジカル濃度を算出することができる。,https://jopss.jaea.go.jp/search/servlet/search?P52660,2021-142101,2023-035329,7551124,2021/09/01,2023/03/13,2024/09/06,G01T 1/161 (2006.01):G01T 1/20 (2006.01),https://jopss.jaea.go.jp/pdfdata/P1/P52660A.pdf | https://jopss.jaea.go.jp/pdfdata/P1/P52660A.pdf | https://jopss.jaea.go.jp/pdfdata/P2/P52660B.pdf,2,認識
P53100,放射線分析方法、放射線分析装置,冠城 雅晃; 島添 健次*,高線量下においても放射線検出器で得られたエネルギースペクトルの解析によって試料の分析を高精度で行う。 この放射線分析方法においては、まず、試料のスペクトル(実測スペクトル)が放射線検出器によって測定される(試料測定工程:S1)。ここではシンチレータとして異なる大きさのものが複数種類、遮蔽体として異なる厚さのものが複数種類用いられ、各条件(設定条件)毎に実測スペクトルが得られる。次に、参照用線源に対して、前記同様の測定が行われる(参照用線源測定工程:S2)。次に、参照用線源測定工程(S2)で得られた参照スペクトルから、前記のように実測スペクトル中における背景核種(137CS)に起因する成分である背景核種起因成分を推定する(背景核種起因成分推定工程:S3)。次に、実測スペクトルと背景核種起因成分との差分となる補正後スペクトルが算出される(補正後スペクトル算出工程:S4)。,https://jopss.jaea.go.jp/search/servlet/search?P53100,2022-555593,WO-2022/075455,7665216,2021/10/08,2022/04/14,2025/04/11,G01T 1/167(2006.01):G01T 1/20 (2006.01):G01T 1/208(2006.01),https://jopss.jaea.go.jp/pdfdata/P1/P53100A.pdf | https://jopss.jaea.go.jp/pdfdata/P1/P53100A.pdf | https://jopss.jaea.go.jp/pdfdata/P2/P53100B.pdf,2,推定
P52240,核物質分布測定装置,森下 祐樹; not registered,【課題】放射線のバックグラウンド成分を適切に認識することによって核物質の分布を適正に認識する。 【解決手段】位置検出型放射線検出器がα線又はβ線を検出することによって、パルス状の出力信号が発せられる(S1)。解析部は、この波形データから、この出力信号がα線によるものかβ線によるものかを認識し(S2)、認識されたエネルギーと位置情報、検出時刻を、α線、β線毎に区分して記憶部に記憶させる(S3)。測定時間内における全ての検出によって上記の情報が記憶された後、解析部は、β線の検出時刻とα線の検出時刻とが近い組み合わせ(α-β相関イベント)を抽出する(S5)。解析部は、この結果より、222RNに起因したバックグラウンド成分を算出することができる(S7)。検出されたα線の検出強度からこのバックグラウンド成分を差し引いた値を、補正後のα線の検出強度とすることができる(S8)。,https://jopss.jaea.go.jp/search/servlet/search?P52240,2020-062776,2021-162422,7347805,2020/03/31,2021/10/11,2023/09/11,G01T 1/16 (2006.01):G01T 1/17 (2006.01):G01T 1/36 (2006.01):G01T 1/20 (2006.01),https://jopss.jaea.go.jp/pdfdata/P1/P52240A.pdf | https://jopss.jaea.go.jp/pdfdata/P1/P52240A.pdf | https://jopss.jaea.go.jp/pdfdata/P2/P52240B.pdf,2,認識
P52180,放射線検出器,森下 祐樹; not registered,【課題】α線とβ線を区別して高感度で検出することができる放射線検出器を得る。 【解決手段】スチルベンで構成されたシンチレータ10が用いられる。光検出器20からは、α線、β線のシンチレータ10に対する入射毎にパルス出力が発せられる。コンピュータ40における解析部41により、このパルス信号における積分値であるI1、I2がパルス毎に算出され、I2/I1が算出される。この結果、I2/I1の値が閾値Kよりも大きい場合には、この出力はα線によるものと認識され、I2/I1の値が閾値K以下であった場合には、この出力はβ線によるものとしてカウントされる。,https://jopss.jaea.go.jp/search/servlet/search?P52180,2020-062775,2021-162421,7352963,2020/03/31,2021/10/11,2023/09/21,G01T 1/20 (2006.01):G01T 1/16 (2006.01),https://jopss.jaea.go.jp/pdfdata/P1/P52180A.pdf | https://jopss.jaea.go.jp/pdfdata/P1/P52180A.pdf | https://jopss.jaea.go.jp/pdfdata/P2/P52180B.pdf,2,認識
P51461,放射能評価方法、放射能評価プログラム及び放射能評価装置,山本 耕輔 ; 川越 慎司 ; 東浦 則和 ; 水井 宏之; not registered,【課題】評価の保守性の観点から放射能濃度を適切に評価することができる放射能評価方法を提供する。 【解決手段】放射能評価方法は、測定対象物の放射能濃度を算定する放射能濃度算定工程(S4)と、放射能濃度の相対誤差σ'Dを算定する誤差算定工程(S5)と、放射能濃度の相対誤差σ'Dに基づく不確定性を考慮して放射能濃度を評価する評価工程(S6)とを含み、誤差算定工程(S5)は、グロス計数率の測定プロセスに起因する複数のグロス誤差を重畳してグロス計数率の誤差σCGを算定するグロス誤差算定工程(S51)と、測定BG計数率の測定プロセス及び推定BG計数率の推定プロセスに起因する複数のBG誤差を重畳して推定BG計数率の誤差σCBGを算定するBG誤差算定工程(S52)と、グロス計数率の誤差σCGと、推定BG計数率の誤差σCBGとに基づいて、正味計数率の相対誤差σ'CNを算定する正味計数率誤差工程(S53)とを含む。,https://jopss.jaea.go.jp/search/servlet/search?P51461,2020-055379,2021-156662,7426624,2020/03/26,2021/10/07,2024/01/25,G01T 1/167(2006.01):G01T 1/17 (2006.01):G01T 1/00 (2006.01),https://jopss.jaea.go.jp/pdfdata/P1/P51461A.pdf | https://jopss.jaea.go.jp/pdfdata/P1/P51461A.pdf | https://jopss.jaea.go.jp/pdfdata/P2/P51461B.pdf,2,推定
P52082,放射化汚染の放射能評価の際の評価対象となる核種の選定方法,林 宏一 ; 水井 宏之 ; 副島 吾郎 ; 岩井 紘基; not registered,【課題】原子炉等の廃止措置において扱われる廃棄物に対するクリアランス判定に際して、評価の対象とすべき核種を、安全性を確保しつつ簡易に選定する。 【解決手段】全ての核種についてDKが算出される(S1)。次に、全てのDKに基づいてQ0が、重要核種(10種)のDKのみに基づいてQ1が選定のための指標値としてそれぞれ算出される(S2:算出工程)。Q1/Q0≧0.9でない場合(S3:NO)には、重要核種(10種)以外の核種の寄与が無視できないと認識されるため、重要核種以外で、DK/CKが大きな核種をDK/CKの大きな順に選定し、ここで追加された核種が、重要核種(10種)に加えて選定される(S7:選定工程)。DKの算出に際して、重要核種(10種類)に対しては下限側代表値が、重要核種以外の核種(23種類)に対しては上限側代表値)が、各元素の組成の代表値として用いられる。,https://jopss.jaea.go.jp/search/servlet/search?P52082,2020-060021,2021-156835,7286166,2020/03/30,2021/10/07,2023/05/26,G01T 1/167(2006.01),https://jopss.jaea.go.jp/pdfdata/P1/P52082A.pdf | https://jopss.jaea.go.jp/pdfdata/P1/P52082A.pdf | https://jopss.jaea.go.jp/pdfdata/P2/P52082B.pdf,2,認識
P51280,α線放出核種の分析方法及び分析装置,瀬川 麻里子 ; 藤 暢輔 ; 前田 亮; 西中 一朗*,【課題】溶液中のα線放出核種の化学形毎のα線量を、迅速且つ正確に分析可能なα線放出核種の分析方法を提供する。 【解決手段】α線放出核種の分析方法は、α線放出核種を含む溶液を薄層プレートに滴下し、薄層クロマトグラフィによって、α線放出核種を化学形毎に分離する分離ステップ(S11)と、放射線のうちα線を選択的に可視光線に変換するα線シンチレータを介して、線放出核種が化学形毎に分離された薄層プレートを撮像する撮像ステップ(S12)と、α線放出核種の各化学形に対応するスポット領域の輝度値を、撮像ステップで撮像した画像から抽出する抽出ステップ(S13)と、輝度値とα線量との予め求められた対応関係に基づいて、抽出ステップで抽出した輝度値に対応するα線量を、α線放出核種の化学形毎に特定する特定ステップ(S14)とを含む。,https://jopss.jaea.go.jp/search/servlet/search?P51280,2019-136227,2021-021567,7128479,2019/07/24,2021/02/18,2022/08/23,G01T 1/167(2006.01):G01T 1/20 (2006.01):G01N 30/95 (2006.01),https://jopss.jaea.go.jp/pdfdata/P1/P51280A.pdf | https://jopss.jaea.go.jp/pdfdata/P1/P51280A.pdf | https://jopss.jaea.go.jp/pdfdata/P2/P51280B.pdf,2,画像
P51380,ピペットシステム,大澤 崇人; not registered,【課題】多関節ロボットによって電動ピペットをハンドリングさせて、分注などの化学操作を行わせることが可能となるピペットシステムを提供する。 【解決手段】本発明に係るピペットシステムは、チップCが着脱される先端部を有し、装着されたチップCに対して液体を吸入すると共に、吸入した液体を排出する分注機構170と、先端部に装着されたチップを取り外すチップ取り外し機構270と、前記分注機構170を駆動する第1ステッピングモーター130と、前記チップ取り外し機構270を駆動する第2ステッピングモーター230と、前記第1ステッピングモーター130及び前記第2ステッピングモーター230に対して、それぞれ電気接続がなされる雌コネクタ220と、からなる電動ピペット100を含むことを特徴とする。,https://jopss.jaea.go.jp/search/servlet/search?P51380,2019-060067,2020-159885,7162259,2019/03/27,2020/10/01,2022/10/20,G01N 1/00 (2006.01):B01L 3/02 (2006.01),https://jopss.jaea.go.jp/pdfdata/P1/P51380A.pdf | https://jopss.jaea.go.jp/pdfdata/P1/P51380A.pdf | https://jopss.jaea.go.jp/pdfdata/P2/P51380B.pdf,2,ロボット
P50740,核物質検知装置,米田 政夫 ; 藤 暢輔; not registered,【課題】小型の装置を用いて核物質を高精度で検知する。 【解決手段】中性子線源10と試料Sの位置関係は、円板20の回転の位相(角度)で定まる。円板20の回転軸20Aは、モーターで駆動され、この回転はコンピューター40で制御される。コンピューター40には、中性子検出器30の出力も入力する。コンピューター40は、円板20の回転に伴うカウント数の変遷を認識することができる。円板20を回転させることにより、中性子線源10と試料Sとの間の距離が変化し、かつこの動きがこの距離が最小となる状態の前後で対称となるように中性子線源10を移動させ、この際に試料S側から発せられる中性子の中性子検出器30によるカウント数の変遷を検出する。この結果における、距離が最小となる状態の前のカウント数と、距離が最小となる状態の後のカウント数との違いに基づいて、試料Sにおける核物質の存在の有無を認識する。,https://jopss.jaea.go.jp/search/servlet/search?P50740,2018-181563,2020-051895,7219442,2018/09/27,2020/04/02,2023/01/31,G01N 23/222(2006.01),https://jopss.jaea.go.jp/pdfdata/P1/P50740A.pdf | https://jopss.jaea.go.jp/pdfdata/P1/P50740A.pdf | https://jopss.jaea.go.jp/pdfdata/P2/P50740B.pdf,2,認識
P50480,濁度推定による早期警報機能付き水中放射能測定装置、水中放射能測定システム,眞田 幸尚; 五十嵐 務* ; 森 多美雄* ; 伊藤 康夫*,【課題】懸濁水中の水中放射能濃度を測定して、早期に警報を行うことができる水中放射能測定装置を提供する。 【解決手段】本発明の水中放射能測定装置1は、放射性物質を含む懸濁水から放射線のカウント数を測定する放射線計数計2と、懸濁水の濁度を測定する濁度計3と、放射線計数計2と濁度計3とを制御する測定制御部7とを備えている。測定制御部7のデータ収集部7Aは、カウント数と濁度とを測定し、放射線計数計2により測定されたカウント数から懸濁水の任意の放射線物質の放射能濃度を算出する。測定制御部7の警報部7Cは、データ収集部7Aにより算出された放射能濃度が、予め定めた警報放射能濃度より高い場合、放射能濃度と濁度との関係式から警報放射能濃度に対応する警報濁度を定めて、測定された濁度が警報濁度より高い場合に警報を発する。,https://jopss.jaea.go.jp/search/servlet/search?P50480,2018-002573,2019-120664,7072793,2018/01/11,2019/07/22,2022/05/13,G01T 1/167(2006.01):G01T 1/17 (2006.01),https://jopss.jaea.go.jp/pdfdata/P1/P50480A.pdf | https://jopss.jaea.go.jp/pdfdata/P1/P50480A.pdf | https://jopss.jaea.go.jp/pdfdata/P2/P50480B.pdf,2,推定
P14105,撮像装置,武内 伴照 ; 土谷 邦彦; 加藤 真一* ; 渡辺 恭志*,【課題】放射線環境下においても、良好な画像を撮像可能な撮像装置を提供する。 【解決手段】撮像装置は画素がPG(フォトゲート)型CMOS撮像素子で構成された固体撮像部1と、撮像素子を遮光した状態で得られた電圧レベルに基づいて暗電流の検出をする暗電流検出手段2と、暗電流を検出した場合に、撮像素子のPG電圧を制御することにより暗電流を抑制するPG電圧制御手段6と、電流検出手段で暗電流を検出しなかった場合に、撮像素子を遮光しない状態で得られた電圧レベルに基づいて補正係数を決定する補正係数決定手段と、撮像素子のそれぞれから出力される電圧レベルを、決定した補正係数を用いて補正することによって、最終的に出力される映像信号の輝度階調を制御する輝度階調制御手段3とを備える。PG電圧制御手段は、PG電圧を所定値だけ変更したときに変動する飽和電荷量のレベルに応じたPG電圧に設定する。,https://jopss.jaea.go.jp/search/servlet/search?P14105,2017-058161,2018-160858,6837640,2017/03/23,2018/10/11,2021/02/15,H04N 5/361(2011.01):H04N 5/374(2011.01):H04N 5/243(2006.01):H01L 27/146(2006.01):H01L 27/144(2006.01),https://jopss.jaea.go.jp/pdfdata/P1/P14105A.pdf | https://jopss.jaea.go.jp/pdfdata/P1/P14105A.pdf | https://jopss.jaea.go.jp/pdfdata/P2/P14105B.pdf,2,画像
P14040,デブリの堆積量推定装置及び推定方法,近澤 佳隆 ; 鍋島 邦彦 ; 石川 信行; 岡﨑 仁*,【課題】安全かつ確実に、炉内に堆積したデブリの堆積量を推定することを可能としたデブリの堆積量推定装置及び推定方法を提供する。 【解決手段】原子炉容器10の外部から当該原子炉容器10内の中性子束の計測を行う中性子検出器31と、炉心損傷状況を想定した解析を行ってデブリの堆積量と中性子束の量との関連付けを行う遮蔽解析部321および遮蔽解析部321による解析結果と中性子検出器31によって検出した中性子束の値とを比較して原子炉容器10内に実際に堆積しているデブリDの量を推定するデブリ堆積量推定演算部324とを備えるデブリ堆積量推定部32とにより、炉心11を収納し液体金属18が充填された原子炉容器10内のデブリDの堆積量を推定するようにした。,https://jopss.jaea.go.jp/search/servlet/search?P14040,2015-170417,2017-049028,6563745,2015/08/31,2017/03/09,2019/08/02,G21C 17/00 (2006.01):G01T 3/00 (2006.01),https://jopss.jaea.go.jp/pdfdata/P1/P14040A.pdf | https://jopss.jaea.go.jp/pdfdata/P1/P14040A.pdf | https://jopss.jaea.go.jp/pdfdata/P2/P14040B.pdf,2,推定
P14019,超音波検査装置,近澤 佳隆 ; 荒 邦章 ; 相澤 康介; 由井 正弘* ; 谷口 善洋* ; 加藤 潤悟* ; 植本 洋平*,【課題】受信信号に重畳されるノイズを低減し、画像化における視認性を向上させることを可能とした超音波検査装置を提供する。 【解決手段】媒質40中に存在する被測定対象物50に対して超音波61を送信する送信センサ11と、受信センサ用貫通孔14Cを有するバックアッププレート14並びに受信センサ用貫通孔14Cを覆うダイヤフラム16を有する受信センサ12とを備え、被測定対象物50によって反射された超音波61の反射波62によるダイヤフラム16の振動を解析して被測定対象物50までの距離の測定または被測定対象物50の可視化を行う超音波検査装置において、バックアッププレート14とダイヤフラム16との間に、耐熱性を有し超音波を反射する伝搬防止板18を設けた。,https://jopss.jaea.go.jp/search/servlet/search?P14019,2015-059268,2016-176908,6571958,2015/03/23,2016/10/06,2019/08/16,G01S 7/521(2006.01):G01S 15/89 (2006.01),https://jopss.jaea.go.jp/pdfdata/P1/P14019A.pdf | https://jopss.jaea.go.jp/pdfdata/P1/P14019A.pdf | https://jopss.jaea.go.jp/pdfdata/P2/P14019B.pdf,2,画像
P13992,光無線通信装置、光無線通信方法および光無線通信システム,武内 伴照 ; 上野 俊二 ; 柴田 裕司; 柴垣 太郎* ; 野沢 省吾*,【課題】光無線通信において、通信状態が変化した場合においても、受信側から送信側への情報伝送速度の変更指示を要さずに、安定したデータの通信を可能にする。 【解決手段】送信側には、情報を2次元コードに対応した光パターンで表示可能な表示手段と、送信情報を光パターンで表示させるための2次元符号化データに変換する手段と、送信情報を時系列データに変換する手段と、光パターンが時系列データに基づいて強度変調されるように、2次元符号化データと時系列データとを重畳する手段と、そのデータに基づいて前記表示手段を駆動する手段と、を有する送信装置100を設ける。受信側には、表示手段を撮影するカメラ210と、カメラが撮影した映像から光パターンを読取って送信情報を復元する手段と、光パターンの強度変調状態から送信情報を復元する手段と、を有する受信装置200を設ける。,https://jopss.jaea.go.jp/search/servlet/search?P13992,2014-195743,2016-066957,6448121,2014/09/25,2016/04/28,2018/12/14,H04B 10/116(2013.01):H04B 10/516(2013.01),https://jopss.jaea.go.jp/pdfdata/P1/P13992A.pdf | https://jopss.jaea.go.jp/pdfdata/P1/P13992A.pdf | https://jopss.jaea.go.jp/pdfdata/P2/P13992B.pdf,2,カメラ
P13951,超音波検査装置,近澤 佳隆 ; 荒 邦章 ; 相澤 康介; 由井 正弘* ; 谷口 善洋* ; 植本 洋平*,"【課題】受信信号に重畳されるノイズを低減し、画像化における視認性を向上させることを可能とした超音波検査装置を提供する。 【解決手段】媒質40中に存在する被測定対象物50に対して超音波61を送信する送信センサ11と、受信センサ用貫通孔14Cを有するバックアッププレート14並びに受信センサ用貫通孔14Cを覆うダイヤフラム16を有する受信センサ12とを備え、被測定対象物50によって反射された超音波61の反射波62によるダイヤフラム16の振動を解析して被測定対象物50までの距離の測定または被測定対象物50の可視化を行う超音波検査装置において、バックアッププレート14又はダイヤフラム16又はその両方に、バックアッププレート14の内部又はダイヤフラム16の表面又はその両方を伝搬する超音波65,66を減衰させる超音波減衰手段を設けた。",https://jopss.jaea.go.jp/search/servlet/search?P13951,2014-065251,2015-187576,6347539,2014/03/27,2015/10/29,2018/06/08,G01S 7/521(2006.01):G01N 29/24 (2006.01),https://jopss.jaea.go.jp/pdfdata/P1/P13951A.pdf | https://jopss.jaea.go.jp/pdfdata/P1/P13951A.pdf | https://jopss.jaea.go.jp/pdfdata/P2/P13951B.pdf,2,画像
P13673,防護服着用作業員の熱中症発症リスク管理システムの作動方法,高橋 直樹; not registered,【課題】作業員にかかる負担を最小限に抑えつつ、熱中症に対する防護服着用作業員の安全と作業効率の向上という相反する要求を同時に満たすことができるようにする。 【解決手段】防護服着用作業員の鼓膜温を赤外線方式による耳栓型鼓膜温測定センサで検出し、実測した鼓膜温を、着用防護服の被服条件、作業環境の温湿度条件、及び作業時の運動強度に応じて予め求めておいた予測式に入力して直腸温を予測し、予測した直腸温に基づいて直腸温基準の熱中症の発症リスク管理を行う方法である。予測式は、例えば、直腸温を目的変数とし、鼓膜温を説明変数として回帰分析を行うことで得られる、定数項有りの一次式とする。予測した直腸温の直近の時間的な変化傾向から、防護服の脱装に要する時間経過後の直腸温を推測し、その推測した直腸温が警報設定値を超える時に作業中断・防護服脱装を指示し退域行動に移るようにリスク管理を行う。,https://jopss.jaea.go.jp/search/servlet/search?P13673,2011-189457,2013-048812,5842237,2011/08/31,2013/03/14,2015/11/27,A61B 5/01 (2006.01):A62B 17/00 (2006.01),https://jopss.jaea.go.jp/pdfdata/P1/P13673A.pdf | https://jopss.jaea.go.jp/pdfdata/P1/P13673A.pdf | https://jopss.jaea.go.jp/pdfdata/P2/P13673B.pdf,2,予測
P13416,高純度99MTC濃縮方法及び濃縮装置,木村 明博 ; 土谷 邦彦 ; 石原 正博; 山林 尚道* ; 棚瀬 正和* ; 佐藤 裕一*,【課題】がん、心筋梗塞、脳卒中をはじめとする疾病の画像診断に必要な高い放射能溶液濃度を持つ99MTcを、短い時間で高純度に製造する方法を提供すること。 【解決手段】純水の溶離液を用いて、ジェネレータ100の高分子ジルコニウム化合物(PZC)から99MTcを溶離させ、得られた99mTc溶離液にケトン系有機溶剤を混合し、99mTc溶離液中の99MTcをケトン系有機溶剤で選択的に抽出し、その後加熱によりケトン系有機溶剤を除去し、高純度かつ高濃度の99MTcを得る。,https://jopss.jaea.go.jp/search/servlet/search?P13416,2009-264740,2011-105567,5598900,2009/11/20,2011/06/02,2014/08/22,G21G 4/08 (2006.01):C22B 3/26 (2006.01):C22B 60/00 (2006.01):B01D 59/24 (2006.01),https://jopss.jaea.go.jp/pdfdata/P1/P13416A.pdf | https://jopss.jaea.go.jp/pdfdata/P1/P13416A.pdf | https://jopss.jaea.go.jp/pdfdata/P2/P13416B.pdf,2,画像
P12921,ZNS蛍光体を用いたシンチレーション中性子検出器の中性子/ガンマ線弁別方法,片桐 政樹 ; 中村 龍也; ニゲル・ローズ* ; エリック・シューネヴェルド*,【課題】ZNS蛍光体を用いた中性子イメージ検出器において、計数率特性を維持したままガンマ線感度の低減を図る。 【解決手段】中性子用シンチレータとしてZNS:AG/6LIF中性子検出シートを用い、この検出シートの背後に64本の波長シフトファイバ束をおき、その下面に直交して64本の波長シフトファイバを配置し、縦軸と横軸の波長シフトファイバ束とする。波長シフトファイバ束はそれぞれ64チャンネル光電子増倍管に接続される。マルチアノード光電子増倍管から出力された信号は高速アンプと波高弁別器で10倍に増幅し、波高弁別する。その後、AND回路、ゲート時間発生回路、ゲート回路及びOR回路から構成される回路を用いて、ガンマ線と認識した場合には中性子信号を無効とする。その場合にも、XとYの出力信号のうち少なくとも1つの信号が所定のゲート時間内に計数される場合には中性子信号として計数する。,https://jopss.jaea.go.jp/search/servlet/search?P12921,2006-293314,2008-111677,4791935,2006/10/27,2008/05/15,2011/07/29,G01T 3/06 (2006.01):G01T 1/20 (2006.01):G01T 1/172(2006.01),https://jopss.jaea.go.jp/pdfdata/P1/P12921A.pdf | https://jopss.jaea.go.jp/pdfdata/P1/P12921A.pdf | https://jopss.jaea.go.jp/pdfdata/P2/P12921B.pdf,2,認識
P54681,振動スパーテル,大澤 崇人 ; 野澤 拓也 ; 國分 陽子 ; 阿部 一英; 岩田 君彦*,【課題】スパーテル部の形状に関わらずスパーテル部を適切且つ直感的に振動可能であり、ユーザにとって使い勝手の良い電動式の振動スパーテルを提供することを目的とする。 【解決手段】電動式の振動スパーテルは、ユーザによって把持される中空のハンドル部と、ハンドル部の内部に収容され、電力によって振動する振動機構と、ハンドル部の先端部に着脱可能に取り付けられ、振動機構の振動によって振動するスパーテル部と、ハンドル部に設けられ、ハンドル部を把持する前記ユーザによって押圧されるスイッチ部と、を備える。スイッチ部は、ユーザの押圧力の大きさに応じてスパーテル部の振動状態を変化させる。,https://jopss.jaea.go.jp/search/servlet/search?P54681,2024-208859,2026-095107,,2024/11/29,2026/06/10,,B01L 3/18 (2006.01),https://jopss.jaea.go.jp/pdfdata/P1/P54681A.pdf,0,
P54621,高温水素供給システム,野口 弘喜 ; 佐藤 博之 ; 坂場 成昭; 加藤 之貴*,【課題】高温ガス炉を用いた、発電、水素製造、水素加熱による、高温水素を例えば水素還元製鉄等に大量かつ安定して供給可能な高温水素供給システムを提供すること。 【解決手段】高温ガス炉からの熱を炉外に取り出す中間熱交換器と、取り出された熱を用いて発電を行うタービン発電設備と、タービン発電設備の廃熱を利用するための低温熱利用設備と、低温熱利用設備から供給される水蒸気又は水、及びタービン発電設備から給電される電気を利用して水素を製造し、水素を前記中間熱交換器からの熱を用いて加熱した上でシステム外部に供給する第2の熱利用設備とを備える。,https://jopss.jaea.go.jp/search/servlet/search?P54621,2024-206201,2026-092933,,2024/11/27,2026/06/08,,C25B 15/021(2021.01):C25B 1/042 (2021.01):C25B 9/00 (2021.01):C01B 3/02 (2026.01):G21D 5/00 (2006.01):G21C 15/12 (2006.01),,0,
P55043,振動スパーテル,大澤 崇人 ; 野澤 拓也 ; 國分 陽子 ; 阿部 一英; 岩田 君彦*,"Provided is an electric vibrating spatula capable of vibrating a spatula portion of various shapes in an appropriate and intuitive manner, with excellent usability. The electric vibrating spatula includes: a hollow handle portion to be held by a user; a vibration mechanism housed inside of the handle portion and configured to vibrate with electric power; a spatula portion removably attached to a distal end of the handle portion and configured to vibrate in response to vibration of the vibration mechanism; and a switch portion provided on the handle portion and configured to be pressed by the user holding the handle portion. The switch portion changes a vibration state of the spatula portion in accordance with a magnitude of pressing force applied by the user.",https://jopss.jaea.go.jp/search/servlet/search?P55043,19/389969,US 2026-0153412 A1,,2025/11/14,2026/06/04,,G01N 1/00 (2006.01),https://jopss.jaea.go.jp/pdfdata/P1/P55043A.pdf,0,
P54460,温度制御装置及び温度制御方法,大澤 崇人; not registered,【課題】PID制御の複雑なパラメータ設定を必要とすることなく、制御対象の熱特性に適合した形での温度制御を容易に実現することを目的とする。 【解決手段】温度制御装置は、制御周期毎に制御対象の測定温度を取得する取得部と、測定温度が目標温度に到達するよう制御周期毎に操作量を演算する演算部と、操作量に応じて、制御対象を加熱する加熱装置を操作する操作部と、を備える。演算部は、測定温度に基づいて、制御周期毎の目標値として設定される設定温度を決定する設定温度決定部と、測定温度と設定温度との偏差に基づいて、操作量を演算する操作量演算部と、を含む。設定温度決定部は、今回の制御周期の測定温度が、第1温度域に属するか、第1温度域よりも目標温度に近い第2温度域に属するかを判定し、判定結果に応じて異なるアルゴリズムを用いて、今回の制御周期の設定温度を決定する。,https://jopss.jaea.go.jp/search/servlet/search?P54460,2024-178790,2026-068906,,2024/10/11,2026/04/23,,G05B 13/02 (2006.01):G05D 23/19 (2006.01),https://jopss.jaea.go.jp/pdfdata/P1/P54460A.pdf,0,
P54480,蓄熱材料とその製造方法、および熱エネルギーの利用方法,田中 万也; 市坪 哲* ; 岡本 範彦* ; 吉迫 大輝*,【課題】蓄熱量を高めた蓄熱材料を提供する。 【解決手段】本発明の蓄熱材料は、下記(1)、(2)式で表され、デルタ型の結晶構造を有する層状マンガン酸化物100を含み、層状マンガン酸化物100のC軸方向の厚みが、15NM以下であることを特徴とする蓄熱材料。 AXMNO2・NH2O・・・(1) [化1]・・・(2) [上記(1)、(2)式において、Aは、デルタ型の結晶構造を維持するための元素A1、A2、・・・、AMを一括して表す記号であり、Mは1以上の整数であり、X1、X2、・・・、XMは、それぞれ前記元素A1、A2、・・・、AMの組成比を表し、0.00以上、0.50以下の数であり、かつ0.00<X1+X2+・・・+XM≦0.50を満たす数であり、Nは、0.00以上、2.50以下の数である。],https://jopss.jaea.go.jp/search/servlet/search?P54480,2024-159422,2026-054272,,2024/09/13,2026/03/26,,C09K 5/14 (2006.01):F28D 20/00 (2006.01),https://jopss.jaea.go.jp/pdfdata/P1/P54480A.pdf,0,
P54380,ハイエントロピー合金及びハイエントロピー合金の製造方法,若井 栄一,能登 裕之*,https://jopss.jaea.go.jp/search/servlet/search?P54380,2024-159158,2026-054101,,2024/09/13,2026/03/26,,,https://jopss.jaea.go.jp/pdfdata/P1/P54380A.pdf,0,
P54541,振動測定補助装置及び振動測定方法,武藤 啓太郎 ; 舘 貴裕; 羽木 秀樹*,【課題】汎用性の高い振動測定を可能にする振動測定補助装置を、シンプルな構成で実現する。 【解決手段】振動測定補助装置は、振動センサによる対象物の振動測定を補助する。振動測定補助装置は、前記振動センサを着脱可能に保持する保持部材と、前記保持部材を前記対象物に着脱可能に固定する磁石とを備える。前記保持部材は、板状部材と、前記板状部材の厚み方向に突出する一対の突出部とを有する。前記磁石は、前記突出部に設けられた。,https://jopss.jaea.go.jp/search/servlet/search?P54541,2024-150730,2026-046312,,2024/09/02,2026/03/13,,G01H 1/00 (2006.01),https://jopss.jaea.go.jp/pdfdata/P1/P54541A.pdf,0,
P54561,セリウム錯体、発光性固体、樹脂成形体、及びシンチレーター材料,森下 祐樹; 北川 裕一* ; 富川 虎乃輔* ; 稲毛 康太*,【課題】本開示の一側面は、セリウム(III)イオンを含み、強い青色発光を示す新規なセリウム錯体に関する。 【解決手段】セリウム(III)イオンと、チオシアナートイオンと、セリウム(III)イオンと相互作用する配位性化合物とを含む、セリウム錯体。配位性化合物が、第一の化合物、第二の化合物、又はこれらの化合物の組み合わせである。第一の化合物が、HSAB則においてトリフェニルホスフィンオキシドよりも柔らかい塩基である、化合物である。第二の化合物が、HSAB則においてトリフェニルホスフィンオキシドよりも硬い塩基であり、且つ、第二の化合物とセリウム(III)イオンとの相互作用を抑制する置換基を有する、化合物である。,https://jopss.jaea.go.jp/search/servlet/search?P54561,2024-134914,2026-032398,,2024/08/13,2026/02/26,,C01F 17/235(2020.01):C09K 11/06 (2006.01):C07F 9/53 (2006.01):C07F 9/50 (2006.01):C07D 213/61(2006.01):C08L 101/00(2006.01):C08K 3/10 (2018.01):C07F 5/00 (2006.01),https://jopss.jaea.go.jp/pdfdata/P1/P54561A.pdf,0,
P54400,真空部品、真空排気方法,神谷 潤一郎 ; 小畠 雅明 ; 諸橋 裕子 ; 阿部 一英 ; 福田 竜生 ; 小荒井 一真; 和田 薫* ; 志賀 隆史* ; 岡橋 和成* ; 岸川 信介* ; 佐々木 優直* ; 黒岩 雅英*,【課題】ゲッター効果を用いて高い真空排気能力を得る。 【解決手段】表面からのガス放出率が特に小さい金属(低脱ガス金属)で構成された低脱ガス基体2の上に、NEG材料で構成された薄膜状態のNEG層3が形成されている。低脱ガス基体2は、CUを主成分とし、AL、FE、MN、NI、BE、MG、SI、TI、Vのうちいずれかを少なくとも0.1重量%以上含む低脱ガス金属で構成される。NEG層3は、ゲッター効果を有する金属材料であり、これを用いた薄膜が形成可能な、TI、ZR、V、HF、NB、YB、PD、AU、PTのいずれかであるNEG材料を含む薄膜である。ここで、このNEG材料は酸化状態とはされずに、金属状態とされる。,https://jopss.jaea.go.jp/search/servlet/search?P54400,2024-081482,2025-175396,,2024/05/20,2025/12/03,,F04B 37/02 (2006.01),https://jopss.jaea.go.jp/pdfdata/P1/P54400A.pdf,0,
P54361,金属元素の分離回収方法および分離回収剤,下条 晃司郎; not registered,【課題】複数種類の金属元素を含む溶液からパラジウム元素(PD)、金元素(AU)、ニッケル元素(NI)、コバルト元素(CO)、ガリウム元素(GA)、及びインジウム元素(IN)からなる群より選択される特定の金属元素を効率的に分離することができる金属元素の分離回収方法および分離回収剤を提供することを目的とする。 【解決手段】下記一般式(1)で表される硫黄含有化合物又はその塩の存在下で抽出を行うことにより、前記特定の金属元素を効率的に分離回収することができる。 ※一般式は省略,https://jopss.jaea.go.jp/search/servlet/search?P54361,2024-042295,2025-142758,,2024/03/18,2025/10/01,,C22B 3/34 (2006.01):C22B 11/00 (2006.01):C22B 23/00 (2006.01):C22B 58/00 (2006.01),https://jopss.jaea.go.jp/pdfdata/P1/P54361A.pdf,0,
P54140,超音波探触子及び超音波探触子の製造方法,阿部 雄太; 倉内 友己*,【課題】高温環境下で使用可能な超音波探触子を提供する。 【解決手段】超音波探触子は、電極と、電極に電圧が印加された場合に超音波を発信し、超音波の反射波を電気信号に変換して出力する振動子と、被検査物と接触する保護部材とを備える。振動子の厚み方向の両面には、融解メタライズ層が形成されている。超音波探触子は、融解メタライズ層を介して電極及び振動子を接合する第1接合部材と、融解メタライズ層を介して振動子及び保護部材を接合する第2接合部材とをさらに備える。第1接合部材及び第2接合部材は、ALより融点の高い材料で形成されている。,https://jopss.jaea.go.jp/search/servlet/search?P54140,2023-222742,2025-104728,,2023/12/28,2025/07/10,,G01N 29/24 (2006.01):H04R 1/02 (2006.01),https://jopss.jaea.go.jp/pdfdata/P1/P54140A.pdf,0,
P53900,アレースイッチ、移動体への給電システム、および、移動体への給電方法,石塚 悦男; 坂本 直樹*,【課題】従来よりも構造が単純な移動体への給電システムおよび給電方法を提供する。 【解決手段】アレースイッチが、平板状の導体に設けられてなり、導体のなす面に沿って配列してなる複数の可動接点と、導体および複数の可動接点を収容する箱体の蓋体をなすパネル電極とを備え、複数の可動接点のそれぞれに、磁性体を含む接点部が設けられてなり、それぞれの接点部は、外部から磁力を受けて変位させられることでパネル電極と接触可能とされてなり、複数の可動接点のうち接点部がパネル電極と接触状態にある複数の有効接点がパネル電極と接触することにより導体側に接続される配線とパネル電極側に接続される配線とが導通するON状態と、複数の可動接点のいずれもがパネル電極と接触せず導体側に接続される配線とパネル電極側に接続される配線とが導通しないOFF状態とを、磁力の有無により切り替え可能である、ようにした。,https://jopss.jaea.go.jp/search/servlet/search?P53900,2023-200323,2025-086396,,2023/11/28,2025/06/09,,B60M 1/10 (2006.01):B60M 7/00 (2006.01):B60L 53/14 (2019.01),https://jopss.jaea.go.jp/pdfdata/P1/P53900A.pdf,0,
P55323,セルロースゲルの製造方法及び多孔質体の製造方法,関根 由莉奈 ; 南川 卓也 ; 大澤 辰彦,not registered,https://jopss.jaea.go.jp/search/servlet/search?P55323,2025-561093,WO-2025/115810 A1,,2024/11/25,2025/06/05,,C08J 3/00(2006.01),,0,
P54822,熱電変換材料の製造方法,本田 充紀; not registered,【課題】環境負荷が小さく且つ簡便にワダライトを得ることを目的とする。 【解決手段】ワダライトの製造方法1は、粘土鉱物に塩を混合させて混合物を得る混合工程S3と、混合物に熱処理を行う熱処理工程S4と、を有し、粘土鉱物は、風化された層状粘土鉱物であり、塩は、熱処理工程S4において溶融塩となる金属塩化物である。,https://jopss.jaea.go.jp/search/servlet/search?P54822,2025-005197,2025-065145,7782889,2025/01/15,2025/04/17,2025/12/01,H10N 10/01 (2023.01):C01B 33/26 (2006.01),https://jopss.jaea.go.jp/pdfdata/P1/P54822A.pdf | https://jopss.jaea.go.jp/pdfdata/P1/P54822A.pdf | https://jopss.jaea.go.jp/pdfdata/P2/P54822B.pdf,0,
P53860,抽出溶媒系廃棄物の減容化方法,坂本 淳志 ; 渡部 創 ; 渡部 雅之; 田中 良* ; 山本 剛*,【課題】核物質等を含む抽出溶媒系廃棄物の減容化を図る技術を提供する。 【解決手段】核物質等を含む試料に、抽出剤を溶解した希釈剤を加え、当該抽出剤に核物質等を吸着させて錯体を形成し、溶媒抽出法によって、当該錯体を含む水溶液を分離する。分離した錯体を含む水溶液にプラズマを照射することで、水溶液を引火性のない廃液とガスに分解することで減容化する。放射性である場合には、減容化した廃液はガラス固化処理し、地層処分可能となる。,https://jopss.jaea.go.jp/search/servlet/search?P53860,2023-133755,2025-029241,,2023/08/21,2025/03/06,,G21F 9/06 (2006.01):G21C 19/46 (2006.01):A62D 3/19 (2007.01):A62D 101/24(2007.01):A62D 101/26(2007.01),https://jopss.jaea.go.jp/pdfdata/P1/P53860A.pdf,0,
P54080,レーザ装置、元素分析システム、及び元素分析方法,"Batsaikhan, M. ; 大場 弘則; not registered",【課題】レーザ光を用いて対象物に含有する元素を分析する際に、対象物の表面の破壊を抑制し、高精度な元素分析を可能とする。 【解決手段】対象物(M)に対してレーザ光(22)を照射するレーザ照射部(40)を備えたレーザ装置(30)において、レーザ光(22)の照射により対象物(M)から生じる音波(24)を取得する音波取得部(50)を備え、レーザ照射部(40)は、音波取得部(50)にて取得された音波に基づいて所定の焦点位置に制御される、ことを特徴とする。,https://jopss.jaea.go.jp/search/servlet/search?P54080,2023-119201,2025-016132,,2023/07/21,2025/01/31,,G01N 21/71 (2006.01):G01N 29/04 (2006.01),https://jopss.jaea.go.jp/pdfdata/P1/P54080A.pdf,0,
P53920,ワダライト及びワダライトの製造方法,本田 充紀; not registered,【課題】環境負荷が小さく且つ簡便にワダライトを得ることを目的とする。 【解決手段】ワダライトの製造方法1は、粘土鉱物に塩を混合させて混合物を得る混合工程S3と、混合物に熱処理を行う熱処理工程S4と、を有し、粘土鉱物は、風化された層状粘土鉱物であり、塩は、熱処理工程S4において溶融塩となる金属塩化物である。,https://jopss.jaea.go.jp/search/servlet/search?P53920,2023-101148,2025-001520,7625289,2023/06/20,2025/01/08,2025/01/24,C01B 33/26 (2006.01):H10N 10/01 (2023.01),https://jopss.jaea.go.jp/pdfdata/P1/P53920A.pdf | https://jopss.jaea.go.jp/pdfdata/P1/P53920A.pdf | https://jopss.jaea.go.jp/pdfdata/P2/P53920B.pdf,0,
P54882,被覆装置および被覆物の製造方法,大澤 崇人; not registered,"Provided is a coating device that can quickly and easily envelop contents in a coating material. A coating device 100 comprises a base part 100, a vertical hole 120 that penetrates the base part 110, and a horizontal hole 130 that penetrates the base part 110 to an upper end part of the vertical hole 120. The coating device 100 also comprises a vertical shaft 140 that is inserted into the vertical hole 120, a horizontal shaft 150 that is inserted into the horizontal hole 130, a cap part 160 that closes the upper end part of the vertical hole 120, and a drive part 170 that drives each of the horizontal shaft 150 and the vertical shaft 140 in the axial direction.",https://jopss.jaea.go.jp/search/servlet/search?P54882,2025-529679,WO-2025/004925,7743139,2024/06/19,2025/01/02,2025/09/12,G01N 1/36 (2006.01):G01N 1/00 (2006.01),https://jopss.jaea.go.jp/pdfdata/P1/P54882A.pdf | https://jopss.jaea.go.jp/pdfdata/P1/P54882A.pdf | https://jopss.jaea.go.jp/pdfdata/P2/P54882B.pdf,0,
P54982,被覆装置および被覆物の製造方法,大澤 崇人,not registered,https://jopss.jaea.go.jp/search/servlet/search?P54982,24831787.7,WO2025/004925,,2024/06/19,2025/01/02,,G01N 1/36 (2006.01):G01N 31/00 (2006.01):G01N 1/00 (2006.01):G01N 31/12 (2006.01),,0,
P54983,被覆装置および被覆物の製造方法,大澤 崇人,not registered,https://jopss.jaea.go.jp/search/servlet/search?P54983,19/133880,WO2025/004925,,2024/06/19,2025/01/02,,G01N 1/36 (2006.01):G01N 31/00 (2006.01):G01N 1/00 (2006.01):G01N 31/12 (2006.01),,0,
P54862,物質検知装置,前田 亮 ; 藤 暢輔 ; 米田 政夫,not registered,https://jopss.jaea.go.jp/search/servlet/search?P54862,19/167941,WO2024/202581,,2024/02/09,2024/10/03,,G01N 23/222 (2006.01,,0,
P54863,物質検知装置,前田 亮 ; 藤 暢輔 ; 米田 政夫,not registered,https://jopss.jaea.go.jp/search/servlet/search?P54863,24778726.0,WO2024/202581,,2024/02/09,2024/10/03,,G01N 23/222 (2006.01,,0,
P53702,放射線検出装置,北山 佳治; 人見 啓太朗* ; 野上 光博*,【課題】視野が広く、放射線エネルギーの適用範囲が広く、且つ、小型軽量化を図ることが可能な新しい放射線検出装置を提供することを目的とする。 【解決手段】放射線検出装置1は、放射線を検出する複数の検出素子12が3次元的に配置された検出素子群11を備える放射線検出装置である。検出素子群11の構造は、任意の仮想面S上に検出素子12が敷き詰められた仮想検出素子群から任意の位置の検出素子12を取り除いて形成された空乏13を有する構造である。空乏13は、任意の方向に沿って配置された一の検出素子12A及び他の検出素子12Bの各検出値の差分が、当該方向を入射方向とする放射線が入射する場合と当該方向の逆方向を入射方向とする放射線が入射する場合とにおいて、異なる値を示す位置に設けられる。,https://jopss.jaea.go.jp/search/servlet/search?P53702,2023-007015,2024-102933,,2023/01/20,2024/08/01,,G01T 1/172 (2006.01):G01T 1/20 (2006.01):G01T 1/24 (2006.01):G01T 1/161 (2006.01),https://jopss.jaea.go.jp/pdfdata/P1/P53702A.pdf,0,
P53720,水素分離膜構造体の中間層の製膜方法及び水素分離膜構造体,"野口 弘喜 ; Myagmarjav, O.; 今 肇*",【課題】水素分離膜構造体の製造において、製膜時の液だれ等によりコーティングのムラ、膜厚の厚い部分の剥離、クラック等の発生を防止する。 【解決手段】水素分離膜構造体の基材である多孔質支持体層を回転させながら、ゾルゲル溶液に多孔質支持体層の表面部分のみを浸漬させ、多孔質支持体層の表面にゾルゲル溶液を塗布する。,https://jopss.jaea.go.jp/search/servlet/search?P53720,2022-206638,2024-090630,,2022/12/23,2024/07/04,,B01D 67/00 (2006.01):B01D 69/10 (2006.01):B01D 69/12 (2006.01):B01D 71/02 (2006.01),https://jopss.jaea.go.jp/pdfdata/P1/P53720A.pdf,0,
P54003,薄膜インダクタ素子、薄膜可変インダクタ素子及び積層薄膜素子の使用方法,荒木 康史 ; 家田 淳一,山根 結太* ; 深見 俊輔*,https://jopss.jaea.go.jp/search/servlet/search?P54003,112129896,202422598,,2023/08/09,2024/06/01,,,https://jopss.jaea.go.jp/pdfdata/P1/P54003A.pdf,0,
P53700,薄膜インダクタ素子、薄膜可変インダクタ素子及び積層薄膜素子の使用方法,荒木 康史 ; 家田 淳一; 山根 結太* ; 深見 俊輔*,【課題】 電気回路内に実装するに際して、動作電流を小さくしつつも、十分な創発インダクタ機能を発現できる薄膜インダクタ素子を提供することを目的とする。 【解決手段】 磁性体層と、非磁性体層と、が積層された積層膜と、一対の電極を備え、前記磁性体層と前記非磁性体層は、積層方向と直交する方向で任意の形状で延伸され、前記磁性体層は、積層方向成分を含む略一様な磁化構造を有しており、前記非磁性体層は、絶縁体であり、かつその表面が導電可能な構造であり、前記一対の電極は、前記積層膜が延伸される両端近傍であり、少なくとも前記非磁性体層の表面に接する位置に設けられ、1KHZ~1GHZの周波数で変調する電流が印加されるものであることを特徴とする薄膜インダクタ素子。,https://jopss.jaea.go.jp/search/servlet/search?P53700,2022-183158,2024-072389,7878655,2022/11/16,2024/05/28,2026/06/15,H01D 48/40 (2025.01):H01F 10/28 (2006.01):H10N 50/20 (2023.01),https://jopss.jaea.go.jp/pdfdata/P1/P53700A.pdf | https://jopss.jaea.go.jp/pdfdata/P1/P53700A.pdf | https://jopss.jaea.go.jp/pdfdata/P2/P53700B.pdf,0,
P54000,薄膜インダクタ素子、薄膜可変インダクタ素子及び積層薄膜素子の使用方法,荒木 康史 ; 家田 淳一; 山根 結太* ; 深見 俊輔*,電気回路内に実装するに際して、動作電流を小さくしつつも、十分な創発インダクタ機能を発現できる薄膜インダクタ素子を提供することを目的とする。 磁性体層と、非磁性体層と、が積層された積層膜と、一対の電極を備え、前記磁性体層と前記非磁性体層は、積層方向と直交する方向で任意の形状で延伸され、前記磁性体層は、積層方向成分を含む略一様な磁化構造を有しており、前記非磁性体層は、絶縁体であり、かつその表面が導電可能な構造であり、前記一対の電極は、前記積層膜が延伸される両端近傍であり、少なくとも前記非磁性体層の表面に接する位置に設けられ、1KHZ~1GHZの周波数で変調する電流が印加されるものであることを特徴とする薄膜インダクタ素子。,https://jopss.jaea.go.jp/search/servlet/search?P54000,19/130104,WO2024/105907,,2023/05/26,2024/05/23,,H01L 29/82 (2006.01):H01F 10/28 (2006.01):H01L 21/822(2006.01):H01L 27/04 (2006.01):H10N 52/85 (2023.01),https://jopss.jaea.go.jp/pdfdata/P1/P54000A.pdf,0,
P54001,薄膜インダクタ素子、薄膜可変インダクタ素子及び積層薄膜素子の使用方法,荒木 康史 ; 家田 淳一; 山根 結太* ; 深見 俊輔*,電気回路内に実装するに際して、動作電流を小さくしつつも、十分な創発インダクタ機能を発現できる薄膜インダクタ素子を提供することを目的とする。 磁性体層と、非磁性体層と、が積層された積層膜と、一対の電極を備え、前記磁性体層と前記非磁性体層は、積層方向と直交する方向で任意の形状で延伸され、前記磁性体層は、積層方向成分を含む略一様な磁化構造を有しており、前記非磁性体層は、絶縁体であり、かつその表面が導電可能な構造であり、前記一対の電極は、前記積層膜が延伸される両端近傍であり、少なくとも前記非磁性体層の表面に接する位置に設けられ、1KHZ~1GHZの周波数で変調する電流が印加されるものであることを特徴とする薄膜インダクタ素子。,https://jopss.jaea.go.jp/search/servlet/search?P54001,10-2025-7014924,10-2025-0087612,,2023/05/26,2024/05/23,,H01L 29/82 (2006.01):H01F 10/28 (2006.01):H01L 21/822(2006.01):H01L 27/04 (2006.01):H10N 52/85 (2023.01),https://jopss.jaea.go.jp/pdfdata/P1/P54001A.pdf,0,
P54002,薄膜インダクタ素子、薄膜可変インダクタ素子及び積層薄膜素子の使用方法,荒木 康史 ; 家田 淳一; 山根 結太* ; 深見 俊輔*,電気回路内に実装するに際して、動作電流を小さくしつつも、十分な創発インダクタ機能を発現できる薄膜インダクタ素子を提供することを目的とする。 磁性体層と、非磁性体層と、が積層された積層膜と、一対の電極を備え、前記磁性体層と前記非磁性体層は、積層方向と直交する方向で任意の形状で延伸され、前記磁性体層は、積層方向成分を含む略一様な磁化構造を有しており、前記非磁性体層は、絶縁体であり、かつその表面が導電可能な構造であり、前記一対の電極は、前記積層膜が延伸される両端近傍であり、少なくとも前記非磁性体層の表面に接する位置に設けられ、1KHZ~1GHZの周波数で変調する電流が印加されるものであることを特徴とする薄膜インダクタ素子。,https://jopss.jaea.go.jp/search/servlet/search?P54002,202380078669.X,WO2024/105907,,2023/05/26,2024/05/23,,H01L 29/82 (2006.01):H01F 10/28 (2006.01):H01L 21/822(2006.01):H01L 27/04 (2006.01):H10N 52/85 (2023.01),https://jopss.jaea.go.jp/pdfdata/P1/P54002A.pdf,0,
P53660,含フッ素単環芳香族化合物及びその製造方法、金属イオン用吸着剤,荒井 陽一 ; 渡部 創; 吾郷 友宏* ; 福元 博基* ; 藤川 寿治* ; 武田 啓佑* ; 新井 剛*,【課題】高い薬品耐性を有すると共に、親フッ素性及び金属イオンを吸着する特性を有する含フッ素単環芳香族化合物を提供する。 【解決手段】ベンゼン環の構造の一部にフルオラス性構造と官能基とを有し、下記(3)式で表される含フッ素単環芳香族化合物。,https://jopss.jaea.go.jp/search/servlet/search?P53660,2022-171691,2024-063607,,2022/10/26,2024/05/13,,C07C 229/16(2006.01):B01J 20/22 (2006.01),https://jopss.jaea.go.jp/pdfdata/P1/P53660A.pdf,0,
P53540,フェナントロリン化合物、希土類金属抽出剤、及び希土類金属の抽出方法,小林 徹 ; 矢板 毅; 松田 基史* ; 大渡 啓介* ; 尾形 剛志* ; 成田 弘一* ; 古郷 宏明*,【課題】希土類金属を抽出するための抽出剤として利用可能な新規化合物を提供することを課題とする。 【解決手段】下記一般式(1)で表されるフェナントロリン化合物又はその塩。,https://jopss.jaea.go.jp/search/servlet/search?P53540,2022-166818,2024-059250,,2022/10/18,2024/05/01,,C07D 471/04(2006.01):C22B 59/00 (2006.01):C22B 3/36 (2006.01):B01D 11/04 (2006.01),https://jopss.jaea.go.jp/pdfdata/P1/P53540A.pdf,0,
P53680,炭素構造体,勅使河原 誠 ; 猿田 晃一; 村松 一生* ; 池田 裕二郎* ; 大竹 淑恵* ; 岩田 英里* ; 高橋 一馬* ; 須谷 康一*,【課題】賦形性がよく、高い放射線場での耐久性にも優れ、さらに、干渉性散乱によって冷中性子や極冷中性子を高強度化することができる、冷中性子や極冷中性子の反射材を提供する。 【解決手段】ナノ炭素構造体を含んでなる三次元形状の炭素構造体であって、前記ナノ炭素構造体はグラフェン骨格を有する20NM未満の厚さの薄片状炭素が花弁状に固定された花弁状構造、および、1~100NMの大きさのシード状構造体が集まって形成された凸凹状構造の少なくとも一つの構造を有するものである、炭素構造体。,https://jopss.jaea.go.jp/search/servlet/search?P53680,2022-161968,2024-055215,,2022/10/06,2024/04/18,,C01B 32/15 (2017.01):G01N 23/02 (2006.01):G01N 23/05 (2006.01),https://jopss.jaea.go.jp/pdfdata/P1/P53680A.pdf,0,
P54922,CARBON STRUCTURE,勅使河原 誠 ; 猿田 晃一,村松 一生* ; 池田 裕二郎* ; 大竹 淑恵* ; 岩田 英里* ; 高橋 一馬* ; 須谷 康一*,https://jopss.jaea.go.jp/search/servlet/search?P54922,10-2025-7012115,WO 2024/075614,,2023/09/27,2024/04/11,,C01B 32/15 (2017.01):G01N 23/02 (2006.01):G01N 23/05 (2006.01),,0,
P53580,ターボ分子ポンプ、及びその製造方法,神谷 潤一郎 ; 和田 薫; 桜井 充* ; ナン ティン ティン トゥエ* ; 上原 孝浩* ; 馬渕 拓也*,【課題】高い真空排気性能を実現することができるターボ分子ポンプを提供する。 【解決手段】ターボ分子ポンプ1には、回転の軸線AXに沿って複数段のロータ翼31Aを有するロータ30と、軸線AXに沿って複数段のロータ翼31Aの間にそれぞれ配置される複数段のステータ翼14Aと、それらのロータ30、及び複数段のステータ翼14Aを内部に収容するケーシング11と、が設けられる。そして、それらの複数段のロータ翼31A、複数段のステータ翼14A、及びケーシング11を含むそのケーシング11の内部の少なくとも一部は、その素材に含まれるガスを放出させるための真空ベーキング処理が施された材料によって形成される。,https://jopss.jaea.go.jp/search/servlet/search?P53580,2022-142703,2024-038591,,2022/09/08,2024/03/21,,F04D 19/04 (2006.01),https://jopss.jaea.go.jp/pdfdata/P1/P53580A.pdf,0,
P53620,光検出素子及び固体撮像装置,武内 伴照; 渡辺 恭志* ; 駒野目 裕久*,【課題】電界集中を抑えつつ、半導体界面の空乏化抑制により暗電流抑圧を完全なものとする光検出素子を提供する。 【解決手段】P型の基体領域1と、基体領域1とP-N接合を構成するN型の電荷生成埋込層5と、電荷生成埋込層5に接したP型のシールド層6と、電荷生成埋込層5に接したN+型の電荷読出領域8と、シールド層6に接したフォトゲート絶縁膜4Bと、フォトゲート絶縁膜4Bの電荷読出領域8側の端部上に設けられたN型の緩和領域部14-1と、緩和領域部14-1に連続してフォトゲート絶縁膜4Bの上に設けられたP型の主透明電極層14-2を備える。主透明電極層14-2の電位がシールド層6の表面に及ぼす静電ポテンシャル効果により、シールド層6の表面にP型の電荷をピンニングする。,https://jopss.jaea.go.jp/search/servlet/search?P53620,2022-135450,2024-32005,7572012,2022/08/27,2024/03/08,2024/10/15,H01L 27/146(2006.01):H01L 31/10 (2006.01):H04N 25/63 (2023.01):H04N 25/76 (2023.01),https://jopss.jaea.go.jp/pdfdata/P1/P53620A.pdf | https://jopss.jaea.go.jp/pdfdata/P1/P53620A.pdf | https://jopss.jaea.go.jp/pdfdata/P2/P53620B.pdf,0,
P53800,試料加熱ホルダーとその使用方法,森本 恭一 ; 矢板 毅; 小無 健司* ; 渡辺 博道* ; 有田 裕二*,【課題】試料に対するX線透過方向のアライメントを容易にし、また、X線透過方向以外の方向から試料を保持するとともに、試料の効率的な加熱を可能とする試料加熱ホルダーを提供する。 【解決手段】本発明の試料加熱ホルダー100は、主面101Aに平行な第一の方向D1に一端101Bと他端101Cを有する導体板101と、導体板101に接続された第一の電極102および第二の電極103と、を備え、導体板101は、一端101B内側に、第一の方向D1に延在し、他端101Cに到達せず、かつ主面101Aと垂直な第二の方向D2に貫通したスリット104を有し、第一の電極102、第二の電極103は、導体板101のうち、スリット104により分割された一端101B側の一方101D、他方101Eにそれぞれ接続され、スリット幅104Bは1~1000μMである。,https://jopss.jaea.go.jp/search/servlet/search?P53800,2022-132855,2024-30202,,2022/08/23,2024/03/07,,H05B 3/62 (2006.01):G01N 1/28 (2006.01):H05B 3/03 (2006.01):H05B 3/12 (2006.01):H05B 3/10 (2006.01):C22C 27/04 (2006.01),https://jopss.jaea.go.jp/pdfdata/P1/P53800A.pdf,0,
P54303,熱電変換システム、熱電変換方法,岡安 悟 ; 家田 淳一 ; 針井 一哉; not registered,【課題】放射線による劣化が小さな熱電変換システムあるいは熱電変換方法を得る。 【解決手段】この熱電変換システム1においては、膜厚方向(Z方向)に沿って、基板10の上に強磁性絶縁層20、金属層30が順次形成される。この熱電変換システム1に温度勾配を付与する熱源40は、基板10の下側に接続されている。スピンゼーベック効果による電位差は図中でY軸方向において発生するため、金属層30におけるY軸方向における両端部側にそれぞれ第1電極31、第2電極32が接続される。上記の熱電変換システム1は高いγ線耐性をもつため、γ線の遮蔽のための重金属層を必要としない。,https://jopss.jaea.go.jp/search/servlet/search?P54303,2023-214458,2024-023735,7627515,2023/12/20,2024/02/21,2025/01/29,H10N 15/20 (2023.01):H01L 29/82 (2006.01),https://jopss.jaea.go.jp/pdfdata/P1/P54303A.pdf,0,
P53520,多極電磁石,地村 幹 ; 原田 寛之 ; 高柳 智弘; 尾形 敢一郎* ; 熊谷 洋二* ; 本波 和真*,【課題】荷電粒子ビームを収束及び成形可能な多極電磁石を小型化する技術を提供する。 【解決手段】多極電磁石は、荷電粒子ビームが通過する通過領域が中央に設けられたリング状のヨーク(11)と、ヨークの周方向に離間した位置において、各々がヨークの内周面から通過領域に向けて突出する4N+4(Nは正の奇数)個の磁極(12A~12H)と、磁極を励磁するコイル(13A~13H、14A~14H)とを備える。周方向に連続するN+1個の磁極を1個の磁極グループとして、同一の磁極グループに属する磁極の先端は、接触している。コイルは、同一の磁極グループに属する磁極の極性が同一で、且つ周方向に隣接する磁極グループの極性が反転すると共に、磁力の絶対値が基準値より大きい強磁性磁極と、磁力の絶対値が基準値より小さい弱磁性磁極とが、周方向にN+1個ずつ交互に配置されるように、磁極を励磁する。,https://jopss.jaea.go.jp/search/servlet/search?P53520,2022-125801,2024-022311,7592270,2022/08/05,2024/02/16,2024/11/22,H05H 7/04 (2006.01):H05H 13/04 (2006.01),https://jopss.jaea.go.jp/pdfdata/P1/P53520A.pdf | https://jopss.jaea.go.jp/pdfdata/P1/P53520A.pdf | https://jopss.jaea.go.jp/pdfdata/P2/P53520B.pdf,0,
P54280,液液抽出に基づく特定物質の抽出回収装置,長縄 弘親 ; 永野 哲志; not registered,【課題】重液相内若しくは軽液相内又は両相内に含まれる特定物質を簡潔な構成で効率良く抽出回収する装置を提供すること。 【解決手段】容器内の重液相と軽液相の間の界面近傍に配置された翼部位を持つ攪拌翼を備え、同一容器内に乳濁混合状態と同時に形成された、相分離状態の液相を他の容器の逆抽出液内に導入し、その容器内に特定物質を抽出回収する装置。,https://jopss.jaea.go.jp/search/servlet/search?P54280,2023-201846,2024-009326,7656955,2023/11/29,2024/01/19,2025/03/27,B01D 11/04 (2006.01):B01F 23/41 (2022.01):B01F 23/43 (2022.01):B01F 25/50 (2022.01),https://jopss.jaea.go.jp/pdfdata/P1/P54280A.pdf | https://jopss.jaea.go.jp/pdfdata/P1/P54280A.pdf | https://jopss.jaea.go.jp/pdfdata/P2/P54280B.pdf,0,
P54260,液液抽出に基づく特定物質の抽出回収方法,長縄 弘親 ; 永野 哲志; not registered,【課題】重液相内若しくは軽液相内又は両相内に含まれる特定物質を簡単な方法で効率良く抽出回収する方法を提供すること。 【解決手段】機械撹拌を利用する液液抽出において、翼部位が重液相と軽液相の間の界面近傍に配置された攪拌翼を回転させながら、容器の上方から重液相を下方から軽液相を送液導入し、乳濁混合状態と相分離状態の領域を形成させ、相分離した液相を他の容器の逆抽出液内に導入し、特定物質を抽出回収する。,https://jopss.jaea.go.jp/search/servlet/search?P54260,2023-201835,2024-009325,7573223,2023/11/29,2024/01/19,2024/10/17,B01D 11/04 (2006.01):B01F 23/41 (2022.01):B01F 23/43 (2022.01):B01F 25/50 (2022.01):B01F 27/80 (2022.01),https://jopss.jaea.go.jp/pdfdata/P1/P54260A.pdf | https://jopss.jaea.go.jp/pdfdata/P1/P54260A.pdf | https://jopss.jaea.go.jp/pdfdata/P2/P54260B.pdf,0,
P53200,水クラスター、水クラスターの製造方法、及び水クラスターの利用方法,平出 哲也; not registered,【課題】高温でも秩序構造を保持可能な水クラスターを提供することを課題とする。 【解決手段】水分子が水素結合で結びついた集合体の表面に、Hイオン及び/又はOHイオンが結合した構造を有する水クラスターであって、前記水クラスターは、前記水クラスターを含む水は、陽電子消滅ガンマ線寿命-運動量相関測定(AMOC)法によって8℃で計測される陽電子齢2ナノ秒以降のSパラメータをS1とし、10℃で計測されるSパラメータをS2としたとき、S1≦S2の関係を満たす、水クラスターにより、課題を解決する。,https://jopss.jaea.go.jp/search/servlet/search?P53200,2022-094929,2023-181670,7829922,2022/06/13,2023/12/25,2026/03/06,G01N 23/22 (2018.01):G01T 1/172 (2006.01),https://jopss.jaea.go.jp/pdfdata/P1/P53200A.pdf,0,
P54762,観測点決定装置及び観測点決定方法,町田 昌彦,not registered,https://jopss.jaea.go.jp/search/servlet/search?P54762,18/860789,WO2023/223703,,2023/04/05,2023/11/23,,G01T 1/16(2006.01):G01T 1/167(2006.01):G21C 17/00(2006.01):G21C 17/013(2006.01),,0,
P53360,耐硫酸腐食性被覆部材、耐硫酸腐食性被覆部材の製造方法、及び水素製造ISプロセス装置,広田 憲亮 ; 橘 幸男; 舟本 幸大*,【課題】 耐熱性及び硫酸に対する耐食性に優れる耐硫酸腐食性被覆部材を提供する。 【解決手段】 鋼製の基材と、前記基材の表面に設けられた複合酸化物皮膜とを備えた耐硫酸腐食性被覆部材であって、前記複合酸化物皮膜は、酸化アルミニウム粒子、酸化クロム粒子及び酸化ケイ素粒子と、前記各粒子の隙間に充填された酸化クロム相とを含む第1皮膜を含み、前記酸化クロム相は、更に、リン酸塩化合物、硼酸塩化合物、及び珪酸塩化合物から選択される少なくとも一つの化合物を含有する、耐硫酸腐食性被覆部材。,https://jopss.jaea.go.jp/search/servlet/search?P53360,2022-067098,2023-157290,7876791,2022/04/14,2023/10/26,2026/06/12,C23C 26/00 (2006.01):C01B 3/02 (2006.01):C01G 37/02 (2006.01),https://jopss.jaea.go.jp/pdfdata/P1/P53360A.pdf | https://jopss.jaea.go.jp/pdfdata/P1/P53360A.pdf | https://jopss.jaea.go.jp/pdfdata/P2/P53360B.pdf,0,
P53280,モリブデン-99の製造用ターゲット材料及びその製造方法,藤田 善貴; 末松 久幸* ; 中山 忠親* ; Do Thi Mai Dung* ; 鈴木 達也* ; Ngo Minh Chu*,【課題】水に分散させた中性子照射したターゲットに関し、フィルターで濾過可能で、溶液中に高濃度のMO-99を抽出する方法が求められていることに着目し、形状制御したターゲット材料を開発すること。 【解決手段】長径と短径が大きく異なる細長いMOO3ウイスカー材料をターゲットとし、中性子照射後水に分散させ、フィルターで溶液と分離してMO-99を高い濃度で溶液に抽出する。,https://jopss.jaea.go.jp/search/servlet/search?P53280,2022-063746,2023-154459,,2022/04/07,2023/10/20,,G21G 1/08 (2006.01):G21G 4/08 (2006.01),https://jopss.jaea.go.jp/pdfdata/P1/P53280A.pdf,0,
P53380,アルミニウム合金材の水素脆化防止方法および水素脆化防止剤,山口 正剛; 清水 一行* ; 戸田 裕之*,【課題】AL7CU2FE粒子等を用いる以外の方法で水素脆化を効果的に防止ないし抑制できるアルミニウム合金材の水素脆化防止方法の提供。 【解決手段】アルミニウム合金材にT相を形成させる工程を含む、アルミニウム合金材の水素脆化防止方法。,https://jopss.jaea.go.jp/search/servlet/search?P53380,2022-063424,2023-154234,,2022/04/06,2023/10/19,,C22F 1/04 (2006.01):C22C 21/10 (2006.01):C22F 1/00 (2006.01),https://jopss.jaea.go.jp/pdfdata/P1/P53380A.pdf,0,
P53340,高輝度光源からの光の輝度レベルを検出するための方法,武内 伴照; 柴垣 太郎* ; 駒野目 裕久* ; 澤 隆雄* ; 後藤 慎平* ; 小澤 佑介*,【課題】イメージセンサの飽和レベルを超える強さを持つ光の輝度レベルを検出するための、高輝度光源からの光の輝度レベルを検出する方法、装置及び光通信システムを提供する。 【解決手段】方法は、第1の発光素子11からの光をイメージセンサ13で受光するステップと、第1の発光素子11からの光を受光した受光領域のうち、受光量がイメージセンサ13の飽和レベルより大きい第1の飽和領域を検出するステップと、第1の発光素子11からの光の輝度レベルを表す第1の検出値として、第1の飽和領域の大きさを決定するステップと、を含む。,https://jopss.jaea.go.jp/search/servlet/search?P53340,2022-057100,2023-148844,7270197,2022/03/30,2023/10/13,2023/04/27,H04B 10/114(2013.01),https://jopss.jaea.go.jp/pdfdata/P1/P53340A.pdf | https://jopss.jaea.go.jp/pdfdata/P1/P53340A.pdf | https://jopss.jaea.go.jp/pdfdata/P2/P53340B.pdf,0,
P53300,複合糸、複合糸の製造方法、及び複合シート,広田 憲亮 ; 藤田 善貴 ; 武内 伴照 ; 井手 広史; 岩本 正春* ; 鶴岡 秀志* ; 弘中 元直*,【課題】強度及び柔軟性に優れた、放射線遮蔽材料としても使用しうる複合糸を提供することを課題とする。 【解決手段】カーボンナノチューブヤーンと、前記カーボンナノチューブヤーンの表面を被覆する銅めっき層と、を備える複合糸であって、前記複合糸の引張強度が700MPA以上であり、引張伸びが1.5%以上であり、且つ電気伝導度が10.0×106S/M以上である、複合糸により、課題を解決する。,https://jopss.jaea.go.jp/search/servlet/search?P53300,2022-054083,2023-146731,,2022/03/29,2023/10/12,,D06M 11/83 (2006.01):G21F 3/02 (2006.01):G21F 1/08 (2006.01),https://jopss.jaea.go.jp/pdfdata/P1/P53300A.pdf,0,
P53180,粒子製造方法及び粒子製造装置,佐野 雄一 ; 渡部 創 ; 宮崎 康典 ; 安倍 弘 ; 長谷川 健太; 後藤 一郎*,【課題】粒子径が従来よりも大きく、粒子径の均一性が比較的高い粒子を製造することができる粒子製造方法を提供する。 【解決手段】本発明に係る粒子製造方法は、組成物を、振動するノズルから、撹拌機により撹拌された溶媒中に滴下し、組成物が含まれる粒子を造粒する造粒工程(ステップS1)と、前記造粒工程(ステップS1)で得られた溶媒を含む粒子から、溶媒を除去し、粒子を得る溶媒除去工程(ステップS2)と、を含むことを特徴とする。,https://jopss.jaea.go.jp/search/servlet/search?P53180,2022-032647,2023-128352,,2022/03/03,2023/09/14,,B01J 2/06 (2006.01):C01B 33/18 (2006.01),https://jopss.jaea.go.jp/pdfdata/P1/P53180A.pdf,0,
P52960,負イオン源及び負イオン生成方法,松原 章浩 ; 國分 陽子; not registered,【課題】高い負イオン生成効率を達成可能な負イオン源及び負イオン生成方法を提供する。 【解決手段】試料が導入される導入口106と、導入口106と連通し、放電によりプラズマが生成されるプラズマ生成領域113と、生成されたプラズマと試料との反応により解離または励起した粒子が負イオン化される負イオン生成領域114と、負イオン生成領域114と連通し、生成された負イオンが外部に引き出される引出口107と、を備える筐体108を有し、負イオン生成領域114には、高周波加熱により熱電子を生成する熱電子放出物質116が充填されている。,https://jopss.jaea.go.jp/search/servlet/search?P52960,2022-021830,2023-119144,7687690,2022/02/16,2023/08/28,2025/05/26,H01J 27/08 (2006.01):H01J 37/08 (2006.01),https://jopss.jaea.go.jp/pdfdata/P1/P52960A.pdf | https://jopss.jaea.go.jp/pdfdata/P1/P52960A.pdf | https://jopss.jaea.go.jp/pdfdata/P2/P52960B.pdf,0,
P53822,負イオン源及び負イオン生成方法,松原 章浩 ; 國分 陽子; not registered,"Provided is a negative ion source and a negative ion generation method capable of providing a high negative ion generation efficiency. A negative ion source includes a housing that includes: an inlet from which a sample is introduced; a plasma generation region communicated with the inlet, a plasma being generated by discharge in the plasma generation region; a negative ion generation region in which particles dissociated or excited by a reaction of the generated plasma with the sample are converted into negative ions; and an extraction port communicated with the negative ion generation region, the generated negative ions being extracted outside through the extraction port. The negative ion generation region is filled with a thermionic emission material for generating thermoelectrons by high frequency heating.",https://jopss.jaea.go.jp/search/servlet/search?P53822,23156548.2,4231325,,2023/02/14,2023/08/23,,H01J 27/02 (2006.01),https://jopss.jaea.go.jp/pdfdata/P1/P53822A.pdf,0,
P53821,負イオン源及び負イオン生成方法,松原 章浩 ; 國分 陽子; not registered,"Provided is a negative ion source and a negative ion generation method capable of providing a high negative ion generation efficiency. A negative ion source includes a housing that includes: an inlet from which a sample is introduced; a plasma generation region communicated with the inlet, a plasma being generated by discharge in the plasma generation region; a negative ion generation region in which particles dissociated or excited by a reaction of the generated plasma with the sample are converted into negative ions; and an extraction port communicated with the negative ion generation region, the generated negative ions being extracted outside through the extraction port. The negative ion generation region is filled with a thermionic emission material for generating thermoelectrons by high frequency heating.",https://jopss.jaea.go.jp/search/servlet/search?P53821,23156548.2,4231325,,2023/02/14,2023/08/23,,H01J 27/02 (2006.01),https://jopss.jaea.go.jp/pdfdata/P1/P53821A.pdf,0,
P53820,負イオン源及び負イオン生成方法,松原 章浩 ; 國分 陽子; not registered,"Provided is a negative ion source and a negative ion generation method capable of providing a high negative ion generation efficiency. A negative ion source includes a housing that includes: an inlet from which a sample is introduced; a plasma generation region communicated with the inlet, a plasma being generated by discharge in the plasma generation region; a negative ion generation region in which particles dissociated or excited by a reaction of the generated plasma with the sample are converted into negative ions; and an extraction port communicated with the negative ion generation region, the generated negative ions being extracted outside through the extraction port. The negative ion generation region is filled with a thermionic emission material for generating thermoelectrons by high frequency heating.",https://jopss.jaea.go.jp/search/servlet/search?P53820,18/166669,2023/0256408,12558663,2023/02/09,2023/08/17,2026/02/24,B01J 19/08 (2006.01):H05H 1/46 (2006.01),https://jopss.jaea.go.jp/pdfdata/P1/P53820A.pdf | https://jopss.jaea.go.jp/pdfdata/P1/P53820A.pdf | https://jopss.jaea.go.jp/pdfdata/P2/P53820B.pdf,0,
P53740,METHOD AND APPARATUS FOR MEASURING A POWER DISTRIBUTION IN A REACTOR CORE,深谷 裕司 ; 中川 繁昭 ; 沖田 将一朗; not registered,"A method of measuring a power distribution in a reactor core is based on a neutron transport equation representing the relationship between power densities of a plurality of fuel elements within a pressure vessel of the nuclear reactor, output signals from neutron detectors at a plurality of locations, and detector sensitivity with respect to the positions of the fuel elements and the neutron detectors. A detector sensitivity matrix represents the sensitivities of each neutron detector location to the power density at each fuel element position. The power distribution is calculated from the product of the matrix the output signals of the neutron detectors and the pseudo-inverse of the detector sensitivity matrix. The neutron detectors may be positioned inside or outside the reactor pressure vessel. The measured power distribution may be considered valid when the rank of the pseudo-inverse matrix is greater than or equal to 0.8n, where n is the number of fuel elements.",https://jopss.jaea.go.jp/search/servlet/search?P53740,2217320.7,2615387,,2022/11/18,2023/08/09,,G21C 17/00 (2006.01),https://jopss.jaea.go.jp/pdfdata/P1/P53740A.pdf,0,
P53000,保持装置,小野 洋輔 ; 周治 愛之 ; 平野 宏志 ; 立原 丈二 ; 庄司 博行 ; 田村 健; 南 明則*,【課題】全面マスク内で対象物を保持する保持装置において、全面マスクの気密性の維持と、使用者の視界の確保とを両立する技術を提供する。 【解決手段】保持装置(10)は、磁力によって互いに引き合う第1磁性体(11)及び第2磁性体(12)と、対象物を着脱可能に保持する保持部(15)と、第2磁性体(12)から保持部(15)を吊り下げる吊下部(16)とを備える。,https://jopss.jaea.go.jp/search/servlet/search?P53000,2022-000568,2023-100124,7783596,2022/01/05,2023/07/18,2025/12/02,A62B 18/08(2006.01),https://jopss.jaea.go.jp/pdfdata/P1/P53000A.pdf | https://jopss.jaea.go.jp/pdfdata/P1/P53000A.pdf | https://jopss.jaea.go.jp/pdfdata/P2/P53000B.pdf,0,
P53040,中性子検出器,"伊藤 史哲 ; Lee, J. ; 弘中 浩太 ; 小泉 光生; not registered",【課題】高いN/γ選択性で、高線量の中性子を高効率で測定できる中性子検出器を得る。 【解決手段】このシンチレータ10は、Z方向において、蛍光体層11と光透過層12とが交互に積層された積層構造を具備する。蛍光体層11は、中性子を吸収することによって蛍光を発する蛍光体で構成され、この材料は、例えば従来より知られる中性子検出用のシンチレータの材料である。光透過層12は、この蛍光体が発した蛍光の透過率が高く中性子の吸収が小さい材料で構成される。このシンチレータ10では、中性子、γ線光子が入射した場合に、発光強度(パルス波高)が、中性子とγ線光子とで大きく異なる。これによって、両者の出力の弁別を容易に行うことができる。,https://jopss.jaea.go.jp/search/servlet/search?P53040,2021-214537,2023-098048,7744679,2021/12/28,2023/07/10,2025/09/17,G01T 3/06 (2006.01):G01T 1/20 (2006.01),https://jopss.jaea.go.jp/pdfdata/P1/P53040A.pdf | https://jopss.jaea.go.jp/pdfdata/P1/P53040A.pdf | https://jopss.jaea.go.jp/pdfdata/P2/P53040B.pdf,0,
P53465,中性子検出器,"伊藤 史哲 ; Lee, J. ; 弘中 浩太 ; 小泉 光生",not registered,https://jopss.jaea.go.jp/search/servlet/search?P53465,2214221,3131395,2214221,2022/12/22,2023/06/30,2025/10/10,G01T 3/06 (2023.01):G01T 1/20:C09K 11/08,https://jopss.jaea.go.jp/pdfdata/P1/P53465A.pdf,0,
P53120,シンチレータユニットおよび放射線源検出モジュール,眞田 幸尚 ; 阿部 智久; 宮崎 信之*,【課題】水中に含まれるトリチウム等の放射線源を非常に精度良く検出する。 【解決手段】水中の放射線源を検出する放射線源検出装置のシンチレータユニット8であって、光透過性を有する複数のシンチレータ板14を互いに所定の間隔をおいて積層したシンチレータ積層部13を有する。,https://jopss.jaea.go.jp/search/servlet/search?P53120,2021-196722,2023-082788,7769972,2021/12/03,2023/06/15,2025/11/06,G01T 1/167(2006.01):G01T 1/20 (2006.01),https://jopss.jaea.go.jp/pdfdata/P1/P53120A.pdf | https://jopss.jaea.go.jp/pdfdata/P1/P53120A.pdf | https://jopss.jaea.go.jp/pdfdata/P2/P53120B.pdf,0,
P53063,原子炉内出力分布の測定方法及びその装置,深谷 裕司 ; 中川 繁昭 ; 沖田 将一朗; not registered,【課題】高温ガス炉、高速炉などのように中性子検出器の挿入場所が限られた原子炉の炉内出力分布の測定を可能とすること。 【解決手段】原子炉の圧力容器内の複数燃料要素の出力密度と、圧力容器内外の複数中性子検出器の位置における中性子検出器からの出力信号と、燃料要素及び中性子検出器の位置に関する検出器感度との関係を表す中性子輸送方程式に基づいて炉心の出力分布を測定する方法であって、検出器感度に関する疑似逆行列と中性子検出器からの出力信号行列との積から原子炉の炉心の出力分布を算出する。,https://jopss.jaea.go.jp/search/servlet/search?P53063,2021-188522,2023-075550,,2021/11/19,2023/05/31,,G21C 17/00 (2006.01):G21C 17/108(2006.01),https://jopss.jaea.go.jp/pdfdata/P1/P53063A.pdf,0,
P52921,加工装置および加工装置の制御方法,猿田 晃一 ; 直江 崇 ; 勅使河原 誠 ; 二川 正敏 ; 梁 輝; Erkan Nejdet*,【課題】加工により発生するヒュームの大気中への拡散防止およご前記ヒュームを回収可能な加工装置を提供すること。 【解決手段】 加工対象物10の局所部16を溶融するために、前記局所部16を加熱する加熱ヘッド122を備えた加熱装置120と、前記局所部16と前記加熱ヘッド122とを繋ぐ加熱エリア20の外側にミストカバー層40を形成するミスト層形成装置140と、液体からミスト41を生成して前記ミスト層形成装置140に供給するミスト生成装置130と、前記加熱ヘッド122により加熱されて溶融する前記局所部16を前記加工対象物10の加工場所12に沿って移動させる加工位置移動機構30と、を備え、前記ミスト層形成装置140から噴霧された前記ミスト41により、前記加熱エリア20の外周を覆う前記ミストカバー層40を形成した、ことを特徴とする加工装置。,https://jopss.jaea.go.jp/search/servlet/search?P52921,2021-188317,2023-075422,7796398,2021/11/19,2023/05/31,2025/12/25,B23K 26/146(2014.01):B23K 9/32 (2006.01):B23K 26/142(2014.01),https://jopss.jaea.go.jp/pdfdata/P1/P52921A.pdf | https://jopss.jaea.go.jp/pdfdata/P1/P52921A.pdf | https://jopss.jaea.go.jp/pdfdata/P2/P52921B.pdf,0,
P53741,原子炉内出力分布の測定方法及びその装置,深谷 裕司 ; 中川 繁昭 ; 沖田 将一朗; not registered,"A method of measuring a power distribution in a reactor core is based on a neutron transport equation representing the relationship between power densities of a plurality of fuel elements within a pressure vessel of the nuclear reactor, output signals from neutron detectors at a plurality of locations, and detector sensitivity with respect to the positions of the fuel elements and the neutron detectors. A detector sensitivity matrix represents the sensitivities of each neutron detector location to the power density at each fuel element position. The power distribution is calculated from the product of the matrix the output signals of the neutron detectors and the pseudo-inverse of the detector sensitivity matrix. The neutron detectors may be positioned inside or outside the reactor pressure vessel. The measured power distribution may be considered valid when the rank of the pseudo-inverse matrix is greater than or equal to 0.8n, where n is the number of fuel elements.",https://jopss.jaea.go.jp/search/servlet/search?P53741,2212041,3129519,3129519,2022/11/18,2023/05/26,2025/01/03,G21C 17/108(2023.01):G01T 3/00,https://jopss.jaea.go.jp/pdfdata/P1/P53741A.pdf,0,
P53742,原子炉内出力分布の測定方法及びその装置,深谷 裕司 ; 中川 繁昭 ; 沖田 将一朗; not registered,"A method of measuring a power distribution in a reactor core is based on a neutron transport equation representing the relationship between power densities of a plurality of fuel elements within a pressure vessel of the nuclear reactor, output signals from neutron detectors at a plurality of locations, and detector sensitivity with respect to the positions of the fuel elements and the neutron detectors. A detector sensitivity matrix represents the sensitivities of each neutron detector location to the power density at each fuel element position. The power distribution is calculated from the product of the matrix the output signals of the neutron detectors and the pseudo-inverse of the detector sensitivity matrix. The neutron detectors may be positioned inside or outside the reactor pressure vessel. The measured power distribution may be considered valid when the rank of the pseudo-inverse matrix is greater than or equal to 0.8n, where n is the number of fuel elements.",https://jopss.jaea.go.jp/search/servlet/search?P53742,P442859,442859,,2022/11/17,2023/05/22,,G21C 17/108(2006.01),https://jopss.jaea.go.jp/pdfdata/P1/P53742A.pdf,0,
P53140,α線放出核種の多核種同時分析方法,松枝 誠 ; 寺島 元基 ; 飯島 和毅; 高貝 慶隆*,【課題】煩雑な工程を必要とせずに、α線放出核種を同時に複数種定量分析することができる方法を提供する。 【解決手段】固相抽出用樹脂を備えたカラム2に試料溶液を導入し、カラム2の固相抽出用樹脂に試料溶液に含まれるα線放出核種を吸着させ、固相抽出用樹脂に吸着されたα線放出核種をグループごとに溶離液に溶出させ、当該溶離液を霧化してプラズマイオン源5に導入してイオン化し、当該イオン群に酸素又はアンモニアを導入して、それらガスとの反応により当該元素のイオンの質量を変換し、次いで、四重極マスフィルター9において特定の質量数を持つイオンを除去し、四重極マスフィルター9を通過したα線放出核種の特定信号を測定する。,https://jopss.jaea.go.jp/search/servlet/search?P53140,2021-182438,2023-070337,7849685,2021/11/09,2023/05/19,2026/04/14,G01N 27/64 (2006.01),https://jopss.jaea.go.jp/pdfdata/P1/P53140A.pdf | https://jopss.jaea.go.jp/pdfdata/P1/P53140A.pdf | https://jopss.jaea.go.jp/pdfdata/P2/P53140B.pdf,0,
P52902,放射性同位体の分析方法及び分析装置,瀬川 麻里子 ; 前田 亮 ; 藤 暢輔; not registered,【課題】放射性同位体の化学形毎の放射線量を、長期間に亘って正確に分析可能な放射性同位体の分析方法を提供する。 【解決手段】放射性同位体の分析方法は、放射性同位体を化学形毎に分離する分離ステップ(S11)と、可視化シンチレータを介した薄層プレート及び標準光を放出する標準光シンチレータを撮像する撮像ステップ(S12)と、スポット領域の輝度値及び標準光シンチレータの領域の抽出輝度値を抽出する抽出ステップ(S13)と、標準輝度値及び抽出輝度値に基づいて、スポット領域の輝度値を補正する補正ステップ(S14)と、放射性同位体の輝度値と放射線量との予め求められた対応関係に基づいて、補正ステップで補正したスポット領域の輝度値に対応する放射線量を特定する特定ステップ(S15)とを含む。,https://jopss.jaea.go.jp/search/servlet/search?P52902,2021-173289,2023-063037,7649041,2021/10/22,2023/05/09,2025/03/11,G01T 1/167(2006.01),https://jopss.jaea.go.jp/pdfdata/P1/P52902A.pdf | https://jopss.jaea.go.jp/pdfdata/P1/P52902A.pdf | https://jopss.jaea.go.jp/pdfdata/P2/P52902B.pdf,0,
P53061,核磁気共鳴プローブ、核磁気共鳴測定装置、及び、核磁気共鳴測定方法,今井 正樹; not registered,【課題】NMR信号の測定において調整可能な周波数帯域の拡大及び測定作業効率の向上を可能とする核磁気共鳴プローブを提供する。 【解決手段】核磁気共鳴プローブ2は、サンプルコイル230及び同調整合回路231で構成されて、試料SからのNMR信号を検出するNMR信号検出部23と、NMR信号検出部23に接続された同軸状の電力線路を有する同軸状共振器24とを備える。同軸状共振器24は、短絡ブリッジ242を電力線路241A、241Bの同軸方向に沿って摺動させることで、電力線路241A、241Bの同軸方向の長さを調整する長さ調整機構を備える。,https://jopss.jaea.go.jp/search/servlet/search?P53061,2021-171353,2023-061460,7716676,2021/10/20,2023/05/02,2025/07/24,G01N 24/00 (2006.01),https://jopss.jaea.go.jp/pdfdata/P1/P53061A.pdf | https://jopss.jaea.go.jp/pdfdata/P1/P53061A.pdf | https://jopss.jaea.go.jp/pdfdata/P2/P53061B.pdf,0,
P53080,赤外分光分析の試料台,日下 良二 ; 渡邉 雅之; 井口 佳哉* ; 平田 早紀子* ; 明地 省吾*,【課題】少量の試料を密閉空間で薄く均一に広げることが可能な赤外分光分析の試料台を提供する。 【解決手段】試料Xを配置可能な試料配置面11を有する光学素子10と、試料配置面の面方向と交差する方向に貫通する試料導入孔31を有する試料保持部材30と、試料配置面に向かって突出し、試料導入孔に嵌合可能な突出部42を有する蓋部材40と、を備え、光学素子10、試料保持部材30および蓋部材40は、この順に重ねられ、試料導入孔、試料配置面および突出部の先端面42Aにより密閉空間が形成され、先端面42Aが、密閉空間に封入された試料Xを、試料配置面11に向かって押圧可能に構成される。,https://jopss.jaea.go.jp/search/servlet/search?P53080,2021-161781,2023-051228,7780753,2021/09/30,2023/04/11,2025/11/27,G01N 21/01 (2006.01):G01N 21/552(2014.01):G01N21/3577(2014.01,https://jopss.jaea.go.jp/pdfdata/P1/P53080A.pdf | https://jopss.jaea.go.jp/pdfdata/P1/P53080A.pdf | https://jopss.jaea.go.jp/pdfdata/P2/P53080B.pdf,0,
P53780,真空排気方法,神谷 潤一郎; not registered,【課題】コーティング層の剥離が発生しにくいコーティング方法を得る。 【解決手段】この真空部品1においては、ARが導入されて前記のように電極20が正電位とされた場合(第1の状態)には、真空容器(部材)10内の実線矢印で示されるように、DC放電によって生成されたAR(正)イオンが負側となる真空容器10の内面10Aに衝突する(第1の工程)。このイオン衝撃によって、TI酸化物層をスパッタエッチし、除去することができる。この場合におけるTI酸化物層のエッチング深さは、スパッタリング時間(DC放電時間)、スパッタリング電流等によって調整することができる。TI酸化物層が除去された後で、ARが導入されて前記のように電極面20Aが負電位とされた場合(第3の状態)には、前記とは逆に、AR(正)イオンは負側となる電極面20Aに衝突する(第2の工程)。,https://jopss.jaea.go.jp/search/servlet/search?P53780,2022-186285,2023-021140,7446640,2022/11/22,2023/02/09,2024/03/01,H01J 41/20 (2006.01):H01J 37/16 (2006.01),https://jopss.jaea.go.jp/pdfdata/P1/P53780A.pdf | https://jopss.jaea.go.jp/pdfdata/P1/P53780A.pdf | https://jopss.jaea.go.jp/pdfdata/P2/P53780B.pdf,0,
P53480,ボルテックスチューブ、熱分離装置,呉田 昌俊; 山形 洋司*,【課題】熱分離性能を向上させたボルテックスチューブを提供する。 【解決手段】本発明に係るボルテックスチューブ10は、高温気体を吐出する高温出口19と、低温気体を吐出する低温出口17と、前記高温出口19から吐出される高温気体の圧力、及び、前記低温出口17から吐出される低温気体の圧力のいずれよりも高い圧力の気体が流入する入口11と、前記入口11から流入される気体を内部で旋回させて、高温気体と低温気体とに熱分離する渦流管14と、を有するボルテックスチューブ10において、前記渦流管14内には、螺旋状フィン20が配されることを特徴とする。,https://jopss.jaea.go.jp/search/servlet/search?P53480,2022-096172,2023-020900,7504379,2022/06/15,2023/02/09,2024/06/14,F25B 9/04 (2006.01),https://jopss.jaea.go.jp/pdfdata/P1/P53480A.pdf | https://jopss.jaea.go.jp/pdfdata/P1/P53480A.pdf | https://jopss.jaea.go.jp/pdfdata/P2/P53480B.pdf,0,
P54061,アルミニウム合金材の水素脆化防止剤,山口 正剛; 清水 一行* ; 戸田 裕之*,アルミニウム合金材の水素脆化を防止でき、アルミニウム合金材の内部に第二相粒子として含有させる用途であるアルミニウム合金材の水素脆化防止剤であって、第二相粒子が、SN粒子、AL11MN3ZN2粒子、AL9CO2粒子、AL6MN粒子、AL3Y粒子、AL3TI粒子、AL3SC粒子、AL2CA粒子、AL7CR粒子、AL9MN4粒子、AL12MN3SI粒子およびAL31MN6CU2粒子のうち少なくとも1種類を含む、アルミニウム合金材の水素脆化防止剤は、水素脆化を効果的に防止ないし抑制できる。,https://jopss.jaea.go.jp/search/servlet/search?P54061,2023-530471,WO-JP2022/270483,,2022/06/21,2022/12/29,,C22C 1/02(2006.01):B22F 1/00(2022.01):C22C 21/00(2006.01):C22C 21/10(2006.01):C22F 1/00(2006.01) :C22F 1/053(2006.01),https://jopss.jaea.go.jp/pdfdata/P1/P54061A.pdf,0,
P52363,液液抽出に基づく特定物質の製造装置及び製造方法,長縄 弘親 ; 永野 哲志,not registered,https://jopss.jaea.go.jp/search/servlet/search?P52363,2001006975,2001006975A,,2020/12/07,2022/12/26,,B01D 11/04,,0,
P53227,液液系多段装置及びそれを用いた特定物質の製造方法,長縄 弘親 ; 永野 哲志 ; 鈴木 英哉,not registered,https://jopss.jaea.go.jp/search/servlet/search?P53227,202244015935,202244015935A,,2022/03/22,2022/12/02,,B01J 19/00,,0,
P52760,電子デバイス、その製造方法及びその使用方法,家田 淳一; 竹内 祐太朗* ; 深見 俊輔* ; 山根 結太* ; Yoon J.-Y.* ; 陣内 佛霖* ; 金井 駿* ; 大野 英男*,【課題】 外部磁場が不要であり、比較的大きな読み出し信号の出力が可能な乱数生成素子、メモリ素子として使用することが可能であり、また、出力/入力周波数の可変性を備えた発振/検波素子としても使用することが可能である電子デバイスを提供することを目的とする。 【解決手段】 本体と、入力端子と、出力端子と、を備え、前記本体は、基板上にスピントルク生成層とノンコリニア反強磁性層がこの順、または逆順の積層方向に積層されて構成されるものであり、前記入力端子は、前記スピントルク生成層の積層面と平行な任意の一方向の両端に配置され、前記ノンコリニア反強磁性層は、前記任意の一方向と前記積層方向が成す平面においてノンコリニアな磁気秩序を有することを特徴とする電子デバイス。,https://jopss.jaea.go.jp/search/servlet/search?P52760,2021-071582,2022-166395,7719445,2021/04/21,2022/11/02,2025/07/29,H01L 29/82 (2006.01):H01L 43/10 (2006.01):H01L 43/08 (2006.01):H01L 21/8239(2006.01:H01F 10/12 (2006.01),https://jopss.jaea.go.jp/pdfdata/P1/P52760A.pdf | https://jopss.jaea.go.jp/pdfdata/P1/P52760A.pdf | https://jopss.jaea.go.jp/pdfdata/P2/P52760B.pdf,0,
P53261,電子デバイス、その製造方法及びその使用方法,家田 淳一; 竹内 祐太朗* ; 深見 俊輔* ; 山根 結太* ; Yoon J.-Y.* ; 陣内 佛霖* ; 金井 駿* ; 大野 英男*,外部磁場が不要であり、比較的大きな読み出し信号の出力が可能な乱数生成素子、メモリ素子として使用することが可能であり、また、出力/入力周波数の可変性を備えた発振/検波素子としても使用することが可能である電子デバイスを提供することを目的とする。 本体と、入力端子と、出力端子と、を備え、前記本体は、基板上にスピントルク生成層とノンコリニア反強磁性層がこの順、または逆順の積層方向に積層されて構成されるものであり、前記入力端子は、前記スピントルク生成層の積層面と平行な任意の一方向の両端に配置され、前記ノンコリニア反強磁性層は、前記任意の一方向と前記積層方向が成す平面においてノンコリニアな磁気秩序を有することを特徴とする電子デバイス。,https://jopss.jaea.go.jp/search/servlet/search?P53261,10-2023-7031229,10-2023-0172458,10-2851100,2022/01/07,2022/10/27,2025/08/22,H01F 10/12 (2006.01):H01F 10/32 (2006.01):H01B 99/00 (2023.01):H01D 48/40 (2025.01):H10D 84/40 (2025.01):H10N 50/10 (2023.01):H10N 50/85 (2025.01),https://jopss.jaea.go.jp/pdfdata/P1/P53261A.pdf | https://jopss.jaea.go.jp/pdfdata/P1/P53261A.pdf | https://jopss.jaea.go.jp/pdfdata/P2/P53261B.pdf,0,
P53262,電子デバイス、その製造方法及びその使用方法,家田 淳一; 竹内 祐太朗* ; 深見 俊輔* ; 山根 結太* ; Yoon J.-Y.* ; 陣内 佛霖* ; 金井 駿* ; 大野 英男*,外部磁場が不要であり、比較的大きな読み出し信号の出力が可能な乱数生成素子、メモリ素子として使用することが可能であり、また、出力/入力周波数の可変性を備えた発振/検波素子としても使用することが可能である電子デバイスを提供することを目的とする。 本体と、入力端子と、出力端子と、を備え、前記本体は、基板上にスピントルク生成層とノンコリニア反強磁性層がこの順、または逆順の積層方向に積層されて構成されるものであり、前記入力端子は、前記スピントルク生成層の積層面と平行な任意の一方向の両端に配置され、前記ノンコリニア反強磁性層は、前記任意の一方向と前記積層方向が成す平面においてノンコリニアな磁気秩序を有することを特徴とする電子デバイス。,https://jopss.jaea.go.jp/search/servlet/search?P53262,202280029040.1,WO2022/224500A1,,2022/01/07,2022/10/27,,H01F 10/12:H01 L21/8239:H01L 27/105:H01L 29/82:H01L 43/08:H01L 43/10,https://jopss.jaea.go.jp/pdfdata/P1/P53262A.pdf,0,
P52800,液液系多段装置及びそれを用いた特定物質の製造方法,長縄 弘親 ; 永野 哲志 ; 鈴木 英哉; not registered,【課題】互いに混じり合わない2つの液相から成る液液系において、重液相と軽液相が成す界面(液液界面)の位置が変動しない又は変動が抑制される多段の装置及びそれを用いた特定物質の製造方法を提供する。 【解決手段】隣接した複数の容器の連結体又は複数の仕切りを配した一体構造の容器に設置された2つ以上の段において、重液相が容器下部において連通しているか、若しくは軽液相が容器上部において連通しているか、又はその両方である仕組みを利用し、重液相と軽液相が成す界面(液液界面)の位置が変動しない又は変動が抑制されるように多段抽出を行う装置及びそれを用いた特定物質の製造方法。,https://jopss.jaea.go.jp/search/servlet/search?P52800,2021-069670,2022-164276,7847807,2021/04/16,2022/10/27,2026/04/10,B01D 11/04 (2006.01),https://jopss.jaea.go.jp/pdfdata/P1/P52800A.pdf | https://jopss.jaea.go.jp/pdfdata/P1/P52800A.pdf | https://jopss.jaea.go.jp/pdfdata/P2/P52800B.pdf,0,
P53460,液液系多段装置及びそれを用いた特定物質の製造方法,長縄 弘親 ; 永野 哲志 ; 鈴木 英哉; not registered,互いに混じり合わない2つの液相から成る液液系において、重液相と軽液相が成す界面(液液界面)の位置が変動しない又は変動が抑制される多段の装置及びそれを用いた特定物質の製造方法を提供する。 隣接した複数の容器の連結体又は複数の仕切りを配した一体構造の容器に設置された2つ以上の段において、重液相が容器下部において連通しているか、若しくは軽液相が容器上部において連通しているか、又はその両方である仕組みを利用し、重液相と軽液相が成す界面(液液界面)の位置が変動しない又は変動が抑制されるように多段抽出を行う装置及びそれを用いた特定物質の製造方法。,https://jopss.jaea.go.jp/search/servlet/search?P53460,EP22787943.4,WO2022/220017A1,,2022/03/18,2022/10/20,,B01D 11/04,https://jopss.jaea.go.jp/pdfdata/P1/P53460A.pdf,0,
P53462,液液系多段装置及びそれを用いた特定物質の製造方法,長縄 弘親 ; 永野 哲志 ; 鈴木 英哉; not registered,互いに混じり合わない2つの液相から成る液液系において、重液相と軽液相が成す界面(液液界面)の位置が変動しない又は変動が抑制される多段の装置及びそれを用いた特定物質の製造方法を提供する。 隣接した複数の容器の連結体又は複数の仕切りを配した一体構造の容器に設置された2つ以上の段において、重液相が容器下部において連通しているか、若しくは軽液相が容器上部において連通しているか、又はその両方である仕組みを利用し、重液相と軽液相が成す界面(液液界面)の位置が変動しない又は変動が抑制されるように多段抽出を行う装置及びそれを用いた特定物質の製造方法。,https://jopss.jaea.go.jp/search/servlet/search?P53462,EP22787943.4,WO2022/220017A1,,2022/03/18,2022/10/20,,B01D 11/04,https://jopss.jaea.go.jp/pdfdata/P1/P53462A.pdf,0,
P53463,液液系多段装置及びそれを用いた特定物質の製造方法,長縄 弘親 ; 永野 哲志 ; 鈴木 英哉; not registered,互いに混じり合わない2つの液相から成る液液系において、重液相と軽液相が成す界面(液液界面)の位置が変動しない又は変動が抑制される多段の装置及びそれを用いた特定物質の製造方法を提供する。 隣接した複数の容器の連結体又は複数の仕切りを配した一体構造の容器に設置された2つ以上の段において、重液相が容器下部において連通しているか、若しくは軽液相が容器上部において連通しているか、又はその両方である仕組みを利用し、重液相と軽液相が成す界面(液液界面)の位置が変動しない又は変動が抑制されるように多段抽出を行う装置及びそれを用いた特定物質の製造方法。,https://jopss.jaea.go.jp/search/servlet/search?P53463,202280005875.3,WO2022/220017A1,,2022/03/18,2022/10/20,,B01D 11/04,https://jopss.jaea.go.jp/pdfdata/P1/P53463A.pdf,0,
P53461,液液系多段装置及びそれを用いた特定物質の製造方法,長縄 弘親 ; 永野 哲志 ; 鈴木 英哉; not registered,互いに混じり合わない2つの液相から成る液液系において、重液相と軽液相が成す界面(液液界面)の位置が変動しない又は変動が抑制される多段の装置及びそれを用いた特定物質の製造方法を提供する。 隣接した複数の容器の連結体又は複数の仕切りを配した一体構造の容器に設置された2つ以上の段において、重液相が容器下部において連通しているか、若しくは軽液相が容器上部において連通しているか、又はその両方である仕組みを利用し、重液相と軽液相が成す界面(液液界面)の位置が変動しない又は変動が抑制されるように多段抽出を行う装置及びそれを用いた特定物質の製造方法。,https://jopss.jaea.go.jp/search/servlet/search?P53461,10-2023-7005806,WO2022/220017A1,,2022/03/18,2022/10/20,,B01D 11/04,https://jopss.jaea.go.jp/pdfdata/P1/P53461A.pdf,0,
P53223,薄膜インダクタ素子及び薄膜可変インダクタ素子,家田 淳一,山根 結太* ; 深見 俊輔*,https://jopss.jaea.go.jp/search/servlet/search?P53223,111106822,202240610,I906482,2022/02/24,2022/10/16,2025/12/01,H01F 10/10 (2006.01):H01F 21/02 (2006.01):H01F 41/02 (2006.01):H01L 23/64 (2006.01),https://jopss.jaea.go.jp/pdfdata/P1/P53223A.pdf,0,
P52540,耐放射線直管型LEDランプ及び照明装置,船越 智雅 ; 篠崎 忠宏 ; 小林 雄樹 ; 薩田 将年; 矢島 裕史* ; 正岡 秀樹* ; 村上 昭二*,"【課題】原子力施設で用いるのに適したランプを提供する。 【解決手段】耐放射線直管型LEDランプ(10)は、表面に無機絶縁反射膜が形成された光源基板、及び光源基板の無機絶縁反射膜上に実装されたLED素子を有する光源部(12)と、前面で光源部を支持し、背面に複数のフィン(11C)が立設されたヒートシンク(11)と、ヒートシンクの長手方向の両側の端面それぞれに取り付けられて、電力が供給されるソケットに着脱される口金(13A,13B)と、ヒートシンクの端面及び口金の間に配置されるリングパッキン(14A,14B,15A,15B)と、口金及びLED素子を電気的に接続する導電線(28A,28B)とを備え、ヒートシンクは、端面と前面とに開口する内部通路(11F,11G)を有し、導電線は、リングパッキンの内側及び内部通路を通って、口金及びLED素子を電気的に接続する。",https://jopss.jaea.go.jp/search/servlet/search?P52540,2021-049719,2022-148150,7521755,2021/03/24,2022/10/06,2024/07/16,G21C 19/02 (2006.01):F21K 9/275 (2016.01):F21K 9/278 (2016.01):F21S 2/00 (2016.01):F21V 17/00 (2006.01):F21V 19/00 (2006.01):F21V 23/00 (2015.01):F21V 29/503(2015.01):F21V 29/76 (2015.01):4 others...,https://jopss.jaea.go.jp/pdfdata/P1/P52540A.pdf | https://jopss.jaea.go.jp/pdfdata/P1/P52540A.pdf | https://jopss.jaea.go.jp/pdfdata/P2/P52540B.pdf,0,
P52560,水系における防食剤および防食方法,大谷 恭平 ; 加藤 千明; not registered,【課題】本発明は、添加コストや排水の水処理コストが低い防食剤および防食方法を提供することを課題とする。 【解決手段】本発明は、(A)乳酸アルミニウム、および(B)無機酸塩および有機酸塩から選ばれる1種または2種類以上を含有する、水系における金属部材の防食剤、および同防食剤を用いた水系における金属部材の防食方法を提供する。,https://jopss.jaea.go.jp/search/servlet/search?P52560,2021-043875,2022-143394,6932409,2021/03/17,2022/10/03,2021/08/20,C23F 11/08 (2006.01),https://jopss.jaea.go.jp/pdfdata/P1/P52560A.pdf | https://jopss.jaea.go.jp/pdfdata/P1/P52560A.pdf | https://jopss.jaea.go.jp/pdfdata/P2/P52560B.pdf,0,
P52620,水素同位体濃縮装置,保田 諭 ; 朝岡 秀人; 松島 永佳*,【課題】水素と重水素の混合ガスから気体状態の重水素を安価に得る。 【解決手段】第1電極11は水素(H成分、D成分)を透過させる金属(水素透過金属)で構成された電極であり、この水素透過金属は例えばPDである。第1電極11を透過したHイオン、Dイオンは、プロトン伝導層20中を第2電極12側に流れる。第1電極11が陽極として、第2電極12が陰極として用いられた場合、Hイオン、Dイオンはプロトン伝導層20中を図中左側から右側に流れる。この際、入力ガスにおける水素成分が重水素成分よりも陰極側の雰囲気中に流れやすくなり、入力ガス中のH/D組成比よりも、生成ガス中のH/D組成比が高くなる。入力ガスのうちこのようにH成分、D成分が消費された後で排出される排出ガスにおいてはD成分が濃縮される。,https://jopss.jaea.go.jp/search/servlet/search?P52620,2021-039878,2022-139472,7720555,2021/03/12,2022/09/26,2025/07/31,B01D 59/38 (2006.01):C01B 4/00 (2006.01):B01D 61/42 (2006.01):B01D 71/02 (2006.01):B01D 61/58 (2006.01):C25B 1/02 (2006.01):C25B 9/00 (2021.01):C25B 9/23 (2021.01):C25B 9/40 (2021.01):4 others...,https://jopss.jaea.go.jp/pdfdata/P1/P52620A.pdf | https://jopss.jaea.go.jp/pdfdata/P1/P52620A.pdf | https://jopss.jaea.go.jp/pdfdata/P2/P52620B.pdf,0,
P52621,水素同位体濃縮装置,保田 諭 ; 朝岡 秀人; 松島 永佳*,【課題】水素と重水素の混合ガスから気体状態の重水素を安価に得る。 【解決手段】上側のMEA M1を主体として形成される第1ユニットU1においては前記の第1反応が発生することによって燃料電池として機能すると共に、MEA M1における陽極側ガス室31に供給される入力ガスのD組成が濃縮される。第1入力ガス中のD/H組成比が高められた第1排出ガスがMEA M1の第1ガス室31から排出される。第2ユニットU2は、この第1排出ガスのD濃度を更に高めるために機能する。MEA M2における第1電極11はMEA M1における第1電極11と、MEA M2における第2電極12はMEA M1における第2電極12と、それぞれ電気的に接続されている。第1排出ガス中のD/H組成比が更に高められた第2排出ガスが最終的な出力ガスとしてMEA M2の陽極側ガス室31から排出される。,https://jopss.jaea.go.jp/search/servlet/search?P52621,2021-039879,2022-139473,7672633,2021/03/12,2022/09/26,2025/04/25,B01D 59/42 (2006.01):B01J 23/44 (2006.01):B01J 23/22 (2006.01):B01J 23/847(2006.01):B01J 21/06 (2006.01):C01B 4/00 (2006.01):H01M 8/1004(2016.01):H01M 4/94 (2006.01):H01M 8/00 (2016.01):H01M 8/04 (2016.01),https://jopss.jaea.go.jp/pdfdata/P1/P52621A.pdf | https://jopss.jaea.go.jp/pdfdata/P1/P52621A.pdf | https://jopss.jaea.go.jp/pdfdata/P2/P52621B.pdf,0,
P52720,薄膜インダクタ素子及び薄膜可変インダクタ素子,家田 淳一; 山根 結太* ; 深見 俊輔*,【課題】 材料を選ぶ困難性が然程には高くなく、かつ、温度依存性も然程に高くない新しいタイプの創発電磁場を利用した薄膜インダクタ素子を提供することを目的とする。 【解決手段】 磁性体層と、非磁性体層又は反強磁性体層と、が積層された積層膜と、一対の電極を備え、 前記磁性体層と前記非磁性体層又は前記反強磁性体層は、積層方向と直交する方向で任意の形状で延伸され、かつ、前記積層方向の上下向きも任意であり、前記磁性体層は、略一様な磁化構造を有しており、前記一対の電極は、前記積層膜が延伸される両端に設けられ、交流電流ないしは高周波電流が印加されることを特徴とする薄膜インダクタ素子,https://jopss.jaea.go.jp/search/servlet/search?P52720,2021-030176,2022-131304,7580068,2021/02/26,2022/09/07,2024/10/31,H01F 17/00 (2006.01):H01F 21/00 (2006.01),https://jopss.jaea.go.jp/pdfdata/P1/P52720A.pdf | https://jopss.jaea.go.jp/pdfdata/P1/P52720A.pdf | https://jopss.jaea.go.jp/pdfdata/P2/P52720B.pdf,0,
P52481,固化体の作製方法,関 美沙紀 ; 中野 寛子 ; 藤田 善貴 ; 井手 広史; 工藤 勇* ; 末松 久幸* ; Do Thi-Mai-Dung* ; Yang Yaru*,【課題】放射性アルミニウムを含むアルカリ活性材料を固化する場合において、放射性アルミニウムの含有量を増やす技術を提供する。 【解決手段】固化体の作製方法は、アルミニウム合金をアルカリ金属の水酸化物溶液に溶解することによって、アルミニウム溶解液を生成する溶解工程(S1)と、原料としてのアルミニウム溶解液、活性フィラー、及びアルカリシリカ溶液を混錬することによって、アルカリ活性材料を生成する混錬工程(S3)と、アルカリ活性材料を型に充填して養生することによって、固化体を作製する固化工程(S4)を含む。,https://jopss.jaea.go.jp/search/servlet/search?P52481,2020-208604,2022-095334,7601329,2020/12/16,2022/06/28,2024/12/09,C04B 28/26 (2006.01):C04B 22/06 (2006.01):G21F 9/30 (2006.01):B09B 3/25 (2022.01):B09B 5/00 (2006.01),https://jopss.jaea.go.jp/pdfdata/P1/P52481A.pdf | https://jopss.jaea.go.jp/pdfdata/P1/P52481A.pdf | https://jopss.jaea.go.jp/pdfdata/P2/P52481B.pdf,0,
P52320,鋼材,広田 憲亮 ; 橘 幸男; 竹田 貴代子* ; 正木 康浩*,【課題】ISプロセスを実施する環境下においても優れた耐食性を発揮し、かつ良好な加工性および強度を有する鋼材を提供する。 【解決手段】化学組成が、質量%で、C:0.05~0.10%、SI:0.10~0.50%、AL:3.0~6.0%、MN:0.30~1.50%、P:0.05%以下、S:0.02%以下、N:0.01%以下、NI:25.0~40.0%、CR:17.0~25.0%、B:0.0015~0.0080%、TI:0.15~0.60%、残部:FEおよび不純物である、鋼材。,https://jopss.jaea.go.jp/search/servlet/search?P52320,2020-182368,2022-072751,7492259,2020/10/30,2022/05/17,2024/05/21,C22C 38/00 (2006.01):C22C 38/54 (2006.01):C22C 30/00 (2006.01):C22C 30/02 (2006.01),https://jopss.jaea.go.jp/pdfdata/P1/P52320A.pdf | https://jopss.jaea.go.jp/pdfdata/P1/P52320A.pdf | https://jopss.jaea.go.jp/pdfdata/P2/P52320B.pdf,0,
P52880,真空部品、これを用いた真空排気方法,神谷 潤一郎; not registered,【課題】ゲッター作用によって排気を行い、最大捕獲分子数が多くかつ使用寿命の長い真空部品を得る。 【解決手段】真空容器10はTIで構成される。この中心軸に沿った部分において、真空容器10の内面10Aよりも十分に小さな電極面20Aを有し中心軸に沿った中空の円筒形状の電極20が設けられている。この真空部品1においては、内部にARを導入して電極面20Aを正電位としてDC放電を発生させる第1の状態、ARを導入せずに電極面20Aを接地電位とする第2の状態、内部にARを導入して電極面20Aを負電位としてDC放電を発生させる第3の状態、のいずれかを実現することができる。この真空部品1による排気は、第2の状態において行われる。また、電極を用いずに400℃以下の加熱をする状態を実現することでも真空部品1による排気が行われる。,https://jopss.jaea.go.jp/search/servlet/search?P52880,2021-122848,2022-027577,7195504,2021/07/28,2022/02/10,2022/12/16,F04B 37/04 (2006.01):H01J 37/18 (2006.01):F04B 37/16 (2006.01),https://jopss.jaea.go.jp/pdfdata/P1/P52880A.pdf | https://jopss.jaea.go.jp/pdfdata/P1/P52880A.pdf | https://jopss.jaea.go.jp/pdfdata/P2/P52880B.pdf,0,
P52920,ビームプロファイルモニタ,北村 遼 ; 平野 耕一郎; not registered,【課題】荷電粒子ビームとの間の相互作用によるプローブの熱負荷が大きな場合であっても、荷電粒子ビームのビームプロファイルを安定して測定する。 【解決手段】ダクト20の内部を紙面垂直方向上向き又は下向きに荷電粒子ビームのバンチBが通過する。このバンチBがビームプロファイルの測定対象となる。ここでは、導電性のプローブ10A、10Bが用いられており、ビーム照射時において各々に誘起される電流が測定可能とされる。これによって、荷電粒子ビームの横方向(X方向、Y方向)のビームプロファイルが測定される。ダクト20よりも左側には、縦方向のビームプロファイルの測定のために、コリメータ30、RFデフレクタ電極40、コリメータ50、電子検出器60、偏向電磁石70が設けられている。プローブ10A、10Bは、高配向性グラファイトで構成される。,https://jopss.jaea.go.jp/search/servlet/search?P52920,2021-111947,2022-027504,7564547,2021/07/06,2022/02/10,2024/10/01,G01T 1/29(2006.01):H01J 37/244(2006.01),https://jopss.jaea.go.jp/pdfdata/P1/P52920A.pdf | https://jopss.jaea.go.jp/pdfdata/P1/P52920A.pdf | https://jopss.jaea.go.jp/pdfdata/P2/P52920B.pdf,0,
P52400,液液混相流路を形成・消滅させる方法及びそのためのモジュール,長縄 弘親 ; 永野 哲志; not registered,【課題】固体の混入・析出や気体の発生に影響されない液液混相流路群を形成させる方法、及び液液混相流路群の形成と消滅をシンプルな仕組みにより制御する方法並びにそれらの方法を実施するためのモジュールを提供する。 【解決手段】2つの混じり合わない液体が界面を成して存在する2液相系において、微小液滴が密に積層して生じる液液混相の中で3次元的網目構造を成すひとつながりの流路群を高密度で形成させる方法、及び前記界面に向けての液滴噴出により該流路群を形成させ、単純な容器形状の変化だけで該流路群を完全に消滅させるところの、液液混相流路群の形成・消滅を制御する方法、並びにそれらの方法を実施するためのモジュール。,https://jopss.jaea.go.jp/search/servlet/search?P52400,2020-123843,2022-020380,7572029,2020/07/20,2022/02/01,2024/10/15,B01J 19/00 (2006.01):B81B 1/00 (2006.01),https://jopss.jaea.go.jp/pdfdata/P1/P52400A.pdf | https://jopss.jaea.go.jp/pdfdata/P1/P52400A.pdf | https://jopss.jaea.go.jp/pdfdata/P2/P52400B.pdf,0,
P52701,液液混相流路群を形成させる方法、及び液液混相流路群の形成・消滅を制御する方法並びにそのためのモジュール,長縄 弘親 ; 永野 哲志,not registered,https://jopss.jaea.go.jp/search/servlet/search?P52701,202144012875,202144012875,538105,2021/03/24,2022/01/21,2024/05/15,B01J 19/00:B01F 13/08,,0,
P52702,液液混相流路群を形成させる方法、及び液液混相流路群の形成・消滅を制御する方法並びにそのためのモジュール,長縄 弘親 ; 永野 哲志,not registered,https://jopss.jaea.go.jp/search/servlet/search?P52702,2102953,3112535,,2021/03/24,2022/01/21,,B81C 1/00(2020.12):B81B 3/00:B01J 14/00:B01L 3/00:B01J 19/00,https://jopss.jaea.go.jp/pdfdata/P1/P52702A.pdf,0,
P52700,液液混相流路群を形成させる方法、及び液液混相流路群の形成・消滅を制御する方法並びにそのためのモジュール,長縄 弘親 ; 永野 哲志; not registered,"A method of forming a liquid-liquid mixing phase channel group, which has the steps of: ejecting the first liquid as droplets into the phase of the second liquid in a two-liquid phase system in which two immiscible liquids oppose each other at an interface; incorporating the droplets of the first liquid into the phase of the first liquid, accompanied by the second liquid around the first liquid by allowing to collide the jet of the droplets with the interface; and forming a continuously connected microfluidic channel group in which the space between the layered droplets of the first liquid are filled with the second liquid in the liquid-liquid mixing phase that grows from the interface as a starting point.",https://jopss.jaea.go.jp/search/servlet/search?P52700,"17/220,100",2022/0016582,,2021/04/01,2022/01/20,,B01F 3/08(2006.01):B01F 17/00(2006.01):B01F 13/00(2006.01),https://jopss.jaea.go.jp/pdfdata/P1/P52700A.pdf,0,
P52744,ゲル、多孔質体、及びゲル又は多孔質体の製造方法,関根 由莉奈 ; 南川 卓也; not registered,"[Problem] To provide high-strength gel and porous body, in a simple manner. [Solution] The gel or porous body synthesis method of the present invention is characterized by comprising a first step of dissolving into a solution a fiber-form polymers having a reactive functional group, a second step of freezing the solution whereinto the fiber-form polymers have been dissolved, and a third step of adding a prescribed amount of crosslinking agent to the frozen solution, thereby crosslinking the fiber-form polymers.",https://jopss.jaea.go.jp/search/servlet/search?P52744,112021003298.4,WO2021/256038,,2021/03/19,2021/12/23,,B29K 105/04(2006.01):C08J 3/075 (2006.01):C08J 9/28 (2006.01):B29C 67/20 (2006.01),https://jopss.jaea.go.jp/pdfdata/P1/P52744A.pdf,0,
P52745,ゲル、多孔質体、及びゲル又は多孔質体の製造方法,関根 由莉奈 ; 南川 卓也; not registered,"[Problem] To provide high-strength gel and porous body, in a simple manner. [Solution] The gel or porous body synthesis method of the present invention is characterized by comprising a first step of dissolving into a solution a fiber-form polymers having a reactive functional group, a second step of freezing the solution whereinto the fiber-form polymers have been dissolved, and a third step of adding a prescribed amount of crosslinking agent to the frozen solution, thereby crosslinking the fiber-form polymers.",https://jopss.jaea.go.jp/search/servlet/search?P52745,202180005494.0,WO2021/256038,,2021/03/19,2021/12/23,,B29K 105/04(2006.01):C08J 3/075 (2006.01):C08J 9/28 (2006.01):B29C 67/20 (2006.01),https://jopss.jaea.go.jp/pdfdata/P1/P52745A.pdf,0,
P53562,ゲル、多孔質体、及びゲル又は多孔質体の製造方法,関根 由莉奈 ; 南川 卓也; not registered,【課題】簡便に、かつ強度が高いゲル及び多孔質体を提供することを課題とする。 【解決手段】本発明のゲル又は多孔質体の合成方法では、反応性官能基を有するファイバー状高分子を溶液に溶解させる第一の工程と、ファイバー状高分子を溶解させた溶液を凍結させる第二の工程と、凍結させた溶液に所定量の架橋剤を添加してファイバー状高分子同士を架橋させる第三の工程を有することを特徴とする。,https://jopss.jaea.go.jp/search/servlet/search?P53562,2022-532308,WO-2021/256038,7667577,2021/03/19,2021/12/23,2025/04/15,C08J 3/075(2006.01):C08J 9/28 (2006.01),https://jopss.jaea.go.jp/pdfdata/P1/P53562A.pdf | https://jopss.jaea.go.jp/pdfdata/P1/P53562A.pdf | https://jopss.jaea.go.jp/pdfdata/P2/P53562B.pdf,0,
P52040,浮体式免震システム,"山本 智彦 ; Yan, X.; 島田 貴弘* ; 大谷 章仁* ; 甲斐 聡流*",【課題】地震に対する浮体式構造物および搭載機器の励振を低減する。 【解決手段】浮体式免震システム100は、液体114を貯留する液体貯留部110と、液体114に浮揚して配置される浮体式構造物120と、液体114と接触する箇所に設けられ、気体134を収容する気体収容空間132と、を備え、液体114と気体134を含む流体中を伝播する地震波により応答する系の固有振動数に基づいて、気体収容空間132の体積が設定されている。,https://jopss.jaea.go.jp/search/servlet/search?P52040,2020-095752,2021-188403,7473912,2020/06/01,2021/12/13,2024/04/16,E04H 9/02 (2006.01):F16F 15/023(2006.01),https://jopss.jaea.go.jp/pdfdata/P1/P52040A.pdf | https://jopss.jaea.go.jp/pdfdata/P1/P52040A.pdf | https://jopss.jaea.go.jp/pdfdata/P2/P52040B.pdf,0,
P52100,集塵ドリル装置,古瀬 貴広 ; 雛 哲郎; 鳴海 昭紀* ; 盛田 和久*,"【課題】加工屑を高い回収率で回収できる集塵ドリル装置を提供する。 【解決手段】ドリル本体10が、先端にドリルチップ11を有するリード部12と、リード部12に連結される連結部15と、リード部12の先端から連結部15の外周面15Aに接続される貫通孔16,17と、を有し、ドリルチップ11が、リード部12より外径が大きく構成され、密閉体20が貫通穴25と、被加工物Mに設置される設置面26と、設置面26の反対側の非設置面27と、貫通穴25と接続する連結孔28と、を有する本体21と、非設置面27に設けられ連結部15と同じ径又は小さい径の孔23Aを有し気密性を有する材質で構成された第1弾性体23と、を有し、ドリル本体10が、孔23Aを貫通して被加工物Mに当接するように構成され、連結孔28とフィルター30が気密性を保持して接続された集塵ドリル装置1を提供する。",https://jopss.jaea.go.jp/search/servlet/search?P52100,2020-089874,2021-183371,7523758,2020/05/22,2021/12/02,2024/07/19,B23B 47/34 (2006.01):B23Q 11/00 (2006.01),https://jopss.jaea.go.jp/pdfdata/P1/P52100A.pdf | https://jopss.jaea.go.jp/pdfdata/P1/P52100A.pdf | https://jopss.jaea.go.jp/pdfdata/P2/P52100B.pdf,0,
P52081,ポートキャップ及びグローブボックス,木村 泰久 ; 平野 宏志 ; 柴沼 智博 ; 吉田 将冬 ; 永井 佑哉 ; 塙 幸雄 ; 周治 愛之 ; 會田 貴洋; 南 明則*,"【課題】ポート本体とグローブとを間に隙間が生じるのを適切に防止できるポートキャップを提供する。 【解決手段】ポートキャップ(20)は、取付開口(8)から突出する筒体(16)と、先端部が筒体(16)を通じてグローブボックスの内部空間に進入し、基端部が筒体(16)の外周面側に折り返されたグローブ(12)と、折り返されたグローブ(12)と筒体(16)の外周面との間を封止するOリング(13A,13B)及びクランプリング(14)とを備えるグローブポート(10)に取り付けられ、グローブ(12)の内側から筒体(16)に圧入される内筒(21)と、筒体(16)の外側を覆う外筒(22)と、内筒(21)及び外筒(22)の端部同士を接続するフランジ(23)とを備え、内筒(21)の外周面側の先端(21A)は、R面取りされている。",https://jopss.jaea.go.jp/search/servlet/search?P52081,2020-069715,2021-165700,7458608,2020/04/08,2021/10/14,2024/03/22,G21F 7/053(2006.01):G21F 7/04 (2006.01),https://jopss.jaea.go.jp/pdfdata/P1/P52081A.pdf | https://jopss.jaea.go.jp/pdfdata/P1/P52081A.pdf | https://jopss.jaea.go.jp/pdfdata/P2/P52081B.pdf,0,
P51820,金属酸化物薄膜還元検知センサ,入澤 恵理子 ; 小松 篤史 ; 大久保 成彰; 上田 光敏* ; 河村 憲一* ; 林 優作* ; 山口 周*,【課題】四酸化三鉄などの金属酸化物の皮膜の状態を簡便に評価・モニターするためのセンサを提供すること。 【解決手段】金属酸化物薄膜と、該薄膜上に設置された電極対を含むセンサであって、電極間に電流を流し、該薄膜上の環境変化に基づく金属酸化物薄膜の還元による電極間の電気抵抗変化を検知することを特徴とする、センサ。,https://jopss.jaea.go.jp/search/servlet/search?P51820,2020-062404,2021-162404,7648118,2020/03/31,2021/10/11,2025/03/10,G01N 17/04 (2006.01):G01N 27/00 (2006.01):G01N 27/06 (2006.01):G01N 27/12 (2006.01),https://jopss.jaea.go.jp/pdfdata/P1/P51820A.pdf | https://jopss.jaea.go.jp/pdfdata/P1/P51820A.pdf | https://jopss.jaea.go.jp/pdfdata/P2/P51820B.pdf,0,
P52060,減圧ろ過装置,大澤 崇人; not registered,【課題】ろ過操作の準備のための時間や労力を省くことができ、簡単にろ過操作を実施することができる減圧ろ過装置を提供する。 【解決手段】本発明に係る減圧ろ過装置1は、ビーカー300(容器)の上方に、フィルター250を配した漏斗200を設け、前記漏斗200に原液を注液し、前記ビーカー300(容器)内を減圧することで、前記フィルター250上に残渣を残し、前記ビーカー300(容器)側にろ液を流下させることで原液を分離する減圧ろ過装置において、前記漏斗200が上方に配される第1基台10と、前記ビーカー300(容器)の上方に配される主貫通孔13と、前記第1基台10と前記主貫通孔13とを連通し、前記漏斗200の導下管270が挿通される主貫通孔13と、前記主貫通孔13内と前記ビーカー300(容器)内からの排気を行う吸引口18と、を有することを特徴とする。,https://jopss.jaea.go.jp/search/servlet/search?P52060,2020-061755,2021-159815,7197867,2020/03/31,2021/10/11,2022/12/20,B01D 29/01 (2006.01):B01L 3/00 (2006.01),https://jopss.jaea.go.jp/pdfdata/P1/P52060A.pdf | https://jopss.jaea.go.jp/pdfdata/P1/P52060A.pdf | https://jopss.jaea.go.jp/pdfdata/P2/P52060B.pdf,0,
P52000,放射線検出器,奥野 泰希; 岡本 保*,【課題】放射線耐性の高い安価な放射線検出器を得る。 【解決手段】放射線検出器1は、同一構造の検出ユニット10が5層に積層されており、検出ユニット10から、正側端子11Aと負側端子12Aが取り出される。第1出力端子21A、第2出力端子22Aからこの放射線検出器1の出力電流が取り出される。各検出ユニット10は同一の薄板形状の構成を具備し、その膜厚方向にわたり検出ユニット10は積層されている。検出ユニット10は、半導体層に対する可視光の入射が抑制されたこと以外については、既存の太陽電池と同様の構造を具備する。,https://jopss.jaea.go.jp/search/servlet/search?P52000,2020-062731,2021-162419,7496968,2020/03/31,2021/10/11,2024/05/31,G01T 1/24 (2006.01),https://jopss.jaea.go.jp/pdfdata/P1/P52000A.pdf | https://jopss.jaea.go.jp/pdfdata/P1/P52000A.pdf | https://jopss.jaea.go.jp/pdfdata/P2/P52000B.pdf,0,
P52140,放射能評価方法、放射能評価プログラム及び放射能評価装置,山本 耕輔 ; 川越 慎司 ; 東浦 則和 ; 水井 宏之; not registered,【課題】評価の保守性の観点から放射能特性を適切に評価することができる放射能評価方法を提供する。 【解決手段】放射能評価方法は、グロス計数率CGが測定される前の第1のBG計数率CBG1と、グロス計数率CGが測定された後の第2のBG計数率CBG2との差分であるBG計数率変動量ΔCBGを算定するBG変動量算定工程(S4)と、第1のBG計数率CBG1及び第2のBG計数率CBG2の測定に含まれる複数の誤差要因に起因する複数のBG誤差を重畳することによりBG計数率変動量ΔCBGの誤差σΔCBGを算定するBG変動誤差算定工程(S5)と、BG計数率変動量ΔCBGの誤差σΔCBGに基づいて、BG計数率変動量ΔCBGとして許容されるBG計数率許容変動量ΔCBGLを算定し、当該BG計数率許容変動量ΔCBGLを用いてBG計数率変動量ΔCBGを評価して、測定作業の有効性を判定する有効性判定工程(S6)とを含む。,https://jopss.jaea.go.jp/search/servlet/search?P52140,2020-057662,2021-156748,7378069,2020/03/27,2021/10/07,2023/11/02,G01T 1/167(2006.01):G01T 1/00 (2006.01),https://jopss.jaea.go.jp/pdfdata/P1/P52140A.pdf | https://jopss.jaea.go.jp/pdfdata/P1/P52140A.pdf | https://jopss.jaea.go.jp/pdfdata/P2/P52140B.pdf,0,
P51960,グローブポートの交換方法及びグローブポート交換治具,堀籠 和志 ; 後藤 雄一 ; 西田 直樹 ; 山本 昌彦; not registered,【課題】グローブボックス内の汚染物質の漏洩を防止したうえで、短時間且つ低コストでグローブポートを交換する方法を提供する。 【解決手段】グローブポートの交換方法は、グローブパネルに第1外側ボックス及び第1内側ボックスを取り付ける第1取付工程と、グローブポートを構成する複数の部品を第1外側ボックス側又は第1内側ボックス側に取り外すポート取外工程と、閉止板で取付開口を閉止する閉止工程と、第1外側ボックス及び第1内側ボックスを取り外す第1取外工程と、グローブパネルに第2外側ボックス及び第2内側ボックスを取り付ける第2取付工程と、取付開口を開放する開放工程と、第2外側ボックス及び第2内側ボックス内の部品で新たなグローブポートを構成するポート取付工程と、第2外側ボックス及び第2内側ボックスを取り外す第2取外工程とを含む。,https://jopss.jaea.go.jp/search/servlet/search?P51960,2020-048011,2021-148573,7257686,2020/03/18,2021/09/27,2023/04/06,G21F 7/053 (2006.01),https://jopss.jaea.go.jp/pdfdata/P1/P51960A.pdf | https://jopss.jaea.go.jp/pdfdata/P1/P51960A.pdf | https://jopss.jaea.go.jp/pdfdata/P2/P51960B.pdf,0,
P51760,水素製造プラント,久保 真治 ; 田中 伸幸; 谷岡 忠輝* ; 宇マ谷 雅英* ; 水谷 誠* ; 清澤 正志* ; 福良 孝* ; 稲員 大吾*,【課題】水素の製造にあたり、太陽光のエネルギーを有効利用する。 【解決手段】水素製造プラントは、二酸化硫黄と水とヨウ素とを反応させるブンゼン反応設備と、ブンゼン反応設備で生成された硫酸を二酸化硫黄と酸素と水とに熱分解させる硫酸反応設備と、ブンゼン反応設備で生成されたヨウ化水素を水素とヨウ素とに熱分解させるヨウ化水素反応設備と、を備える。硫酸反応設備は、第一蓄熱器と、太陽光を第一蓄熱器に導く第一太陽光ガイド装置と、第一蓄熱器の蓄熱体に蓄えられた熱を利用して、硫酸を熱分解させる硫酸反応器と、硫酸反応器で生成された二酸化硫黄を一時的に蓄える二酸化硫黄タンクと、を有する。ヨウ化水素反応設備は、第二蓄熱器と、太陽光を第二蓄熱器に導く第二太陽光ガイド装置と、第二蓄熱器の蓄熱体に蓄えられた熱を利用して、ヨウ化水素を熱分解させるヨウ化水素反応器と、を有する。,https://jopss.jaea.go.jp/search/servlet/search?P51760,2020-044801,2021-143118,7468859,2020/03/13,2021/09/24,2024/04/08,C01B 3/02 (2006.01),https://jopss.jaea.go.jp/pdfdata/P1/P51760A.pdf | https://jopss.jaea.go.jp/pdfdata/P1/P51760A.pdf | https://jopss.jaea.go.jp/pdfdata/P2/P51760B.pdf,0,
P52080,放射能評価方法、放射能評価プログラム及び放射能評価装置,水井 宏之 ; 林 宏一 ; 副島 吾郎 ; 岩井 紘基 ; 山本 耕輔; not registered,【課題】冷却材に含まれるCP核種及びFP核種の放射能濃度を適切に評価することができる放射能評価方法を提供する。 【解決手段】冷却材Wに含まれる核種Xの放射能濃度DXを評価する放射能評価方法は、冷却系構造材起因の核種Xの第1の放射能濃度D1Xを評価する第1の評価工程(S1)と、第1の放射能濃度とFP核種補正項とに基づいて、核燃料物質起因の核種の第2の放射能濃度D2Xを評価する第2の評価工程(S2)と、第1の放射能濃度D1Xと第2の放射能濃度D2Xとに基づいて、核種Xの放射能濃度DXを評価する第3の評価工程(S3)とを含む。第2の評価工程では、冷却材濃度測定データと所定の汎用放射化解析コードによる放射能濃度とを用いてFP核種補正係数を算定し、冷却系構造材起因の核種の放射能濃度と冷却系構造材が含有する核燃料物質起因の核種の放射能濃度とを用いてFP寄与割合を算出し、FP核種補正項を算定する。,https://jopss.jaea.go.jp/search/servlet/search?P52080,2020-042714,2021-143937,7390618,2020/03/12,2021/09/24,2023/11/24,G21C 17/02 (2006.01):G01T 1/167(2006.01):G21C 17/00 (2006.01),https://jopss.jaea.go.jp/pdfdata/P1/P52080A.pdf | https://jopss.jaea.go.jp/pdfdata/P1/P52080A.pdf | https://jopss.jaea.go.jp/pdfdata/P2/P52080B.pdf,0,
P51762,熱化学水素製造法のISプロセスにおけるプロセス溶液濃度の調整方法及びその装置,久保 真治 ; 野口 弘喜 ; 上地 優; 今 肇*,【課題】熱化学水素製造法のIS(ヨウ素硫黄)プロセスにおいて、新たに複雑で高価な設備を追加することなく、極めて簡潔かつ安価な設備によって、水素製造運転中においても連続的にH2Oを選択的に除去することでプロセス溶液濃度を調整する方法及びそのための装置を提供すること。 【解決手段】水素を製造する熱化学水素製造法のISプロセスにおけるプロセス溶液濃度を調整する方法であって、HI-I2-H2O溶液に中濃度硫酸を添加し、さらに混合し、二液相分離現象を利用して、硫酸相とHIx相の二相を形成させた後、HI-I2-H2O溶液中の水分を前記硫酸相中へ移行させた後、前記硫酸相を抜き出す工程を有する。,https://jopss.jaea.go.jp/search/servlet/search?P51762,2020-014742,2021-121572,7432178,2020/01/31,2021/08/26,2024/02/07,C01B 3/02(2006.01),https://jopss.jaea.go.jp/pdfdata/P1/P51762A.pdf | https://jopss.jaea.go.jp/pdfdata/P1/P51762A.pdf | https://jopss.jaea.go.jp/pdfdata/P2/P51762B.pdf,0,
P51846,接続テント及び接続テントの組立方法,平野 宏志 ; 木村 泰久 ; 柴沼 智博 ; 會田 貴洋 ; 永井 佑哉 ; 浅川 潤 ; 吉田 将冬 ; 周治 愛之; 南 明則*,【課題】迅速に組み立て可能な接続テントを提供する。 【解決手段】接続テント(1)は、一対の第1側面フレーム(11、12)及び第1天面フレーム(13)を有する門型フレーム(10)と、第2側面フレーム(21)及び第2天面フレーム(22)を有するL型フレーム(20)と、門型フレーム(10)及びL型フレーム(20)で囲まれた内部空間に収容可能であり、開閉可能な複数の出入口が側面に形成された箱型の部屋テントとを備え、複数の出入口それぞれは、門型フレーム(10)及びL型フレーム(20)の側面に形成された複数の開口のいずれかに対面している。,https://jopss.jaea.go.jp/search/servlet/search?P51846,2019-238397,2021-107612,7385864,2019/12/27,2021/07/29,2023/11/15,E04H 15/34 (2006.01):E04H 15/48 (2006.01):E04H 9/14 (2006.01):G21F 7/00 (2006.01):G21F 3/00 (2006.01),https://jopss.jaea.go.jp/pdfdata/P1/P51846A.pdf | https://jopss.jaea.go.jp/pdfdata/P1/P51846A.pdf | https://jopss.jaea.go.jp/pdfdata/P2/P51846B.pdf,0,
P52361,液液抽出に基づく特定物質の製造方法,長縄 弘親 ; 永野 哲志,not registered,https://jopss.jaea.go.jp/search/servlet/search?P52361,1-2020-050523,12020050523,1/2020/050523,2020/12/15,2021/06/28,2024/12/04,B01D 11/04,,0,
P51848,METHOD AND APPARATUS OF PRODUCING SPECIFIC SUBSTANCES BY EXTRACTION AND SEPARATION IN A LIQUID-LIQUID SYSTEM,長縄 弘親 ; 永野 哲志,not registered,https://jopss.jaea.go.jp/search/servlet/search?P51848,P00202004258,2021/PID/05640,IDP000098382,2020/06/10,2021/06/28,2025/03/24,B01D 11/04:B01F 3/08:B01J 13/00,,0,
P52360,液液抽出に基づく特定物質の製造方法,長縄 弘親 ; 永野 哲志,not registered,https://jopss.jaea.go.jp/search/servlet/search?P52360,1-2020-07251,1/078377,,2020/12/14,2021/06/25,,B01D 11/04,,0,
P51801,原子力電池、原子力電池システム,岡安 悟 ; 針井 一哉 ; 家田 淳一; not registered,【課題】放射線による劣化が小さく、小型で寿命の長い原子力電池を得る。 【解決手段】この原子力電池1においては、膜厚方向(Z方向)に沿って、基板10の上に強磁性絶縁層20、金属層30が順次形成される。この原子力電池1においては、強磁性絶縁層(強磁性体層)20と金属層30とで熱電変換素子5が構成される。基板10の下側には、放射線を発する線源(熱源)40が接続されている。スピンゼーベック効果による電位差は図中でY軸方向において発生するため、金属層30におけるY軸方向における両端部側にそれぞれ第1電極31、第2電極32が接続される。この原子力電池1における熱電変換素子5(強磁性絶縁層20、金属層30)においては、放射線照射による劣化が発生しにくいため、α線以外の放射線を発する線源40を用いることができる。,https://jopss.jaea.go.jp/search/servlet/search?P51801,2019-215282,2021-085774,7385260,2019/11/28,2021/06/03,2023/11/14,G21H 1/10 (2006.01):H01L 37/00 (2006.01):H01L 29/82 (2006.01):H02N 11/00 (2006.01),https://jopss.jaea.go.jp/pdfdata/P1/P51801A.pdf | https://jopss.jaea.go.jp/pdfdata/P1/P51801A.pdf | https://jopss.jaea.go.jp/pdfdata/P2/P51801B.pdf,0,
P52340,光触媒の製造方法、還元方法、及び光触媒,杉田 剛 ; 下山 巖; not registered,【課題】入手が容易な材料から環境負荷の低い方法で光触媒を製造する方法を提供する。 【解決手段】粘土鉱物と塩とを混合し、500℃以上で加熱することによる、光触媒の製造方法。前記光触媒と金属化合物を混合し、光を照射することによって、前記金属化合物を還元することを特徴とする前記金属化合物の還元方法。,https://jopss.jaea.go.jp/search/servlet/search?P52340,2020-107863,2021-070024,7506911,2020/06/23,2021/05/06,2024/06/19,B01J 35/39 (2024.01):B01J 21/16 (2006.01):B01J 37/10 (2006.01):C01B 33/40 (2006.01):C01B 33/42 (2006.01),https://jopss.jaea.go.jp/pdfdata/P1/P52340A.pdf | https://jopss.jaea.go.jp/pdfdata/P1/P52340A.pdf | https://jopss.jaea.go.jp/pdfdata/P2/P52340B.pdf,0,
P52480,分光分析装置,大澤 崇人; not registered,【課題】白色のスペクトルをもつ照明光を用い、十分な空間分解能と高い利便性をもつ分光分析装置を得る。 【解決手段】入射光学系として回転楕円面形状の反射面をもつ楕円ミラー14が用いられる。照明光Lは、楕円ミラー14によって、例えば試料Sの表面上で可視光の回折限界近くの1μM程度の大きさに集光されて図中左側から試料Sに照射される。この照明光Lに対応した反射光は、前記の入射光学系と対応する出射光学系に入力する。出射光学系は、前記の楕円ミラー14と同一の表面形状を有し中心軸Xに対して対称な構成を具備する楕円ミラー15が設けられる。中心軸X上には、試料Sの表面を撮像する撮像部19を配置することができる。,https://jopss.jaea.go.jp/search/servlet/search?P52480,2020-156885,2021-051074,7486178,2020/09/18,2021/04/01,2024/05/09,G01J 3/02 (2006.01),https://jopss.jaea.go.jp/pdfdata/P1/P52480A.pdf | https://jopss.jaea.go.jp/pdfdata/P1/P52480A.pdf | https://jopss.jaea.go.jp/pdfdata/P2/P52480B.pdf,0,
P51680,気体の浄化方法及びそのための浄化装置,上澤 伸一郎; not registered,【課題】簡単な構造で操作や保守点検が容易で、かつ汎用性に優れた、マイクロクラスからナノクラスまでのサイズの微粒子や微生物等を高精度に捕集できる気体の浄化方法を提供すること。 【解決手段】液体の流れによって引き起こされるベンチュリ効果を利用して、少なくともナノスケールのエアロゾル粒子を含む気体を縮小拡大管内に自動吸引することによって、気体を気泡として液相中に閉じ込め、縮小拡大管内の拡大部で気体を崩壊させることにより、気体内に含まれる微粒子または微生物を液相中に移行させ、縮小拡大管外において液体から微粒子または微生物を除去する。,https://jopss.jaea.go.jp/search/servlet/search?P51680,2019-162820,2021-041304,7320708,2019/09/06,2021/03/18,2023/07/27,B01D 47/10 (2006.01):B01D 53/14 (2006.01):B01D 53/18 (2006.01):A61L 9/16 (2006.01):G21F 9/02 (2006.01),https://jopss.jaea.go.jp/pdfdata/P1/P51680A.pdf | https://jopss.jaea.go.jp/pdfdata/P1/P51680A.pdf | https://jopss.jaea.go.jp/pdfdata/P2/P51680B.pdf,0,
P51720,遮光具,奥澤 和宏 ; 中島 準作; 長谷 仁* ; 来田 文夫*,【課題】全面マスクを着用した着用者の作業性を低下させることなく、着用者の眼を適切に保護することができる遮光具を提供する。 【解決手段】遮光具1は、着用者の両眼を覆うアイピース21を有する全面マスク2に対して着脱自在に取り付けられる。遮光具1は、所定の波長の光を遮光する遮光レンズ11と、遮光レンズ11の周縁110を保持するフレーム部12と、アイピース21の周縁211に対して着脱自在に取り付けられるとともに、遮光レンズ11がアイピース21の前面211を覆うように配置される遮光位置P1と、遮光レンズ11がアイピース21の前面211を覆わないように配置される非遮光位置P2との間で移動可能にフレーム部12を支持する支持部13と、を備える。,https://jopss.jaea.go.jp/search/servlet/search?P51720,2019-156319,2021-031816,7317313,2019/08/29,2021/03/01,2023/07/21,A62B 18/08 (2006.01):A41D 13/11 (2006.01):B23K 9/32 (2006.01),https://jopss.jaea.go.jp/pdfdata/P1/P51720A.pdf | https://jopss.jaea.go.jp/pdfdata/P1/P51720A.pdf | https://jopss.jaea.go.jp/pdfdata/P2/P51720B.pdf,0,
P51500,窒素元素ドープ酸化チタンの製造方法,吉越 章隆; 阿部 真之* ; 勝部 大樹* ; 大野 真也*,【課題】 効率的なN元素ドープTIO2の製造方法を提供する。 【解決手段】本発明に係るN元素ドープTIO2の製造方法は、ターゲットとなるTIO2を真空チャンバ内の所定位置に配置するステップと、真空チャンバを真空引きするステップと、ノズルを所定温度に加熱するステップと、ノズルを所定温度に維持しつつ、ノズルからNO分子の超音速分子線をターゲットに照射するステップとを備える。,https://jopss.jaea.go.jp/search/servlet/search?P51500,2019-153049,2021-030159,7391298,2019/08/23,2021/03/01,2023/11/27,B01J 37/34 (2006.01):B01J 27/24 (2006.01):B01J 35/02 (2006.01):C01G 23/04 (2006.01),https://jopss.jaea.go.jp/pdfdata/P1/P51500A.pdf | https://jopss.jaea.go.jp/pdfdata/P1/P51500A.pdf | https://jopss.jaea.go.jp/pdfdata/P2/P51500B.pdf,0,
P51620,樹脂組成物及び遮光レンズの製造方法,奥澤 和宏 ; 中島 準作; 長谷 仁* ; 来田 文夫*,【課題】環境に優しい材料を用いて所定の遮光性能を満たすとともに、製造工程の簡素化を可能とする樹脂組成物及び遮光レンズ並びに樹脂組成物及び遮光レンズの製造方法を提供する。 【解決手段】遮光レンズは、透光性の熱硬化性樹脂に対して、分散剤を用いてイカ墨、赤外線カット剤及び紫外線カット剤が分散された樹脂組成物からなる。樹脂組成物は、熱硬化性樹脂のモノマー100質量部に対して、イカ墨の含有量は、1.34質量部以上であり、赤外線カット剤の含有量は、1.12~3.36質量部の範囲内であり、紫外線カット剤の含有量は、0.28~3.36質量部の範囲内であり、分散剤の含有量は、5.6~11.2質量部の範囲内である。,https://jopss.jaea.go.jp/search/servlet/search?P51620,2019-156318,2021-031650,7402449,2019/08/29,2021/03/01,2023/12/13,C08L 101/12(2006.01):C08F 2/44 (2006.01):C08K 3/22(2006.01):C08K 5/3475(2006.01):C08K 5/3492(2006.01):C08L 31/00(2006.01):G02B 1/04 (2006.01):G02B 3/00 (2006.01):G02C 7/00 (2006.01):G02C 7/02 (2006.01),https://jopss.jaea.go.jp/pdfdata/P1/P51620A.pdf | https://jopss.jaea.go.jp/pdfdata/P1/P51620A.pdf | https://jopss.jaea.go.jp/pdfdata/P2/P51620B.pdf,0,
P51700,放射線強度分布測定装置、放射線強度分布測定方法,寺阪 祐太; 瓜谷 章* ; 渡辺 賢一*,【課題】高線量率の測定対象に対しても、簡易な装置構成で放射線強度分布を測定する。 【解決手段】光ファイバー10の長さ(図中左右方向)方向における放射線の入射位置が検出される。γ線光子Gがこの光ファイバー10のある地点(入射地点P)に入射すると、蛍光F1、F2が発せられ、かつこれらが光ファイバー10中を伝搬する。この光ファイバー10が発する蛍光(可視光)のスペクトルを測定可能な分光器20が、光ファイバー10の一方(図中右側)の端部に設けられる。一定の時間範囲内で分光器20によって前記のスペクトル(波長スペクトル)を得るスペクトル取得工程が行われ、その後に、このスペクトルより放射線強度分布(放射線強度のX依存性)を算出する算出工程が行われる。,https://jopss.jaea.go.jp/search/servlet/search?P51700,2019-150991,2021-032627,7301288,2019/08/21,2021/03/01,2023/06/23,G01T 1/16 (2006.01):G01T 1/00 (2006.01):G01T 1/20 (2006.01),https://jopss.jaea.go.jp/pdfdata/P1/P51700A.pdf | https://jopss.jaea.go.jp/pdfdata/P1/P51700A.pdf | https://jopss.jaea.go.jp/pdfdata/P2/P51700B.pdf,0,
P51481,放射性アルミニウム廃棄物処理方法,関 美沙紀 ; 井手 広史 ; 永田 寛 ; 大塚 薫 ; 大森 崇純; 石川 幸治* ; 川上 智彦* ; 田仲 睦* ; 鈴木 祐未*,【課題】放射性アルミニウム廃棄物に含まれるアルミニウムを、化学的に安定である酸化アルミニウムに変換する放射性アルミニウム廃棄物処理方法を提供する。 【解決手段】本発明に係る放射性アルミニウム廃棄物処理方法は、放射性アルミニウム廃棄物に含まれるアルミニウムを酸化アルミニウムに変換する放射性アルミニウム廃棄物処理方法であって、放射性アルミニウム廃棄物を、アルカリ金属の水酸化物の水溶液で溶解し、不純物を沈殿させる溶解工程(工程S1)と、前記溶解工程で得られた溶液を、固液分離し不純物を除去する第1固液分離工程(工程S2)と、前記第1固液分離工程で得られた溶液に酸性水溶液を添加し、水酸化アルミニウムを主成分とする固体を沈殿させる中和工程(工程S3)と、前記中和工程で得られた溶液を、固液分離し固体を得る第2固液分離工程(工程S4)と、前記第2固液分離工程で得られた固体を焼成する焼成工程(工程S6)と、を含むことを特徴とする。,https://jopss.jaea.go.jp/search/servlet/search?P51481,2019-149027,2021-032570,7350223,2019/08/15,2021/03/01,2023/09/15,G21F 9/30 (2006.01):G21F 9/32 (2006.01):G21F 9/28 (2006.01):G21F 9/10 (2006.01),https://jopss.jaea.go.jp/pdfdata/P1/P51481A.pdf | https://jopss.jaea.go.jp/pdfdata/P1/P51481A.pdf | https://jopss.jaea.go.jp/pdfdata/P2/P51481B.pdf,0,
P51640,アメリシウムの抽出方法,松村 達郎 ; 鈴木 英哉; not registered,【課題】鉱工業分野や原子力分野で利用できるアメリシウムの効率的な抽出方法を提供することを目的とする。 【解決手段】アメリシウムを含む酸性水溶液を、下記一般式(A)で表されるイミノ二酢酸アミドの存在下で有機溶媒に接触させることにより、アメリシウムを有機溶媒に溶解させ、さらに、ジエチレントリアミン五酢酸(DTPA)などの窒素ドナー系の水溶性錯化剤を含む酸性水溶液と接触させて逆抽出を行うことにより、アメリシウムを効率良く抽出することができる。,https://jopss.jaea.go.jp/search/servlet/search?P51640,2019-151070,2021-031713,7333057,2019/08/21,2021/03/01,2023/08/16,C22B 60/02 (2006.01):C22B 3/26 (2006.01):B01D 11/04 (2006.01):G21F 9/06 (2006.01),https://jopss.jaea.go.jp/pdfdata/P1/P51640A.pdf | https://jopss.jaea.go.jp/pdfdata/P1/P51640A.pdf | https://jopss.jaea.go.jp/pdfdata/P2/P51640B.pdf,0,
P51522,汚染金属の除染方法及び除染装置,中山 卓也 ; 杉杖 典岳 ; 美田 豊 ; 野村 光生; 矢板 由美* ; 村田 栄一*,【課題】金属母材溶解量を抑制しつつ効率的に除染できる汚染金属の除染方法を提供する。 【解決手段】汚染金属の除染方法は、表面が汚染された金属を、次亜塩素酸を含む酸性電解水で除染することを特徴とする。,https://jopss.jaea.go.jp/search/servlet/search?P51522,2019-147452,2021-028592,7272585,2019/08/09,2021/02/25,2023/05/01,G21F 9/28 (2006.01):G21F 9/06 (2006.01):G21F 9/12 (2006.01):A61L 2/18 (2006.01),https://jopss.jaea.go.jp/pdfdata/P1/P51522A.pdf | https://jopss.jaea.go.jp/pdfdata/P1/P51522A.pdf | https://jopss.jaea.go.jp/pdfdata/P2/P51522B.pdf,0,
P52780,液相噴出用ノズル,長縄 弘親 ; 永野 哲志; 伊藤 博文* ; 佐藤 亮介*,"[Problem] To provide an emulsifying nozzle which stably ejects one of the liquid phases for a two-liquid-phase system as highly dispersible droplets while suppressing the coalescence of the droplets with one another and is configured such that accumulation of minute solid components does not occur readily. [Solution] By using a nozzle having a structure formed by assembling fine tubes or fine holes as the emulsifying nozzle, accumulation of minute solid components does not occur readily inside the nozzle. In addition, by using a structure formed by assembling fine tubes or fine holes which have been formed using a suitable material which is hydrophobic or organophobic or a material on which suitable surface treatment has been applied, one of the liquid phases for a two-liquid-phase system can be stably ejected as highly dispersible droplets into the other liquid phase while coalescence of the droplets with one another is suppressed.",https://jopss.jaea.go.jp/search/servlet/search?P52780,202147013577,WO2021/002072,428875,2020/03/31,2021/01/07,2023/04/13,B01F 5/02 (2006.01):B01D 11/04 (2006.01):B01F 3/08 (2006.01):B01F 15/02 (2006.01),https://jopss.jaea.go.jp/pdfdata/P1/P52780A.pdf,0,
P51920,液液系での抽出分離による特定物質の製造装置,長縄 弘親 ; 永野 哲志; not registered,【課題】正抽出部100、洗浄部200、及び逆抽出部300が一体となり同期して機能する循環送液システムにおいて、複数回の循環回数によって発現する多段に相当する効果を利用して分離精製される特定物質の製造装置を提供すること。 【解決手段】正抽出部100、洗浄部200、及び逆抽出部300が一体化して同期的に機能する構成を備え、正抽出部100の水相(多くの場合、重液相)が正抽出部100のみの単独部内で循環送液すると同時に、正抽出部100の油相(多くの場合、軽液相)が洗浄部200から逆抽出部300を経て再び正抽出部100に至る横断的な循環送液を行うように構成され、正抽出部100の水相の単独部内循環を複数回行うことによって分離精製される特定物質を得る。,https://jopss.jaea.go.jp/search/servlet/search?P51920,2019-234265,2021-000622,7430377,2019/12/25,2021/01/07,2024/02/02,B01D 11/04 (2006.01),https://jopss.jaea.go.jp/pdfdata/P1/P51920A.pdf | https://jopss.jaea.go.jp/pdfdata/P1/P51920A.pdf | https://jopss.jaea.go.jp/pdfdata/P2/P51920B.pdf,0,
P51850,Nozzle for Liquid Phase Ejection,長縄 弘親 ; 永野 哲志; 伊藤 博文* ; 佐藤 亮介*,"[Problem] To provide an emulsifying nozzle which stably ejects one of the liquid phases for a two-liquid-phase system as highly dispersible droplets while suppressing the coalescence of the droplets with one another and is configured such that accumulation of minute solid components does not occur readily. [Solution] By using a nozzle having a structure formed by assembling fine tubes or fine holes as the emulsifying nozzle, accumulation of minute solid components does not occur readily inside the nozzle. In addition, by using a structure formed by assembling fine tubes or fine holes which have been formed using a suitable material which is hydrophobic or organophobic or a material on which suitable surface treatment has been applied, one of the liquid phases for a two-liquid-phase system can be stably ejected as highly dispersible droplets into the other liquid phase while coalescence of the droplets with one another is suppressed.",https://jopss.jaea.go.jp/search/servlet/search?P51850,17/257086,WO2021/002072,12090453,2020/03/31,2021/01/07,2024/09/17,B01D 11/04 (2006.01):B01F 23/41 (2022.01):B01F 25/313(2022.01):B01F 101/00(2022.01),https://jopss.jaea.go.jp/pdfdata/P1/P51850A.pdf | https://jopss.jaea.go.jp/pdfdata/P1/P51850A.pdf | https://jopss.jaea.go.jp/pdfdata/P2/P51850B.pdf,0,
P52822,Liquid phase ejection nozzle,長縄 弘親 ; 永野 哲志; 伊藤 博文* ; 佐藤 亮介*,"[Problem] To provide an emulsifying nozzle which stably ejects one of the liquid phases for a two-liquid-phase system as highly dispersible droplets while suppressing the coalescence of the droplets with one another and is configured such that accumulation of minute solid components does not occur readily. [Solution] By using a nozzle having a structure formed by assembling fine tubes or fine holes as the emulsifying nozzle, accumulation of minute solid components does not occur readily inside the nozzle. In addition, by using a structure formed by assembling fine tubes or fine holes which have been formed using a suitable material which is hydrophobic or organophobic or a material on which suitable surface treatment has been applied, one of the liquid phases for a two-liquid-phase system can be stably ejected as highly dispersible droplets into the other liquid phase while coalescence of the droplets with one another is suppressed.",https://jopss.jaea.go.jp/search/servlet/search?P52822,2020300137,WO2021/002072,2020300137,2020/03/31,2021/01/07,2023/01/12,B01F 5/02 (2006.01):B01D 11/04 (2006.01):B01F 3/08 (2006.01):B01F 15/02 (2006.01),https://jopss.jaea.go.jp/pdfdata/P1/P52822A.pdf,0,
P52280,METHOD AND APPARATUS FOR PRODUCING SPECIFIC SUBSTANCES BY EXTRACTION AND SEPARATION IN A LIQUID-LIQUID SYSTEM,長縄 弘親 ; 永野 哲志,not registered,https://jopss.jaea.go.jp/search/servlet/search?P52280,202044021869,202044021869A,,2020/05/25,2020/12/25,,B01D 11/04:B01F 3/08:B01J 13/00,,0,
P51521,液液系での抽出分離による特定物質の製造方法,長縄 弘親 ; 永野 哲志; not registered,【課題】正抽出部100、洗浄部200、及び逆抽出部300が一体となり同期して機能する循環送液システムにおいて、複数回の循環回数によって発現する多段に相当する効果を利用して分離精製される特定の物質の製造方法を提供すること。 【解決手段】正抽出部100、洗浄部200、及び逆抽出部300が一体化して同期的に機能するシステムを用いて、正抽出部100の水相(多くの場合、重液相)が正抽出部100のみの単独部内で循環送液すると同時に、正抽出部100の油相(多くの場合、軽液相)が洗浄部200から逆抽出部300を経て再び正抽出部100に至る横断的な循環送液を行うように制御し、正抽出部100の水相の単独部内循環を複数回行うことによって分離精製される特定の物質の製造方法。,https://jopss.jaea.go.jp/search/servlet/search?P51521,2019-113657,2020-203267,7297294,2019/06/19,2020/12/24,2023/06/16,B01D 11/04 (2006.01):C22B 3/26 (2006.01),https://jopss.jaea.go.jp/pdfdata/P1/P51521A.pdf | https://jopss.jaea.go.jp/pdfdata/P1/P51521A.pdf | https://jopss.jaea.go.jp/pdfdata/P2/P51521B.pdf,0,
P51580,希土類元素の吸着剤、及び希土類元素の分離方法,小林 徹 ; 矢板 毅 ; 横山 啓一; 尾形 剛志* ; 成田 弘一*,【課題】希土類元素の相互分離を小規模、低コストで実現できる新規な希土類元素の吸着剤を提供する。 【解決手段】 希土類元素を含む溶液と接触して希土類元素を吸着する吸着剤であって、基材とフェナントロリン骨格を含み、前記基材にフェナントロリン骨格がアミド結合を介して導入されていることを特徴とする希土類元素の吸着剤。,https://jopss.jaea.go.jp/search/servlet/search?P51580,2019-103285,2020-195958,7274171,2019/05/31,2020/12/10,2023/05/08,B01J 20/22 (2006.01):C22B 3/24 (2006.01):C22B 59/00 (2006.01),https://jopss.jaea.go.jp/pdfdata/P1/P51580A.pdf | https://jopss.jaea.go.jp/pdfdata/P1/P51580A.pdf | https://jopss.jaea.go.jp/pdfdata/P2/P51580B.pdf,0,
P51460,温度測定装置、温度測定方法,瀬川 麻里子 ; 前田 亮 ; 藤 暢輔 ; 甲斐 哲也; not registered,【課題】試料における中性子共鳴吸収を利用して試料の温度を非接触かつ高精度で測定する。 【解決手段】この温度測定装置1においては、白色スペクトル、パルス状の中性子線N0を発する中性子源100が用いられ、中性子線N0は、温度が測定される対象となる試料S0に照射される。試料S0を透過後の中性子線N1は、材料構成が既知であるインディケータS1に照射される。γ線検出器20によってインディケータS1から中性子線N1の照射に伴って発せられるγ線が検出される。γ線検出器20によって測定された飛行時間スペクトルには温度依存性が存在し、これを解析することによって、試料S0の温度を算出することができる。,https://jopss.jaea.go.jp/search/servlet/search?P51460,2019-100962,2020-193925,7223420,2019/05/30,2020/12/03,2023/02/08,G01K 11/30(2006.01):G01N 23/09(2018.01):G01N23/2206(2018.01),https://jopss.jaea.go.jp/pdfdata/P1/P51460A.pdf | https://jopss.jaea.go.jp/pdfdata/P1/P51460A.pdf | https://jopss.jaea.go.jp/pdfdata/P2/P51460B.pdf,0,
P51060,放射線防護マスクの汚染検出方法、フィルタカバー、プレフィルタ治具及びフィルタカバーのセット、及び放射線防護マスク,根本 修直 ; 田村 健 ; 周治 愛之 ; 畑中 延浩 ; 平野 宏志 ; 永田 武光; 南 明則*,【課題】迅速、簡便かつ効率的に行うことが可能な放射線防護マスクの汚染検出方法を提供する。 【解決手段】放射線防護マスクの汚染検出方法は、プレフィルタ治具の開口から露出したプレフィルタのα線放出核種捕集量MPREを、α線用サーベイメータで計測する捕集量計測ステップと、α線放出核種捕集量MPREと予め定められた上限値MMAXとを比較する第1比較ステップと、α線放出核種捕集量MPREが上限値MMAX未満の場合に、放射線防護マスクの汚染量が許容範囲内だと判定し、α線放出核種捕集量MPREが上限値MMAX以上の場合に、放射線防護マスクの汚染量が許容範囲を超えていると判定する第1判定ステップとを含む。,https://jopss.jaea.go.jp/search/servlet/search?P51060,2019-082129,2020-180799,7203383,2019/04/23,2020/11/05,2023/01/04,G01T 1/167(2006.01):G01T 1/00 (2006.01),https://jopss.jaea.go.jp/pdfdata/P1/P51060A.pdf | https://jopss.jaea.go.jp/pdfdata/P1/P51060A.pdf | https://jopss.jaea.go.jp/pdfdata/P2/P51060B.pdf,0,
P51400,放射性物質検知装置、放射性物質検知方法,森下 祐樹 ; 鳥居 建男 ; 宇佐美 博士; not registered,【課題】透過力の低い放射線を高感度で検知し、これによって放射性物質を検知する。 【解決手段】試料Sにおいては、平面状のろ紙Fの一方の側の表面に測定対象物質粒子Rが転写されている。第1検出部11はこの測定対象物質粒子Rが転写された表面側に密着して使用される。一方、第2検出部12は第1検出部11とは上下関係が反転された状態で試料Sの反対側の表面側に密着されて使用される。第1検出部11によって得られた第1スペクトルから第2検出部12によって得られた第2スペクトルを減算したエネルギースペクトルを算出することができる。このエネルギースペクトルにおいては、β線の影響が低減され、α線の影響が強調される。このため、このα線を発する放射性物質を高感度で検知することができる。,https://jopss.jaea.go.jp/search/servlet/search?P51400,2019-066560,2020-165807,7161765,2019/03/29,2020/10/08,2022/10/19,G01T 1/167(2006.01):G01T 1/20 (2006.01):G01T 1/36 (2006.01),https://jopss.jaea.go.jp/pdfdata/P1/P51400A.pdf | https://jopss.jaea.go.jp/pdfdata/P1/P51400A.pdf | https://jopss.jaea.go.jp/pdfdata/P2/P51400B.pdf,0,
P51300,渦電流探傷用プローブ及び渦電流探傷装置,"山口 智彦 ; Mihalache, O.; not registered",【課題】配管に加工痕が形成されていた場合であっても、加工痕の影響を低減し、微小欠陥を的確に検出することができる渦電流探傷用プローブ及び渦電流探傷装置を提供する。 【解決手段】渦電流探傷用プローブ1Bは、間接磁場を利用した渦電流探傷系4を備える。渦電流探傷系4は、第1の磁性体コア群5を有し、第1の中心軸O1に沿って並列して配置された一対の検出コイル群41A、41Bと、第2の磁性体コア6A、6Bを有し、第1の中心軸O1に沿って一対の検出コイル群41A、41Bの軸方向外側に配置された励磁コイル40A、40Bとを備える。第1の磁性体コア群5は、複数の第2の中心軸O2に沿って配置されているとともに、複数の検出コイル41A、41Bの軸方向外側に対して第1のコア長さL5だけ長く配置されており、第1のコア長さL5は、複数の検出コイル41A、41Bの軸方向のコイル長さL6よりも長く構成されている。,https://jopss.jaea.go.jp/search/servlet/search?P51300,2019-062222,2020-159983,7295522,2019/03/28,2020/10/01,2023/06/13,G01N 27/904(2021.01),https://jopss.jaea.go.jp/pdfdata/P1/P51300A.pdf | https://jopss.jaea.go.jp/pdfdata/P1/P51300A.pdf | https://jopss.jaea.go.jp/pdfdata/P2/P51300B.pdf,0,
P51320,渦電流探傷用プローブ及び渦電流探傷装置,"山口 智彦 ; Mihalache, O.; not registered",【課題】配管の内面及び外面に形成された微小欠陥や欠陥形状を的確に検出することができる渦電流探傷用プローブを提供する。 【解決手段】渦電流探傷用プローブ1は、本体2の第1の中心軸O1に沿って、直接磁場を利用した第1の渦電流探傷系3と、間接磁場を利用した第2の渦電流探傷系4とを備える。第1の渦電流探傷系3は、第1の中心軸O2と平行な軸方向に並列して配置された一対の励磁兼検出コイル30A、30Bを備え、第2の渦電流探傷系4は、一対の励磁兼検出コイル30A、30Bの軸方向外側にそれぞれ配置された一対の検出コイル群41A、41Bと、一対の検出コイル群41A、41Bの軸方向外側にそれぞれ配置された一対の励磁コイル40A、40Bとを備え、一対の検出コイル群40A、40Bの各々は、第1の中心軸1を中心として周方向に所定の間隔でそれぞれ配置された複数の検出コイル400A、400Bにより構成されている。,https://jopss.jaea.go.jp/search/servlet/search?P51320,2019-062223,2020-159984,7295523,2019/03/28,2020/10/01,2023/06/13,G01N 27/904(2021.01),https://jopss.jaea.go.jp/pdfdata/P1/P51320A.pdf | https://jopss.jaea.go.jp/pdfdata/P1/P51320A.pdf | https://jopss.jaea.go.jp/pdfdata/P2/P51320B.pdf,0,
P51260,新規ジオポリマー及びその製造方法,香西 直文; not registered,【課題】pHが弱酸性から中性の範囲に制御され、強度を保持し、建築材料等の用途で好適に使用しうるジオポリマーを提供すること。 【解決手段】メタカオリナイト、活性アルミナ、水酸化アルミニウム、廃棄物焼却灰及び下水汚泥焼却灰などのジオポリマー原料粉末と、高濃度リン酸水溶液、及びアルカリ金属もしくはアンモニウムのリン酸塩又はアルカリ金属もしくはアンモニウムの水酸化物などのpH調整剤とを含む活性化剤とを混合し、その混合物を反応させて、ジオポリマーを製造する。,https://jopss.jaea.go.jp/search/servlet/search?P51260,2019-053372,2020-152611,7267582,2019/03/20,2020/09/24,2023/04/24,C04B 28/26 (2006.01):C04B 14/10 (2006.01):C04B 14/30 (2006.01):C04B 22/06 (2006.01):C04B 18/30 (2006.01):C04B 18/10 (2006.01):C04B 18/04 (2006.01):C04B 22/16 (2006.01):B09B 3/00 (2022.01),https://jopss.jaea.go.jp/pdfdata/P1/P51260A.pdf | https://jopss.jaea.go.jp/pdfdata/P1/P51260A.pdf | https://jopss.jaea.go.jp/pdfdata/P2/P51260B.pdf,0,
P51080,陽電子消滅特性測定装置,平出 哲也; 山脇 正人*,【課題】試料に対する加工を必要とせず、かつ高精度で容易に陽電子消滅特性を測定する。 【解決手段】陽電子源Xを具備するヘッド部40により、試料Sに入射しなかった陽電子が検出される。計数部70は、コインシデンス回路20による同時性の判定結果、及びアンチコインシデンス回路50による非同時性(同時性)の判定結果に基づいて、時間差に対応した計数を行うが、ここでは上記の判定結果に応じた計数によって作成した2つのヒストグラム(第1時間差データ、第2時間差データ)を作成し、これらを記憶部80に記憶させる。寿命解析部90は、記憶部80から第2時間差データを読出し、第1時間差データにおいて、上記のように装置に起因して発生した影響を考慮し、試料Sの本来の陽電子消滅特性の解析結果を出力する。,https://jopss.jaea.go.jp/search/servlet/search?P51080,2019-040674,2020-144002,7239921,2019/03/06,2020/09/10,2023/03/07,G01N 23/22 (2018.01):G01T 1/172 (2006.01):G01T 1/20 (2006.01),https://jopss.jaea.go.jp/pdfdata/P1/P51080A.pdf | https://jopss.jaea.go.jp/pdfdata/P1/P51080A.pdf | https://jopss.jaea.go.jp/pdfdata/P2/P51080B.pdf,0,
P51100,荷電粒子ビーム操作装置、荷電粒子ビーム加速装置、及び荷電粒子ビーム操作方法,原田 寛之; not registered,"【課題】電極への衝突を回避しつつ荷電粒子ビームを適切に操作可能な荷電粒子ビーム操作装置を提供する。 【解決手段】荷電粒子ビーム操作装置は、荷電粒子ビームの進行方向に直交する第1方向において荷電粒子ビームを挟んで反対側に配置され、進行方向及び第1方向に直交する第2方向に延設された一対の第1電極12,13と、第2方向において荷電粒子ビームを挟んで反対側に配置され、各々が一対の第1電極それぞれと電気的に接続された一対の第2電極14,15とを備え、一対の第1電極と12,13、一対の第2電極14,15との間に電位差が付与されることを特徴とする。",https://jopss.jaea.go.jp/search/servlet/search?P51100,2019-007318,2020-119644,7207712,2019/01/18,2020/08/06,2023/01/10,H05H 7/10 (2006.01):H05H 7/08 (2006.01):G21K 5/04 (2006.01),https://jopss.jaea.go.jp/pdfdata/P1/P51100A.pdf | https://jopss.jaea.go.jp/pdfdata/P1/P51100A.pdf | https://jopss.jaea.go.jp/pdfdata/P2/P51100B.pdf,0,
P50940,炭酸基高含有炭酸アパタイト,関根 由莉奈 ; 南川 卓也 ; 香西 直文; not registered,【課題】重金属吸着能に優れた炭酸基高含有炭酸アパタイトを提供すること。 【解決手段】15.6重量%以上の炭酸基を含み、銅(Cu)、亜鉛(Zn)、ストロンチウム(Sr)、マグネシウム(Mg)、カリウム(K)、鉄(Fe)、ナトリウム(Na)のうち少なくとも一つを含み、好ましくはCa/Pのモル比が1.5以上である、炭酸アパタイト。,https://jopss.jaea.go.jp/search/servlet/search?P50940,2019-002040,2020-111478,7281796,2019/01/09,2020/07/27,2023/05/18,C01B 25/45 (2006.01):B01J 20/04 (2006.01):B01J 20/28 (2006.01):C01B 25/32 (2006.01),https://jopss.jaea.go.jp/pdfdata/P1/P50940A.pdf | https://jopss.jaea.go.jp/pdfdata/P1/P50940A.pdf | https://jopss.jaea.go.jp/pdfdata/P2/P50940B.pdf,0,
P51160,炭酸アパタイトの製造方法,関根 由莉奈 ; 南川 卓也 ; 香西 直文; not registered,【課題】炭酸アパタイトの効率的な製造方法の提供。 【解決手段】動物の骨を焼成する第1工程、および第1工程で得られた骨焼成物を塩基性炭酸化合物と反応させる第2工程、を含む、炭酸アパタイトの製造方法。第1工程の焼成が、大気圧~3気圧の圧力下、100~200℃の温度で行われる、炭酸アパタイトの製造方法。第2工程において、塩基性炭酸化合物は骨焼成物の重量に対して1~50WT%の重量となるように添加される、炭酸アパタイトの製造方法。第2工程の塩基性炭酸化合物との反応が、30~90℃の温度で行われる、炭酸アパタイトの製造方法。第2工程で得られた骨処理物を乾燥させる第3工程をさらに含む、炭酸アパタイトの製造方法。骨を粉末化する工程をさらに含む、炭酸アパタイトの製造方法。,https://jopss.jaea.go.jp/search/servlet/search?P51160,2019-002111,2020-111479,7289500,2019/01/09,2020/07/27,2023/06/02,C01B 25/32 (2006.01):B01J 20/04 (2006.01):B01J 20/30 (2006.01),https://jopss.jaea.go.jp/pdfdata/P1/P51160A.pdf | https://jopss.jaea.go.jp/pdfdata/P1/P51160A.pdf | https://jopss.jaea.go.jp/pdfdata/P2/P51160B.pdf,0,
P51842,炭酸基高含有炭酸アパタイト,関根 由莉奈 ; 南川 卓也 ; 香西 直文; not registered,本発明は重金属吸着能力に優れた炭酸基含有炭酸アパタイトを提供する。炭酸基を15.6重量%以上含有し、銅(Cu)、亜鉛(Zn)、ストロンチウム(Sr)、マグネシウム(Mg)、カリウム(K)、鉄(Fe)、ナトリウム(Na)のうち少なくとも1種を含有し、好ましくはCa/Pのモル比が1.5以上である炭酸アパタイト。,https://jopss.jaea.go.jp/search/servlet/search?P51842,202010019261.3,111420629,ZL202010019261.3,2020/01/08,2020/07/17,2023/08/01,B01J 20/02 (2006.01):A61L 27/12 (2006.01):A61L 27/50 (2006.01),https://jopss.jaea.go.jp/pdfdata/P1/P51842A.pdf,0,
P51845,炭酸アパタイトの製造方法,関根 由莉奈 ; 南川 卓也 ; 香西 直文; not registered,本発明は、炭酸アパタイトの効率的な製造方法を提供する。動物の骨を焼成する第一工程と、第一工程で得られた骨焼成物と塩基性炭酸化合物とを反応させる第2工程とを含むことを特徴とする炭酸アパタイトの製造方法。,https://jopss.jaea.go.jp/search/servlet/search?P51845,202010018637.9,111422841,ZL202010018637.9,2020/01/08,2020/07/17,2023/07/21,C01B 25/32 (2006.01),https://jopss.jaea.go.jp/pdfdata/P1/P51845A.pdf | https://jopss.jaea.go.jp/pdfdata/P1/P51845A.pdf | https://jopss.jaea.go.jp/pdfdata/P2/P51845B.pdf,0,
P51844,炭酸アパタイトの製造方法,関根 由莉奈 ; 南川 卓也 ; 香西 直文; not registered,L'invention concerne un procede efficace de production d'un carbonate apatite. Le procede comprend : une premiere etape de calcination d'un os animal ; et une deuxieme etape de mise en reaction d'un produit calcine d'os obtenu lors de la premiere etape avec un compose de carbonate basique. Figure pour l'abrege : 8,https://jopss.jaea.go.jp/search/servlet/search?P51844,1915711,3091489,3091489,2019/12/30,2020/07/10,2024/03/29,B01J 20/04 (2019.12):C01B 25/32,https://jopss.jaea.go.jp/pdfdata/P1/P51844A.pdf | https://jopss.jaea.go.jp/pdfdata/P1/P51844A.pdf | https://jopss.jaea.go.jp/pdfdata/P2/P51844B.pdf,0,
P51240,比熱とエンタルピー変化の測定方法,森本 恭一 ; 渡部 雅 ; 加藤 正人; 渡辺 博道* ; 小無 健司* ; 有田 裕二*,【課題】高温状態の試料の比熱とエンタルピー変化を、試料の物理的・化学的特性によらず、短時間で正確に測定することを可能にする比熱とエンタルピー変化の測定方法および測定装置を提供する。 【解決手段】本発明の比熱とエンタルピー変化の測定方法は、通電加熱により、試料の温度を昇温させる昇温段階と、前記試料の温度を保温する保温段階と、を交互に複数回繰り返して行い、全ての前記保温段階について、直近の前記保温段階との間のエンタルピー変化を求め、最初の保温段階の温度に対する各保温段階の温度におけるエンタルピー変化の温度関数を温度微分することにより、前記試料の比熱を求める。,https://jopss.jaea.go.jp/search/servlet/search?P51240,2018-240252,2020-101462,7250268,2018/12/21,2020/07/02,2023/03/24,G01N 25/18 (2006.01):G01N 25/00 (2006.01),https://jopss.jaea.go.jp/pdfdata/P1/P51240A.pdf | https://jopss.jaea.go.jp/pdfdata/P1/P51240A.pdf | https://jopss.jaea.go.jp/pdfdata/P2/P51240B.pdf,0,
P50721,元素分析方法,阿部 雄太; not registered,【課題】測定対象元素の特性X線に対応するピークと干渉元素の特性X線に対応するピークとが干渉する場合に、測定対象元素の組成を高精度で算出する。 【解決手段】解析部は、ZR(干渉元素)の発する特性X線のうち、Bに起因する測定対象ピークと干渉しないものに対応する波長(参照用波長)を設定し、上記の測定点におけるこの参照用波長での強度(補正用強度)も測定する。測定対象ピーク(BのKα1線)に対応する波長λ1周囲においては、測定対象ピークP11がある。この測定対象ピークP11に近接して、ZRのMZ線のピーク(干渉ピーク)P21が存在する。補正用強度測定工程においては、参照用波長λ2として、ZRのLα線のピーク(参照用ピークP41)に対応する波長が設定される。測定点におけるB組成のみを反映するI11(補正後強度)は、実測強度I31から補正用強度I41に補正係数Cを乗じた値を減じた式で表すことができる。,https://jopss.jaea.go.jp/search/servlet/search?P50721,2018-200792,2020-067392,7153324,2018/10/25,2020/04/30,2022/10/05,G01N23/2252(2018.01),https://jopss.jaea.go.jp/pdfdata/P1/P50721A.pdf | https://jopss.jaea.go.jp/pdfdata/P1/P50721A.pdf | https://jopss.jaea.go.jp/pdfdata/P2/P50721B.pdf,0,
P51000,アルミニウム切粉の処理装置および処理方法,平塚 一 ; 阿部 哲也 ; 諸橋 裕子; 大間知 聡一郎*,【課題】アルミニウム切粉に付着した切削油および水分を除去または分解するためのキルンを設けることなく、したがってキルンに投入するエネルギーを不要にしたうえで、高純度のアルミニウムをリサイクルできる処理装置を提供する。 【解決手段】アルミニウム溶解炉と、前記アルミニウム溶解炉の上部に設けられた、筒状のサイクロン本体と、前記サイクロン本体内に切削油および水分が付着したアルミニウム切粉を気体とともに流入させる流入口と、前記サイクロン本体内から前記アルミニウム切粉を含まない気体を流出させる流出口とを有するサイクロンユニットとを含むアルミニウム切粉の処理装置。,https://jopss.jaea.go.jp/search/servlet/search?P51000,2018-195309,2020-063474,7177435,2018/10/16,2020/04/23,2022/11/15,C22B 21/06 (2006.01):C22B 7/00 (2006.01):B09B 3/40 (2006.01):C22B 1/00 (2006.01),https://jopss.jaea.go.jp/pdfdata/P1/P51000A.pdf | https://jopss.jaea.go.jp/pdfdata/P1/P51000A.pdf | https://jopss.jaea.go.jp/pdfdata/P2/P51000B.pdf,0,
P50780,物品搬出入システム及び物品搬出入方法,吉田 将冬 ; 周治 愛之 ; 川崎 猛 ; 木村 泰久 ; 平野 宏志; not registered,【課題】汚染雰囲気に曝される物を最小限に抑えて、汚染雰囲気に対して物品を安全に搬出入可能な物品搬出入システムを提供する。 【解決手段】物品搬出入システムは、汚染雰囲気を囲って非汚染雰囲気から隔離すると共に、汚染雰囲気及び非汚染雰囲気を連通させる開口が形成されたポートを有する建屋と、物品が載置される載置部、及び把持可能な把持部を有する載置台と、可撓性を有する材料で構成されており、開放された両端部のうち、一方側端部が前記開口を囲むようにポートに接続され、他方側端部が載置部を囲むように載置台に接続される筒状部材と、筒状部材から露出した把持部を把持して、ポートを通じて載置台を建屋に搬入し、さらに建屋から搬出する搬出入装置と、載置台が建屋から搬出された後に、ポートと載置台との間で筒状部材をシールするシール装置とを備えることを特徴とする。,https://jopss.jaea.go.jp/search/servlet/search?P50780,2018-170691,2020-040809,7217497,2018/09/12,2020/03/19,2023/01/26,B65G 1/00 (2006.01):G21F 7/005(2006.01):G21F 9/36 (2006.01):G21F 5/005(2006.01):G21F 5/06 (2006.01):G21F 7/015(2006.01),https://jopss.jaea.go.jp/pdfdata/P1/P50780A.pdf | https://jopss.jaea.go.jp/pdfdata/P1/P50780A.pdf | https://jopss.jaea.go.jp/pdfdata/P2/P50780B.pdf,0,
P50820,不溶解性残渣処理プロセス,松村 達郎 ; 津幡 靖宏 ; 佐野 雄一 ; 小山 真一; 山村 朝雄* ; 鷹尾 康一郎* ; 鈴木 達也* ; 可児 祐子* ; 高橋 優也* ; 小山 直* ; 駒嶺 哲* ; 藤田 玲子* ; 小澤 正基*,【課題】使用済燃料の再処理工程で発生する不溶解性残渣に含まれるジルコニウムやパラジウムを効率よく回収する方法を提供すること。 【解決手段】不溶解性残渣を過酸化水素含有酸性水溶液等で処理し、不溶解性残渣に含まれるジルコニウムとモリブデンを該酸性水溶液に溶解させて分離する。得られたジルコニウムとモリブデンは、抽出剤などを用いて分離され、ジルコニウムに含まれる長寿命放射性核種は偶奇分離によって低減される。また、酸性水溶液に不溶のパラジウムなどを含む白金族合金については、強酸処理、酸化溶解、フッ素化などによりパラジウムを分離し、パラジウムに含まれる長寿命放射性核種も偶奇分離によって低減される。,https://jopss.jaea.go.jp/search/servlet/search?P50820,2018-113698,2019-215299,6515369,2018/06/14,2019/12/19,2019/04/26,G21C 19/46 (2006.01):C22B 3/06 (2006.01):C22B 3/26 (2006.01):C22B 3/08 (2006.01):C22B 3/46 (2006.01):C22B 11/00 (2006.01):C22B 34/14 (2006.01):C22B 3/04 (2006.01):C22B 7/00 (2006.01),https://jopss.jaea.go.jp/pdfdata/P1/P50820A.pdf | https://jopss.jaea.go.jp/pdfdata/P1/P50820A.pdf | https://jopss.jaea.go.jp/pdfdata/P2/P50820B.pdf,0,
P50003,液位測定機能を有する硫酸分解反応器,竹上 弘彰 ; 野口 弘喜 ; 岩月 仁 ; 久保 真治; 今 肇* ; 直井 登貴夫*,【課題】ブンゼン反応系で使用する硫酸分解反応器内の硫酸の液位を、精確かつ確実に監視し、硫酸液面の急激な上昇による触媒の損傷を防止できる硫酸分解反応器を提供すること。 【解決手段】硫酸分解反応器内の溶液貯留部内に、通常運転時に貯留されるべき硫酸の液面より上側で、触媒の充填最下面より下側の位置における液面を測定できる第1の温度センサーと、通常運転時に貯留されるべき硫酸の液面より下側の位置における液面を測定できる第2の温度センサーとの、少なくとも2個の温度センサーを備えている。,https://jopss.jaea.go.jp/search/servlet/search?P50003,2018-053233,2019-163197,7158674,2018/03/20,2019/09/26,2022/10/14,C01B 17/50 (2006.01):C01B 13/02 (2006.01):G01F 23/22 (2006.01):C01B 3/04 (2006.01),https://jopss.jaea.go.jp/pdfdata/P1/P50003A.pdf | https://jopss.jaea.go.jp/pdfdata/P1/P50003A.pdf | https://jopss.jaea.go.jp/pdfdata/P2/P50003B.pdf,0,
P50001,ブンゼン反応器,野口 弘喜 ; 田中 伸幸 ; 久保 真治; 今 肇* ; 直井 登貴夫*,【課題】外部循環ラインに設けられた外部熱交換器における固体ヨウ素の析出を事前に検知できるブンゼン反応器を提供すること。 【解決手段】プロセス流体の混合・反応を行う前記静的混合器と、除熱を行う外部熱交換器と、気液分離を行う貯槽とが、順に流体的に直列接続された外部循環ラインを備えたブンゼン反応器において、外部熱交換器におけるヨウ素析出よりも前に、ヨウ素を析出する構造の冷却器を備えている固体ヨウ素析出検知機能付ブンゼン反応器。,https://jopss.jaea.go.jp/search/servlet/search?P50001,2018-050782,2019-163180,7141612,2018/03/19,2019/09/26,2022/09/14,C01B 3/02 (2006.01),https://jopss.jaea.go.jp/pdfdata/P1/P50001A.pdf | https://jopss.jaea.go.jp/pdfdata/P1/P50001A.pdf | https://jopss.jaea.go.jp/pdfdata/P2/P50001B.pdf,0,
P50383,甲状腺モニタ用可搬型放射線測定器及び放射線測定方法,西野 翔 ; 吉富 寛 ; 谷村 嘉彦; not registered,【課題】多様かつ多人数の被検者に対して信頼性の高い甲状腺ヨウ素の定量測定を短時間のうちに行える甲状腺モニタ用可搬型放射線測定器を提供する。 【解決手段】甲状腺モニタ用可搬型放射線測定器1を、外部からの放射線を遮蔽する放射線遮蔽体2と、放射線遮蔽体2の上面に形成された凹部3と、凹部3の底面に設置された放射線検出器4A、4B及び信号処理回路5A、5Bをもって構成する。放射線検出器4A、4Bの設定間隔は、可変にすることもできる。,https://jopss.jaea.go.jp/search/servlet/search?P50383,2018-019507,2019-138665,7170301,2018/02/06,2019/08/22,2022/11/04,G01T 1/163(2006.01):G01T 1/167(2006.01):G01T 1/161(2006.01):G21F 1/08 (2006.01),https://jopss.jaea.go.jp/pdfdata/P1/P50383A.pdf | https://jopss.jaea.go.jp/pdfdata/P1/P50383A.pdf | https://jopss.jaea.go.jp/pdfdata/P2/P50383B.pdf,0,
P50002,強腐食性溶液の漏えい予兆検知方法,竹上 弘彰 ; 野口 弘喜 ; 久保 真治; 今 肇* ; 直井 登貴夫*,【課題】ガラスライニング鞘管に挿入されたセンサー部を備えた、強腐食性溶液を貯留する溶液タンクや強腐食性溶液を移送する配管において、センサー部を通して生ずる恐れのある強腐食性溶液の漏えい予兆を、短時間に検知する方法を提供すること。 【解決手段】強腐食性溶液を貯留する溶液タンクまたは強腐食性溶液を移送する配管内の溶液中に挿入された、センサー部からの信号が遮断されたことを、溶液タンクまたは配管の外部に設けられたセンサー本体において検知することによって、センサー部を通して生ずる恐れのある強腐食性溶液の漏えいを事前に報知する。,https://jopss.jaea.go.jp/search/servlet/search?P50002,2017-243626,2019-109182,7057936,2017/12/20,2019/07/04,2022/04/13,G01M 3/40 (2006.01),https://jopss.jaea.go.jp/pdfdata/P1/P50002A.pdf | https://jopss.jaea.go.jp/pdfdata/P1/P50002A.pdf | https://jopss.jaea.go.jp/pdfdata/P2/P50002B.pdf,0,
P50240,陽電子消滅寿命測定装置、放射線計測器の調整方法、放射線計測器,平出 哲也 ; 安藤 太一 ; 真鍋 賢介 ; 上田 大介; not registered,【課題】複数の放射線検出器を並列に用いた場合に、各放射線検出器を同時に用いて高精度の測定を行わせる。 【解決手段】スタート用検出器11Aからのパルス出力P0A、スタート用検出器11Bからのパルス出力P0Bと、ストップ用検出器からのパルス出力P1との間の時間差ΔTを測定し、ΔTのヒストグラムを生成する。パルス出力P1とパルス出力P0Bの時間間隔は、パルス出力P0Aを基準とした場合において、本来の時間間隔であるΔTBに加えて一様にシフト時間Tだけ広がるように設定される。測定されたΔTのヒストグラムである図2の(III)においては、ΔTBに対してTが一様に付加されたために、左側のピークの分布がΔTAのヒストグラムに対応し、右側のピークの分布がΔTBのヒストグラムに対応する。このΔTBのヒストグラムを横軸方向にシフトさせれば、ΔTAのヒストグラムと重複させることができる。,https://jopss.jaea.go.jp/search/servlet/search?P50240,2017-239693,2019-105598,6964877,2017/12/14,2019/06/27,2021/10/22,G01T 1/172(2006.01):G01T 1/30 (2006.01):G01N 23/221(2006.01),https://jopss.jaea.go.jp/pdfdata/P1/P50240A.pdf | https://jopss.jaea.go.jp/pdfdata/P1/P50240A.pdf | https://jopss.jaea.go.jp/pdfdata/P2/P50240B.pdf,0,
P14108,ボーリング孔内の検層方法および該検層のために用いられる水中浮遊型カプセルプローブ。,竹内 竜史 ; 澤田 淳 ; 尾上 博則; 下茂 道人* ; 竹内 真司* ; 後藤 和幸* ; 中野 勝志*,【課題】ボーリング孔内の検層をおこなう場合に、センサーを備えたプローブの設置を簡易化し、設備、期間、コストの著しい軽減をはかるとともに検層精度の向上をはかる。 【解決手段】水圧センサーと、該水圧センサーの感知情報を記録する手段と、を搭載した水密カプセルプローブを用いてボーリング孔内の水中を上下方向に自己浮遊させ、得られた記録情報をもとにボーリング孔内壁面の状況を検層するようにした。これにより測定装置を上げ下ろしするためのロッド等やパッカーを用いる必要がなく、コストの低減と期間短縮、測定精度の向上をはかることができる。,https://jopss.jaea.go.jp/search/servlet/search?P14108,2017-203002,2019-078534,6997924,2017/10/19,2019/05/23,2021/12/22,G01V 9/02 (2006.01):E21B 49/10 (2006.01):E21B 47/06 (2012.01):E02D 1/02 (2006.01),https://jopss.jaea.go.jp/pdfdata/P1/P14108A.pdf | https://jopss.jaea.go.jp/pdfdata/P1/P14108A.pdf | https://jopss.jaea.go.jp/pdfdata/P2/P14108B.pdf,0,
P50121,テトラアルキルニトリロ酢酸ジアセトアミド化合物の合成方法,下条 晃司郎 ; 長縄 弘親; not registered,【課題】レアメタルや貴金属等の抽出剤として利用することができるテトラアルキルニトリロ酢酸ジアセトアミド化合物の合成方法を提供する。 【解決手段】ニトリロ三酢酸を無水化剤と反応させることで無水化を行い、得られたニトリロ三酢酸無水物とジアルキルアミンを反応させ、反応中間生成物を得、それを同様に無水化剤と反応させることで無水化を行い、得られた反応中間無水物とジアルキルアミンを反応させ、一般式(1)で表されるテトラアルキルニトリロ酢酸ジアセトアミド化合物を合成する方法。,https://jopss.jaea.go.jp/search/servlet/search?P50121,2017-182484,2019-055929,6874266,2017/09/22,2019/04/11,2021/04/26,C07C231/02(2006.01):C07C237/06(2006.01),https://jopss.jaea.go.jp/pdfdata/P1/P50121A.pdf | https://jopss.jaea.go.jp/pdfdata/P1/P50121A.pdf | https://jopss.jaea.go.jp/pdfdata/P2/P50121B.pdf,0,
P50584,テトラアルキルニトリロ酢酸ジアセトアミド化合物の合成方法,下条 晃司郎 ; 長縄 弘親; not registered,本発明目的は4アルキルニトリロ酢酸ジエチルアミド化合物を合成する方法を提供し、この化合物は抽出剤として用いることができて、有価金属を抽出する希金属のようにあるいは貴金属、あるいは高毒性の有害金属、この方法は有害化学物質あるいは高価な化学薬品を用いない場合には簡単、安全且つ低コストで4アルキルニトリロ酢酸ジエチルアミド化合物を生産する。一般式(1)が示す化合物またはその塩の合成に、原料としたニトリロトリ酢酸と脱水試薬は反応してそれを脱水して、着くニトリロトリ酢酸無水とジオキサンイルアミンが反応させ、反応する中間体生成物を得る。次に反応性中間体生成物を同様に脱水試薬と反応させることでそれを脱水させ、且つ得られた反応性中間体無水化合物とジオキサンイルアミンを反応させることで4アルキルニトリロ酢酸2アセトアミド化合物を合成する。式(1)に、R1、R2、R3およびR4は独立して同一若しくは異なった炭化水素基を表し、条件は炭化水素基R1、R2、R3およびR4中の炭素原子の総数が8~64とする。,https://jopss.jaea.go.jp/search/servlet/search?P50584,201811101418.6,109535026,ZL201811101418.6,2018/09/20,2019/03/29,2021/10/29,C07C 231/10(2006.01):C07C 237/12(2006.01):C07D 265/33(2006.01),https://jopss.jaea.go.jp/pdfdata/P1/P50584A.pdf | https://jopss.jaea.go.jp/pdfdata/P1/P50584A.pdf | https://jopss.jaea.go.jp/pdfdata/P2/P50584B.pdf,0,
P50860,放射線遮蔽材,神谷 潤一郎; 小泉 欧児* ; 那須 昌吾*,【課題】従来よりも軽量で設置の制約が小さく、高エネルギー領域の放射線に対しても優れた遮蔽率を有する放射線遮蔽材を提供する。 【解決手段】本発明の放射線遮蔽材は、繊維状ナノカーボン材料と、第1の放射線遮蔽粒子と、バインダーを含む複合体を備える放射線遮蔽材において、記繊維状ナノカーボン材料及び前記第1の放射線遮蔽粒子が前記バインダーに分散されてなる。【発明の効果】本発明に係る放射線遮蔽材は、従来よりも軽量で設置の制約が小さく、高エネルギー領域の放射線に対しても優れた遮蔽率を有する。,https://jopss.jaea.go.jp/search/servlet/search?P50860,2019-535716,WO-2019/031578,7204133,2018/08/09,2019/02/14,2023/01/05,G21F 1/02(2006.01),https://jopss.jaea.go.jp/pdfdata/P1/P50860A.pdf | https://jopss.jaea.go.jp/pdfdata/P1/P50860A.pdf | https://jopss.jaea.go.jp/pdfdata/P2/P50860B.pdf,0,
P50582,RADIATION-SHIELDING MATERIAL,神谷 潤一郎; 小泉 欧児* ; 那須 昌吾*,"Provided is a radiation-shielding material which is lighter in weight than the conventional ones, has few restrictions on installation and has an excellent shielding factor for radiation in a high energy region. The radiation-shielding material according to the present invention comprises a composite including a fibrous nanocarbon material, first radiation-shielding particles, and a binder, wherein the fibrous nanocarbon material and the first radiation-shielding particles are dispersed in the binder.",https://jopss.jaea.go.jp/search/servlet/search?P50582,18843387.4,3667679,602018079399.2,2018/08/09,2019/02/14,2025/02/19,G21F 1/02 (2006.01):G21F 1/10 (2006.01):G21F 7/00 (2006.01):G21F 1/04 (2006.01):G21F 1/08 (2006.01),https://jopss.jaea.go.jp/pdfdata/P1/P50582A.pdf,0,
P14109,希土類元素及び/又はアクチノイドの吸着材、それを用いた希土類元素及び/又はアクチノイドの回収方法並びにそれを用いたスカンジウム又はアクチノイドの分離方法,松村 達郎 ; 鈴木 英哉 ; 渡部 創 ; 竹内 正行 ; 小藤 博英; 国井 茂* ; 吉田 貴昌*,【課題】希土類元素及び/又はアクチノイドを効率よく吸着する吸着材、希土類元素及び/又はアクチノイドの回収方法及びスカンジウム又はアクチノイドの分離方法を提供する。 【解決手段】式(A)で表される希土類元素及び/又はアクチノイドの吸着材、それを用いた希土類元素及び/又はアクチノイドの回収方法及びそれを用いたスカンジウム又はアクチノイドの分離方法。,https://jopss.jaea.go.jp/search/servlet/search?P14109,2017-141453,2019-019400,7066091,2017/07/21,2019/02/07,2022/05/02,C22B 59/00 (2006.01):C22B 60/02 (2006.01):C22B 3/24 (2006.01):B01J 20/22 (2006.01):B01J 20/34 (2006.01):B01D 15/00 (2006.01),https://jopss.jaea.go.jp/pdfdata/P1/P14109A.pdf | https://jopss.jaea.go.jp/pdfdata/P1/P14109A.pdf | https://jopss.jaea.go.jp/pdfdata/P2/P14109B.pdf,0,
P14112,触媒充填方法,野口 弘喜 ; 竹上 弘彰 ; 久保 真治; 今 肇* ; 直井 登貴夫*,【課題】例えば、水素製造システムにおいて使用される硫酸分解反応器への触媒充填に際して、触媒が破損せず、触媒充填後にも触媒の残渣が反応器内に残る恐れのない、新たな触媒充填方法を提供すること。 【解決手段】外管と内管から形成される流路と、前記流路内に充填された触媒を有し、前記流路を介して、前記流路の一端から他端に向けてプロセスガス又は液体は通過させることで、前記プロセスガス又は液体を処理する反応器に、前記触媒を充填する方法であって、前記触媒を不活性ガス流に載せて、前記反応器外部から前記内管を介して前記流路内に充填する。,https://jopss.jaea.go.jp/search/servlet/search?P14112,2017-083523,2018-176125,6993664,2017/04/20,2018/11/15,2021/12/14,B01J 8/02 (2006.01):B01J 8/06 (2006.01):B01J 4/00 (2006.01),https://jopss.jaea.go.jp/pdfdata/P1/P14112A.pdf | https://jopss.jaea.go.jp/pdfdata/P1/P14112A.pdf | https://jopss.jaea.go.jp/pdfdata/P2/P14112B.pdf,0,
P14085,切断装置及び切断方法,中村 保之 ; 岩井 紘基 ; 佐野 一哉; not registered,【課題】本願は、ビームダンパを用いることなく切断対象物をレーザ光で切断可能な切断装置および切断方法を提供する。 【解決手段】中空の切断対象物をレーザ光で切断する切断装置であって、レーザ光を出射するレーザ切断ヘッドと、レーザ切断ヘッドを切断対象物の外側で周回させるハンドリング装置と、を備え、ハンドリング装置は、切断対象物の外側を周回するレーザ切断ヘッドが形成する仮想の軌道面に対し、レーザ光の光軸を傾けた状態でレーザ切断ヘッドを周回させる。,https://jopss.jaea.go.jp/search/servlet/search?P14085,2017-078928,2018-176218,6927470,2017/04/12,2018/11/15,2021/08/10,B23K 26/38 (2014.01):B23K 26/04 (2014.01):B23K 26/08 (2014.01):B23K 101/06(2006.01),https://jopss.jaea.go.jp/pdfdata/P1/P14085A.pdf | https://jopss.jaea.go.jp/pdfdata/P1/P14085A.pdf | https://jopss.jaea.go.jp/pdfdata/P2/P14085B.pdf,0,
P14113,ISプロセスを用いた水素製造システム及びヨウ素回収方法,野口 弘喜 ; 笠原 清司 ; 久保 真治; 今 肇* ; 直井 登貴夫*,【課題】ISプロセスを用いて水素を製造するシステムのHI分解反応工程において、処理中に各機器や配管内でヨウ素が析出し沈着することを防止できる水素製造システムを提供すること。 【解決手段】 ブンゼン反応後に得られるヨウ化水素(HI)を気化させた後、再生熱交換器を通してヨウ化水素(HI)分解器に送り込み、水素(H2)やヨウ素(I2)などから成る混合ガスに熱分解した後、再度前記再生熱交換器を介してHI-I2回収分離器に送り、最終的に水素を分離回収するISプロセスを用いた水素製造システムにおいて、前記再生熱交換器の前段に予備加熱器を設け、前記再生熱交換器内部で前記混合ガスがヨウ素析出温度より低温にならないよう、これと熱交換する低温側プロセス流体の温度を能動的に制御している。,https://jopss.jaea.go.jp/search/servlet/search?P14113,2017-083524,2018-177614,6871571,2017/04/20,2018/11/15,2021/04/20,C01B 3/02 (2006.01):C01B 7/14 (2006.01):C01B 3/56 (2006.01),https://jopss.jaea.go.jp/pdfdata/P1/P14113A.pdf | https://jopss.jaea.go.jp/pdfdata/P1/P14113A.pdf | https://jopss.jaea.go.jp/pdfdata/P2/P14113B.pdf,0,
P14106,希土類イオンの高精密相互分離法,小林 徹 ; 矢板 毅 ; 塩飽 秀啓 ; 鈴木 伸一; 成田 弘一*,【課題】原子番号が近接した希土類イオンの相互分離に関し、従来法である沈殿分離法や溶媒抽出法と比較して、著しく分離性能を向上させることができる新規な希土類イオン分離試薬及びこれを用いる希土類イオンの分離回収方法の提供。 【解決手段】2種類以上の希土類イオンが溶解した溶液に、アミド基と複素環窒素の両者を有する多座配位子化合物を加えることで、特定のイオンサイズを境にそれより原子番号の小さい元素と大きい元素とで異なる2種の希土類錯体を形成させ、そこに酸素原子又は窒素原子を配位原子とする単座配位子化合物を加えることで2種の希土類錯体のうち一方のみ分離回収する。,https://jopss.jaea.go.jp/search/servlet/search?P14106,2017-066813,2018-168424,6829805,2017/03/30,2018/11/01,2021/01/27,C22B 59/00 (2006.01):C22B 3/24 (2006.01):C22B 3/44 (2006.01):B01D 11/04 (2006.01):C02F 1/62 (2006.01):C07F 5/00 (2006.01),https://jopss.jaea.go.jp/pdfdata/P1/P14106A.pdf | https://jopss.jaea.go.jp/pdfdata/P1/P14106A.pdf | https://jopss.jaea.go.jp/pdfdata/P2/P14106B.pdf,0,
P14099,同位体分析装置及び同位体分析方法,桑原 彬 ; 南川 卓也 ; 藤平 俊夫; 松井 信*,【課題】低濃度試料による分析でも高い精度で同位体の分析を行うことが可能な同位体分析装置を提供する。 【解決手段】本発明に係る同位体分析装置1は、入射側高反射ミラー151と、前記入射側高反射ミラー151とで対を成し、光キャビティー155を形成する出射側高反射ミラー152と、前記入射側高反射ミラー151にレーザー光を入射するレーザー光入射部(光学系45)と、前記出射側ポート140から出射する光を受光する光検出部(光電子増倍管50)と、前記光検出部(光電子増倍管50)の出力をスペクトル信号に変換するスペクトル信号変換部(オシロスコープ70、コンピューター80)と、からなり、前記光キャビティー155内でドップラーフリースペクトルを発現させると共に、前記スペクトル信号変換部(オシロスコープ70、コンピューター80)で得られる、特定元素の各同位体のドップラーフリースペクトル信号強度の比に基づいて同位体の分析を行うことを特徴とする。,https://jopss.jaea.go.jp/search/servlet/search?P14099,2017-064440,2018-169179,6918307,2017/03/29,2018/11/01,2021/07/27,G01N 21/39 (2006.01):G01N 21/62 (2006.01):H05H 1/00 (2006.01),https://jopss.jaea.go.jp/pdfdata/P1/P14099A.pdf | https://jopss.jaea.go.jp/pdfdata/P1/P14099A.pdf | https://jopss.jaea.go.jp/pdfdata/P2/P14099B.pdf,0,
P50300,"OPTICAL-DETECTION ELEMENT, SOLID-STATE IMAGING DEVICE, AND METHOD FOR DRIVING SOLID-STATE IMAGING DEVICE",武内 伴照 ; 土谷 邦彦; 渡辺 恭志* ; 田中 茂雄*,"An optical-detection element includes a p-type supporting-layer, an n-type buried charge-generation region to implement a photodiode with the supporting-layer, a p-type shield region buried in the buried charge-generation region, a gate insulating-film contacted with the shield region, a transparent electrode on the gate insulating-film, a p-type well region buried in the supporting-layer, and an n+-type charge-readout region buried in the supporting-layer at an edge of the well region toward the buried charge-generation region.",https://jopss.jaea.go.jp/search/servlet/search?P50300,15/941023,2018/0302581,10652488,2018/03/30,2018/10/18,2020/05/12,H04N 5/361(2011.01):H01L 27/146(2006.01):H04N 5/378(2011.01):H04N 5/376(2011.01):H04N 5/3745(2011.01),https://jopss.jaea.go.jp/pdfdata/P1/P50300A.pdf | https://jopss.jaea.go.jp/pdfdata/P1/P50300A.pdf | https://jopss.jaea.go.jp/pdfdata/P2/P50300B.pdf,0,
P50280,イオンビーム機能性透過膜、イオンビーム機能性透過膜を用いたビームライン機器、イオンビーム機能性透過膜を用いたフィルター機器、フィルター機器の調整方法,藤田 奈津子; 松原 章浩*,【要約】イオンビームの透過率を高めることが可能となり、エミッタンスの改善を図ることができるイオンビーム機能性透過膜を提供するために、本発明に係るイオンビーム機能性透過膜は、一方向に進行するイオンビームが通過するビームライン機器に用いられ、チャネルを有するイオンビーム機能性透過膜であって、チャネル軸が、前記イオンビームの進行方向と実質的に平行であることを特徴とする。,https://jopss.jaea.go.jp/search/servlet/search?P50280,2019-507550,WO-2018/173812,6569048,2018/03/09,2018/09/27,2019/08/16,G21K 1/14 (2006.01):G21K 1/00 (2006.01):G01T 1/185(2006.01):H05H 5/06 (2006.01):H01J 37/30 (2006.01):H01J 37/04 (2006.01),https://jopss.jaea.go.jp/pdfdata/P1/P50280A.pdf | https://jopss.jaea.go.jp/pdfdata/P1/P50280A.pdf | https://jopss.jaea.go.jp/pdfdata/P2/P50280B.pdf,0,
P50201,"FUNCTIONAL MEMBRANE FOR ION BEAM TRANSMISSION, BEAM LINE DEVICE USING FUNCTIONAL MEMBRANE FOR ION BEAM TRANSMISSION, FILTER DEVICE USING FUNCTIONAL MEMBRANE FOR ION BEAM TRANSMISSION, AND METHOD FOR ADJUSTING FILTER DEVICE",藤田 奈津子; 松原 章浩*,To provide a functional membrane for ion beam transmission capable of enhancing ion beam transmittance and improving beam emittance. A functional membrane for ion beam transmission according to the present invention is used in a beam line device through which an ion beam traveling in one direction passes and has a channel. The axis of the channel is substantially parallel to the travel direction of the ion beam.,https://jopss.jaea.go.jp/search/servlet/search?P50201,16/496136,2020/0029417,11051390,2018/03/09,2018/09/27,2021/06/29,H01J 37/09 (2006.01):H05H 5/06(2006.01):H05H 5/02(2006.01):H01J 37/08 (2006.01),https://jopss.jaea.go.jp/pdfdata/P1/P50201A.pdf | https://jopss.jaea.go.jp/pdfdata/P1/P50201A.pdf | https://jopss.jaea.go.jp/pdfdata/P2/P50201B.pdf,0,
P50202,"FUNCTIONAL MEMBRANE FOR ION BEAM TRANSMISSION, BEAM LINE DEVICE USING FUNCTIONAL MEMBRANE FOR ION BEAM TRANSMISSION, FILTER DEVICE USING FUNCTIONAL MEMBRANE FOR ION BEAM TRANSMISSION, AND METHOD FOR ADJUSTING FILTER DEVICE",藤田 奈津子; 松原 章浩*,To provide a functional membrane for ion beam transmission capable of enhancing ion beam transmittance and improving beam emittance. A functional membrane for ion beam transmission according to the present invention is used in a beam line device through which an ion beam traveling in one direction passes and has a channel. The axis of the channel is substantially parallel to the travel direction of the ion beam.,https://jopss.jaea.go.jp/search/servlet/search?P50202,18771662.6,3605555,,2018/03/09,2018/09/27,,G21K 1/14 (2006.01):G01T 1/185(2006.01):G21K 1/00 (2006.01):H01J 37/18 (2006.01):H05H 5/06 (2006.01),https://jopss.jaea.go.jp/pdfdata/P1/P50202A.pdf,0,
P14097,遠隔加工装置及び遠隔加工方法,岩井 紘基 ; 中村 保之 ; 佐野 一哉; 石飛 龍彦* ; 松尾 公彦*,【課題】本願は、棒状体が密集する狭小な箇所に挿入して特定の棒状体に機械加工を施しても、棒状体から受ける反力に耐えられる遠隔加工装置及び遠隔加工方法を提供する。 【解決手段】棒状体が集合する集合体の特定の棒状体に機械加工を施す遠隔加工装置であって、棒状体に加工を施す加工ツールと、加工ツールをスイングさせる第1のスイング機構を介して加工ツールが先端側に設けられたアームであり、先端側とその反対側とを相対的に捻転させる捻転機構を有する第1のアームと、第1のアームをスイングさせる第2のスイング機構を介して第1のアームが先端側に設けられた第2のアームと、加工ツールから出し入れ可能な可動式の突出部材を加工ツールから突き出し、加工ツールが機械加工を施す特定の棒状体の付近にある他の棒状体に接触させ、特定の棒状体から反力を受ける加工ツールを支持する反力受け部と、を備える。,https://jopss.jaea.go.jp/search/servlet/search?P14097,2017-043918,2018-144194,6959565,2017/03/08,2018/09/20,2021/10/12,B23D 21/04 (2006.01):G21C 19/02 (2006.01),https://jopss.jaea.go.jp/pdfdata/P1/P14097A.pdf | https://jopss.jaea.go.jp/pdfdata/P1/P14097A.pdf | https://jopss.jaea.go.jp/pdfdata/P2/P14097B.pdf,0,
P14094,金属元素の選択的分離方法、及び分離装置,大野 真平 ; 渡部 創 ; 佐野 雄一 ; 小藤 博英 ; 竹内 正行; 新井 剛* ; 松浦 治明* ; 中谷 清治*,【課題】様々な金属元素を含む酸性溶液から抽出剤を含浸させてなる含浸吸着材を用いて特定の金属元素を効率的に分離する方法を提供することを課題とする。 【解決手段】表面をポリマーで被覆された粒子に2種以上の抽出剤を含浸させてなる含浸吸着材を準備する含浸吸着材の準備工程、特定の金属元素を含む酸性溶液を前記含浸吸着材に接触させ、前記金属元素を前記含浸吸着材に吸着させる吸着工程、を含む、酸性溶液中から特定の金属元素を選択的に分離する方法。,https://jopss.jaea.go.jp/search/servlet/search?P14094,2017-016011,2018-123373,6882654,2017/01/31,2018/08/09,2021/05/11,C22B 3/24 (2006.01):C22B 11/00 (2006.01):C22B 60/02 (2006.01):C22B 59/00 (2006.01),https://jopss.jaea.go.jp/pdfdata/P1/P14094A.pdf | https://jopss.jaea.go.jp/pdfdata/P1/P14094A.pdf | https://jopss.jaea.go.jp/pdfdata/P2/P14094B.pdf,0,
P50520,エマルション流の発生消滅装置及びそれを用いた特定物質の製造方法,長縄 弘親 ; 永野 哲志 ; 柳瀬 信之; not registered,【課題】エマルションフロー法の持つ従来の課題を解決し、ポンプなどによる送液のみでエマルション流の発生と消滅を制御できる簡潔な構造の装置、及びその装置を用いた特定物質の製造方法を提供すること。 【解決手段】液相を微細液滴化するためのノズルヘッドと、ノズルヘッドによってエマルション流を発生させる混合部、混合部の側方に配置された重液相分離部、混合部と重液相分離部の両方にまたがって、それらの上方に配置された軽液相分離部、あるいは、前記混合部の側方で、かつ前記重液相分離部の上方に配置された軽液相分離部を備え、エマルション流が混合部から軽液相分離部を介して重液相分離部に向けて移動し、初めて重液相分離部内の重液相と接触する際に、エマルション流が消滅させられる構造を有する。,https://jopss.jaea.go.jp/search/servlet/search?P50520,2018-068878,2018-099691,6483886,2018/03/30,2018/06/28,2019/02/22,B01D 11/04 (2006.01):B01F 3/08 (2006.01):B01J 13/00 (2006.01):B01F 5/02 (2006.01),https://jopss.jaea.go.jp/pdfdata/P1/P50520A.pdf | https://jopss.jaea.go.jp/pdfdata/P1/P50520A.pdf | https://jopss.jaea.go.jp/pdfdata/P2/P50520B.pdf,0,
P14089,擬ベーマイト系アルミナのモリブデン吸着剤及びそれを用いた99MO/99MTCジェネレータ,藤田 善貴 ; 土谷 邦彦; 松倉 実* ; 北河 友也*,"【課題】現在99Mo/99mTcジェネレータに使用されている、χとγの混相を持つ現在使用されている医療用アルミナよりもMo吸着量が高く、一度吸着したMoを回収可能な擬ベーマイト系アルミナのモリブデン吸着剤及びそれを用いた99Mo/99mTcジェネレータを提供すること。 【解決手段】モリブデン吸着剤は、モリブデン(Mo)の比表面積換算吸着量が、0.273 mg/m2から0.368 mg/m2の範囲にあることを特徴とする擬ベーマイト系アルミナから成り、この吸着剤は、吸着したモリブデンを簡単な方法で回収できることから、天然同位体もしくは98Mo濃縮Moから(n,γ)法を利用して99mTcを得る99Mo/99mTcジェネレータとして特に有効である。",https://jopss.jaea.go.jp/search/servlet/search?P14089,2016-172617,2018-038936,6890311,2016/09/05,2018/03/15,2021/05/27,B01J 20/08 (2006.01):C01F 7/02 (2006.01):B01D 59/26 (2006.01):B01J 20/28 (2006.01),https://jopss.jaea.go.jp/pdfdata/P1/P14089A.pdf | https://jopss.jaea.go.jp/pdfdata/P1/P14089A.pdf | https://jopss.jaea.go.jp/pdfdata/P2/P14089B.pdf,0,
P14088,バイヤライト系アルミナのモリブデン吸着剤及びそれを用いた99MO/99MTCジェネレータ,藤田 善貴 ; 土谷 邦彦; 松倉 実* ; 北河 友也*,"【課題】現在99Mo/99mTcジェネレータに使用されている、χとγの混相を持つ現在使用されている医療用アルミナよりもMo吸着量が高く、一度吸着したMoを回収可能なバイヤライト系アルミナのモリブデン吸着剤及びそれを用いた99Mo/99mTcジェネレータを提供すること。 【解決手段】モリブデン吸着剤は、モリブデン(Mo)の比表面積換算吸着量が、0.194 mg/m2から0.290 mg/m2の範囲にあることを特徴とするバイヤライト系アルミナから成り、この吸着剤は、吸着したモリブデンを簡単な方法で回収できることから、天然同位体もしくは98Mo濃縮Moから(n,γ)法を利用して99mTcを得る99Mo/99mTcジェネレータとして特に有効である。",https://jopss.jaea.go.jp/search/servlet/search?P14088,2016-172616,2018-038935,6819954,2016/09/05,2018/03/15,2021/01/06,B01J 20/08 (2006.01):C01F 7/02 (2006.01):B01J 20/28 (2006.01):B01D 59/26 (2006.01):G21G 4/08 (2006.01),https://jopss.jaea.go.jp/pdfdata/P1/P14088A.pdf | https://jopss.jaea.go.jp/pdfdata/P1/P14088A.pdf | https://jopss.jaea.go.jp/pdfdata/P2/P14088B.pdf,0,
P14087,ギブサイト系アルミナのモリブデン吸着剤及びそれを用いた99MO/99MTCジェネレータ,藤田 善貴 ; 土谷 邦彦; 松倉 実* ; 北河 友也*,"【課題】現在99Mo/99mTcジェネレータに使用されている、χとγの混相を持つ現在使用されている医療用アルミナよりもMo吸着量が高く、一度吸着したMoを回収可能なギブサイト系アルミナのモリブデン吸着剤及びそれを用いた99Mo/99mTcジェネレータを提供すること。 【解決手段】モリブデン吸着剤は、モリブデン(Mo)の比表面積換算吸着量が、0.275 mg/m2から0.450 mg/m2の範囲にあることを特徴とするギブサイト系アルミナから成り、この吸着剤は、吸着したモリブデンを簡単な方法で回収できることから、天然同位体もしくは98Mo濃縮Moから(n,γ)法を利用して99mTcを得る99Mo/99mTcジェネレータとして特に有効である。",https://jopss.jaea.go.jp/search/servlet/search?P14087,2016-172615,2018-038934,6818342,2016/09/05,2018/03/15,2021/01/05,B01J 20/08 (2006.01):C01F 7/02 (2006.01):B01J 20/28 (2006.01):B01D 59/26 (2006.01):G21G 4/08 (2006.01),https://jopss.jaea.go.jp/pdfdata/P1/P14087A.pdf | https://jopss.jaea.go.jp/pdfdata/P1/P14087A.pdf | https://jopss.jaea.go.jp/pdfdata/P2/P14087B.pdf,0,
P14086,ヨウ化水素分解触媒及び水素製造方法,野口 弘喜; 石原 達己*,【課題】平衡に近い転化率でHI分解を行うことができると共に、失活しにくく、長期的な連続反応を促すことが可能なヨウ化水素分解触媒を提供する。 【解決手段】本発明に係るヨウ化水素分解触媒は、ヨウ化水素をヨウ素と水素に分解する反応を促進するヨウ化水素分解触媒であって、酸化セリウム単体又は金属または金属カチオンMが添加された酸化セリウムと、白金とを担持した多孔質物質と、からなることを特徴とする。,https://jopss.jaea.go.jp/search/servlet/search?P14086,2016-170771,2018-034125,6780847,2016/09/01,2018/03/08,2020/10/19,B01J 23/63 (2006.01):B01J 23/89 (2006.01):B01J 23/656(2006.01):B01J 35/02 (2006.01):C01B 3/02 (2006.01):C01B 7/14 (2006.01):C01B 7/13 (2006.01),https://jopss.jaea.go.jp/pdfdata/P1/P14086A.pdf | https://jopss.jaea.go.jp/pdfdata/P1/P14086A.pdf | https://jopss.jaea.go.jp/pdfdata/P2/P14086B.pdf,0,
P14080,新規化合物及びその合成方法並びに元素分離回収剤,南川 卓也; Rosseinsky Matthew* ; Stewart Dave* ; Katsoulidis Alex*,"【課題】特定の元素を取り込むための細孔の大きさを精度よく制御でき、なおかつ必要に応じて細孔に取り込んだ特定の元素を放出可能な新規化合物を提供すること。 【解決手段】 以下の分子式で表される新規化合物。 (NH4)[Ln(C2O4)2(H2O)] ここで、Ln = Y, Sm, Eu, Tb, Dy, Ho, Er, Tm, Yb, Lu 微細なイオン半径変化を示すランタノイドイオンを配位高分子の構成要素として利用することで、配位高分子の細孔の大きさを微調整することができる。",https://jopss.jaea.go.jp/search/servlet/search?P14080,2016-161059,2018-027919,6866994,2016/08/19,2018/02/22,2021/04/12,B01J 20/26 (2006.01):C07C 55/07 (2006.01):G21F 9/12 (2006.01):C02F 1/28 (2006.01):B01J 20/30 (2006.01):C07C 51/41 (2006.01):C07F 5/00 (2006.01),https://jopss.jaea.go.jp/pdfdata/P1/P14080A.pdf | https://jopss.jaea.go.jp/pdfdata/P1/P14080A.pdf | https://jopss.jaea.go.jp/pdfdata/P2/P14080B.pdf,0,
P14081,レーザー加工装置及びレーザー加工方法,大道 博行 ; 山田 知典 ; 羽成 敏秀; 黒澤 孝一* ; 大森 信哉* ; 石塚 一平* ; 酒井 英明* ; 中田 正宏* ; 佐々木 豪* ; 武部 俊彦*,【課題】レーザー光照射による溶融物の排除効率を向上し得ると共に、当該溶融物を適切に回収し得るレーザー加工装置及びレーザー加工方法を提供する。 【解決手段】レーザー加工装置1は、少なくとも、レーザー光3を被加工物2の加工対象箇所に照射しレーザー光照射部2aを溶融するレーザーヘッド3a、及びレーザー光照射部2aと所定の距離離間する位置に液体を噴射し流動性の液膜6を被加工物2の表面に形成する液体供給ノズル4aを備え、レーザー光照射部2aの溶融部物2cを液体供給ノズル4aから噴射される液体4により除去する。,https://jopss.jaea.go.jp/search/servlet/search?P14081,2016-136594,2018-008277,6835303,2016/07/11,2018/01/18,2021/02/08,B23K 26/146(2014.01):B23K 26/142(2014.01):B23P 17/00 (2006.01):B23P 23/00 (2006.01),https://jopss.jaea.go.jp/pdfdata/P1/P14081A.pdf | https://jopss.jaea.go.jp/pdfdata/P1/P14081A.pdf | https://jopss.jaea.go.jp/pdfdata/P2/P14081B.pdf,0,
P14072,レーザ切断装置及びレーザ切断能力向上方法,中村 保之 ; 岩井 紘基 ; 佐野 一哉; not registered,【課題】比較的低出力のレーザ切断機を用いて広範囲の切断対象物を切断可能なレーザ切断装置及びレーザ切断能力向上方法を提供する。 【解決手段】制御装置8は、マニピュレータ6及び開閉弁10Aの駆動制御モードとして、厚板の切断に適した厚板切断モードを記憶している。厚板切断モードの実行時には、まず開閉弁10Aを閉制御した状態でレーザ光Lを切断対象物Sに照射する加熱走行を行って、切断対象物Sに融点以下の所定の温度まで予備加熱された予備加熱バンドBを形成する。次いで、開閉弁10Aを開制御した状態でレーザ光Lを加熱バンドBに照射する切断走行を行って、切断対象物Sを融点以上まで加熱する,https://jopss.jaea.go.jp/search/servlet/search?P14072,2016-041435,2017-154163,6754521,2016/03/03,2017/09/07,2020/08/26,B23K 26/38 (2014.01):B23K 26/08 (2014.01):B23K 26/60 (2014.01):B23K 26/142(2014.01),https://jopss.jaea.go.jp/pdfdata/P1/P14072A.pdf | https://jopss.jaea.go.jp/pdfdata/P1/P14072A.pdf | https://jopss.jaea.go.jp/pdfdata/P2/P14072B.pdf,0,
P14068,二重管構造部の切断装置及び切断方法,中村 保之 ; 岩井 紘基 ; 佐野 一哉; not registered,【課題】レーザ切断機を用いて二重管構造部の内管の内部から内管及び外管を同時に切断可能な二重管構造部の切断方法及び切断装置を提供する。 【解決手段】制御装置によって駆動が制御されるマニピュレータにレーザ切断ヘッドを取り付ける。レーザ切断ヘッドは、二重管構造部Sの内管I内に挿入する。制御装置は、レーザ切断ヘッドから出射されるレーザ光Lで内管I及び当該内管Iの外周に配置された外管Oを同時に切断でき、かつ内管Iの切断部に形成されるカーフK1の幅W1が、外管Oの切断部に形成されるカーフK2の幅W2よりも大きくなるように、マニピュレータ駆動を制御する。,https://jopss.jaea.go.jp/search/servlet/search?P14068,2016-034615,2017-148848,6802550,2016/02/25,2017/08/31,2020/12/01,B23K 26/38 (2014.01),https://jopss.jaea.go.jp/pdfdata/P1/P14068A.pdf | https://jopss.jaea.go.jp/pdfdata/P1/P14068A.pdf | https://jopss.jaea.go.jp/pdfdata/P2/P14068.pdf,0,
P14039,熱化学水素製造ヨウ素―硫黄(IS)プロセスの膜ブンゼン反応器に使用するカチオン交換膜の製造方法,八巻 徹也 ; 澤田 真一 ; 久保 真治 ; 田中 伸幸; 野村 幹弘*,【課題】熱化学水素製造ヨウ素-硫黄(IS)プロセスの膜ブンゼン反応器に使用するカチオン交換膜に関し、SO2透過抑制能とH+輸率に優れるものを提供する。 【解決手段】特定のスチレン誘導体や特定のスルホン酸基を形成するための化合物に、特定の多官能性化合物を組み合せて、高分子膜基材に対して放射線グラフト重合することにより、優れたカチオン交換膜を効率良く製造する。アノード及びカソード、ヨウ素と二酸化硫黄を含む反応液を前記アノードと接触させて収容するアノード室及びヨウ素と二酸化硫黄を含む反応液を前記カソードと接触させて収容するカソード室、並びに前記アノード室と前記カソード室を隔てるカチオン交換膜を備える、熱化学水素製造ヨウ素-硫黄(IS)プロセスの膜ブンゼン反応器であって、前記カチオン交換膜を用いたブンゼン反応器。,https://jopss.jaea.go.jp/search/servlet/search?P14039,2016-026841,2017-145297,6861329,2016/02/16,2017/08/24,2021/04/01,C08J 5/22 (2006.01):C08F 8/36 (2006.01):C25B 1/24 (2006.01):C25B 13/08 (2006.01):C25B 1/22 (2006.01),https://jopss.jaea.go.jp/pdfdata/P1/P14039A.pdf,0,
P14054,プラズマ連携切断方法及びその切断装置,手塚 将志 ; 佐野 一哉 ; 中村 保之 ; 岩井 紘基; not registered,【課題】プラズマアークとプラズマジェットとを連携させることにより、様々な材料や形態を有する被切断材に対して臨機応変に対応でき、効率的で確実な切断を行うことができるプラズマ連携切断方法及びその切断装置を提供する。 【解決手段】本発明のプラズマ連携切断方法は、被切断材に向けてプラズマジェット及びプラズマアークをそれぞれ噴射する工程を組み合わせて前記被切断材を切断する切断方法であって、プラズマジェットは非導電性被切断材の破砕若しくは切断を行うため、又は導電性被切断材の切断部分近傍に溝若しくは孔の形成を行うために使用され、プラズマアークは導電性被切断材の切断を行うために使用されることを特徴とする。本発明の切断方法を行う切断装置は、電源装置と、冷却水循環装置と、プラズマガスの流動調整用操作盤と、プラズマジェット用トーチと、プラズマアーク用トーチとを備える。,https://jopss.jaea.go.jp/search/servlet/search?P14054,2016-027472,2017-144459,6815017,2016/02/17,2017/08/24,2020/12/24,B23K 10/00 (2006.01):H05H 1/44 (2006.01):G21F 9/30 (2006.01),https://jopss.jaea.go.jp/pdfdata/P1/P14054A.pdf | https://jopss.jaea.go.jp/pdfdata/P1/P14054A.pdf | https://jopss.jaea.go.jp/pdfdata/P2/P14054B.pdf,0,
P14060,堆積物回収工法及び堆積物回収装置,中村 保之 ; 佐野 一哉 ; 岩井 紘基; 丸山 信一郎* ; 綿谷 聡*,【課題】切断ヘッドの交換を伴わずかつ構造物を損傷することなく、構造物内に堆積した硬質の堆積物のみを切断して回収する工法を提供する。 【解決手段】AWJ切断装置1を用いて構造物C中に堆積した堆積物Sの一部を切断する切断工程と、切断工程により堆積物Sから切り出された回収片Pを構造物C外に回収する回収工程とを繰り返す。切断工程は、堆積物に立てられた仮想の垂直線Z-Zに対して傾斜する第1の方向からジェット噴流を噴射し、堆積物Sの一部に第1の切れ込みN1を入れる第1の切断工程と、仮想の垂直線Z-Zを介して第1の方向とは反対側の第2の方向からジェット噴流を噴射し、先端が第1の切れ込みN1の先端に達する第2の切れ込みN2を入れる第2の切断工程とを行う。,https://jopss.jaea.go.jp/search/servlet/search?P14060,2016-013403,2017-133916,6682107,2016/01/27,2017/08/03,2020/03/27,G21F 9/30 (2006.01):B24C 1/00 (2006.01):B24C 5/02 (2006.01):B26F 3/00 (2006.01),https://jopss.jaea.go.jp/pdfdata/P1/P14060A.pdf | https://jopss.jaea.go.jp/pdfdata/P1/P14060A.pdf | https://jopss.jaea.go.jp/pdfdata/P2/P14060B.pdf,0,
P14032,金属元素の分離方法,下条 晃司郎 ; 長縄 弘親 ; 岡村 浩之; not registered,【課題】複数種類の金属元素を含む溶液から特定の金属元素を効率的に分離することができる金属元素の分離方法を提供することを目的とする。 【解決手段】下記一般式(1)(化学式のため省略)で表される化合物又はその塩の存在下で抽出を行うことにより、特定の金属元素を効率的に分離することができる。,https://jopss.jaea.go.jp/search/servlet/search?P14032,2015-229968,2017-095774,6693647,2015/11/25,2017/06/01,2020/04/20,C22B 3/26 (2006.01):C22B 11/00 (2006.01):C22B 13/00 (2006.01):C22B 15/00 (2006.01):C22B 17/00 (2006.01):C22B 23/00 (2006.01):C22B 34/12 (2006.01):C22B 34/14 (2006.01):C22B 34/22 (2006.01):9 others,https://jopss.jaea.go.jp/pdfdata/P1/P14032A.pdf | https://jopss.jaea.go.jp/pdfdata/P1/P14032A.pdf | https://jopss.jaea.go.jp/pdfdata/P2/P14032B.pdf,0,
P14031,ニトリロ酢酸ジアセトアミド化合物、抽出剤、及び抽出方法,下条 晃司郎 ; 長縄 弘親 ; 岡村 浩之; not registered,【課題】有用な新規化合物、特にレアメタルや貴金属等の有価金属や毒性の高い有害金属を抽出するための抽出剤として利用することができる化合物を提供することを目的とする。 【解決手段】下記一般式(1)(化学式のため省略)で表される化合物又はその塩が、レアメタルや貴金属等の有価金属や毒性の高い有害金属を抽出するための抽出剤として利用することができる。,https://jopss.jaea.go.jp/search/servlet/search?P14031,2015-229662,2017-095407,6614654,2015/11/25,2017/06/01,2019/11/15,C07C 237/06(2006.01):C22B 3/26 (2006.01):C22B 11/00 (2006.01):C22B 13/00 (2006.01):C22B 15/00 (2006.01):C22B 17/00 (2006.01):C22B 34/12 (2006.01):C22B 34/22 (2006.01):C22B 34/24 (2006.01):5 others,https://jopss.jaea.go.jp/pdfdata/P1/P14031A.pdf | https://jopss.jaea.go.jp/pdfdata/P1/P14031A.pdf | https://jopss.jaea.go.jp/pdfdata/P2/P14031B.pdf,0,
P14033,ニッケル元素の回収方法,下条 晃司郎 ; 長縄 弘親 ; 岡村 浩之; not registered,【課題】使用済み無電解ニッケルめっき液等のニッケル含有水溶液からニッケル元素を効率的に回収することができるニッケル元素の回収方法を提供することを目的とする。 【解決手段】下記一般式(1)(化学式のため省略)で表される化合物又はその塩の存在下で抽出を行うことにより、ニッケル元素を効率的に回収方法することができる。,https://jopss.jaea.go.jp/search/servlet/search?P14033,2015-229553,2017-095768,6693646,2015/11/25,2017/06/01,2020/04/20,C22B 23/00 (2006.01):C22B 3/26 (2006.01):C02F 1/26 (2006.01):B01D 11/04 (2006.01),https://jopss.jaea.go.jp/pdfdata/P1/P14033A.pdf | https://jopss.jaea.go.jp/pdfdata/P1/P14033A.pdf | https://jopss.jaea.go.jp/pdfdata/P2/P14033B.pdf,0,
P14055,アミド化リン酸エステル化合物、抽出剤、及び抽出方法,下条 晃司郎 ; 長縄 弘親 ; 岡村 浩之 ; 杉田 剛; not registered,【課題】有用な新規化合物、特にレアメタルや貴金属等の有価金属や毒性の高い有害金属を抽出するための抽出剤として利用することができる化合物を提供することを目的とする。 【解決手段】下記一般式(1)(化学式のため省略)で表される化合物又はその塩が、金属元素を抽出するための抽出剤として利用することができる。,https://jopss.jaea.go.jp/search/servlet/search?P14055,2015-229570,2017-095405,6573115,2015/11/25,2017/06/01,2019/08/23,C07F 9/40 (2006.01):C22B 3/38 (2006.01):C22B 11/00 (2006.01):C22B 13/00 (2006.01):C22B 15/00 (2006.01):C22B 17/00 (2006.01):C22B 23/00 (2006.01):C22B 26/12 (2006.01):C22B 26/10 (2006.01):8 others,https://jopss.jaea.go.jp/pdfdata/P1/P14055A.pdf | https://jopss.jaea.go.jp/pdfdata/P1/P14055A.pdf | https://jopss.jaea.go.jp/pdfdata/P2/P14055B.pdf,0,
P14061,アクチノイド及び/又はレアアースの抽出方法,松村 達郎 ; 鈴木 英哉; 国井 茂* ; 吉田 高昌*,【課題】原子力分野や鉱工業分野で利用できるアクチノイドやレアアースの効率的な抽出方法の提供。 【解決手段】式(A)(化学式のため省略)で表されるイミノ二酢酸ジアミド及び式(B)(化学式のため省略)で表されるジグリコールアミドの存在下、酸性水溶液と有機溶媒を接触させることにより、アクチノイド及び/又はレアアースを有機溶媒に溶解させて、効率良く抽出する方法。,https://jopss.jaea.go.jp/search/servlet/search?P14061,2015-226443,2017-094236,6635259,2015/11/19,2017/06/01,2019/12/27,B01D 11/04 (2006.01):C22B 60/02 (2006.01):C22B 59/00 (2006.01):C22B 3/40 (2006.01):G21C 19/46 (2006.01):G21F 9/06 (2006.01),https://jopss.jaea.go.jp/pdfdata/P1/P14061A.pdf | https://jopss.jaea.go.jp/pdfdata/P1/P14061A.pdf | https://jopss.jaea.go.jp/pdfdata/P2/P14061B.pdf,0,
P14049,水素水製造装置,中野 寛子 ; 武内 伴照 ; 土谷 邦彦; 津口 明* ; 中村 和*,【課題】水中の溶存水素濃度を精確かつ安定して制御することができる水素水製造装置を提供すること 【解決手段】カソード極(陰極)を有するカソード室とアノード極(陽極)を有するアノード室を有し、カソード室とアノード室が隔膜で仕切られている2室型電解セルを用いて水素を生成し、該水素を原料水に溶存させて水素水を製造する装置であって、アノード室に、有機酸もしくは1価カチオンイオン交換膜を透過しない2価以上の金属イオンが含まれた電解液を用い、電解時の電流密度を安定化させ、電解による水素生成量を一定にさせている。,https://jopss.jaea.go.jp/search/servlet/search?P14049,2015-215590,2017-087087,6587061,2015/11/02,2017/05/25,2019/09/20,C02F 1/461(2006.01):C25B 1/10 (2006.01):C25B 9/00 (2006.01):C25B 15/08 (2006.01),https://jopss.jaea.go.jp/pdfdata/P1/P14049A.pdf | https://jopss.jaea.go.jp/pdfdata/P1/P14049A.pdf | https://jopss.jaea.go.jp/pdfdata/P2/P14049B.pdf,0,
P14017,METHOD OF CONTROLLING AN EMULSION FLOW,長縄 弘親 ; 柳瀬 信之 ; 永野 哲志,not registered,https://jopss.jaea.go.jp/search/servlet/search?P14017,1501007759,162171,78916,2015/12/23,2017/05/04,2020/10/01,G01F 1/78:B01D 11/04:B01F 3/08:B01J 13/00,https://jopss.jaea.go.jp/pdfdata/P1/P14017A.pdf | https://jopss.jaea.go.jp/pdfdata/P1/P14017A.pdf | https://jopss.jaea.go.jp/pdfdata/P2/P14017B.pdf,0,
P14026,破損・溶融燃料含有物質中の核物質量の計測装置及び計測方法,堀 啓一郎 ; 井上 尚子 ; 中村 博文 ; 勝山 幸三 ; 石見 明洋; 深澤 哲生* ; 星野 国義* ; 佐藤 記徳* ; 矢澤 紀子* ; 中村 友隆*,【課題】燃料デブリを対象としたX線CT装置の利用により核物質量を計測することを可能とする破損・溶融燃料含有物質中の核物質量の計測装置及び計測方法を提供する。 【解決手段】燃料デブリを収納した燃料デブリ収納容器に対してX線を回転走査しながら照射して前記燃料デブリ収納容器を透過したX線を検知し、燃料デブリの密度の情報を得る第1の測定部と、燃料デブリ収納容器からの放射線を測定する第2の測定部と、第2の測定部で測定した放射線を第1の測定部で測定した燃料デブリの密度により補正し、補正後の放射線から燃料デブリの核物質量を定める処理部により構成されたことを特徴とする。,https://jopss.jaea.go.jp/search/servlet/search?P14026,2015-090369,2016-206099,6137635,2015/04/27,2016/12/08,2017/05/12,G01N 23/04 (2006.01):G01T 1/167(2006.01):G01N 23/10 (2006.01),https://jopss.jaea.go.jp/pdfdata/P1/P14026A.pdf | https://jopss.jaea.go.jp/pdfdata/P1/P14026A.pdf | https://jopss.jaea.go.jp/pdfdata/P2/P14026B.pdf,0,
P14010,スカンジウム及び/又はランタノイドの抽出方法,鈴木 英哉 ; 松村 達郎; 国井 茂* ; 吉田 貴昌*,【課題】鉱工業分野で利用できるスカンジウムやランタノイドの効率的な抽出方法を提供することを目的とする。 【解決手段】スカンジウム及び/又はランタノイドを含む酸性水溶液を、下記一般式(A)(化学式のため省略)で表されるニトリロ三酢酸トリアミドの存在下で有機溶媒に接触させることにより、スカンジウム及び/又はランタノイドを有機溶媒に溶解させて、効率良く抽出することができる。,https://jopss.jaea.go.jp/search/servlet/search?P14010,2015-066732,2016-186108,6554745,2015/03/27,2016/10/27,2019/07/19,C22B 3/26 (2006.01):C22B 59/00 (2006.01),https://jopss.jaea.go.jp/pdfdata/P1/P14010A.pdf | https://jopss.jaea.go.jp/pdfdata/P1/P14010A.pdf | https://jopss.jaea.go.jp/pdfdata/P2/P14010B.pdf,0,
P13987,放射線計測方法及び放射線計測装置,井崎 賢二 ; 森下 祐樹 ; 山崎 巧; 金子 純一* ; 樋口 幹雄* ; 坪田 陽一* ; 山本 誠一* ; 石橋 浩之*,【課題】環境中に管理対象放射性物質とそれ以外の放射性物質が混在する場合であっても、管理対象放射性物質に起因する放射能汚染を短時間に計測して評価する放射線計測方法を提供する。 【解決手段】測定試料に付着している放射性物質に感応して検出信号を発生する多数の検出ピクセルを平面状に並べて放射線検出面を構成した放射線検出器の多数の検出ピクセルから出力される検出信号を、放射線検出面を複数の領域に分割して各分割領域に該当する検出ピクセルから出力される検出信号を検出処理し、分割領域毎に検出される放射線検出結果を出力する信号処理装置を用いて測定試料中の放射性物質の放射線量を計測する。,https://jopss.jaea.go.jp/search/servlet/search?P13987,2015-028396,2016-151454,6524484,2015/02/17,2016/08/22,2019/05/17,G01T 1/169(2006.01):G01T 1/167(2006.01),https://jopss.jaea.go.jp/pdfdata/P1/P13987A.pdf | https://jopss.jaea.go.jp/pdfdata/P1/P13987A.pdf | https://jopss.jaea.go.jp/pdfdata/P2/P13987B.pdf,0,
P14005,エマルション流の制御方法,長縄 弘親 ; 柳瀬 信之 ; 永野 哲志; not registered,【課題】重力による相分離を待つことなく、迅速にエマルション流を消滅させる方法を提供することにある。 【解決手段】エマルション流の発生する混合部が水相分離部の側方に位置し、有機相分離部と混合部との間の開口部から流出したエマルション流が、水相分離部の水相と接触することなく、水相分離部と有機相分離部との間に設置された仕切り板の上を移動し、なおかつ、該仕切り板の端に位置する水相分離部と有機相分離部との間の開口部において初めて水相分離部の水相と接触する際に消滅するようにエマルション流の発生と消滅を制御する。,https://jopss.jaea.go.jp/search/servlet/search?P14005,2014-264792,2016-123907,6488512,2014/12/26,2016/07/11,2019/03/08,B01D 11/04 (2006.01):B01F 3/08 (2006.01):B01J 13/00 (2006.01),https://jopss.jaea.go.jp/pdfdata/P1/P14005A.pdf | https://jopss.jaea.go.jp/pdfdata/P1/P14005A.pdf | https://jopss.jaea.go.jp/pdfdata/P2/P14005B.pdf,0,
P14000,アクチノイド及び/又はランタノイドの抽出方法,鈴木 英哉 ; 松村 達郎 ; ト部 峻一 ; 黒澤 達也 ; 川崎 倫弘; 国井 茂* ; 吉田 貴昌* ; 成田 弘一* ; 田中 幹也*,【課題】原子力分野や鉱工業分野で利用できるアクチノイドやランタノイドの効率的な抽出方法を提供することを目的とする。 【解決手段】アクチノイド及び/又はランタノイドを含む酸性水溶液を、下記一般式(A)(化学式のため省略)で表されるイミノ二酢酸ジアミドの存在下で有機溶媒に接触させることにより、アクチノイド及び/又はランタノイドを有機溶媒に溶解させて、効率良く抽出することができる。,https://jopss.jaea.go.jp/search/servlet/search?P14000,2014-254092,2016-113674,6521286,2014/12/16,2016/06/23,2019/05/10,C22B 60/02 (2006.01):G21F 9/06 (2006.01):B01D 11/04 (2006.01):C22B 59/00 (2006.01):C22B 3/26 (2006.01),https://jopss.jaea.go.jp/pdfdata/P1/P14000A.pdf | https://jopss.jaea.go.jp/pdfdata/P1/P14000A.pdf | https://jopss.jaea.go.jp/pdfdata/P2/P14000B.pdf,0,
P13984,再結合装置,日野 竜太郎 ; 寺田 敦彦 ; 上地 優 ; 西畑 保雄; 毛利 智聡* ; 平田 慎吾* ; 五十嵐 実* ; 佐藤 学*,【課題】装置全体の小型化を図ることができる触媒式の再結合装置を提供する。 【解決手段】水素と酸素を含む処理対象ガスを導入して水素と酸素を再結合する触媒部3と、触媒部3により処理された後の処理対象ガスがその内部を流通する筒状部2とを備える。,https://jopss.jaea.go.jp/search/servlet/search?P13984,2014-205635,2016-075560,6531890,2014/10/06,2016/05/12,2019/05/31,G21F 9/02 (2006.01):G21C 9/04 (2006.01):G21D 3/08 (2006.01):B01J 35/02 (2006.01),https://jopss.jaea.go.jp/pdfdata/P1/P13984A.pdf | https://jopss.jaea.go.jp/pdfdata/P1/P13984A.pdf | https://jopss.jaea.go.jp/pdfdata/P2/P13984B.pdf,0,
P13969,チタン酸塩イオン交換体の製造方法,高畠 容子 ; 柴田 淳広 ; 駒 義和; 金子 正史* ; 久保 要* ; 橋本 淳*,【課題】イオン交換機能を長期間安定して発揮することのできるチタン酸塩イオン交換体及びその製造方法の提供。 【解決手段】多孔質シリカゲルを無機酸溶液中に所定時間浸漬し、浸漬後に多孔質シリカゲルを無機酸溶液から取り出して水洗と乾燥を行う多孔質シリカゲルの不純物除去工程と、不純物を除去した多孔質シリカゲルに脱水済み有機溶剤を添加し、不活性ガスをパージして、次に有機チタン溶液を多孔質シリカゲルに添加し、不活性ガスをパージして、前記脱水済み有機溶剤と有機チタン溶液の混合液の還流を行い、多孔質シリカゲルのチタン修飾を行うチタン酸塩の修飾工程と、チタン修飾済み多孔質シリカゲルにアルカリ溶液を添加してアルカリ処理を行うアルカリ処理工程を含む製造工程で、平均細孔径が15~50NMの範囲に規制された多孔質シリカゲルを骨格として、シラノール処理によりチタン酸塩を修飾したチタン酸塩イオン交換体。,https://jopss.jaea.go.jp/search/servlet/search?P13969,2014-170871,2016-043329,6531305,2014/08/25,2016/04/04,2019/05/31,B01J 39/10 (2006.01):G21F 9/12 (2006.01):B01J 20/30 (2006.01):B01J 20/06 (2006.01),https://jopss.jaea.go.jp/pdfdata/P1/P13969A.pdf | https://jopss.jaea.go.jp/pdfdata/P1/P13969A.pdf | https://jopss.jaea.go.jp/pdfdata/P2/P13969B.pdf,0,
P14093,光検出素子及び固体撮像装置,武内 伴照 ; 土谷 邦彦; 上柳 智裕* ; 渡辺 恭志*,"電圧感度が高く、且つ耐放射線特性を有する光検出素子及びこの光検出素子を画素とした固体撮像装置を提供する。P型の基体領域(11)と、基体領域(11)の上面に設けられたゲート絶縁膜(23)と、基体領域(11)の上部に埋め込まれたN型の電荷生成埋込領域(13)と、電荷生成埋込領域(13)の内径の基体領域(11)の上部に埋め込まれたN型の電荷読出領域(15i,j)と、電荷読出領域(15i,j)の内径側に埋め込まれたN型のリセットドレイン領域(16i,j)と、電荷生成埋込領域の上方となるゲート絶縁膜(23)上に設けられた透明電極(21i,j)と、電荷読出領域(15i,j)とリセットドレイン領域(16i,j)との間のゲート絶縁膜(23)上に設けられたリセットゲート電極(22i,j)とを備える。",https://jopss.jaea.go.jp/search/servlet/search?P14093,2016-535804,WO-2016-013227,6531255,2015/07/23,2016/01/28,2019/05/31,H01L 27/146(2006.01):H04N 5/361(2011.01):H04N 5/374(2011.01):H01L 31/02 (2006.01),https://jopss.jaea.go.jp/pdfdata/P1/P14093A.pdf | https://jopss.jaea.go.jp/pdfdata/P1/P14093A.pdf | https://jopss.jaea.go.jp/pdfdata/P2/P14093B.pdf,0,
P13933,水管ボイラ内の堆積物除去方法及び装置,川崎 一男 ; 石山 道 ; 西野 将平; 田村 欣也*,【課題】水管ボイラ内が複雑かつ狭隘であっても、安価で、かつ簡略な構造で、洗浄対象物である水管に付着した堆積物の剥離を効率よく実現できる水管ボイラ内の堆積物除去方法及び装置を提供する 【解決手段】水管ボイラ内に圧力を印加した洗浄体を噴射させ、水管部外表面を洗浄する水管ボイラ内の堆積物除去方法であって、ドライアイスと圧縮空気とを混合する洗浄機本体と、前記洗浄機本体で製造したドライアイスと圧縮空気との混合気体である洗浄体を延長管ならびに噴射ノズルによって水管部外表面に吹き付けるノズル部とで構成し、水管部外表面に付着した堆積物を剥離する。,https://jopss.jaea.go.jp/search/servlet/search?P13933,2014-104370,2015-218981,6304629,2014/05/20,2015/12/07,2018/03/16,F23J 3/00 (2006.01):F28G 9/00 (2006.01),https://jopss.jaea.go.jp/pdfdata/P1/P13933A.pdf | https://jopss.jaea.go.jp/pdfdata/P1/P13933A.pdf | https://jopss.jaea.go.jp/pdfdata/P2/P13933B.pdf,0,
P13953,レーザー遮光シート,鈴木 庸氏; not registered,"【課題】レーザーを有効に吸収・散乱して、その機能が長期間発揮できるレーザー遮光シートを提供する。 【解決手段】レーザーを吸収・散乱するフィルム状のレーザー吸収・散乱層2と、その両側に設けられてレーザー吸収・散乱層2を保護する耐熱性保護層3A,3Bを備え、レーザー吸収・散乱層2と耐熱性保護層3A,3Bを一体に接合して屈曲性を有し、両側の耐熱性保護層3A,3Bのうち少なくともレーザーが入射される側の耐熱性保護層3Aは光透過性を有している。",https://jopss.jaea.go.jp/search/servlet/search?P13953,2014-082078,2015-202600,6376647,2014/04/11,2015/11/16,2018/08/03,B32B 7/02 (2006.01):B23K 26/70 (2014.01),https://jopss.jaea.go.jp/pdfdata/P1/P13953A.pdf | https://jopss.jaea.go.jp/pdfdata/P1/P13953A.pdf | https://jopss.jaea.go.jp/pdfdata/P2/P13953B.pdf,0,
P13941,アメリシウム及びキュリウムの分離及び定量分析方法,原賀 智子 ; 佐藤 義行; 齋藤 伸吾*,【課題】安定な蛍光性アメリシウム錯体及び蛍光性キュリウム錯体を形成するアメリシウム及びキュリウム測定用蛍光プローブを提供する。 【解決手段】アメリシウム及びキュリウム測定用蛍光プローブが下記式(1)(化学式のため省略)で示される化合物がアルカリ性水溶液に溶解されて得られる。,https://jopss.jaea.go.jp/search/servlet/search?P13941,2014-063074,2015-184231,6332669,2014/03/26,2015/10/22,2018/05/11,G01N 31/00 (2006.01):G01N 31/22 (2006.01):G01N 27/447(2006.01):G01N 21/64 (2006.01),https://jopss.jaea.go.jp/pdfdata/P1/P13941A.pdf | https://jopss.jaea.go.jp/pdfdata/P1/P13941A.pdf | https://jopss.jaea.go.jp/pdfdata/P2/P13941B.pdf,0,
P13877,半透明ZNS/10Bコンバータ中性子シンチレータの製造方法,中村 龍也; 片桐 政樹* ; 筒井 紀彰*,【課題】高いガンマ線バックグラウンドの中で高計数率での中性子イメージング測定を可能とする中性子シンチレータ及びその製造方法を提供する。 【解決手段】10B同位体濃度が90%以上の10B濃縮ホウ酸(H310BO3)と、変性脂環式ポリアミン、変性脂肪族ポリアミン又は脂肪族ジアミンを主材とする硬化剤と、を混合して10B-アミン混合物を調製し、当該10B-アミン混合物に、水、エチルアルコール、メチルアルコール、水及びエチルアルコールの混合液又は水及びメチルアルコールの混合液を混合して10B含有透明接着性物質を調製し、当該10B含有透明接着性物質に、ZNS系蛍光体を混合して、ZNS系蛍光体-10B含有透明接着性物質を調製し、当該ZNS系蛍光体-10B含有透明接着性物質を基板上に塗布して乾燥させ固化させることを特徴とする、半透明ZNS/10Bコンバータ中性子シンチレータの製造方法。,https://jopss.jaea.go.jp/search/servlet/search?P13877,2014-054412,2015-175806,6343773,2014/03/18,2015/10/05,2018/06/01,G01T 3/06 (2006.01):C09K 11/00 (2006.01):C09K 11/08 (2006.01):G01T 1/20 (2006.01),https://jopss.jaea.go.jp/pdfdata/P1/P13877A.pdf | https://jopss.jaea.go.jp/pdfdata/P1/P13877A.pdf | https://jopss.jaea.go.jp/pdfdata/P2/P13877B.pdf,0,
P13878,中性子シンチレータ,中村 龍也; 片桐 政樹* ; 筒井 紀彰*,【解決課題】ガンマ線感度を低くして、パルス中性子に対する検出効率を向上し、高計数率で中性子イメージング測定を可能とする中性子シンチレータを提供する。 【解決手段】基板と、当該基板上のZNS系蛍光体、中性子コンバータ及び波長変換剤としての色素を分散させた接着性物質を含む中性子検出体と、を含む半透明ZNS系中性子シンチレータ。,https://jopss.jaea.go.jp/search/servlet/search?P13878,2014-054416,2015-175807,6343785,2014/03/18,2015/10/05,2018/06/01,G01T 3/06 (2006.01):C09K 11/00 (2006.01):C09K 11/56 (2006.01):C09K 11/61 (2006.01):C09K 11/06 (2006.01):G01T 1/20 (2006.01):G21K 4/00 (2006.01),https://jopss.jaea.go.jp/pdfdata/P1/P13878A.pdf | https://jopss.jaea.go.jp/pdfdata/P1/P13878A.pdf | https://jopss.jaea.go.jp/pdfdata/P2/P13878B.pdf,0,
P13931,管体掴持機構,佐野 一哉 ; 中村 保之 ; 岩井 紘基 ; 平田 智宏; 松田 進* ; 今井 富雄*,【課題】単純な機構で、二重管体構造を一度で引き上げることが可能となり、管体撤去工程などを簡略化することができる管体掴持機構を提供する。 【解決手段】本発明は、管体(P1、P2)を掴持する管体掴持機構10であって、第1の円周上に配された支点を中心として回動する複数の外管掴持爪130と、前記第1の円周の内周にある第2の円周上に配された支点を中心として回動する複数の内管掴持爪230と、前記外管掴持爪130と外側プロフィール部410で当接すると共に、前記内管掴持爪230と内側プロフィール部420で当接する環状カム部材400と、前記環状カム部材400を昇降する環状カム部材駆動用シリンダ450と、からなることを特徴とする。,https://jopss.jaea.go.jp/search/servlet/search?P13931,2014-035293,2015-160261,6315422,2014/02/26,2015/09/07,2018/04/06,B25J 15/08 (2006.01):G21F 9/30 (2006.01),https://jopss.jaea.go.jp/pdfdata/P1/P13931A.pdf | https://jopss.jaea.go.jp/pdfdata/P1/P13931A.pdf | https://jopss.jaea.go.jp/pdfdata/P2/P13931B.pdf,0,
P13946,ガス濃度測定方法およびその装置,平林 勝 ; 荒 邦章; not registered,【課題】瞬時に、気体の種類および濃度を特定することができるガス濃度測定方法を提供する。 【解決手段】超音波によって測定環境のガス濃度並びに温度の測定を行なうガス濃度測定方法であって、測定環境において発信させた超音波の、あらかじめ定められた第一の距離に対する伝播時間を測定することによって前記ガス濃度を特定するガス濃度測定手段と、測定環境において発信させた超音波の、あらかじめ定められた第二の距離に対する伝播時間を測定することによって前記温度を特定する温度測定手段とを有するガス濃度測定方法である。測定対象ガスは水素であり、ガス濃度測定のための超音波と温度測定のための超音波は、発信時に同期を取る/あるいは同一の超音波発信装置とする。,https://jopss.jaea.go.jp/search/servlet/search?P13946,2014-032672,2015-158403,6351060,2014/02/24,2015/09/03,2018/06/15,G01N 29/02 (2006.01):G01N 29/00 (2006.01),https://jopss.jaea.go.jp/pdfdata/P1/P13946A.pdf | https://jopss.jaea.go.jp/pdfdata/P1/P13946A.pdf | https://jopss.jaea.go.jp/pdfdata/P2/P13946B.pdf,0,
P13945,溶液処理装置,長縄 弘親; 齋木 幸則* ; 平林 洋一* ; 谷川 純一郎*,【課題】エマルションフローの高さを自動で制御することのできる溶液処理装置を提供する。 【解決手段】制御装置8は、第1電極51と、第2電極52と、第3電極53とのそれぞれの間に電流が流れるようになったら、第2ポンプ22の出力を下げ、第1電極51と、第2電極52との間に流れなくなったら、第2ポンプ22の出力を上げる。これにより、カラム部11内のエマルションフローのレベルが、第1電極51の下端51A及び第2電極52の下端52A(下限)と第3電極53の下端53A(上限)との間の範囲に維持される。,https://jopss.jaea.go.jp/search/servlet/search?P13945,2014-012259,2015-139718,5648943,2014/01/27,2015/08/03,2014/11/21,B01D 11/04 (2006.01):C22B 3/26 (2006.01):C22B 23/00 (2006.01),https://jopss.jaea.go.jp/pdfdata/P1/P13945A.pdf | https://jopss.jaea.go.jp/pdfdata/P1/P13945A.pdf | https://jopss.jaea.go.jp/pdfdata/P2/P13945B.pdf,0,
P13929,フェロシアン化物に吸着した放射性セシウムの安定化処理方法,佐藤 淳也 ; 目黒 義弘; not registered,【課題】フェロシアン化物を分解してシアンの溶出をなくし、かつ、遊離したCSをジオポリマー中で安定して固定化できる放射性セシウムの安定化処理方法を提供する。 【解決手段】セシウムを吸着したフェロシアン化物とジオポリマーを混合して成形し、この成形物を前記フェロシアン化物の分解温度以上で焼成することにより、フェロシアン化物を分解し、かつフェロシアン化物から遊離したセシウムを焼成物内で固定させることを特徴とする。,https://jopss.jaea.go.jp/search/servlet/search?P13929,2014-011466,2015-138000,6300197,2014/01/24,2015/07/30,2018/03/09,G21F 9/30 (2006.01):C04B 28/26 (2006.01):C04B 14/10 (2006.01):C04B 18/08 (2006.01):C04B 14/36 (2006.01):B01J 20/02 (2006.01):G21F 9/12 (2006.01),https://jopss.jaea.go.jp/pdfdata/P1/P13929A.pdf | https://jopss.jaea.go.jp/pdfdata/P1/P13929A.pdf | https://jopss.jaea.go.jp/pdfdata/P2/P13929B.pdf,0,
P13858,中性子検出器,中村 龍也; 片桐 政樹* ; 筒井 紀彰* ; 坂上 敦*,【課題】3HE位置敏感型中性子検出器と同等の中性子検出効率を有する外形が管状のシンチレータを用いた一次元中性子検出器を提供する。 【解決手段】内側円筒状中性子シンチレータの上側に、2本の波長シフトファイバを円筒に沿って等間隔で平行に巻いたコイル状波長シフトファイバを配置し、その2本の波長シフトファイバの両方の終端を内側円筒状中性子シンチレータの円筒状基板の内側内部に導き、一方に光ファイバを接続し、一方に光反射板を接着した構造のシンチレータ蛍光検出体を配置し、さらにその上側に外側円筒状中性子シンチレータを配置して中性子検出素子を構成する。この中性子検出素子を2個以上円筒管の内部に密に並べて配置し、円筒状内部を使って光ファイバを配線し光検出器に導き、中性子の一次元検出を行う管状の中性子検出器とする。,https://jopss.jaea.go.jp/search/servlet/search?P13858,2013-208708,2015-072227,6218224,2013/10/04,2015/04/16,2017/10/06,G01T 3/06 (2006.01):G01T 1/20 (2006.01),https://jopss.jaea.go.jp/pdfdata/P1/P13858A.pdf | https://jopss.jaea.go.jp/pdfdata/P1/P13858A.pdf | https://jopss.jaea.go.jp/pdfdata/P2/P13858B.pdf,0,
P13898,酸化物分散強化型焼き戻しマルテンサイト鋼の製造方法,丹野 敬嗣 ; 大塚 智史 ; 矢野 康英 ; 皆藤 威二 ; 田中 健哉; not registered,【課題】優れた耐食性、靭性および高温特性を有する酸化物分散強化型焼き戻しマルテンサイト鋼を提供する。 【解決手段】焼き戻しマルテンサイトと残留αフェライトの複相組織中の残留αフェライトの含有率が30体積%以下に規制されていることを特徴とする。,https://jopss.jaea.go.jp/search/servlet/search?P13898,2013-124747,2015-000992,6270197,2013/06/13,2015/01/05,2018/01/12,C22C 38/00 (2006.01):C22C 1/10 (2006.01):C22C 38/50 (2006.01):C22C 33/02 (2006.01):B22F 1/00 (2006.01):B22F 3/24 (2006.01):B22F 3/20 (2006.01):B22F 3/15 (2006.01),https://jopss.jaea.go.jp/pdfdata/P1/P13898A.pdf | https://jopss.jaea.go.jp/pdfdata/P1/P13898A.pdf | https://jopss.jaea.go.jp/pdfdata/P2/P13898B.pdf,0,
P13963,"ACIER MARTENSITIQUE TREMPE RENFORCE PAR DISPERSION D'OXYDES D'EXCELLENTE RESISTANCE A LA CORROSION, TENACITE ET PROPRIETE MECANIQUES A TEMPERATURE ELEVEE, ET PROCEDE DE PRODUCTION DE CELUI-CI",丹野 敬嗣 ; 大塚 智史 ; 矢野 康英 ; 皆藤 威二 ; 田中 健哉; not registered,"Acier martensitique trempe renforce par dispersion d'oxydes d'excellente resistance a la corrosion, tenacite et proprietes mecaniques a temperature elevee, et procede de production de celui-ci. Il est fourni un acier martensitique trempe (ODS) renforce par dispersion d'oxydes d'excellente resistance a la corrosion, tenacite et proprietes mecaniques a temperature elevee. L'acier ODS martensitique trempe contient une structure de double phase de martensite trempee et d'a-ferrite residuelle, dans laquelle la teneur en l'a-ferrite residuelle est controlee a au plus 30 % en volume. Il est egalement fourni un procede de production de l'acier martensitique trempe ODS.",https://jopss.jaea.go.jp/search/servlet/search?P13963,1455408,3007040,1455408,2014/06/13,2014/12/19,2022/11/25,C22C 38/44 (2013.01):C21D 1/22:C21D 8/00:C22C 38/50,https://jopss.jaea.go.jp/pdfdata/P1/P13963A.pdf | https://jopss.jaea.go.jp/pdfdata/P1/P13963A.pdf | https://jopss.jaea.go.jp/pdfdata/P2/P13963B.pdf,0,
P13855,水質測定システム及び差圧調整弁,岩月 輝希; 細谷 真一*,【課題】高圧地下水の水質測定において、急激な水圧変動によって計測機器が破損するのを防止する。 【解決手段耐圧性測定電極1をフローセル2に収容し、フローセルには、給水弁3を備えた給水管4と排水弁5を備えた排水管6を接続して高圧地下水を通水するように構成し、給水管における給水弁とフローセルの間と排水管におけるフローセルと排水弁の間には差圧調整弁7、8を介在させた構成とする。各差圧調整弁は、大きな差圧が生じた場合には遮水板7Gを中立状態に保持するばね7H、7Iに逆らって一時的に移動させて流路を閉じることにより、耐圧性測定電極にかかる圧力の急激な変化を防止する。遮水板には地下水のリーク用流路7G1を設けて少量の通水を行い、この通水によって遮水板における上流側と下流側の圧力差が所定の圧力に達すると該遮蔽板を保持するばねの力により該遮蔽板を中立状態に戻して流路を開放することにより高圧地下水が測定に好ましい流量で円滑に流れるようにする。,https://jopss.jaea.go.jp/search/servlet/search?P13855,2013-014126,2014-145648,6115936,2013/01/29,2014/08/14,2017/03/31,E21B 43/00 (2006.01):G01N 33/18 (2006.01),https://jopss.jaea.go.jp/pdfdata/P1/P13855A.pdf | https://jopss.jaea.go.jp/pdfdata/P1/P13855A.pdf | https://jopss.jaea.go.jp/pdfdata/P2/P13855B.pdf,0,
P13875,原子力施設近隣の放射性セシウム沈着量の測定方法,鳥居 建男 ; 眞田 幸尚; 斎藤 義彦*,【課題】事故後の原子力施設近隣における空間線量率の測定に影響を与える要因を考慮することで、測定の精度を上げ、地表の放射性セシウムの沈着量をより一層精確に測定することができる方法を提供すること。 【解決手段】無人ヘリコプターに搭載された放射線検出器で検出されるガンマ線計数率を、空間線量率の値に換算するための空間線量率換算計数を予め算出し、予め特定された一地点における複数の対地高度とガンマ線計数率との関係から、空気によるガンマ線計数率の減弱係数を予め算出し、無人ヘリコプターに搭載された放射線検出器およびGPSによって、原子力施設近隣を或る対地高度で飛行中の或る時点でのガンマ線計数率と、その時点での位置情報を求め、予め求められている減弱係数を用いてその位置における地表1Mの空間線量率を算出し、地表面における放射性セシウムの沈着量を算出する。,https://jopss.jaea.go.jp/search/servlet/search?P13875,2013-015194,2014-145700,6143219,2013/01/30,2014/08/14,2017/05/19,G01T 1/17 (2006.01):G01T 1/16 (2006.01):G01T 1/167(2006.01):G01T 1/169(2006.01),https://jopss.jaea.go.jp/pdfdata/P1/P13875A.pdf | https://jopss.jaea.go.jp/pdfdata/P1/P13875A.pdf | https://jopss.jaea.go.jp/pdfdata/P2/P13875B.pdf,0,
P13830,使用済核燃料の再処理システムおよび再処理方法,深谷 裕司 ; 高松 邦吉 ; 後藤 実; not registered,【課題】核拡散抵抗性を低下させることなく、核燃料のプルトニウム富化度を高めることが可能な使用済核燃料の再処理システムおよび再処理方法を提供することを課題とする。 【解決手段】原子炉から取り出した使用済核燃料の再処理システムであって、前記使用済核燃料を溶解した硝酸溶液からウランを分離し、硝酸プルトニウム溶液を得る分離手段と、前記分離手段からゾルゲル法による核燃料の製造手段へ送られる前記硝酸プルトニウム溶液に不活性母材を混合する混合手段と、を備える。,https://jopss.jaea.go.jp/search/servlet/search?P13830,2012-240391,2014-089155,6210477,2012/10/31,2014/05/15,2017/09/22,G21C 19/46 (2006.01):G21C 3/62 (2006.01),https://jopss.jaea.go.jp/pdfdata/P1/P13830A.pdf | https://jopss.jaea.go.jp/pdfdata/P1/P13830A.pdf | https://jopss.jaea.go.jp/pdfdata/P2/P13830B.pdf,0,
P13851,ビームプロファイルのモニタリング方法及びそのモニタ,荻原 徳男; not registered,【課題】加速器中又は核融合炉中のビームのプロファイル計測において、非破壊で、高速かつ簡便に計測ができるビームプロファイルのモニタリング方法及びそのモニタを提供する。 【解決する手段】本発明は、希薄気体からなるシート状のガスビームをターゲットにして加速器中又は核融合炉中のビームを衝突させることによって発生する発光又は電離イオンから前記ビームのプロファイルを計測する方法及びそのモニタであって、シート状のガスビームは、希薄気体を、寸法Bの隙間と希薄気体の流動方向の長さL1及びAを有する平板の少なくとも2枚とからなり、L1/Bが50以上で、A/Bが1を超えるスリットの前記隙間、又は長さXの長辺及び長さYの短辺からなる断面とL2の長さとを有し、L2/Yが50以上である楕円形キャピラリを通過させることによって、10MM以下のシート厚さで形成されることを特徴とする。,https://jopss.jaea.go.jp/search/servlet/search?P13851,2012-230665,2014-081320,6037379,2012/10/18,2014/05/08,2016/11/11,G01T 1/29 (2006.01),https://jopss.jaea.go.jp/pdfdata/P1/P13851A.pdf | https://jopss.jaea.go.jp/pdfdata/P1/P13851A.pdf | https://jopss.jaea.go.jp/pdfdata/P2/P13851B.pdf,0,
P13831,キャピラリー等速電気泳動法を用いる複数回大容量注入-濃縮-分離-分取精製法,原賀 智子; 齋藤 伸吾* ; 辻村 大翔*,【課題】超高純度のFTC-ABNOTA、FTC-PDA等の水溶性物質の精製法を提供する。 【解決手段】キャピラリー等速電気泳動法を用いる複数回大容量注入-濃縮-分離-分取精製法が、精製対象水溶性物質を含むトリス-塩酸緩衝液がインレット側に配置され、トリスーグリシン緩衝液がアウトレット側に配置されて、上記精製対象水溶性物質がインレット側からアウトレット側に移動させられる工程(A)、上記精製対象水溶性物質がアウトレット側からインレット側に移動させられる工程(B)、トリスーグリシン緩衝液がインレット側及びアウトレット側に配置されて、上記精製対象水溶性物質がインレット側からアウトレット側に移動させられる工程(C)を実施し、上記工程(A)、(B)がそれぞれ2回以上繰り返され、下記式(1)が満たされる。 |μGLY-|<|μL-|<|μCL-|…(1) ただし、|μGLY-|はグリシンイオンの移動度、|μL-|は上記精製対象水溶性物質イオンの移動度、|μCL-|は塩化物イオンの移動度を示す。,https://jopss.jaea.go.jp/search/servlet/search?P13831,2012-193742,2014-048252,6028997,2012/09/04,2014/03/17,2016/10/28,G01N 27/447(2006.01),https://jopss.jaea.go.jp/pdfdata/P1/P13831A.pdf | https://jopss.jaea.go.jp/pdfdata/P1/P13831A.pdf | https://jopss.jaea.go.jp/pdfdata/P2/P13831B.pdf,0,
P13813,シンチレータを用いた中性子検出器及び中性子イメージ検出器,中村 龍也 ; 海老根 守澄 ; 美留町 厚 ; 大図 章 ; 片桐 政樹; 寄林 豊* ; 筒井 紀彰*,【課題】3Heガスに代わる検出媒体を用いた高感度の中性子検出器を提供する。 【解決手段】代表例では、ZNS蛍光体と6LIあるいは10Bを含む中性子コンバータから構成される板状で両面から蛍光が放出可能とした構造の半透明型中性子シンチレータを、断面が円形あるいは正方形の内側に90%以上の反射率を持つ鏡面の反射板を配置した筒状の検出器筐体の内部に、平行にそろって入射する中性子に対して45度に傾けて配置し、中性子がこのシンチレータに入射した際放出される蛍光を両側に配置した2つの光電子増倍管で検出し、これら2つの光電子増倍管から出力される信号を信号処理し中性子信号として取り出すように構成している。,https://jopss.jaea.go.jp/search/servlet/search?P13813,2012-158333,2014-020860,6083637,2012/07/17,2014/02/03,2017/02/03,G01T 3/06 (2006.01):G01T 1/20 (2006.01),https://jopss.jaea.go.jp/pdfdata/P1/P13813A.pdf | https://jopss.jaea.go.jp/pdfdata/P1/P13813A.pdf | https://jopss.jaea.go.jp/pdfdata/P2/P13813B.pdf,0,
P13786,可搬型放射線測定装置及びそれを用いた放射線測定方法,三村 竜二 ; 川妻 伸二 ; 岡田 尚; 斉藤 義彦*,【課題】地表付近の線量率と、人体に影響を及ぼす高さ付近での線量率を同時に測定できると共に、測定地点が変更されても実質的に同一の高さにおける空間の線量率を測定することができる装置及び方法を提供すること。 【解決手段】機器支持ロッド、機器支持ロッドを把持するためのグリップ、機器支持ロッドの一端部に取り付けられたGPS受信機、グリップに関してGPS受信機と反対側の位置において、機器支持ロッドに取り付けられた、第1放射線検出器、第1放射線検出器と一定の間隔を隔てて、機器支持ロッドの一端部と反対側の他端部に取り付けられた、第2放射線検出器、第1及び/又は第2放射線検出器の測定値信号を切替えてその場で表示できると共に、それらの同時測定値信号と測定時のGPS受信機からの位置信号とを外部に送信するための装置であって、グリップよりもGPS受信機側に取り付けられた通信制御装置を備えている。,https://jopss.jaea.go.jp/search/servlet/search?P13786,2012-114348,2013-242180,5963165,2012/05/18,2013/12/05,2016/07/08,G01T 1/16 (2006.01):G01T 7/00 (2006.01),https://jopss.jaea.go.jp/pdfdata/P1/P13786A.pdf | https://jopss.jaea.go.jp/pdfdata/P1/P13786A.pdf | https://jopss.jaea.go.jp/pdfdata/P2/P13786B.pdf,0,
P13770,モリブデンのサイクルシステム及び当該サイクルシステムに使用されるモリブデン吸着剤の再生方法,谷本 政隆 ; 木村 明博 ; 西方 香緒里 ; 土谷 邦彦; 長谷川 良雄* ; 菱沼 行男* ; 新関 智丈* ; 鈴木 将* ; 永山 紗智子* ; 吉永 英雄* ; 掛井 貞紀*,【課題】モリブデンの効率的な回収を低コストで行うためのモリブデンのサイクルシステム及び該サイクルシステムに使用されるモリブデン吸着剤の再生方法を提供する。 【解決手段】本発明は、モリブデン99を含有するモリブデン又は三酸化モリブデンを溶解してモリブデン吸着剤に吸着する工程、前記のモリブデン吸着剤から成るジェネレータからテクネチウム99Mを抽出した後の使用済みモリブデン吸着剤に存在するモリブデンを脱着する工程、前記モリブデン脱着後のモリブデン吸着剤にモリブデン99含有のモリブデンを再吸着する工程、及び前記の脱着工程によって回収される三酸化モリブデンを再利用する工程を含むモリブデンのサイクルシステムであり、前記の再吸着工程で使用されるモリブデン脱着後の再生モリブデン吸着剤は、水中等で保存され、繰返し単位の構造中にOH基を少なくとも1つ有することを特徴とする。,https://jopss.jaea.go.jp/search/servlet/search?P13770,2012-081241,2013-210309,5953548,2012/03/30,2013/10/10,2016/06/24,G21G 4/08 (2006.01):B01J 20/26 (2006.01):B01J 20/34 (2006.01):G21G 1/06 (2006.01),https://jopss.jaea.go.jp/pdfdata/P1/P13770A.pdf | https://jopss.jaea.go.jp/pdfdata/P1/P13770A.pdf | https://jopss.jaea.go.jp/pdfdata/P2/P13770B.pdf,0,
P13761,鉛イオンの抽出方法及び鉛イオンの抽出剤,下条 晃司郎 ; 長縄 弘親; not registered,【課題】鉛イオンを選択的に効率良く抽出分離することができる鉛イオンの抽出方法及び鉛イオンの抽出剤を提供する。 【解決手段】下記一般式(1)(化学式のため省略)(式中、R1及びR2は、互いに同一又は異種のアルキル基であり、少なくとも一方は炭素数6以上の直鎖又は分岐鎖状のアルキル基を示す。)で表されるジグリコールアミド酸を抽出剤として含有する抽出相と、鉛イオンと鉛イオン以外の金属イオンとを含む水溶液とをpH 6以下の酸性条件下で接触させて、鉛イオンを抽出相に抽出し、その後、この抽出相と酸性水溶液とを接触させることで鉛イオンを前記酸性水溶液に逆抽出して鉛イオンを回収する。,https://jopss.jaea.go.jp/search/servlet/search?P13761,2012-072141,2013-202460,6108376,2012/03/27,2013/10/07,2017/03/17,B01D 11/04 (2006.01):C22B 13/00 (2006.01):C22B 3/26 (2006.01):C22B 7/00 (2006.01),https://jopss.jaea.go.jp/pdfdata/P1/P13761A.pdf | https://jopss.jaea.go.jp/pdfdata/P1/P13761A.pdf | https://jopss.jaea.go.jp/pdfdata/P2/P13761B.pdf,0,
P13854,放射性物質の収着装置,阿部 哲也 ; 秦野 歳久 ; 平塚 一; 大間知 聡一郎*,"【課題】気化物質により汚染された土壌から気化物質を人体に影響を受けない数値まで低減するとともに、処理後の土壌を再利用できる気化物質の収着装置を提供する。 【解決手段】気化物質を含む被処理土壌を少なくとも収容し、この被処理土壌を加熱処理する加熱炉1と、この加熱炉の下流側に接続された第1の配管に介装され,前記加熱炉内を減圧にするポンプ14と、このポンプの下流側に配置され,被処理土壌内の気化物質を収着する収着剤を収容した着脱自在の回収カートリッジ11,19と、前記加熱炉と前記ポンプ間の前記第1の配管に介装され,該第1の配管内の気化物質の放射線を計測する放射線計測器12Aと、前記回収カートリッジの下流側に接続された第2の配管に介装され,該第2の配管内の気化物質の放射線を計測する放射線計測器12Bとを具備することを特徴とする気化物質の収着装置。",https://jopss.jaea.go.jp/search/servlet/search?P13854,2012-232797,2013-200295,6112703,2012/10/22,2013/10/03,2017/03/24,G21F 9/02 (2006.01):B01D 53/34 (2006.01):B09C 1/06 (2006.01):B01F 9/02 (2006.01):B01F 13/02 (2006.01):B01F 7/26 (2006.01):B01F 7/32 (2006.01):B01F 15/06 (2006.01):B01J 20/08 (2006.01):3 others,https://jopss.jaea.go.jp/pdfdata/P1/P13854A.pdf | https://jopss.jaea.go.jp/pdfdata/P1/P13854A.pdf | https://jopss.jaea.go.jp/pdfdata/P2/P13854B.pdf,0,
P13711,液中からの放射性元素の分離・除去方法,北垣 徹 ; 星野 貴紀 ; 三本松 勇二 ; 矢野 公彦 ; 竹内 正行; not registered,【課題】高効率で迅速な凝集分離性能を有し、ポリマー等の有機化合物を使用せず、かつ、添加剤を極力低減することのできる実用化に適した液中からの放射性元素の分離・除去方法を提供する。 【解決手段】放射性元素を含む液にその放射性元素を吸着する吸着剤を添加して所定時間攪拌する吸着剤添加・攪拌工程と、その吸着剤添加・攪拌工程後に当該液を電解する電解工程と、その電解工程後に当該液中の固形分を分離する固形分分離工程を含むことを特徴とする。,https://jopss.jaea.go.jp/search/servlet/search?P13711,2012-002095,2013-142573,6343760,2012/01/10,2013/07/22,2018/06/01,G21F 9/06 (2006.01):G21F 9/10 (2006.01):G21F 9/12 (2006.01),https://jopss.jaea.go.jp/pdfdata/P1/P13711A.pdf | https://jopss.jaea.go.jp/pdfdata/P1/P13711A.pdf | https://jopss.jaea.go.jp/pdfdata/P2/P13711B.pdf,0,
P13769,放射性モリブデンの作製方法,西方 香緒里 ; 木村 明博 ; 石田 卓也 ; 土谷 邦彦 ; 北岸 茂; 秋山 博明* ; 長倉 正昭* ; 鈴木 邦彦*,【課題】溶解時に不溶解性残渣が少ない、高密度MoO3ペレットの製造工程を確立することにより、放射性診断薬である99mTcの抽出に適する放射性モリブデン溶液を作製する方法を提供すること。 【解決手段】この方法は、MoO3粉末を準備する工程と、前記MoO3粉末を加熱されたダイに充填し、大気中で焼結処理し、MoO3ペレットを作製する工程と、前記MoO3ペレットを酸化処理する工程と、酸化処理された前記MoO3ペレットに中性子を照射し、照射済MoO3ペレットを作製する工程と、前記照射済MoO3ペレットを溶解し、放射性モリブデン溶液を得る工程を有する。,https://jopss.jaea.go.jp/search/servlet/search?P13769,2012-121785,2013-127446,5888781,2012/05/29,2013/06/27,2016/02/26,G21G 4/08 (2006.01),https://jopss.jaea.go.jp/pdfdata/P1/P13769A.pdf | https://jopss.jaea.go.jp/pdfdata/P1/P13769A.pdf | https://jopss.jaea.go.jp/pdfdata/P2/P13769B.pdf,0,
P13656,チタン刃物材、チタン刃物及びその製造方法,中島 準作 ; 荒木 克彦 ; 井上 賢紀; 福岡 廣一* ; 坪川 翼*,【課題】柔らかい食材は勿論硬い食材を切ることができ、切れ味が良く、切れ味が永く持続し、折れ難く、錆難い安価な刃物を実現する。 【解決手段】チタン粉末と炭化ケイ素粉末とを混合してMA処理したMA材を、チタン板で形成した筐体に充填して密封し、これを熱間圧延してチタン刃物材とし、このチタン刃物材を構成するチタン粉末刃物材(MA材)を焼結した後に研削することにより刃付けしたチタン刃物とするものであり、前記MA材によって構成されるチタン粉末刃物材の両側面には前記チタン板によるチタン側板が配された構成とする。,https://jopss.jaea.go.jp/search/servlet/search?P13656,2011-203101,2013-064176,5858398,2011/09/16,2013/04/11,2015/12/25,B22F 7/08 (2006.01):C22C 14/00 (2006.01):B22F 1/00 (2006.01):B22F 3/18 (2006.01):B22F 3/10 (2006.01):B22F 3/24 (2006.01):C22C 32/00 (2006.01):B26B 9/00 (2006.01),https://jopss.jaea.go.jp/pdfdata/P1/P13656A.pdf | https://jopss.jaea.go.jp/pdfdata/P1/P13656A.pdf | https://jopss.jaea.go.jp/pdfdata/P2/P13656B.pdf,0,
P13664,高濃度かつ高放射能をもつテクネチウム-99m溶液の製造方法,木村 明博 ; 西方 香緒里 ; 土谷 邦彦 ; 石原 正博; 棚瀬 正和* ; 藤崎 三郎* ; 太田 朗生*,【課題】これまでの時間当たりに製造される99mTc溶液の量及び濃度を格段に超え、実用に供することができる、高濃度かつ高放射能をもつ99mTc溶液を得るための製造方法を提供すること。 【解決手段】99MoO3ペレットとアルカリ溶液を撹拌して、99MoO3をアルカリ溶液に溶解させ、溶解した99Moに比較的少量のMEKを供給し、撹拌することにより、99Moから生成する 99mTcを抽出した後、99mTc含有MEK相と水相に分離させ、分離した99mTc含有MEK相を、塩基性アルミナカラムを介して精製し、次いで酸性アルミナカラムにおいて99mTc含有ケトンMEKから99mTcを酸性アルミナカラムに吸着濃縮させ、比較的少量の生理食塩水を用いて酸性アルミナカラムから溶離する。,https://jopss.jaea.go.jp/search/servlet/search?P13664,2011-173260,2013-035714,5817977,2011/08/08,2013/02/21,2015/10/09,C01G 99/00 (2010.01):G21G 4/08 (2006.01):A61K 51/00 (2006.01),https://jopss.jaea.go.jp/pdfdata/P1/P13664A.pdf | https://jopss.jaea.go.jp/pdfdata/P1/P13664A.pdf | https://jopss.jaea.go.jp/pdfdata/P2/P13664B.pdf,0,
P13668,半導体放射線測定器,谷村 嘉彦 ; 美留町 厚; not registered,【課題】高性能でありながら比較的安価な、特に簡易型の放射線測定器においてはさらに乾電池等のバッテリーでも長時間連続使用が可能な、半導体放射線測定器を提供すること。 【解決手段】放射線センサー、増幅器、波高弁別器、及び波高弁別器からの出力パルス信号を計数する第一のカウンタを有し、第一のカウンタの計数値に所望の処理を行う演算処理装置を備えた半導体放射線測定器において、演算処理装置がさらに第二のカウンタを有し、第二のカウンタと増幅器の間に、その抵抗値が、波高弁別器の第一の弁別レベルよりも大きな第二の弁別レベルに設定されている弁別レベル調整用可変抵抗が接続されており、第一のカウンタ出力と第二のカウンタ出力の論理演算関係からγ線を検出する。,https://jopss.jaea.go.jp/search/servlet/search?P13668,2011-164392,2013-029361,5761794,2011/07/27,2013/02/07,2015/06/19,G01T 1/24 (2006.01):G01T 3/08 (2006.01),https://jopss.jaea.go.jp/pdfdata/P1/P13668A.pdf | https://jopss.jaea.go.jp/pdfdata/P1/P13668A.pdf | https://jopss.jaea.go.jp/pdfdata/P2/P13668B.pdf,0,
P13635,センサー及びセンサー用接着剤,西村 昭彦 ; 島田 幸洋; 石橋 久義* ; 鈴木 宏和*,【課題】センサーと測定対象物との間の接着剤の厚さを均一に保持し、接着剤の接着力を均一に保つと共に、測定対象物と接着剤の間や接着剤とセンサーの間で、熱膨張差による接着剤の剥離現象が生じるのを防止する。 【解決手段】本発明は、高温の測定対象物13に接着剤14を介して取り付けられるセンサー10であって、検知部を有するセンサー本体11と、センサー本体11をモールドで一体成形して形成されるブロック体12と、を備え、ブロック体12は接着剤14と同一のセラミック系接着剤から構成され、ブロック体12の測定対象物13側には接着剤14の接着面12Aが形成されていることを特徴とする。,https://jopss.jaea.go.jp/search/servlet/search?P13635,2011-078469,2012-211868,5669262,2011/03/31,2012/11/01,2014/12/26,G01D 5/353(2006.01):G01B 11/16 (2006.01):G01K 1/14 (2006.01):C09J 1/00 (2006.01):G01D 5/12 (2006.01),https://jopss.jaea.go.jp/pdfdata/P1/P13635A.pdf | https://jopss.jaea.go.jp/pdfdata/P1/P13635A.pdf | https://jopss.jaea.go.jp/pdfdata/P2/P13635B.pdf,0,
P13812,Continuous collection method of particle component in aqueous solution and apparatus therefor,長縄 弘親 ; 柳瀬 信之 ; 永野 哲志; not registered,"The particle components may be collected by using a phenomenon that the particle components in the aqueous phase aggregate at the liquid-to-liquid interface. Both of the particle components and the dissolved components in the aqueous phase may be simultaneously collected if combined with liquid-liquid extraction phenomenon that the dissolved components in the aqueous phase are collected into the solvent phase through the liquid-to-liquid interface. The aggregation phenomenon of the particle components at the liquid-to-liquid interface may be promoted by using an emulsion flow method, a method of applying mechanical external forces (such as stirring and vibrating) or another method combining both the above-mentioned methods.",https://jopss.jaea.go.jp/search/servlet/search?P13812,13/527013,2012/0255905,9108124,2012/06/19,2012/10/11,2015/08/18,B01D 11/04 (2006.01):C02F 1/26 (2006.01):C02F 1/00 (2006.01):C02F 1/54 (2006.01),https://jopss.jaea.go.jp/pdfdata/P1/P13812A.pdf | https://jopss.jaea.go.jp/pdfdata/P1/P13812A.pdf | https://jopss.jaea.go.jp/pdfdata/P2/P13812B.pdf,0,
P13559,メチルイミノビスジアルキルアセトアミドの製造方法,佐々木 祐二; 折山 剛* ; 大橋 朗*,"【課題】高レベル放射性廃液からのPD、TC、PD、MO、PUを抽出するための抽出剤として用いることができるメチルイミノ-N,N-ジアルキルアセトアミドを安全かつ効率的に製造することができる方法を提供する。 【解決手段】メチルイミノ2酢酸とメチルイミダゾールとを脱水ジクロロメタン中で混合し、氷温下でP-トルエンスルホニルクロライドを添加して、メチルイミノ2酢酸のイミダゾール化合物を中間体として得て、当該中間体に2級アミンを添加して、下記一般式(I)(化学式のため省略)(式中、Rは炭素数が2個~12個のアルキル基を示す)で表されるメチルイミノ-N,N-ジアルキルアセトアミドを得る。",https://jopss.jaea.go.jp/search/servlet/search?P13559,2011-001809,2012-144448,5682889,2011/01/07,2012/08/02,2015/01/23,C07C 231/02(2006.01):B01J 31/02 (2006.01):C07C 237/06(2006.01),https://jopss.jaea.go.jp/pdfdata/P1/P13559A.pdf | https://jopss.jaea.go.jp/pdfdata/P1/P13559A.pdf | https://jopss.jaea.go.jp/pdfdata/P2/P13559B.pdf,0,
P13582,無機高分子系モリブデン吸着剤及びその製造方法,木村 明博 ; 谷本 政隆 ; 石田 卓也 ; 土谷 邦彦; 長谷川 良雄* ; 菱沼 行男* ; 栗原 克宜* ; 鈴木 将*,【課題】塩素を含むPZCに代わる、塩素フリーの無機高分子系吸着剤及びその製造方法を提供すること。 【解決手段】以下の化学式(A)、(B)及び(C)を含み、これらの繰り返し単位から成る骨格構造を有し、Mが4価の金属、例えばチタンであり、Xが例えば1個から6個までの炭素原子を有するアルコキシ基又は有機配位子のいずれかである99Mo-99mTcジェネレータ用の無機高分子系モリブデン吸着剤。,https://jopss.jaea.go.jp/search/servlet/search?P13582,2010-263801,2012-112881,5736563,2010/11/26,2012/06/14,2015/05/01,G21G 4/08 (2006.01):G01T 1/161(2006.01):B01J 20/26 (2006.01):B01J 20/02 (2006.01),https://jopss.jaea.go.jp/pdfdata/P1/P13582A.pdf | https://jopss.jaea.go.jp/pdfdata/P1/P13582A.pdf | https://jopss.jaea.go.jp/pdfdata/P2/P13582B.pdf,0,
P13549,和紙被覆建築資材の製造方法及び和紙被覆建築資材,吉井 文男 ; 中島 準作 ; 荒木 克彦 ; 玉脇 宏 ; 笠井 昇; 内田 長信* ; 山本 弘行*,【課題】接着剤を用いることなく和紙原料をパネルなどの建築資材に被覆することが可能な和紙被覆建築資材の製造方法を提供する。 【解決手段】本発明の和紙被覆建築資材の製造方法は、水にハイドロゲルを添加したハイドロゲル添加水と和紙原料とを含む溶液を調整する調整工程と、前記調整工程で調整された前記溶液を建築資材に吹き付けて被覆を形成する被覆形成工程と、前記被覆形成工程によって被覆が形成された建築資材の乾燥を行う乾燥工程と、を有することを特徴とする。,https://jopss.jaea.go.jp/search/servlet/search?P13549,2010-206186,2012-062647,5376337,2010/09/15,2012/03/29,2013/10/04,E04F 13/08 (2006.01),https://jopss.jaea.go.jp/pdfdata/P1/P13549A.pdf | https://jopss.jaea.go.jp/pdfdata/P1/P13549A.pdf | https://jopss.jaea.go.jp/pdfdata/P2/P13549B.pdf,0,
P13487,高機能性消臭和紙およびその製造方法,中島 準作 ; 吉井 文男 ; 荒木 克彦 ; 笠井 昇 ; 三木 博実 ; 玉脇 宏; 石川 浩*,【課題】ハイドロゲルが有する高い定着効果によって、消臭効果と持続性に優れ、かつ水洗による再使用が可能な高機能性消臭和紙および当該消臭和紙の製造方法を提供する。 【解決手段】本発明に係る高機能性消臭和紙は、和紙に、消臭剤としてのヨウ素アニオン交換樹脂および当該消臭剤の効果を長期的に安定持続させるためのトルマリンを、ハイドロゲルによって定着してなることを特徴とする。,https://jopss.jaea.go.jp/search/servlet/search?P13487,2010-081718,2011-212135,5229829,2010/03/31,2011/10/27,2013/03/29,A61L 9/01 (2006.01):D21H 21/14 (2006.01),https://jopss.jaea.go.jp/pdfdata/P1/P13487A.pdf | https://jopss.jaea.go.jp/pdfdata/P1/P13487A.pdf | https://jopss.jaea.go.jp/pdfdata/P2/P13487B.pdf,0,
P13469,中性子イメージ検出方法及びその方法を用いた中性子イメージ検出器,中村 龍也 ; 片桐 政樹 ; 海老根 守澄 ; 美留町 厚; 寄林 豊*,【課題】小型かつ極めて安価であると同時に、中性子イメージ作成の処理速度が極めて高速である中性子イメージ検出器を提供すること。 【解決手段】中性子入射によって生じた蛍光を、一定の間隔で1次元的にまたは2次元的に収集し、収集した蛍光を検出して、中性子の入射位置を決定する中性子イメージ検出方法であって、蛍光を検出する際、フォトン計測法を用いて検出し、出力された各フォトンにより生成されたパルス信号を、フォトン一個により生成されるパルス信号の時間幅と同一の間隔幅で発生させたクロック信号を基に取り出し、出力されたパルス信号を計数し、1つの中性子が入射した際得られる入射位置を変数とした計数分布を求め、得られた計数分布に基づき重心計算を行い中性子の入射位置を決定する。,https://jopss.jaea.go.jp/search/servlet/search?P13469,2010-042209,2011-179863,5598905,2010/02/26,2011/09/15,2014/08/22,G01T 3/06 (2006.01),https://jopss.jaea.go.jp/pdfdata/P1/P13469A.pdf | https://jopss.jaea.go.jp/pdfdata/P1/P13469A.pdf | https://jopss.jaea.go.jp/pdfdata/P2/P13469B.pdf,0,
P13658,PROCEDE DE COLLECTE CONTINUE DE COMPOSANTS DE PARTICULES EN SOLUTION AQUEUSE ET APPAREIL CORRESPONDANT,長縄 弘親 ; 柳瀬 信之 ; 永野 哲志; not registered,"The particle components may be collected by using a phenomenon that the particle components in the aqueous phase aggregate at the liquid-to-liquid interface. Both of the particle components and the dissolved components in the aqueous phase may be simultaneously collected if combined with liquid-liquid extraction phenomenon that the dissolved components in the aqueous phase are collected into the solvent phase through the liquid-to-liquid interface. The aggregation phenomenon of the particle components at the liquid-to-liquid interface may be promoted by using an emulsion flow method, a method of applying mechanical external forces (such as stirring and vibrating) or another method combining both the above-mentioned methods.",https://jopss.jaea.go.jp/search/servlet/search?P13658,11166870.3,2364758,2364758,2011/05/20,2011/09/14,2016/06/29,B01D 11/04 (2006.01):B01D 21/24 (2006.01):B03D 1/00 (2006.01):C02F 1/54 (2006.01),https://jopss.jaea.go.jp/pdfdata/P1/P13658A.pdf | https://jopss.jaea.go.jp/pdfdata/P1/P13658A.pdf | https://jopss.jaea.go.jp/pdfdata/P2/P13658B.pdf,0,
P13660,KONTINUIERLICHES SAMMELVERFAHREN FUR TEILCHENFORMIGE KOMPONENTE IN WASSRIGER LOSUNG UND VORRICHTUNG DAFUR,長縄 弘親 ; 柳瀬 信之 ; 永野 哲志; not registered,"The particle components may be collected by using a phenomenon that the particle components in the aqueous phase aggregate at the liquid-to-liquid interface. Both of the particle components and the dissolved components in the aqueous phase may be simultaneously collected if combined with liquid-liquid extraction phenomenon that the dissolved components in the aqueous phase are collected into the solvent phase through the liquid-to-liquid interface. The aggregation phenomenon of the particle components at the liquid-to-liquid interface may be promoted by using an emulsion flow method, a method of applying mechanical external forces (such as stirring and vibrating) or another method combining both the above-mentioned methods.",https://jopss.jaea.go.jp/search/servlet/search?P13660,11166870.3,2364758,2364758,2011/05/20,2011/09/14,2016/06/29,B01D 11/04 (2006.01):B01D 21/24 (2006.01):B03D 1/00 (2006.01):C02F 1/54 (2006.01),https://jopss.jaea.go.jp/pdfdata/P1/P13660A.pdf | https://jopss.jaea.go.jp/pdfdata/P1/P13660A.pdf | https://jopss.jaea.go.jp/pdfdata/P2/P13660B.pdf,0,
P13659,CONTINUOUS COLLECTION METHOD OF PARTICLE COMPONENT IN AQUEOUS SOLUTION AND APPARATUS THEREFOR,長縄 弘親 ; 柳瀬 信之 ; 永野 哲志; not registered,"The particle components may be collected by using a phenomenon that the particle components in the aqueous phase aggregate at the liquid-to-liquid interface. Both of the particle components and the dissolved components in the aqueous phase may be simultaneously collected if combined with liquid-liquid extraction phenomenon that the dissolved components in the aqueous phase are collected into the solvent phase through the liquid-to-liquid interface. The aggregation phenomenon of the particle components at the liquid-to-liquid interface may be promoted by using an emulsion flow method, a method of applying mechanical external forces (such as stirring and vibrating) or another method combining both the above-mentioned methods.",https://jopss.jaea.go.jp/search/servlet/search?P13659,11166870.3,2364758,2364758,2011/05/20,2011/09/14,2016/06/29,B01D 11/04 (2006.01):B01D 21/24 (2006.01):B03D 1/00 (2006.01):C02F 1/54 (2006.01),https://jopss.jaea.go.jp/pdfdata/P1/P13659A.pdf | https://jopss.jaea.go.jp/pdfdata/P1/P13659A.pdf | https://jopss.jaea.go.jp/pdfdata/P2/P13659B.pdf,0,
P13455,ピクセル型二次元イメージ検出器,中村 龍也 ; 片桐 政樹; 筒井 紀彰*,【課題】入射ピクセル以外への蛍光の漏洩を極力低減したピクセル型二次元イメージ検出器を提供する。 【解決手段】重粒子線または中性子検出用の蛍光体シートからの蛍光を反射する反射板を等間隔に縦軸方向に配列し、この反射板列に直角に蛍光を反射する反射板を等間隔に横軸に配列し反射板列を構成した格子状構造体において、縦軸方向反射板の上半分の位置で、かつ縦軸間隔の中心位置に蛍光を検出する縦軸検出用波長シフトファイバを通すための溝を、横軸方向反射板の下半分の位置で、かつ横軸間隔の中心位置に蛍光を検出する横軸検出用波長シフトファイバを通すための溝を設けて格子状蛍光検出体を構成し、この検出体の前面にのみ、あるいは前面と背面に蛍光体シートを配置した構造を持つ二次元重粒子イメージ検出器または二次元中性子イメージ検出器。,https://jopss.jaea.go.jp/search/servlet/search?P13455,2010-003182,2011-141239,5548892,2010/01/08,2011/07/21,2014/05/30,G01T 1/20 (2006.01):G01T 3/06 (2006.01),https://jopss.jaea.go.jp/pdfdata/P1/P13455A.pdf | https://jopss.jaea.go.jp/pdfdata/P1/P13455A.pdf | https://jopss.jaea.go.jp/pdfdata/P2/P13455B.pdf,0,
P13574,PIXEL-TYPE TWO-DIMENSIONAL IMAGE DETECTOR,中村 龍也 ; 片桐 政樹; 筒井 紀彰*,"In a lattice-like pixel structure in which reflecting plates that reflect a fluorescent light from a fluorescent material-based neutron detecting sheet are arranged along vertical and horizontal axes at a regular interval, a lattice-like fluorescent light detecting member is provided, in which grooves may be formed at an upper half position of the vertical axis direction reflecting plate and at a center position in a vertical axis interval for accommodating a wavelength shifting fiber for vertical axis detection and at a lower half position of the horizontal axis direction reflecting plate and at a center position in a horizontal axis interval for accommodating a wavelength shifting fiber for horizontal axis detection; and a fluorescent material-based neutron detecting sheet is arranged only at a front surface or at both of a front surface and a back surface of the lattice-like fluorescent light detecting member. a",https://jopss.jaea.go.jp/search/servlet/search?P13574,13/520451,2012/0280132,8993973,2011/01/04,2011/07/14,2015/03/31,G01T 1/20 (2006.01):G01T 3/06 (2006.01),https://jopss.jaea.go.jp/pdfdata/P1/P13574A.pdf | https://jopss.jaea.go.jp/pdfdata/P1/P13574A.pdf | https://jopss.jaea.go.jp/pdfdata/P2/P13574B.pdf,0,
P13575,PIXEL TYPE TWO-DIMENSIONAL IMAGE DETECTOR,中村 龍也 ; 片桐 政樹; 筒井 紀彰*,"In a lattice-like pixel structure in which a reflecting plate that reflects a fluorescent light from a fluorescent material-based neutron detecting sheet is arranged along a vertical axis at a regular interval, and a reflecting plate that reflects a fluorescent light is arranged along a horizontal axis at a regular interval and at a right angle with respect to a series of fluorescent plates formed arranged along the vertical axis, a lattice-like fluorescent light detecting member is formed by providing such a structure that a groove may be formed at upper half position of the vertical axis direction reflecting plate and at a center position in a vertical axis interval for accommodating a wavelength shifting fiber for vertical axis detection for detecting the fluorescent light, and a groove may be formed at lower half position of the horizontal axis direction reflecting plate and at a center position in a horizontal axis interval for ...",https://jopss.jaea.go.jp/search/servlet/search?P13575,11731866.7,EP2533072,2533072,2011/01/04,2011/07/14,2021/11/10,G01T 1/20 (2006.01):G01T 3/06 (2006.01),https://jopss.jaea.go.jp/pdfdata/P1/P13575A.pdf | https://jopss.jaea.go.jp/pdfdata/P1/P13575A.pdf | https://jopss.jaea.go.jp/pdfdata/P2/P13575B.pdf,0,
P13576,PIXEL TYPE TWO-DIMENSIONAL IMAGE DETECTOR,中村 龍也 ; 片桐 政樹; 筒井 紀彰*,"In a lattice-like pixel structure in which a reflecting plate that reflects a fluorescent light from a fluorescent material-based neutron detecting sheet is arranged along a vertical axis at a regular interval, and a reflecting plate that reflects a fluorescent light is arranged along a horizontal axis at a regular interval and at a right angle with respect to a series of fluorescent plates formed arranged along the vertical axis, a lattice-like fluorescent light detecting member is formed by providing such a structure that a groove may be formed at upper half position of the vertical axis direction reflecting plate and at a center position in a vertical axis interval for accommodating a wavelength shifting fiber for vertical axis detection for detecting the fluorescent light, and a groove may be formed at lower half position of the horizontal axis direction reflecting plate and at a center position in a horizontal axis interval for ...",https://jopss.jaea.go.jp/search/servlet/search?P13576,11731866.7,EP2533072,2533072,2011/01/04,2011/07/14,2021/11/10,G01T 1/20 (2006.01):G01T 3/06 (2006.01),https://jopss.jaea.go.jp/pdfdata/P1/P13576A.pdf | https://jopss.jaea.go.jp/pdfdata/P1/P13576A.pdf | https://jopss.jaea.go.jp/pdfdata/P2/P13576B.pdf,0,
P13534,内部状態解析方法およびプログラム並びに内部状態解析装置,高松 邦吉; 田中 宏幸*,"【課題】所定の高透過性を有する粒子である高透過性粒子の性質を用いて構造物の内部状態をより適正に解析する。 【解決手段】構造物の内部の一部に相当し且つ水平角φ,仰角θE,通過点αのミュー粒子が通過する通過パーツJについて、通過長L[J,φ,θE,α]と仮定物質MAS[J]の密度ρ[J]との積としての密度長DL[J,φ,θE,α]を計算すると共に(S150)、計算した密度長DL[J,φ,θE,α]を用いてガウス分布を設定し(S160)、設定したガウス分布を用いてミュー粒子の散乱角θSC[J,φ,θE,α]を設定し(S170)、設定した散乱角θSC[J,φ,θE,α]を用いて通過パーツJの状態を解析する(S180)。",https://jopss.jaea.go.jp/search/servlet/search?P13534,2010-166333,2011-123048,5682882,2010/07/23,2011/06/23,2015/01/23,G01N 23/02 (2006.01),https://jopss.jaea.go.jp/pdfdata/P1/P13534A.pdf | https://jopss.jaea.go.jp/pdfdata/P1/P13534A.pdf | https://jopss.jaea.go.jp/pdfdata/P2/P13534B.pdf,0,
P13380,チタンクラッド鋼刃物及びその製造方法,中島 準作 ; 荒木 克彦 ; 三木 博実; 福岡 廣一*,【課題】刃物鋼として使用するための焼き入れ硬化処理を行なっても、クラッド接合部からの層間剥離を起こさず、しかも軽量性と耐食性及び耐久性に優れたチタン材料で構成した使い易いチタンクラッド鋼刃物及びその製造方法を提供する。 【解決手段】ステンレス刃物鋼材1と、チタン系材料で構成する刃物外皮材5と、前記ステンレス刃物鋼材と前記刃物外皮材との間に、ステンレス刃物鋼材ならびに刃物外皮材とは異なる複数の材料を重ね合わせてクラッド材としたチタンクラッド刃物鋼であって、前記ステンレス刃物鋼材ならびに刃物外皮材とは異なる複数の材料は、ステンレス刃物鋼材側から、銅合金の第3中間層2、MOの第2中間層3、V族元素金属の第1中間層4の順に重ね合わせたチタンクラッド刃物であり、特に熱間圧延工程の前段階で真空脱気を行う製造方法により、クラッド接合部からの層間剥離を起こさない軽量性と耐食性及び耐久性に優れたチタン材料で構成したチタンクラッド鋼とし、良質な刃物用材とする。,https://jopss.jaea.go.jp/search/servlet/search?P13380,2009-274186,2011-115309,5354202,2009/12/02,2011/06/16,2013/09/06,B26B 9/00 (2006.01):C22C 38/00 (2006.01):C22C 38/22 (2006.01):C22C 14/00 (2006.01):C21D 9/18 (2006.01),https://jopss.jaea.go.jp/pdfdata/P1/P13380A.pdf | https://jopss.jaea.go.jp/pdfdata/P1/P13380A.pdf | https://jopss.jaea.go.jp/pdfdata/P2/P13380B.pdf,0,
P13337,ベローズ型差圧式圧力スイッチ及び圧力検出システム,安尾 清志 ; 綿引 誠一; 小針 保明*,【課題】低圧室の雰囲気の圧力の変化に基づく検出誤差の発生を防止することができるベローズ型差圧式圧力スイッチ及び圧力検出システムを実現する。 【解決手段】差圧容器403内を仕切って低圧室401と高圧室402を形成し受圧変位体420の変位に応動するベローズ型差圧式圧力スイッチにおいて、前記受圧変位体は、高圧室から低圧室に向かって伸縮する円筒形状のベローズ421の先端開口を閉じるように該ベローズの先端開口に結合され、前記応動スイッチは、ベローズ先端封止部材422の凹部の周壁に取り付けた永久磁石423と、リードスイッチ425を備え、前記ベローズ先端封止部材の凹部の底壁422Cと前記差圧容器の壁403Aを気密状態に貫通するように螺着された調整ねじ426との間に圧縮状態に介在させたベローズ伸長調整ばね427を設ける。,https://jopss.jaea.go.jp/search/servlet/search?P13337,2009-105389,2010-257707,5311568,2009/04/23,2010/11/11,2013/07/12,H01H 35/32 (2006.01):H01H 35/28 (2006.01),https://jopss.jaea.go.jp/pdfdata/P1/P13337A.pdf | https://jopss.jaea.go.jp/pdfdata/P1/P13337A.pdf | https://jopss.jaea.go.jp/pdfdata/P2/P13337B.pdf,0,
P13257,"高密度,高純度(N,γ)99MOを製造する方法",河村 弘 ; 堀 直彦 ; 出雲 寛互 ; 飯村 光一; 加藤 剣一* ; 名取 ゆり* ; 蓼沼 克嘉*,"【課題】放電プラズマ法を用いて高密度の高純度酸化モリブデンの焼結体を得る。 【解決手段】粉末状の材料として高純度の酸化モリブデン材料を用いて、バインダーを用いることなく、酸化モリブデン材料を焼結して70~98%TDの高純度の焼結体を成形し、該高純度のモリブデン焼結体を原子炉内で照射して高密度(N,γ)99MOを製造する。",https://jopss.jaea.go.jp/search/servlet/search?P13257,2009-018878,2010-175409,5569834,2009/01/30,2010/08/12,2014/07/04,G21G 1/02 (2006.01):G21G 4/04 (2006.01),https://jopss.jaea.go.jp/pdfdata/P1/P13257A.pdf | https://jopss.jaea.go.jp/pdfdata/P1/P13257A.pdf | https://jopss.jaea.go.jp/pdfdata/P2/P13257B.pdf,0,
P13212,溶液中粒子成分の連続回収方法,長縄 弘親 ; 柳瀬 信之 ; 永野 哲志; not registered,【課題】1)迅速で効率的に且つ低コストで溶液中の粒子成分を回収できる新しいフィルタレスの回収方法、2)溶液中の粒子成分と溶存成分を同時回収する方法を提供することにある。 【解決手段】水相中の粒子成分が液液界面に凝集する現象を利用して、粒子成分を回収する。また、水相中の溶存成分が液液界面を通じて溶媒相に抽出される液液抽出現象を併用すれば、水相中の粒子成分と溶存成分の両方を同時に回収することもできる。エマルションフロー法、機械的外力(撹拌、振動など)を加える方法、もしくは両者を組み合わせた方法による2液相混合によって、液液界面への粒子成分の凝集現象が促進される。,https://jopss.jaea.go.jp/search/servlet/search?P13212,2008-253778,2010-082530,5733691,2008/09/30,2010/04/15,2015/04/24,B01D 43/00 (2006.01):B01D 11/04 (2006.01),https://jopss.jaea.go.jp/pdfdata/P1/P13212A.pdf | https://jopss.jaea.go.jp/pdfdata/P1/P13212A.pdf | https://jopss.jaea.go.jp/pdfdata/P2/P13212B.pdf,0,
P13322,Procede de collecte continue de composants de particules en solution aqueuse et appareil correspondant,長縄 弘親 ; 柳瀬 信之 ; 永野 哲志; not registered,"The particle components may be collected by using a phenomenon that the particle components in the aqueous phase aggregate at the liquid-to-liquid interface. Both of the particle components and the dissolved components in the aqueous phase may be simultaneously collected if combined with liquid-liquid extraction phenomenon that the dissolved components in the aqueous phase are collected into the solvent phase through the liquid-to-liquid interface. The aggregation phenomenon of the particle components at the liquid-to-liquid interface may be promoted by using an emulsion flow method, a method of applying mechanical external forces (such as stirring and vibrating) or another method combining both the above-mentioned methods.",https://jopss.jaea.go.jp/search/servlet/search?P13322,09252285.3,2172254,2172254,2009/09/28,2010/04/07,2017/05/17,B01D 11/04 (2006.01):B01D 21/24 (2006.01):B03D 1/00 (2006.01):C02F 1/54 (2006.01),https://jopss.jaea.go.jp/pdfdata/P1/P13322A.pdf | https://jopss.jaea.go.jp/pdfdata/P1/P13322A.pdf | https://jopss.jaea.go.jp/pdfdata/P2/P13322B.pdf,0,
P13324,Kontinuierliches Sammelverfahren fur teilchenformige Komponente in wassriger Losung und Vorrichtung dafur,長縄 弘親 ; 柳瀬 信之 ; 永野 哲志; not registered,"The particle components may be collected by using a phenomenon that the particle components in the aqueous phase aggregate at the liquid-to-liquid interface. Both of the particle components and the dissolved components in the aqueous phase may be simultaneously collected if combined with liquid-liquid extraction phenomenon that the dissolved components in the aqueous phase are collected into the solvent phase through the liquid-to-liquid interface. The aggregation phenomenon of the particle components at the liquid-to-liquid interface may be promoted by using an emulsion flow method, a method of applying mechanical external forces (such as stirring and vibrating) or another method combining both the above-mentioned methods.",https://jopss.jaea.go.jp/search/servlet/search?P13324,09252285.3,2172254,2172254,2009/09/28,2010/04/07,2017/05/17,B01D 11/04 (2006.01):B01D 21/24 (2006.01):B03D 1/00 (2006.01):C02F 1/54 (2006.01),https://jopss.jaea.go.jp/pdfdata/P1/P13324A.pdf | https://jopss.jaea.go.jp/pdfdata/P1/P13324A.pdf | https://jopss.jaea.go.jp/pdfdata/P2/P13324B.pdf,0,
P13323,Continuous collection method of particle component in aqueous solution and apparatus therefor,長縄 弘親 ; 柳瀬 信之 ; 永野 哲志; not registered,"The particle components may be collected by using a phenomenon that the particle components in the aqueous phase aggregate at the liquid-to-liquid interface. Both of the particle components and the dissolved components in the aqueous phase may be simultaneously collected if combined with liquid-liquid extraction phenomenon that the dissolved components in the aqueous phase are collected into the solvent phase through the liquid-to-liquid interface. The aggregation phenomenon of the particle components at the liquid-to-liquid interface may be promoted by using an emulsion flow method, a method of applying mechanical external forces (such as stirring and vibrating) or another method combining both the above-mentioned methods.",https://jopss.jaea.go.jp/search/servlet/search?P13323,09252285.3,2172254,2172254,2009/09/28,2010/04/07,2017/05/17,B01D 11/04 (2006.01):B01D 21/24 (2006.01):B03D 1/00 (2006.01):C02F 1/54 (2006.01),https://jopss.jaea.go.jp/pdfdata/P1/P13323A.pdf | https://jopss.jaea.go.jp/pdfdata/P1/P13323A.pdf | https://jopss.jaea.go.jp/pdfdata/P2/P13323B.pdf,0,
P13263,ガス量測定装置,阿部 哲也 ; 秦野 歳久 ; 平塚 一 ; 長谷川 浩一 ; 田島 保英; 大間知 聡一郎*,"【課題】本発明は、溶融金属中に含まれる特定の種類のガス量又は介在物に付随する特定の種類のガス量の絶対量あるいは介在物の粒子数を測定することを課題とする。 【解決手段】溶融金属を収容する真空容器1と、真空容器に接続する,大気開放バルブが介装された第1の配管5Aと、真空容器に接続する,校正ガス発生器が介装された第2の配管5Bと、真空容器に接続する,真空計、第1のバルブ、リークバルブ、第2のバルブ、ターボ分子ポンプ、第3のバルブ及び粗引きポンプが介装された第3の配管5Cと、真空容器,第1のバルブ間の第3配管とリークバルブ,第2のバルブ間の第3配管とを接続する,第4のバルブが介装された第1のバイパス配管16と、リークバルブ,第2のバルブ間の第3配管と第3のバルブ,粗引きポンプの間の第3配管とを接続する,第5のバルブが介装された第2のバイパス配管17を具備することを特徴とするガス量測定装置。",https://jopss.jaea.go.jp/search/servlet/search?P13263,2009-006854,2009-192530,5234636,2009/01/15,2009/08/27,2013/04/05,G01N 7/00 (2006.01),https://jopss.jaea.go.jp/pdfdata/P1/P13263A.pdf | https://jopss.jaea.go.jp/pdfdata/P1/P13263A.pdf | https://jopss.jaea.go.jp/pdfdata/P2/P13263B.pdf,0,
P13014,ハイドロゲル塗工和紙及びその製造装置,吉井 文男 ; 笠井 昇 ; 中島 準作 ; 玉脇 宏; 石川 浩*,【課題】湿度に強く、伸縮率の小さいハイドロゲル塗工和紙及びその和紙を安定的に製造する装置を提供すること。 【解決手段】和紙の材料を含む原料をローラによって引き伸ばし、薄板状に形成する抄紙機と、該抄紙機の次段に設置され、引き伸ばされた原料の少なくとも両表面にハイドロゲルを浸透させるため、2個の対称的に配置されたローラを有するプレス機と、前記プレス機の2個のローラが互いに協働しあう個所に、連続的に一定量のハイドロゲルが蓄積されるように、ハイドロゲルを供給するするゲル供給手段を備えている。,https://jopss.jaea.go.jp/search/servlet/search?P13014,2007-110400,2008-266823,4899160,2007/04/19,2008/11/06,2012/01/13,D21H 19/10 (2006.01):D21H 21/36 (2006.01),https://jopss.jaea.go.jp/pdfdata/P1/P13014A.pdf | https://jopss.jaea.go.jp/pdfdata/P1/P13014A.pdf | https://jopss.jaea.go.jp/pdfdata/P2/P13014B.pdf,0,
P12939,ガス分析装置,阿部 哲也 ; 廣木 成治 ; 根本 正博 ; 田島 保英; 大間知 聡一郎*,【課題】本発明は、被測定ガスを加熱して加熱前後の被測定ガスの重量差を求め、被測定ガス中の微量ガスの実際の重さを測定することを課題とする。 【解決手段】大気等に含まれる微量ガスを定量するガス分析装置であり、被測定ガスを加熱する電気炉(加熱手段)31と、被測定ガスの加熱前後のガス量を測定する計測手段とを具備することを特徴とするガス分析装置。,https://jopss.jaea.go.jp/search/servlet/search?P12939,2006-338659,2008-151590,4911502,2006/12/15,2008/07/03,2012/01/27,G01N 5/00 (2006.01):G01N 27/62 (2006.01):G01N 25/20 (2006.01):H01J 49/42 (2006.01),https://jopss.jaea.go.jp/pdfdata/P1/P12939A.pdf | https://jopss.jaea.go.jp/pdfdata/P1/P12939A.pdf | https://jopss.jaea.go.jp/pdfdata/P2/P12939B.pdf,0,
P12885,地下水のモニタリング装置及びモニタリング方法,國丸 貴紀; 細谷 真一*,【課題】ボーリング孔内の深度方向に所定の間隔で設置される複数の観測用パッカーにて多段に区分けされた各区間のうち採水対象区間の地下水の水質を観測するとともに採水が可能で、かつ、採水時も採水対象区間を含むすべての区間の間隙水圧を連続して測定可能な地下水のモニタリング装置を提供する。 【解決手段】モニタリング装置1は、各区間Sの間隙水圧を測定するための圧力測定手段9と、各区間Sに連結される連結管11を介して各区間Sの地下水を内部に貯留可能な採水用ケーシングパイプ13と、採水用ケーシングパイプ13内を昇降し、採水対象区間WSの地下水を採水するための採水手段15と、圧力測定手段9及び採水手段15にてそれぞれ測定した結果に基づいて解析を行う解析手段16とを備える。,https://jopss.jaea.go.jp/search/servlet/search?P12885,2006-242863,2008-063825,4452851,2006/09/07,2008/03/21,2010/02/12,E21B 43/00 (2006.01):E21B 23/00 (2006.01):G01N 33/18 (2006.01):G01N 27/416(2006.01):G01N 27/06 (2006.01):G01N 1/12 (2006.01):G01N 1/14 (2006.01),https://jopss.jaea.go.jp/pdfdata/P1/P12885A.pdf | https://jopss.jaea.go.jp/pdfdata/P1/P12885A.pdf | https://jopss.jaea.go.jp/pdfdata/P2/P12885B.pdf,0,
P54641,重水素回収装置、重水素回収方法,保田 諭 ; 矢野 雅大 ; 久保 真治; not registered,【課題】高効率かつ低消費電力で重水素を回収する。 【解決手段】第1触媒電極11・第2触媒電極12間には直流電圧が印加され、第1触媒電極11側が正とされ、第2触媒電極12側が負とされる。第1触媒電極11側は、回収されるべき重水素(D)が水素(H)と共に気体として供給される陽極室31とされる。第2触媒電極12側は、H2Oを主成分とする水Wが第2触媒電極12と接した状態で溜められる陰極室32とされる。陽極室31内のHとDは電圧の印加に伴って第2触媒電極12側に流れる。その後、陰極室32内の水等との間の反応によって、H、DのうちD成分のみがこの中の水(液体)中に優先的に取り込まれ、H成分は気体として除去される。これによって、Dをこの水中に高効率で回収することができる。,https://jopss.jaea.go.jp/search/servlet/search?P54641,2025-002046,,7822655,2025/01/07,,2026/02/20,B01D 59/40 (2006.01):C25B 9/23 (2021.01):C25B 1/02 (2006.01):C25B 9/00 (2021.01):C25B 11/081(2021.01):C25B 11/089(2021.01):C25B 11/052(2021.01),,0,
P54642,重水素回収装置、重水素回収方法,保田 諭 ; 矢野 雅大 ; 久保 真治; not registered,【課題】高効率で重水素を回収するPEM型の重水素回収装置を得る。 【解決手段】直流電圧が印加される2つの電極(第1触媒電極11、第2触媒電極12)と、これらに挟まれるプロトン伝導層20が組み合わされたMEA10が用いられる。ここでは、第1触媒電極11側が正とされ、第2触媒電極12側が負とされる。第1触媒電極11側は、回収されるべき重水素(D)が水素(H)と共に水の形態として存在する液体(原料水W0))して供給される陽極室31とされる。第2触媒電極12側は、原料水W0とは別の水(回収水W1)が第2触媒電極12と接した状態で溜められる陰極室32とされる。陰極室32内の反応によって、H、DのうちD成分が主に回収水W1中に優先的に取り込まれる。これによって、Dをこの水中に回収することができる。回収水W1としてD濃度が原料水W0よりも低い水を用いることにより、特に高効率でDを回収することができる。,https://jopss.jaea.go.jp/search/servlet/search?P54642,2025-001736,,7808376,2025/01/06,,2026/01/21,B01D 59/40 (2006.01):C25B 1/02 (2006.01):C25B 9/00 (2021.01):C25B 9/23 (2021.01):C25B 11/052(2021.01):C25B 11/081(2021.01):C25B 11/089(2021.01):C25B 11/097(2021.01),https://jopss.jaea.go.jp/pdfdata/P2/P54642B.pdf,0,
P51849,METHOD AND APPARATUS OF PRODUCING SPECIFIC SUBSTANCES BY EXTRACTION AND SEPARATION IN A LIQUID-LIQUID SYSTEM,長縄 弘親 ; 永野 哲志,not registered,https://jopss.jaea.go.jp/search/servlet/search?P51849,1-2020-02922,,42235,2020/05/25,,2024/12/06,B01D 11/04:C22B 59/00:C01F 17/17,,0,
P14027,放射性廃棄物の処理方法,大井川 宏之; 大津 秀暁* ; 松崎 禎市郎* ; 櫻井 博儀* ; 藤田 玲子* ; 下浦 享* ; 水口 浩司* ; 小澤 正基* ; 仁井田 浩二*,【課題】核分裂生成物の中から長寿命放射性核種のみを選択的に消滅させる核分裂生成物の処理方法を提供する。 【解決手段】放射性廃棄物から核分裂生成物のうち放射性核種を含み原子番号が共通する同位体元素の群を同位体分離を伴わずに抽出する工程S11と、加速器により生成した高エネルギー粒子を前記同位体元素の群に照射して前記放射性核種のうち長寿命放射性核種を半減期の短い短寿命放射性核種又は資源として再利用可能な安定核種に核変換させる工程S13とを含む。,https://jopss.jaea.go.jp/search/servlet/search?P14027,2015-057179,2016-176812,6106892,2015/03/20,2016/10/06,2017/03/17,G21F 9/00 (2006.01):G21G 1/08 (2006.01),https://jopss.jaea.go.jp/pdfdata/P1/P14027A.pdf | https://jopss.jaea.go.jp/pdfdata/P1/P14027A.pdf | https://jopss.jaea.go.jp/pdfdata/P2/P14027B.pdf,-2,
P13973,三酸化モリブデンペレットの製造方法,西方 香緒里 ; 木村 明博 ; 土谷 邦彦; 石﨑 博之* ; 新倉 高一*,【課題】大量生産が可能で、かつ発生する放射性廃棄物量の少ない三酸化モリブデンの製造方法を提供すること。 【解決手段】原料である三酸化モリブデン(MoO3)粉末を圧縮成形してペレット化し、複数個の前記ペレットを、同一のカプセルに封入した後、熱間等方圧加圧装置を用いて焼結し、焼結された前記ペレットを前記カプセルから取り出す工程から成る。カプセリングによって複数個の圧縮成形したペレットを同時に熱間等方圧加圧することができるので、大量のMoO3ペレットを製造することができる。また、一度に大量のペレットを製造できるため、発生する放射性廃棄物量も少ない。,https://jopss.jaea.go.jp/search/servlet/search?P13973,2014-247586,2016-108188,6465284,2014/12/08,2016/06/20,2019/01/18,B28B 3/00 (2006.01):C04B 35/645(2006.01):C04B 35/495(2006.01):G21G 4/08 (2006.01):B30B 5/02 (2006.01),https://jopss.jaea.go.jp/pdfdata/P1/P13973A.pdf | https://jopss.jaea.go.jp/pdfdata/P1/P13973A.pdf | https://jopss.jaea.go.jp/pdfdata/P2/P13973B.pdf,-2,
P13983,再結合装置,日野 竜太郎 ; 寺田 敦彦 ; 上地 優 ; 西畑 保雄; 毛利 智聡* ; 平田 慎吾* ; 五十嵐 実* ; 佐藤 学*,【課題】放射性廃棄物貯槽等のようにその内部空間領域が狭く且つ気密性が求められる設備への設置に適した水素と酸素との触媒式の再結合装置の提供。 【解決手段】容器50に取り付けて容器内部で発生した水素を触媒を用いて酸素と結合するための再結合装置1であって、容器50から流入した水素および酸素を含むガスがその内部を流通する第一の筒状体2と、第一の筒状体2の出口に連結され、第一の筒状体2から流入したガスを容器50に戻す戻し部3とを備え、第一の筒状体2が、入口側に水素と酸素とを結合する触媒部9を有している。,https://jopss.jaea.go.jp/search/servlet/search?P13983,2014-205637,2016-074554,6624584,2014/10/06,2016/05/12,2019/12/06,C01B 5/00 (2006.01):G21F 9/02 (2006.01):G21D 3/08 (2006.01):G21C 9/00 (2006.01):G21C 9/04 (2006.01),https://jopss.jaea.go.jp/pdfdata/P1/P13983A.pdf | https://jopss.jaea.go.jp/pdfdata/P1/P13983A.pdf | https://jopss.jaea.go.jp/pdfdata/P2/P13983B.pdf,-2,
P13952,レーザによる放射線測定方法及びその装置,岡田 尚 ; 金山 文彦 ; 福嶋 峰夫 ; 遠藤 邦明; 久世 宏明* ; 椎名 達雄*,【課題】放射性物質で汚染した環境において、放射性廃棄物の発生や、作業者の身体汚染及び被ばくリスクが少ない、かつ、計測が迅速でリアルタイムな計測ができるレーザによる放射線測定方法及び装置を提供することを課題とする。 【解決手段】測定環境下にある放射線によって発生した放射線電離ガスに励起レーザ光を照射し、該放射線電離ガスによって発生するラマン散乱光を測定することによって、放射線の強度及びその存在位置を特定するレーザによる放射線測定方法であり、前記測定環境下の放射線の強度の測定が、元素毎に予め定められた散乱光スペクトル強度と元素濃度との対比基準によって放射線の強度を特定する放射線の強度測定手段を有することを特徴とする。,https://jopss.jaea.go.jp/search/servlet/search?P13952,2014-202755,2016-070853,6467572,2014/10/01,2016/05/09,2019/01/25,G01N 21/65 (2006.01):G01T 1/16 (2006.01):G01T 1/167(2006.01),https://jopss.jaea.go.jp/pdfdata/P1/P13952A.pdf | https://jopss.jaea.go.jp/pdfdata/P1/P13952A.pdf | https://jopss.jaea.go.jp/pdfdata/P2/P13952B.pdf,-2,
P13519,テクネチウム99Mジェネレータからのモリブデン回収方法,谷本 政隆 ; 木村 明博 ; 土谷 邦彦; 吉永 英雄* ; 掛井 貞紀*,【課題】使用済テクネチウム99mジェネレータから、モリブデンを、簡便な溶離法により回収でき、かつ、再利用し易いモリブデン酸の形状で入手すること、さらには放射性廃棄物を減容すること。 【解決手段】PZCから成るモリブデン含有の使用済テクネチウム99mジェネレータに、1Nから4Nのアルカリ濃度を持つアルカリ溶液を一定時間にわたって徐々に加え、モリブデン含有アルカリ溶液を取り出し、該溶液を加熱した後、酸を加えて強酸性に調整し、一定時間放冷して、モリブデンをモリブデン酸として回収する。また、このモリブデン回収方法を複数回繰り返したテクネチウム99mジェネレータを700℃以上で加熱し、含まれているモリブデンを昇華させ、モリブデンを三酸化モリブデンとして回収すると共に、PZCをジルコニアとして回収する。,https://jopss.jaea.go.jp/search/servlet/search?P13519,2010-152220,2012-013617,5590527,2010/07/02,2012/01/19,2014/08/08,G21G 4/08 (2006.01):B09B 3/00 (2006.01):C01G 39/00 (2006.01),https://jopss.jaea.go.jp/pdfdata/P1/P13519A.pdf | https://jopss.jaea.go.jp/pdfdata/P1/P13519A.pdf | https://jopss.jaea.go.jp/pdfdata/P2/P13519B.pdf,-2,
P13436,高周波加熱式焼却炉,鈴木 達也 ; 堂野前 寧 ; 原田 守; 松本 武志* ; 角田 俊也* ; 佐藤 康士*,【課題】廃棄物の高周波加熱を促進し、効率よく焼却処理を行えるようにし、しかも焼却筒の長寿命化を図ることができるようにする。また、廃棄物が破砕したプレス缶と可燃物の混合物であっても、高周波加熱による焼却処理の際にプレス缶同士の固着が生じず、そのため、再破砕などの後処理工程を要しないようにする。 【解決手段】高周波加熱装置10の内部に焼却器12が装着されており、該焼却器は、非磁性材料からなる焼却筒18と、該焼却筒を受ける焼却筒受け皿20と、前記焼却筒内に組み込まれている火格子22を備え、該火格子上に位置する廃棄物Wを高周波加熱により焼却し、火格子から落下する焼却灰を焼却筒受け皿で受ける構造であって、焼却筒内の火格子の下方に、強磁性の導電性材料からなり、落下する焼却灰を通過させる複数の空隙を備えた加熱促進体28が設置されている。,https://jopss.jaea.go.jp/search/servlet/search?P13436,2010-005130,2011-144984,5245035,2010/01/13,2011/07/28,2013/04/19,F23G 5/10 (2006.01):F23G 7/00 (2006.01):B09B 3/00 (2006.01):G21F 9/32 (2006.01),https://jopss.jaea.go.jp/pdfdata/P1/P13436A.pdf | https://jopss.jaea.go.jp/pdfdata/P1/P13436A.pdf | https://jopss.jaea.go.jp/pdfdata/P2/P13436B.pdf,-2,
P13209,向流方式エマルションフロー連続液液抽出装置,長縄 弘親 ; 柳瀬 信之 ; 永野 哲志; not registered,【課題】1)良質なエマルションフローを発生させることで極めて高い抽出率を得ること、2)広い範囲にわたってエマルションフローを安定に保つことで装置の大型化を容易にすること、3)水溶液中の粒子成分によるヘッド部の孔の目詰まりを回避することができる装置を提供することにある。 【解決手段】向流方式エマルションフロー連続液液抽出装置は、水相を噴出させる第1ヘッド部、該第1ヘッド部と対抗して配置された、抽出溶媒相を噴出させる第2ヘッド部、エマルションフローが発生するカラム部、カラム部の上方に設置された上方相分離部、及び下方に設置された下方相分離部から成る装置本体と、送液ポンプとから構成される。水相の流れと抽出溶媒相の流れを向かい合わせる向流方式を適用することで、課題が解決される。,https://jopss.jaea.go.jp/search/servlet/search?P13209,2008-253779,2010-082531,5305382,2008/09/30,2010/04/15,2013/07/05,B01D 11/04 (2006.01),https://jopss.jaea.go.jp/pdfdata/P1/P13209A.pdf | https://jopss.jaea.go.jp/pdfdata/P1/P13209A.pdf | https://jopss.jaea.go.jp/pdfdata/P2/P13209B.pdf,-2,
P13127,放射性廃棄物処理装置,原田 守 ; 堂野前 寧; 佐藤 康士* ; 朽木 憲一* ; 角田 俊也*,【課題】高周波加熱炉で可燃性廃棄物を焼却するについて、自然な空気流によって酸素を十分供給して可燃性廃棄物を完全燃焼させ、その焼却灰とともに不燃性廃棄物を加熱溶融させる放射性廃棄物の溶融処理を簡単容易に行えるようにする。 【解決手段】導電性の焼却器10を用いて高周波加熱して可燃性廃棄物を焼却し、その焼却灰Tと不燃性廃棄物をセラミック製キャニスタを用いて高周波加熱して溶融させる放射性廃棄物処理装置を前提として、上記焼却器10が互いに分離可能な灰受け皿と焼却筒12との組み合わせ体であり、上記焼却筒12の下部に火格子13があり、当該火格子13よりも下方において焼却筒12と灰受け皿とによってその間に空気通路が構成されており、上記焼却器10が高周波加熱炉1に装着された状態で、焼却筒12内及び上部空間が燃焼ゾーンになっている。,https://jopss.jaea.go.jp/search/servlet/search?P13127,2008-030686,2009-192099,4977916,2008/02/12,2009/08/27,2012/04/27,F23G 5/00 (2006.01):F23G 5/10 (2006.01):F23G 7/00 (2006.01):G21F 9/32 (2006.01):B09B 3/00 (2006.01),https://jopss.jaea.go.jp/pdfdata/P1/P13127A.pdf | https://jopss.jaea.go.jp/pdfdata/P1/P13127A.pdf | https://jopss.jaea.go.jp/pdfdata/P2/P13127B.pdf,-2,
P13084,二重複合容器による加熱溶融減容処理方法およびそれを使った加熱溶融減容処理装置,原田 守 ; 堂野前 寧; 佐藤 康士* ; 朽木 憲一* ; 角田 俊也*,【課題】キャニスタと外容器で構成する二重複合容器を用いて、高周波加熱溶融した固化体(放射性廃棄物)を高周波加熱溶融炉から取り出し、収納容器に収納することに対して、キャニスタ(減容対象の溶融物の漏洩なし)と二重複合容器(減容対象の溶融物の漏洩有り)とを、同じ方法、同じ手順で簡単、容易に取り扱うことができるようにすることであり、減容対象の溶融物の漏洩なしの場合には、キャニスタを繰り返し利用可能な方式を提供する。 【解決手段】キャニスタを外容器に所定のギャップを持って重ね合わせて嵌めこんだ二重複合容器であって、内部に減容対象物を収容した該二重複合容器を、高周波加熱溶融炉内で加熱溶融することで減容処理を行ない、該減容処理後の二重複合容器を仮蓋、仮容器を介して所定の減容処理物保管容器に収容することによって加熱溶融減容処理方法を実現する。,https://jopss.jaea.go.jp/search/servlet/search?P13084,2007-335167,2009-156708,4753051,2007/12/26,2009/07/16,2011/06/03,G21F 9/30 (2006.01),https://jopss.jaea.go.jp/pdfdata/P1/P13084A.pdf | https://jopss.jaea.go.jp/pdfdata/P1/P13084A.pdf | https://jopss.jaea.go.jp/pdfdata/P2/P13084B.pdf,-2,
P13075,放射性廃棄物処理方法,原田 守 ; 堂野前 寧; 佐藤 康士* ; 朽木 憲一* ; 角田 俊也*,【課題】放射性廃棄物を装填し、当該廃棄物を高周波加熱装置で加熱溶融して減容させるキャニスタと、外容器とを組み合わせて二重複合容器を構成したものについて、キャニスタから溶融物漏洩があっても、それが外容器の外に流出しないようにし、かつ、溶融物漏洩があった場合の後処理作業を遠隔ハンドリングで簡単容易に行えるようにすること。 【解決手段】放射性廃棄物を装填し、当該廃棄物を高周波加熱装置で加熱溶融して減容させる放射性廃棄物減容容器について、キャニスタを外容器に嵌めて二重複合容器が構成されており、上記外容器が耐熱性セラミック容器であり、キャニスタとの間に隙間があり、キャニスタと外容器との間の隙間が遠隔操作治具を挿入してキャニスタを保持することができる大きさであること。,https://jopss.jaea.go.jp/search/servlet/search?P13075,2007-218796,2009-052979,4448159,2007/08/24,2009/03/12,2010/01/29,G21F 9/30 (2006.01),https://jopss.jaea.go.jp/pdfdata/P1/P13075A.pdf | https://jopss.jaea.go.jp/pdfdata/P1/P13075A.pdf | https://jopss.jaea.go.jp/pdfdata/P2/P13075B.pdf,-2,
P12954,エマルションフローを利用した連続液-液抽出装置,長縄 弘親 ; 柳瀬 信之 ; 永野 哲志; not registered,【課題】撹拌や遠心力などの機械的作用に頼る2液相混合の原理を応用した、既存の連続液-液抽出装置(ミキサセトラ、パルスカラム、遠心抽出器など)に共通する操作性の悪さ、運転・維持コスト高、安全面での不安などの問題を解決でき、種々の産業分野でさらに幅広く利用されると期待できる液-液抽出技術を提供する。 【解決手段】送液のみによってエマルション状態の流れ(エマルションフロー)を発生させる仕組みを作成した。これによって、機械的作用(振とう、撹拌、遠心力など)に依らず、2液相の最良な混合状態をつくりだすことに成功した。また、この方法を原理とする装置を製作した結果、既存の連続液-液抽出装置に共通する上記の問題点のすべてが解決でき、尚且つ、その他の重要項目(迅速性、大量処理能力、効率性、コンパクトさ)については、最良の既存装置(遠心抽出器)に匹敵することがわかった。,https://jopss.jaea.go.jp/search/servlet/search?P12954,2007-136496,2008-289975,5565719,2007/05/23,2008/12/04,2014/06/27,B01D 11/04 (2006.01),https://jopss.jaea.go.jp/pdfdata/P1/P12954A.pdf | https://jopss.jaea.go.jp/pdfdata/P1/P12954A.pdf | https://jopss.jaea.go.jp/pdfdata/P2/P12954B.pdf,-2,
