report_id,report_no,title_ja,title_en,authors_ja,authors_en,abstract_ja,abstract_en,language,pages,publication_date,keywords,facilities,doi_url,categories,score,matched_keywords,evidence_text,detail_url,pdf_links
5073941,JAEA-Review 2022-060,拡張型スーパードラゴン多関節ロボットアームによる圧力容器内燃料デブリ調査への挑戦(委託研究); 令和3年度英知を結集した原子力科学技術・人材育成推進事業,Challenge to investigation of fuel debris in RPV by an advanced super dragon articulated robot arm (Contract research); FY2021 Nuclear Energy Science & Technology and Human Resource Development Project,廃炉環境国際共同研究センター; 東京工業大学*,Collaborative Laboratories for Advanced Decommissioning Science; Tokyo Institute of Technology*,日本原子力研究開発機構(JAEA)廃炉環境国際共同研究センター(CLADS)では、令和3年度英知を結集した原子力科学技術・人材育成推進事業(以下、「本事業」という)を実施している。本事業は、東京電力ホールディングス株式会社福島第一原子力発電所(1F)の廃炉等を始めとした原子力分野の課題解決に貢献するため、国内外の英知を結集し、様々な分野の知見や経験を、従前の機関や分野の壁を越えて緊密に融合・連携させた基礎的・基盤的研究及び人材育成を推進することを目的としている。平成30年度の新規採択課題から実施主体を文部科学省からJAEAに移行することで、JAEAとアカデミアとの連携を強化し、廃炉に資する中長期的な研究開発・人材育成をより安定的かつ継続的に実施する体制を構築した。本研究は、研究課題のうち、令和元年度に採択された「拡張型スーパードラゴン多関節ロボットアームによる圧力容器内燃料デブリ調査への挑戦」の令和元年度から令和3年度の研究成果について取りまとめたものである。本課題は令和3年度が最終年度となるため3年度分の成果を取りまとめた。令和元年度から令和3年度の本研究を通して、研究代表者の下で各研究項目間ならびに廃炉環境国際共同研究センター(CLADS)等との連携を密にして、1F現場に実機適用すべく、現場との意見/情報交換を行いながら、研究を進めた。研究実施計画を推進するための打合せや会議等を開催し、ペデスタル上部に位置する圧力容器底部の状況把握を可能とする技術の実現を目指して、長尺の多関節ロボットアームにより、手先の位置姿勢の制御をしながら、カメラのSfM技術および超音波計測技術と組み合わせてアーム先端部の自己位置を把握しつつ、炉内構造物の状況把握を行う。また、レーザーを用いたLIBS技術により核物質の分布状況把握を行う遠隔探査手法のアームへの実装技術を開発した。さらには、楢葉遠隔技術開発センター等を活用し実証試験を行い、その実現性を確かめた。以上、3カ年計画の3年目である本年度の業務項目を実施し、3カ年計画の所期の目標を達成し、本報告書にとりまとめた。,"The Collaborative Laboratories for Advanced Decommissioning Science (CLADS), Japan Atomic Energy Agency (JAEA), had been conducting the Nuclear Energy Science & Technology and Human Resource Development Project (hereafter referred to ""the Project"") in FY2021. The Project aims to contribute to solving problems in the nuclear energy field represented by the decommissioning of the Fukushima Daiichi Nuclear Power Station (1F), Tokyo Electric Power Company Holdings, Inc. (TEPCO). For this purpose, intelligence was collected from all over the world, and basic research and human resource development were promoted by closely integrating/collaborating knowledge and experiences in various fields beyond the barrier of conventional organizations and research fields. The sponsor of the Project was moved from the Ministry of Education, Culture, Sports, Science and Technology to JAEA since the newly adopted proposals in FY2018. On this occasion, JAEA constructed a new research system where JAEA-academia collaboration is reinforced and medium-to-long term research/development and human resource development contributing to the decommissioning are stably and consecutively implemented. Among the adopted proposals in FY2019, this report summarizes the research results of the ""Challenge to investigation of fuel debris in RPV by an advanced Super Dragon articulated robot arm"" conducted from FY2019 to FY2021. Since the final year of this proposal was FY2021, the results for three fiscal years were summarized. Through this research from FY2019 to FY2021, we will closely cooperate with each research item under the principal investigator as well as with CLADS, etc., to advance the research while exchanging opinions/information with the site and promote the research implementation plan in order to apply the technology to the actual equipment at the 1F site. Meetings and conferences were held to promote the research implementation plan, with the aim of realizing a technology …",Japanese,91 Pages,2023/02,福島第一原子力発電所事故 ; Fukushima Daiichi Nuclear Power Station Accident ; Robot Arm ; Ultrasound ; SfM ; LIBS ; Remote Sensing,,https://doi.org/10.11484/jaea-review-2022-060,"3d_modeling, ar_mapping, computer_vision, robotics_remote",21,"remote, robot, sfm, カメラ, ロボット, 位置姿勢, 超音波, 遠隔技術",拡張型スーパードラゴン多関節ロボットアームによる圧力容器内燃料デブリ調査への挑戦(委託研究); 令和3年度英知を結集した原子力科学技術・人材育成推進事業,https://jopss.jaea.go.jp/search/servlet/search?5073941,https://jopss.jaea.go.jp/pdfdata/JAEA-Review-2022-060.pdf
5081065,JAEA-Review 2025-040,革新的分光画像解析による燃料デブリの可視化への挑戦とLIBSによる検証(委託研究); 令和5年度英知を結集した原子力科学技術・人材育成推進事業,Challenge for screening of nuclear fuel debris by innovative spectral imaging and its verification by LIBS mapping (Contract research); FY2023 Nuclear Energy Science & Technology and Human Resource Development Project,廃炉環境国際共同研究センター; 大阪大学*,Collaborative Laboratories for Advanced Decommissioning Science; The University of Osaka*,日本原子力研究開発機構(JAEA)廃炉環境国際共同研究センター(CLADS)では、令和5年度英知を結集した原子力科学技術・人材育成推進事業(以下、「本事業」という。)を実施している。本事業は、東京電力ホールディングス株式会社福島第一原子力発電所の廃炉等をはじめとした原子力分野の課題解決に貢献するため、国内外の英知を結集し、様々な分野の知見や経験を従前の機関や分野の壁を越えて緊密に融合・連携させた基礎的・基盤的研究及び人材育成を推進することを目的としている。平成30年度の新規採択課題から実施主体を文部科学省からJAEAに移行することで、JAEAとアカデミアとの連携を強化し、廃炉に資する中長期的な研究開発・人材育成をより安定的かつ継続的に実施する体制を構築した。本研究は、令和5年度に採択された研究課題のうち、「革新的分光画像解析による燃料デブリの可視化への挑戦とLIBSによる検証」の令和5年度分の研究成果について取りまとめたものである。本研究の目的は、ハイパースペクトルイメージング(HSI)とレーザー誘起ブレークダウン分光(LIBS)を組み合わせ、炉内物質を俯瞰的に認識・特定する技術を開発することである。HSIは100色以上のスペクトル情報を解析し、様々な物質の分類に既に応用されているものの、材料組成を直接評価できない。そこでHSIとLIBSを組み合わせることにより、正確かつ広範囲の炉内物質可視化技術となりうると考えた。本技術の実証のためには、適切な模擬炉内物質を準備し、そのトレーニングデータを取得・蓄積する必要がある。本研究では、標準物質の作製とHSIデータ解析を国立大学法人大阪大学、ウラン含有物質の作製とHSI/LIBS測定を日本核燃料開発株式会社(NFD)、LIBS開発をJAEAが担当する。英国側からは、ストラスクライド大学、英国国立原子力研究所(NNL)、ランカスター大学が本プロジェクトに参画している。標準試料の組成を過去の実験と熱力学計算結果から決定し、UO 複合試料やコンクリートなどいくつかの試料を作製した。HSIデータをNFDに設置されたハイパースペクトルカメラを用いて取得し、スペクトル角マッパー(SAM)、線形判別分析(LDA)等によりある程度物質を分類できることを確かめた。LIBSについては、遠隔操作技術開発の一環として焦点距離の自動最適化技術の開発等に取り組んだ。,"The Collaborative Laboratories for Advanced Decommissioning Science (CLADS), Japan Atomic Energy Agency (JAEA), had been conducting the Nuclear Energy Science & Technology and Human Resource Development Project (hereafter referred to ""the Project"") in FY2023. The Project aims to contribute to solving problems in the nuclear energy field represented by the decommissioning of the Fukushima Daiichi Nuclear Power Station, Tokyo Electric Power Company Holdings, Inc. (TEPCO). For this purpose, intelligence was collected from all over the world, and basic research and human resource development were promoted by closely integrating/collaborating knowledge and experiences in various fields beyond the barrier of conventional organizations and research fields. The sponsor of the Project was moved from the Ministry of Education, Culture, Sports, Science and Technology to JAEA since the newly adopted proposals in FY2018. On this occasion, JAEA constructed a new research system where JAEA-academia collaboration is reinforced and medium-to-long term research/development and human resource development contributing to the decommissioning are stably and consecutively implemented. Among the adopted proposals in FY2023, this report summarizes the research results of the ""Challenge for screening of nuclear fuel debris by innovative spectral imaging and its verification by LIBS mapping"" conducted in FY2023. The present study aims to develop a remote-sensing technique to identify the in-reactor materials by a combination of Hyper Spectral Imaging (HSI) and Laser Induced Breakdown Spectroscopy (LIBS). HSI analyzes spectral information of more than 100 colors, and is being applied to classify various materials. On the other hand, material composition cannot be directly evaluated by HSI. Therefore, we thought that the combination of HSI and LIBS could be an accurate and wide-ranging visualization technique. In order to demonstrate the HSI and LIBS, it is necessary to prepare standard materials that simulate in-reactor materials, and to acquire and accumulate training data on them. In this study, the University of Osaka is in charge of the preparation of standard materials and HSI data analysis, Nuclear Fuel Development (NFD) is in charge of the preparation of uranium bearing materials and HSI/LIBS measurements, and JAEA is in charge of LIBS development. On the UK side, the Univ. of Strathclyde, National Nuclear Laboratory (NNL), and Lancaster University participate in the joint research project. The compositions of the standard samples were determined from past experiments and thermodynamic calculation results. Several samples such as UO based composites and concrete were prepared. The HSI data were obtained using a hyperspectral camera installed in the NFD. For LIBS, we worked on the automatic optimization of focal distance as part of the development of remote operation technology.",Japanese,111 Pages,2025/12,福島第一原子力発電所事故 ; Fukushima Daiichi Nuclear Power Station Accident ; Hyperspectral Imaging ; Laser Induced Breakdown Spectroscopy ; Fuel Debris,,https://doi.org/10.11484/jaea-review-2025-040,"ar_mapping, computer_vision, robotics_remote",19,"camera, imaging, mapping, remote, visualization, イメージング, カメラ, 可視化, 画像解析, 遠隔操作",革新的分光画像解析による燃料デブリの可視化への挑戦とLIBSによる検証(委託研究); 令和5年度英知を結集した原子力科学技術・人材育成推進事業,https://jopss.jaea.go.jp/search/servlet/search?5081065,https://jopss.jaea.go.jp/pdfdata/JAEA-Review-2025-040.pdf
5085491,JAEA-Review 2026-007,高線量かつ不可視環境下での炉内可視化を可能とするレーザ偏向検出型超音波広帯域3Dイメージングシステムの開発(委託研究); 令和6年度英知を結集した原子力科学技術・人材育成推進事業,Development of a laser deflection-type ultrasonic wideband 3D imaging system for in-vessel visualization in high-radiation and non-visible environments (Contract research); FY2024 Nuclear Energy Science & Technology and Human Resource Development Project,廃炉環境国際共同研究センター; 東京科学大学*,Collaborative Laboratories for Advanced Decommissioning Science; Institute of Science Tokyo*,日本原子力研究開発機構(JAEA)廃炉環境国際共同研究センター(CLADS)では、令和元年度から英知を結集した原子力科学技術・人材育成推進事業(以下、「本事業」という。)を実施している。本事業は、東京電力ホールディングス株式会社福島第一原子力発電所の廃炉等をはじめとした原子力分野の課題解決に貢献するため、国内外の英知を結集し、さまざまな分野の知見や経験を従前の機関や分野の壁を越えて緊密に融合・連携させた基礎的・基盤的研究および人材育成を推進することを目的としている。平成30年度の新規採択課題から実施主体を文部科学省からJAEAに移行することで、JAEAとアカデミアとの連携を強化し、廃炉に資する中長期的な研究開発・人材育成をより安定的かつ継続的に実施する体制を構築した。本研究は、令和6年度に採択された研究課題のうち、「高線量かつ不可視環境下での炉内可視化を可能とするレーザ偏向検出型超音波広帯域3Dイメージングシステムの開発」の令和6年度分の研究成果について取りまとめたものである。本研究は、デブリ切り出し作業の安全性を最大限保証するため、作業中におけるダストおよび濁水環境下での炉内構造物/燃料デブリ形状および飛散物の可視化を数メートルオーダーの距離で可能とし、ロボットや作業アームへの搭載を鑑みて、小型かつ可搬性に優れた超音波装置を用いたレーザ偏向検出型超音波広帯域3Dイメージングシステムの開発を目的としている。令和6年度は、超音波イメージングシステムのイメージング性能評価および高度化/高速化検討、数値シミュレーション、システム試作と実スケール検証、耐放射線性検証、超音波サブミリ測距システムの構築、LIBSへの超音波サブミリ測距システムの適用、計測システムのバッテリ駆動遠隔化などを行い、本報告書に取りまとめた。,"The Collaborative Laboratories for Advanced Decommissioning Science (CLADS), Japan Atomic Energy Agency (JAEA), has been conducting the Nuclear Energy Science & Technology and Human Resource Development Project (hereafter referred to ""the Project"") from FY2019. The Project aims to contribute to solving problems in the nuclear energy field represented by the decommissioning of the Fukushima Daiichi Nuclear Power Station, Tokyo Electric Power Company Holdings, Inc. (TEPCO). For this purpose, intelligence was collected from all over the world, and basic research and human resource development were promoted by closely integrating/collaborating knowledge and experiences in various fields beyond the barrier of conventional organizations and research fields. The sponsor of the Project was moved from the Ministry of Education, Culture, Sports, Science and Technology to JAEA since the newly adopted proposals in FY2018. On this occasion, JAEA constructed a new research system where JAEA-academia collaboration is reinforced and medium-to-long term research/development and human resource development contributing to the decommissioning are stably and consecutively implemented. Among the adopted proposals in FY2024, this report summarizes the research results of the ""Development of a laser deflection-type ultrasonic wideband 3D imaging system for in-vessel visualization in high-radiation and non-visible environments"" conducted in FY2024. The present study aims to maximize the safety of debris-cutting operations by enabling visualization of in-vessel structures, fuel debris shapes, and scattered particles at distances on the order of several meters, even under dusty and turbid water conditions during work. To achieve this, a compact and portable ultrasonic device suitable for mounting on robots and manipulator arms is employed to develop a laser deflection-type ultrasonic wideband 3D imaging system. In FY2024, the project carried out imaging performance evaluation and studies for the advancement and acceleration of the ultrasonic imaging system, numerical simulations, prototyping and full-scale verification of the system, radiation resistance tests, construction of a submillimeter ultrasonic ranging system, application of the ultrasonic sub-millimeter ranging system to LIBS, as well as battery-powered remote operation of the measurement system. These outcomes are summarized in this report.",Japanese,65 Pages,2026/06,福島第一原子力発電所事故 ; Fukushima Daiichi Nuclear Power Station Accident ; Decommissioning ; 3D Imaging ; High Radiation ; Non-visible Environments ; Laser Deflection,,https://doi.org/10.11484/jaea-review-2026-007,"3d_modeling, computer_vision, robotics_remote",18,"3d, 3d imaging, imaging, remote, robot, visualization, イメージング, ロボット, 可視化, 超音波",高線量かつ不可視環境下での炉内可視化を可能とするレーザ偏向検出型超音波広帯域3Dイメージングシステムの開発(委託研究); 令和6年度英知を結集した原子力科学技術・人材育成推進事業,https://jopss.jaea.go.jp/search/servlet/search?5085491,https://jopss.jaea.go.jp/pdfdata/JAEA-Review-2026-007.pdf
5077474,JAEA-Review 2023-028,3次元線量拡散予測法の確立と 線透過率差を利用した構造体内調査法の開発(委託研究); 令和4年度英知を結集した原子力科学技術・人材育成推進事業,Establishment of 3-D dose dispersion forecasting method and development of in-structure survey using the transparency difference of each line gamma-ray (Contract research); FY2022 Nuclear Energy Science & Technology and Human Resource Development Project,廃炉環境国際共同研究センター; 京都大学*,Collaborative Laboratories for Advanced Decommissioning Science; Kyoto University*,日本原子力研究開発機構(JAEA)廃炉環境国際共同研究センター(CLADS)では、令和4年度英知を結集した原子力科学技術・人材育成推進事業(以下、「本事業」という)を実施している。本事業は、東京電力ホールディングス株式会社福島第一原子力発電所(1F)の廃炉等をはじめとした原子力分野の課題解決に貢献するため、国内外の英知を結集し、様々な分野の知見や経験を、従前の機関や分野の壁を越えて緊密に融合・連携させた基礎的・基盤的研究及び人材育成を推進することを目的としている。平成30年度の新規採択課題から実施主体を文部科学省からJAEAに移行することで、JAEAとアカデミアとの連携を強化し、廃炉に資する中長期的な研究開発・人材育成をより安定的かつ継続的に実施する体制を構築した。本研究は、令和4年度に採択された研究課題のうち、「3次元線量拡散予測法の確立と 線透過率差を利用した構造体内調査法の開発」の令和4年度分の研究成果について取りまとめたものである。我々は核ガンマ線の方向を完全に決定、光学カメラと同じ全単射によるガンマ線画像(線形画像)が測定できる電子飛跡検出型コンプトンカメラ(ETCC)を実現、今年、世界初の銀河拡散ガンマ線の直接観測に成功した。この特徴を生かし平成30年度英知事業に採択された「ガンマ線画像スペクトル分光法による高放射線場環境の画像化による定量的放射能分布解析法」(以下、前研究)では、1F免振棟から炉を含む1km四方を一度に撮像、約100か所のスペクトル測定を一度に実現、空からはスカイシャイン、炉からは662keVガンマ線が明瞭に測定でき、見晴台50 Sv/hでも無遮蔽で撮像に成功した。令和3年度には京都大学複合原子力科学研究所の原子炉建屋内の3次元線量測定を実施し、動作中の原子炉からのガンマ線の3次元撮像に成功した。さらに炉壁から放出された微量な Arのガンマ線(1290keV)を動画で捉え、放射性物質拡散のガンマ線画像モニタリングが可能であることを実証した。本研究は、前研究の成果を基にサブmSv/h環境での3次元汚染物質飛散検知・予測システムの1F内で使用可能な実用化を行う。またETCCのMeV以上のガンマ線撮像能力を生かし透過性の高い Csガンマ線を利用した炉建屋内の3次元透視Cs分布測定法を開発する。,"The Collaborative Laboratories for Advanced Decommissioning Science (CLADS), Japan Atomic Energy Agency (JAEA), had been conducting the Nuclear Energy Science & Technology and Human Resource Development Project (hereafter referred to ""the Project"") in FY2022. The Project aims to contribute to solving problems in the nuclear energy field represented by the decommissioning of the Fukushima Daiichi Nuclear Power Station (1F), Tokyo Electric Power Company Holdings, Inc. (TEPCO). For this purpose, intelligence was collected from all over the world, and basic research and human resource development were promoted by closely integrating/collaborating knowledge and experiences in various fields beyond the barrier of conventional organizations and research fields. The sponsor of the Project was moved from the Ministry of Education, Culture, Sports, Science and Technology to JAEA since the newly adopted proposals in FY2018. On this occasion, JAEA constructed a new research system where JAEA-academia collaboration is reinforced and medium-to-long term research/development and human resource development contributing to the decommissioning are stably and consecutively implemented. Among the adopted proposals in FY2022, this report summarizes the research results of the ""Establishment of 3-D dose dispersion forecasting method and development of in-structure survey using the transparency difference of each line gamma-ray"" conducted in FY2022. We realized an electron track detecting Compton camera (ETCC) that can measure -ray images (linear images) with the bijective projection. In the ""Quantitative analysis of radioactivity distribution by imaging of high radiation field environment using gamma-ray imaging spectroscopy"" (hereinafter referred to as the previous project) adopted in FY2018, the 1 km square area including the reactor buildings was imaged at once.",Japanese,54 Pages,2024/03,福島第一原子力発電所事故 ; Fukushima Daiichi Nuclear Power Station Accident ; g-ray imaging spectroscopy ; 3-D g-ray imaging ; Electron Tracking Compton Camera,,https://doi.org/10.11484/jaea-review-2023-028,"3d_modeling, ar_mapping, computer_vision",18,"3-d, 3次元, ar, camera, imaging, カメラ",3次元線量拡散予測法の確立と 線透過率差を利用した構造体内調査法の開発(委託研究); 令和4年度英知を結集した原子力科学技術・人材育成推進事業,https://jopss.jaea.go.jp/search/servlet/search?5077474,https://jopss.jaea.go.jp/pdfdata/JAEA-Review-2023-028.pdf
5041582,JAEA-Research 2013-018,カメラ画像を用いた三次元図面作成プログラムの開発; 画像マッチング手法の検討と予備評価結果,Development of 3D reconstruction technology using captured images; Study of matching method and preliminary examination,上地 優; 赤井 直紀*; 尾崎 功一*; 伊藤 主税,"Kamiji, Yu; Akai, Naoki*; Ozaki, Koichi*; Ito, Chikara","東京電力福島第一原子力発電所の廃止措置に向けた研究開発として、原子炉格納容器や圧力容器内部の調査技術に係る研究開発が進められている。原子炉内部の状況を把握するためには、内部の画像を取得し、視覚的な理解を図ることは有効であると考えられる。さらに、内部調査画像を用いた三次元図面作成機能を具備することによって、炉内の内部状況を単に画像としてとらえるだけでなく、CADなどのコンピュータ上で取扱い可能な状態へ復元することで、炉内の燃料取出しや構造物除去などの作業計画の策定や手法の検討に資する。そこで、画像を用いた三次元情報取得に必要となる画像間の対応点抽出手法に係る検討を行うとともに、それらを用い実画像に対する予備評価を実施した。その結果、類似テクスチャを多数有する直線的な構造物に対しては、SURFによる対応点探索は改良の必要があり、一方キャニー法によるエッジ検出は安定的に抽出可能であることがわかった。また、画像取得モデルを仮定した計算を実施し、対象のサイズ,距離,要求分解能に対して、必要な機器仕様を数値的に明らかにした。","Preliminary examination of image processing was conducted using existing reactor inside images through a fiber scope in order to confirm applicability of 3D-mapping in a reactor as a part of development of 3D-measurement technology. The Upright SURF (Speeded Up Robust Features) was used to find corresponding points between two captured images. In case of images showing many similar textures or lack of texture, it was difficult to find corresponding points using SURF only. By coupling with a canny algorithm to detect edges of the inside structure, it was found that 3D-structure could be measured for rectilinear objects. Also, image acquisition model was examined in order to clarify camera specs.",Japanese,18 Pages,2013/11,福島第一原子力発電所事故 ; Fukushima Daiichi Nuclear Power Station Accident,,https://doi.org/10.11484/jaea-research-2013-018,"3d_modeling, ar_mapping, computer_vision",18,"3d, camera, image processing, mapping, カメラ, 三次元",カメラ画像を用いた三次元図面作成プログラムの開発; 画像マッチング手法の検討と予備評価結果,https://jopss.jaea.go.jp/search/servlet/search?5041582,https://jopss.jaea.go.jp/pdfdata/JAEA-Research-2013-018.pdf
5085503,JAEA-Review 2026-001,燃料デブリ取り出しに向けた遠隔ロボット-計測技術の統合のための研究教育人材育成(委託研究); 令和6年度英知を結集した原子力科学技術・人材育成推進事業,Research and education for human resource development in integrated remote robot and measurement technologies for fuel debris removal (Contract research); FY2024 Nuclear Energy Science & Technology and Human Resource Development Project,廃炉環境国際共同研究センター; 東京大学*,Collaborative Laboratories for Advanced Decommissioning Science; The University of Tokyo*,日本原子力研究開発機構(JAEA)廃炉環境国際共同研究センター(CLADS)では、令和元年度から英知を結集した原子力科学技術・人材育成推進事業(以下、「本事業」という。)を実施している。本事業は、東京電力ホールディングス株式会社福島第一原子力発電所(1F)の廃炉等をはじめとした原子力分野の課題解決に貢献するため、国内外の英知を結集し、さまざまな分野の知見や経験を従前の機関や分野の壁を越えて緊密に融合・連携させた基礎的・基盤的研究及び人材育成を推進することを目的としている。平成30年度の新規採択課題から実施主体を文部科学省からJAEAに移行することで、JAEAとアカデミアとの連携を強化し、廃炉に資する中長期的な研究開発・人材育成をより安定的かつ継続的に実施する体制を構築した。本研究は、令和6年度に採択された研究課題のうち、「燃料デブリ取り出しに向けた遠隔ロボット-計測技術の統合のための研究教育人材育成」の令和6年度分の研究成果について取りまとめたものである。本研究は、1Fにおける燃料デブリ取り出しに関して、性状把握・キャラクタリゼーションを遠隔で実現するためのロボット技術やセンサ及び放射線計測技術の開発、そして、それらの技術をシステムとして統合できる人材の育成を目指す。また、関連する研究実績や講義等のリソースを再整理することでSEEM学の構築を目指すとともに、実際の教育現場へ展開する。令和6年度の実績としては、過酷環境での放射線計測・センサ技術において、高い放射線耐性が見込める中性子検出器の最適化や放射線の入射イベントを適切に生成できるシミュレータの構築、3次元体積モデル生成のためのローバーの設計・開発を行った。また、取り出し工法に調和した遠隔ロボット技術では、遠隔操作支援のためのシミュレーション及び実機環境の構築と放射線分布推定を実現するためのセンサ構成の検討を行うとともに、運搬機能を備えたモジュール分割型軌道構造体として吊下式多腕型軌道構造体の提案、デブリサンプリングのための軽量化アームの検討、多視点遠隔操縦システム及び軌道計画器に入力するインタフェースを検討した。計測-遠隔ロボット統合技術と実証では、実スケール環境構造モデリングのための画像処理手法の開発や画像データ伝送法の検討、統合DXプラットフォームの開発、センサ・ロボットのモジュール化の基礎検討を行った。そして、廃炉工程を俯瞰した性状把握、キャラクタリゼーションでは、燃料デブリ分布推定に向けた剛体・弾性体解析手法の開発に着手するとともに、気中工法における性状把握・廃棄物管理方針を検討し、ジオポリマーの充填材として適用性を検討した。また、SEEM学の構築では、未知の課題の抽出並びに課題解決方法や高等専門学校におけるSEEM学教育を検討した。,"The Collaborative Laboratories for Advanced Decommissioning Science (CLADS), Japan Atomic Energy Agency (JAEA), has been conducting the Nuclear Energy Science & Technology and Human Resource Development Project (hereafter referred to ""the Project"") from FY2019. The Project aims to contribute to solving problems in the nuclear energy field represented by the decommissioning of the Fukushima Daiichi Nuclear Power Station (1F), Tokyo Electric Power Company Holdings, Inc. (TEPCO). For this purpose, intelligence was collected from all over the world, and basic research and human resource development were promoted by closely integrating/collaborating knowledge and experiences in various fields beyond the barrier of conventional organizations and research fields. The sponsor of the Project was moved from the Ministry of Education, Culture, Sports, Science and Technology to JAEA since the newly adopted proposals in FY2018. On this occasion, JAEA constructed a new research system where JAEA-academia collaboration is reinforced and medium-to-long term research/development and human resource development contributing to the decommissioning are stably and consecutively implemented. Among the adopted proposals in FY2024, this report summarizes the research results of the ""Research and education for human resource development in integrated remote robot and measurement technologies for fuel debris removal"" conducted in FY2024. This research aims to develop robotic technologies, sensors, and radiation measurement techniques to remotely characterize and assess the properties of fuel debris at 1F reactor, and to cultivate personnel capable of integrating these technologies into systems. Furthermore, it seeks to establish SEEM science and deploy it in actual educational settings. Achievements in FY2024 include: optimizing neutron detectors with high radiation resistance ; constructing a simulator capable of appropriately generating radiation incident events; designing and developing a rover for generating 3D volume models; building physical environments for remote operation support; examined sensor configurations for radiation distribution estimation; proposal of a multi-arm orbital structure as a transport-capable modular orbital structure; development of lightweight arms and examined interfaces for multi-view remote control systems and orbital planners; image processing methods for full-scale environmental structure modeling; investigation on image data transmission methods; development of an integrated DX platform; studies on sensor and robot modularization; development of rigid-body and elastic-body analysis methods; characterization and waste management strategies and investigation of the applicability of geopolymers as backfill materials; establishing SEEM education.",Japanese,140 Pages,2026/06,福島第一原子力発電所事故 ; Fukushima Daiichi Nuclear Power Station Accident ; Fuel Debris Retrieval ; Robotic ; Radiation Detection ; Modulation ; Digital Twin ; Qeopolymer ; Education ; System Integration,,https://doi.org/10.11484/jaea-review-2026-001,"3d_modeling, computer_vision, robotics_remote",17,"3d, 3次元, image processing, remote, robot, ロボット, 画像処理, 遠隔操作",燃料デブリ取り出しに向けた遠隔ロボット-計測技術の統合のための研究教育人材育成(委託研究); 令和6年度英知を結集した原子力科学技術・人材育成推進事業,https://jopss.jaea.go.jp/search/servlet/search?5085503,https://jopss.jaea.go.jp/pdfdata/JAEA-Review-2026-001.pdf
5071527,JAEA-Review 2022-011,被災地探査や原子力発電所建屋内情報収集のための半自律ロボットを用いたセマンティックサーベイマップ生成システムの開発(委託研究); 令和2年度英知を結集した原子力科学技術・人材育成推進事業,Development of semantic survey map building system using semi-autonomous mobile robots for surveying of disaster area and gathering of information in nuclear power station (Contract research); FY2020 Nuclear Energy Science & Technology and Human Resource Development Project,廃炉環境国際共同研究センター; 東京工芸大学*,Collaborative Laboratories for Advanced Decommissioning Science; Tokyo Polytechnic University*,日本原子力研究開発機構(JAEA)廃炉環境国際共同研究センター(CLADS)では、令和2年度英知を結集した原子力科学技術・人材育成推進事業(以下、「本事業」という)を実施している。本事業は、東京電力ホールディングス株式会社福島第一原子力発電所の廃炉等をはじめとした原子力分野の課題解決に貢献するため、国内外の英知を結集し、様々な分野の知見や経験を、従前の機関や分野の壁を越えて緊密に融合・連携させた基礎的・基盤的研究及び人材育成を推進することを目的としている。平成30年度の新規採択課題から実施主体を文部科学省からJAEAに移行することで、JAEAとアカデミアとの連携を強化し、廃炉に資する中長期的な研究開発・人材育成をより安定的かつ継続的に実施する体制を構築した。本研究は、研究課題のうち、平成30年度に採択された「被災地探査や原子力発電所建屋内情報収集のための半自律ロボットを用いたセマンティックサーベイマップ生成システムの開発」の平成30年度から令和3年度の研究成果について取りまとめたものである(令和3年度まで契約延長)。本課題は令和3年度が最終年度となるため4年度分の成果を取りまとめた。本研究の目的は、災害時においてヒトの立ち入りが困難となった原子力発電所建屋内などの状況調査を対象に、簡単・安全・迅速に複数種類の情報(空間線量、温度、障害物等)を含んだセマンティックサーベイマップを生成する半自律移動ロボットシステムの研究・開発(カメラシステム、セマンティックSLAM、移動経路学習及び安全な経路提示システム)である。本研究では実験用レスキューロボットを開発し、複数のセンサシステムの搭載や取得したセンサ情報から局所セマンティックマップや広域セマンティックマップを生成するシステム。局所セマンティックマップを用いたロボットの走行経路学習シミュレータの開発も行った。それらのシステムを統合し、半自律移動ロボットシステムを完成させた。,"The Collaborative Laboratories for Advanced Decommissioning Science (CLADS), Japan Atomic Energy Agency (JAEA), had been conducting the Nuclear Energy Science & Technology and Human Resource Development Project (hereafter referred to ""the Project"") in FY2020. The Project aims to contribute to solving problems in the nuclear energy field represented by the decommissioning of the Fukushima Daiichi Nuclear Power Station, Tokyo Electric Power Company Holdings, Inc. (TEPCO). For this purpose, intelligence was collected from all over the world, and basic research and human resource development were promoted by closely integrating/collaborating knowledge and experiences in various fields beyond the barrier of conventional organizations and research fields. The sponsor of the Project was moved from the Ministry of Education, Culture, Sports, Science and Technology to JAEA since the newly adopted proposals in FY2018. On this occasion, JAEA constructed a new research system where JAEA-academia collaboration is reinforced and medium-to-long term research/development and human resource development contributing to the decommissioning are stably and consecutively implemented. Among the adopted proposals in FY2018, this report summarizes the research results of the ""Development of semantic survey map building system using semi-autonomous mobile robots for surveying of disaster area and gathering of information in nuclear power station"" conducted from FY2018 to FY2021 (this contract was extended to FY2021). Since the final year of this proposal was FY2021, the results for four fiscal years were summarized. The present study aims to research and develop semi-autonomous mobile robot systems (multi-sensor fusion system, semantic simultaneous localization and mapping (SLAM), system for traversable-route learning and safe traversable-route presentation, etc.) that simply, safely, and rapidly make semantic survey maps …",Japanese,80 Pages,2022/07,福島第一原子力発電所事故 ; Fukushima Daiichi Nuclear Power Station Accident ; Robot Teleoperation ; Semi-autonomous Mobile Robot ; Sensor Fusion ; SLAM ; Reinforcement Learning ; Semantic Survey Map ; Disaster Area ; Nuclear Power Station,,https://doi.org/10.11484/jaea-review-2022-011,"ar_mapping, computer_vision, robotics_remote",17,"localization, mapping, robot, slam, カメラ, ロボット",被災地探査や原子力発電所建屋内情報収集のための半自律ロボットを用いたセマンティックサーベイマップ生成システムの開発(委託研究); 令和2年度英知を結集した原子力科学技術・人材育成推進事業,https://jopss.jaea.go.jp/search/servlet/search?5071527,https://jopss.jaea.go.jp/pdfdata/JAEA-Review-2022-011.pdf
5067451,JAEA-Review 2019-022,被災地探査や原子力発電所建屋内情報収集のための半自律ロボットを用いたセマンティックサーベイマップ生成システムの開発(委託研究); 平成30年度英知を結集した原子力科学技術・人材育成推進事業,Development of semantic survey map building system using semi-autonomous mobile robots for surveying of disaster area and gathering of information in nuclear power station (Contract research); FY2018 Center of World Intelligence Project for Nuclear Science/Technology and Human Resource Development,廃炉国際共同研究センター; 東京工芸大学*,Collaborative Laboratories for Advanced Decommissioning Science; Tokyo Polytechnic University*,"日本原子力研究開発機構(JAEA)廃炉国際共同研究センター(CLADS)では、平成30年度英知を結集した原子力科学技術・人材育成推進事業(以下、「本事業」という)を実施している。本事業は、東京電力ホールディングス福島第一原子力発電所の廃炉等をはじめとした原子力分野の課題解決に貢献するため、国内外の英知を結集し、様々な分野の知見や経験を、従前の機関や分野の壁を越えて緊密に融合・連携させた基礎的・基盤的研究及び人材育成を推進することを目的としている。平成30年度の新規採択課題から実施主体を文部科学省からJAEAに移行することで、JAEAとアカデミアとの連携を強化し、廃炉に資する中長期的な研究開発・人材育成をより安定的かつ継続的に実施する体制を構築した。本研究は、研究課題のうち、平成30年度「被災地探査や原子力発電所建屋内情報収集のための半自律ロボットを用いたセマンティックサーベイマップ生成システムの開発」について取りまとめたものである。本研究の目的は、災害時においてヒトの立ち入りが困難となった原子力発電所建屋内の状況調査を対象に、簡単・安全・迅速に複数種類の情報(空間線量, 温度, 障害物等)を含んだセマンティックサーベイマップを生成する半自律移動ロボットシステムの研究・開発(カメラシステム, セマンティックSLAM, 移動経路学習及び安全な経路提示システム)である。","CLADS, JAEA, had been conducting the Center of World Intelligence Project for Nuclear Science/Technology and Human Resource Development (hereafter referred to ""the Project"") in FY2018. The Project aims to contribute to solving problems in nuclear energy field represented by the decommissioning of the Fukushima Daiichi Nuclear Power Station, Tokyo Electric Power Company Holdings, Inc. For this purpose, intelligence was collected from all over the world, and basic research and human resource development were promoted by closely integrating/collaborating knowledge and experiences in various fields beyond the barrier of conventional organizations and research fields. The sponsor of the Project was moved from the Ministry of Education, Culture, Sports, Science and Technology to JAEA since the newly adopted proposals in FY2018. On this occasion, JAEA constructed a new research system where JAEA-academia collaboration is reinforced and medium-to-long term research/development and human resource development contributing to the decommissioning are stably and consecutively implemented. Among the adopted proposals in FY2018, this report summarizes the research results of the Development of Semantic Survey Map Building System Using Semi-autonomous Mobile Robots for Surveying of Disaster Area and Gathering of Information in Nuclear Power Station. The objective of the present study is to research and develop semi-autonomous mobile robot systems (multi-sensor fusion system, semantic simultaneous localization and mapping (SLAM), system for traversable-route learning and safe traversable-route presentation, etc.) that simply, safely, and rapidly make semantic survey maps including multiple information (air dose rate, temperature, obstacles, etc.). The system will be applied to the investigation of the situation inside the building of the nuclear power station where people cannot access at the time of disaster.",Japanese,35 Pages,2020/01,Robot teleoperation ; Semi-autonomous mobile robot ; sensor fusion ; SLAM ; reinforcement learning ; Semantic survey map ; Information gathering ; Disaster area ; Nuclear power station ; Fukushima Daiichi Nuclear Power Station Accident ; 福島第一原子力発電所事故,,https://doi.org/10.11484/jaea-review-2019-022,"ar_mapping, computer_vision, robotics_remote",17,"localization, mapping, robot, slam, カメラ, ロボット",被災地探査や原子力発電所建屋内情報収集のための半自律ロボットを用いたセマンティックサーベイマップ生成システムの開発(委託研究); 平成30年度英知を結集した原子力科学技術・人材育成推進事業,https://jopss.jaea.go.jp/search/servlet/search?5067451,https://jopss.jaea.go.jp/pdfdata/JAEA-Review-2019-022.pdf
26991,JAERI-Data/Code 2004-009,ITBL棟における可視化環境とその利用,Visualization environment and its utilization in the ITBL building,安原 裕子*,"Yasuhara, Yuko*","コンピュータで科学技術計算を行った結果出力されるデータを視覚化する可視化技術は、計算科学のうえで非常に重要な技術の一つであり、近年さまざまな可視化ソフトウェアが数多く開発され、利用されている。計算環境の大規模化,高性能化に伴い、データ容量は年々大きくなり、より複雑な現象を扱うことが多くなってきている。数値のみのデータではなく、3次元表示や立体表示を行うことで、現象をより直感的に把握することができ、また理解も深まることから、さらなる研究の発展が期待されている。日本原子力研究所(以下、原研と略す)関西研究所にある、ITBL棟のビジュアリゼーション室には、3面スクリーンのVR(Virtual Reality)システムを始め、簡易VRシステム,Mixed Realityシステム,alchemyといった装置群が設置されており、メガネやヘッドマウントディスプレイを装着することで、簡単にVirtual Realityの世界を体験することが可能である。本報告書では、上記の可視化環境の紹介と、それらの利用状況,今後の課題等について報告を行う。","In recent years, visualization techniques have become more and more important in various fields. Especially in scientific fields, a large amount of numerical output data crucially needs to be changed into visualized form, because computations have grown to larger and larger scales as well as have become more complicated, so that computed results must be intuitively comprehensible by using various visualization techniques like 3D or stereo image construction. In the visualization room in the ITBL building, a 3-screen Virtual Reality system, a Portable Virtual Reality system, a Mixed Reality system, and Visualization tools like alchemy etc. are installed for the above-mentioned use. These devices enable us to easily change numerical data into visualized images of a virtual reality world with the use of eye-glasses or a head-mount-display device. This article describes the visualization environment in the ITBL building, it's use, and the tasks to be solved.",Japanese,31 Pages,2004/12,Visualization Environment ; Virtual Reality ; 3-screen VR System ; Portable VR System ; Mixed Reality System ; Alchemy,,https://doi.org/10.11484/jaeri-data-code-2004-009,"3d_modeling, ar_mapping, computer_vision",17,"3d, 3次元, mixed reality, visualization, 可視化",ITBL棟における可視化環境とその利用,https://jopss.jaea.go.jp/search/servlet/search?26991,https://jopss.jaea.go.jp/pdfdata/JAERI-Data-Code-2004-009.pdf
5081076,JAEA-Review 2025-023,無線UWBとカメラ画像分析を組合せたリアルタイム3D位置測位・組込システムの開発・評価(委託研究); 令和5年度英知を結集した原子力科学技術・人材育成推進事業,Development and evaluation of a real-time 3D positioning embedded system combining wireless UWB and camera image analysis (Contract research); FY2023 Nuclear Energy Science & Technology and Human Resource Development Project,廃炉環境国際共同研究センター; 東海国立大学機構*,Collaborative Laboratories for Advanced Decommissioning Science; Tokai National Higher Education and Research System*,日本原子力研究開発機構(JAEA)廃炉環境国際共同研究センター(CLADS)では、令和5年度英知を結集した原子力科学技術・人材育成推進事業(以下、「本事業」という。)を実施している。本事業は、東京電力ホールディングス株式会社福島第一原子力発電所の廃炉等をはじめとした原子力分野の課題解決に貢献するため、国内外の英知を結集し、様々な分野の知見や経験を従前の機関や分野の壁を越えて緊密に融合・連携させた基礎的・基盤的研究及び人材育成を推進することを目的としている。平成30年度の新規採択課題から実施主体を文部科学省からJAEAに移行することで、JAEAとアカデミアとの連携を強化し、廃炉に資する中長期的な研究開発・人材育成をより安定的かつ継続的に実施する体制を構築した。本研究は、令和4年度に採択された研究課題のうち、「無線UWBとカメラ画像分析を組合せたリアルタイム3D位置測位・組込システムの開発・評価」の令和5年度分の研究成果について取りまとめたものである。本研究は、原子炉建屋内の空間線量計測における人やロボットによる10cm精度未満での簡易リアルタイム3D位置測位を目標とし、最新普及技術である『無線UWB (Ultra Width Band)』と『複数カメラ物体認識』の2種類を組合せた組込システムの実現を目指している。その中で、岐阜大学・福島高専がカメラ撮影機能・カメラ分析機能・無線通信機能を有する組込装置を開発し、それら複数装置を用いて、カメラ画像群の分析に基づくリアルタイム3D位置測位の実現を目指す。また、東京大学・LocationMind(株)が、UWBリアルタイム位置測位技術の原子炉建屋内へ適用を行い、安定性向上技術の開発を試みる。なお、名古屋大学が電磁波吸収材料を使用して、ハード面からの無線UWB安定化の検証を担当し、耐放射線評価はJAEA・福島高専が協力して行う。,"The Collaborative Laboratories for Advanced Decommissioning Science (CLADS), Japan Atomic Energy Agency (JAEA), had been conducting the Nuclear Energy Science & Technology and Human Resource Development Project (hereafter referred to ""the Project"") in FY2023. The Project aims to contribute to solving problems in the nuclear energy field represented by the decommissioning of the Fukushima Daiichi Nuclear Power Station, Tokyo Electric Power Company Holdings, Inc. (TEPCO). For this purpose, intelligence was collected from all over the world, and basic research and human resource development were promoted by closely integrating/collaborating knowledge and experiences in various fields beyond the barrier of conventional organizations and research fields. The sponsor of the Project was moved from the Ministry of Education, Culture, Sports, Science and Technology to JAEA since the newly adopted proposals in FY2018. On this occasion, JAEA constructed a new research system where JAEA-academia collaboration is reinforced and medium-to-long term research/development and human resource development contributing to the decommissioning are stably and consecutively implemented. Among the adopted proposals in FY2022, this report summarizes the research results of the ""Development and evaluation of a real-time 3D positioning embedded system combining wireless UWB and camera image analysis"" conducted in FY2023. The present study aims to realize an embedded system that combines two of the latest popular technologies, ""wireless UWB (Ultra Width Band)"" and ""multi-camera object recognition"" with the goal of simple real-time 3D positioning with less than 10 cm accuracy by a human or robot for measuring air doses in nuclear reactor buildings. In this research, Gifu Univ. and National Institute of Technology, Fukushima College have developed an embedded system with camera shooting function, camera analysis function, and wireless communication function, in order to realize real-time 3D positioning based on the analysis of camera images by using these multiple devices. The Univ. of Tokyo and LocationMind Inc. will apply UWB real-time positioning technology to the inside of nuclear reactor buildings and attempt to develop technology to improve stability. Nagoya Univ. will be in charge of verifying wireless UWB stability from the hardware side by using electromagnetic wave absorbing materials. The radiation resistance evaluation will be conducted in cooperation with the JAEA and National Institute of Technology, Fukushima College.",Japanese,63 Pages,2025/11,福島第一原子力発電所事故 ; Fukushima Daiichi Nuclear Power Station Accident ; 3D Position Estimation ; UWB ; Camera Image Analysis ; Embedded Device,,https://doi.org/10.11484/jaea-review-2025-023,"3d_modeling, computer_vision, robotics_remote",16,"3d, camera, image analysis, robot, カメラ, ロボット, 物体認識",無線UWBとカメラ画像分析を組合せたリアルタイム3D位置測位・組込システムの開発・評価(委託研究); 令和5年度英知を結集した原子力科学技術・人材育成推進事業,https://jopss.jaea.go.jp/search/servlet/search?5081076,https://jopss.jaea.go.jp/pdfdata/JAEA-Review-2025-023.pdf
5081147,JAEA-Review 2025-001,燃料デブリ取り出し時における炉内状況把握のための遠隔技術に関する研究人材育成(委託研究); 令和5年度英知を結集した原子力科学技術・人材育成推進事業,Human resource development related to remote control technology for monitoring inside RPV pedestal during retrieval of fuel debris (Contract research); FY2023 Nuclear Energy Science & Technology and Human Resource Development Project,廃炉環境国際共同研究センター; 東京大学*,Collaborative Laboratories for Advanced Decommissioning Science; The University of Tokyo*,日本原子力研究開発機構(JAEA)廃炉環境国際共同研究センター(CLADS)では、令和5年度英知を結集した原子力科学技術・人材育成推進事業(以下、「本事業」という。)を実施している。本事業は、東京電力ホールディングス株式会社福島第一原子力発電所の廃炉等をはじめとした原子力分野の課題解決に貢献するため、国内外の英知を結集し、様々な分野の知見や経験を、従前の機関や分野の壁を越えて緊密に融合・連携させた基礎的・基盤的研究及び人材育成を推進することを目的としている。平成30年度の新規採択課題から実施主体を文部科学省からJAEAに移行することで、JAEAとアカデミアとの連携を強化し、廃炉に資する中長期的な研究開発・人材育成をより安定的かつ継続的に実施する体制を構築した。本研究は、令和元年度に採択された研究課題のうち、「燃料デブリ取り出し時における炉内状況把握のための遠隔技術に関する研究人材育成」の令和元年度から令和5年度分の研究成果について取りまとめたものである。本研究は、燃料デブリ取り出し時における炉内状況把握のためのモニタリングプラットフォームの構築及びプラットフォーム上を移動するセンサによる計測・可視化に関する研究開発を行う。また、このような研究課題に参画することによる研究教育、講義等の座学、施設見学の3つの柱で研究人材を育成することを目的とする。令和5年度は、各システムの検証とともに、模擬環境においてモニタリングプラットフォーム上の移動カメラから取得された画像を用いて立体復元モデルを生成し、可視化対象に対して最適視点からの映像提示が可能であることを、各研究項目協力のもと統合実験として実施した。,"The Collaborative Laboratories for Advanced Decommissioning Science (CLADS), Japan Atomic Energy Agency (JAEA), had been conducting the Nuclear Energy Science & Technology and Human Resource Development Project (hereafter referred to ""the Project"") in FY2023. The Project aims to contribute to solving problems in the nuclear energy field represented by the decommissioning of the Fukushima Daiichi Nuclear Power Station, Tokyo Electric Power Company Holdings, Inc. (TEPCO). For this purpose, intelligence was collected from all over the world, and basic research and human resource development were promoted by closely integrating/collaborating knowledge and experiences in various fields beyond the barrier of conventional organizations and research fields. The sponsor of the Project was moved from the Ministry of Education, Culture, Sports, Science and Technology to JAEA since the newly adopted proposals in FY2018. On this occasion, JAEA constructed a new research system where JAEA-academia collaboration is reinforced and medium-to-long term research/development and human resource development contributing to the decommissioning are stably and consecutively implemented. Among the adopted proposals in FY2019, this report summarizes the research results of the ""Human resource development related to remote control technology for monitoring inside RPV pedestal during retrieval of fuel debris"" conducted from FY2019 to FY2023. The present study aims to construct a monitoring platform for understanding the status inside a reactor during fuel debris removal, and measurement and visualization by sensors moving on the platform. In addition, to develop research personnel through research education by participating in such research projects, classroom lectures, and facility tours is also a goal of this project. In FY2023, along with the verification of each system, a three-dimensional reconstruction model was generated using images acquired from a moving camera on the monitoring platform in a simulated environment, and an integrated experiment was conducted to demonstrate that it is possible to present images from the optimal viewpoint for the visualization target, with the cooperation of each research theme.",Japanese,94 Pages,2025/06,福島第一原子力発電所事故 ; Fukushima Daiichi Nuclear Power Station Accident ; Monitoring Platform ; Visualization ; Teleoperation ; Radiation Measurement ; 3D Reconstruction,,https://doi.org/10.11484/jaea-review-2025-001,"3d_modeling, computer_vision, robotics_remote",16,"3d, camera, remote, visualization, カメラ, 可視化, 遠隔技術",燃料デブリ取り出し時における炉内状況把握のための遠隔技術に関する研究人材育成(委託研究); 令和5年度英知を結集した原子力科学技術・人材育成推進事業,https://jopss.jaea.go.jp/search/servlet/search?5081147,https://jopss.jaea.go.jp/pdfdata/JAEA-Review-2025-001.pdf
5077478,JAEA-Review 2024-027,無線UWBとカメラ画像分析を組合せたリアルタイム3D位置測位・組込システムの開発・評価(委託研究); 令和4年度英知を結集した原子力科学技術・人材育成推進事業,Development and evaluation of a real-time 3D positioning embedded system combining wireless UWB and camera image analysis (Contract research); FY2022 Nuclear Energy Science & Technology and Human Resource Development Project,廃炉環境国際共同研究センター; 東海国立大学機構*,Collaborative Laboratories for Advanced Decommissioning Science; Tokai National Higher Education and Research System*,日本原子力研究開発機構(JAEA)廃炉環境国際共同研究センター(CLADS)では、令和4年度英知を結集した原子力科学技術・人材育成推進事業(以下、「本事業」という。)を実施している。本事業は、東京電力ホールディングス株式会社福島第一原子力発電所の廃炉等をはじめとした原子力分野の課題解決に貢献するため、国内外の英知を結集し、様々な分野の知見や経験を、従前の機関や分野の壁を越えて緊密に融合・連携させた基礎的・基盤的研究及び人材育成を推進することを目的としている。平成30年度の新規採択課題から実施主体を文部科学省からJAEAに移行することで、JAEAとアカデミアとの連携を強化し、廃炉に資する中長期的な研究開発・人材育成をより安定的かつ継続的に実施する体制を構築した。本研究は、令和4年度に採択された研究課題のうち、「無線UWBとカメラ画像分析を組合せたリアルタイム3D位置測位・組込システムの開発・評価」の令和4年度分の研究成果について取りまとめたものである。本研究は、原子炉建屋内の空間線量計測における人やロボットによる10㎝精度未満での簡易リアルタイム3D位置測位を目標とし、最新普及技術である『無線UWB(Ultra Width Band)』と『複数カメラ物体認識』の2種類を組合せた組込システムの実現を目指している。その中で、岐阜大学・福島高専グループがカメラ撮影機能・カメラ分析機能・無線通信機能を有する組込装置を開発し、それら複数装置用いて、カメラ画像群の分析に基づくリアルタイム3D位置測位の実現を目指す。東京大学・LocationMind(株)グループが、UWBリアルタイム位置測位技術の原子炉建屋内へ適用を行い、安定性向上技術の開発を試みる。なお、名古屋大学グループが電磁波吸収材料を使用し、ハード面からの無線UWB安定化の検証を担当する。そして耐放射線評価は、原科研グループ・福島高専グループが協力して行う。,"The Collaborative Laboratories for Advanced Decommissioning Science (CLADS), Japan Atomic Energy Agency (JAEA), had been conducting the Nuclear Energy Science Technology and Human Resource Development Project (hereafter referred to ""the Project"") in FY2022. The Project aims to contribute to solving problems in the nuclear energy field represented by the decommissioning of the Fukushima Daiichi Nuclear Power Station, Tokyo Electric Power Company Holdings, Inc. (TEPCO). For this purpose, intelligence was collected from all over the world, and basic research and human resource development were promoted by closely integrating/collaborating knowledge and experiences in various fields beyond the barrier of conventional organizations and research fields. The sponsor of the Project was moved from the Ministry of Education, Culture, Sports, Science and Technology to JAEA since the newly adopted proposals in FY2018. On this occasion, JAEA constructed a new research system where JAEA-academia collaboration is reinforced and medium-to-long term research/development and human resource development contributing to the decommissioning are stably and consecutively implemented. Among the adopted proposals in FY2022, this report summarizes the research results of the ""Development and evaluation of a real-time 3D positioning embedded system combining wireless UWB and camera image analysis"" conducted in FY2022. The present study aims to realize an embedded system that combines two of the latest popular technologies, ""wireless UWB (Ultra Width Band)"" and ""multi-camera object recognition,"" with the goal of simple realtime 3D positioning with less than 10 cm accuracy by a human or robot for measuring air doses in nuclear reactor buildings.",Japanese,77 Pages,2024/11,福島第一原子力発電所事故 ; Fukushima Daiichi Nuclear Power Station Accident ; 3D positioning ; UWB ; Object recognition ; Camera image analysis ; Embedded device,,https://doi.org/10.11484/jaea-review-2024-027,"3d_modeling, computer_vision, robotics_remote",16,"3d, camera, image analysis, robot, カメラ, ロボット, 物体認識",無線UWBとカメラ画像分析を組合せたリアルタイム3D位置測位・組込システムの開発・評価(委託研究); 令和4年度英知を結集した原子力科学技術・人材育成推進事業,https://jopss.jaea.go.jp/search/servlet/search?5077478,https://jopss.jaea.go.jp/pdfdata/JAEA-Review-2024-027.pdf
5071481,JAEA-Review 2021-045,拡張型スーパードラゴン多関節ロボットアームによる圧力容器内燃料デブリ調査への挑戦(委託研究); 令和2年度英知を結集した原子力科学技術・人材育成推進事業,Challenge to investigation of fuel debris in RPV by an advanced super dragon articulated robot arm (Contract research); FY2020 Nuclear Energy Science & Technology and Human Resource Development Project,廃炉環境国際共同研究センター; 東京工業大学*,Collaborative Laboratories for Advanced Decommissioning Science; Tokyo Institute of Technology*,日本原子力研究開発機構(JAEA)廃炉環境国際共同研究センター(CLADS)では、令和2年度英知を結集した原子力科学技術・人材育成推進事業(以下、「本事業」という)を実施している。本事業は、東京電力ホールディングス株式会社福島第一原子力発電所の廃炉等をはじめとした原子力分野の課題解決に貢献するため、国内外の英知を結集し、様々な分野の知見や経験を、従前の機関や分野の壁を越えて緊密に融合・連携させた基礎的・基盤的研究及び人材育成を推進することを目的としている。平成30年度の新規採択課題から実施主体を文部科学省からJAEAに移行することで、JAEAとアカデミアとの連携を強化し、廃炉に資する中長期的な研究開発・人材育成をより安定的かつ継続的に実施する体制を構築した。本研究は、研究課題のうち、令和元年度に採択された「拡張型スーパードラゴン多関節ロボットアームによる圧力容器内燃料デブリ調査への挑戦」の令和2年度の研究成果について取りまとめたものである。本研究では、長尺の多関節ロボットアームにより、手先の位置姿勢の制御をしながら、アーム先端部の自己位置を把握しつつ炉内構造物の状況把握を行うとともに、核物質の分布状況把握を行う遠隔探査手法のアームへの実装技術を開発することを目的として、令和2年度は、模擬環境でのロボットアームの基本的動作確認、テレスコピック型多関節アーム試作、アームの構造改良としてのケーブル収納機構試作、駆動ワイヤ仕様の調査・整理、LIBSプローブの改良、マイクロチップレーザーLIBSプローブ試作、簡易型模擬アームでのプローブ可動状況把握、レーザー光焦点深度依存性・レーザー照射角度依存性調査、単一成分系模擬試験体の試作、簡易分光光学系システム改良、超音波センサの耐放射線性評価、アレイ型空中超音波センサ試作・音圧分布-指向性把握、センサ仕様整理、小型超音波送受信系改良、超音波液体適用性評価、SfM技術・超音波計測技術による形状再構成の相互補完技術の基礎開発などを行い、本報告書にとりまとめた。,"The Collaborative Laboratories for Advanced Decommissioning Science (CLADS), Japan Atomic Energy Agency (JAEA), had been conducting the Nuclear Energy Science & Technology and Human Resource Development Project (hereafter referred to ""the Project"") in FY2020. The Project aims to contribute to solving problems in the nuclear energy field represented by the decommissioning of the Fukushima Daiichi Nuclear Power Station, Tokyo Electric Power Company Holdings, Inc. (TEPCO). For this purpose, intelligence was collected from all over the world, and basic research and human resource development were promoted by closely integrating/collaborating knowledge and experiences in various fields beyond the barrier of conventional organizations and research fields. The sponsor of the Project was moved from the Ministry of Education, Culture, Sports, Science and Technology to JAEA since the newly adopted proposals in FY2018. On this occasion, JAEA constructed a new research system where JAEA-academia collaboration is reinforced and medium-to-long term research/development and human resource development contributing to the decommissioning are stably and consecutively implemented. Among the adopted proposals in FY2019, this report summarizes the research results of the ""Challenge to investigation of fuel debris in RPV by an advanced super dragon articulated robot arm"" conducted in FY2020. The present study aims to develop the implementation techniques of the remote sensing method on a robot arm for monitoring the structure status in the reactor and the distribution of nuclear materials by a longarticulated robot arm with controlling and grasping the position and posture of the robot arm hand. In FY 2020, we have conducted fundamental operation check of the robot arm in the simulated environment, prototype construction of telescopic articulated arm and cable storage mechanism, investigation of drive wire specifications, improvement of LIBS probe, prototype construction of microchip laser LIBS probe, probe movement status check in the simple simulated arm, investigation of the dependence of laser beam depth of focus and laser beam angle, prototype fabrication of single component simulated test sample, improvement of simple spectroscopic optical system, evaluation of radiation resistance of ultrasonic sensor, prototype construction of array type air-coupled ultrasonic sensor and sound pressure investigation, improvement of a compact ultrasonic transmitting/receiving system, evaluation of applicability of ultrasonic technologies to liquids, development of complementary technologies for shape reconstruction using SfM and ultrasonic measurement technologies. Finally, we summarized them into this report.",Japanese,65 Pages,2022/01,福島第一原子力発電所事故 ; Fukushima Daiichi Nuclear Power Station Accident ; Robot Arm ; Ultrasound ; SfM ; LIBS ; Remote Sensing,,https://doi.org/10.11484/jaea-review-2021-045,"3d_modeling, ar_mapping, robotics_remote",16,"remote, robot, sfm, ロボット, 位置姿勢, 超音波",拡張型スーパードラゴン多関節ロボットアームによる圧力容器内燃料デブリ調査への挑戦(委託研究); 令和2年度英知を結集した原子力科学技術・人材育成推進事業,https://jopss.jaea.go.jp/search/servlet/search?5071481,https://jopss.jaea.go.jp/pdfdata/JAEA-Review-2021-045.pdf
5069814,JAEA-Review 2020-040,拡張型スーパードラゴン多関節ロボットアームによる圧力容器内燃料デブリ調査への挑戦(委託研究); 令和元年度英知を結集した原子力科学技術・人材育成推進事業,Challenge to investigation of fuel debris in RPV by an advanced super dragon articulated robot arm (Contract research); FY2019 Nuclear Energy Science & Technology and Human Resource Development Project,廃炉環境国際共同研究センター; 東京工業大学*,Collaborative Laboratories for Advanced Decommissioning Science; Tokyo Institute of Technology*,日本原子力研究開発機構(JAEA)廃炉環境国際共同研究センター(CLADS)では、令和元年度英知を結集した原子力科学技術・人材育成推進事業(以下、「本事業」という)を実施している。本事業は、東京電力ホールディングス福島第一原子力発電所の廃炉等をはじめとした原子力分野の課題解決に貢献するため、国内外の英知を結集し、様々な分野の知見や経験を、従前の機関や分野の壁を越えて緊密に融合・連携させた基礎的・基盤的研究及び人材育成を推進することを目的としている。平成30年度の新規採択課題から実施主体を文部科学省からJAEAに移行することで、JAEAとアカデミアとの連携を強化し、廃炉に資する中長期的な研究開発・人材育成をより安定的かつ継続的に実施する体制を構築した。本研究は、研究課題のうち、「拡張型スーパードラゴン多関節ロボットアームによる圧力容器内燃料デブリ調査への挑戦」の令和元年度の研究成果について取りまとめたものである。本研究は、長尺の多関節ロボットアームにより、手先の位置姿勢の制御をしながら、アーム先端部の自己位置を把握しつつ炉内構造物の状況把握を行うとともに、核物質の分布状況把握を行う遠隔探査手法のアームへの実装技術を開発することを目的として、令和元年度は、ロボットアームの設計改良、LIBSプローブの試作・LIBS信号の確認・改良検討、LIBS改良検討のための模擬試験体の試作、超音波センサの開発、小型超音波送受信系の設計・試作、SfM技術・超音波計測技術による形状再構成の課題点の抽出などを行い、本報告書にとりまとめた。,"JAEA/CLADS had been conducting the Nuclear Energy Science & Technology and Human Resource Development Project in FY2019. Among the adopted proposals in FY2019, this report summarizes the research results of the ""Challenge to Investigation of Fuel Debris in RPV by an Advanced Super Dragon Articulated Robot Arm"" conducted in FY2019.",Japanese,55 Pages,2021/01,福島第一原子力発電所事故 ; Fukushima Daiichi Nuclear Power Station Accident ; Robot Arm ; Ultrasound ; SfM ; LIBS ; Remote Sensing,,https://doi.org/10.11484/jaea-review-2020-040,"3d_modeling, ar_mapping, robotics_remote",16,"remote, robot, sfm, ロボット, 位置姿勢, 超音波",拡張型スーパードラゴン多関節ロボットアームによる圧力容器内燃料デブリ調査への挑戦(委託研究); 令和元年度英知を結集した原子力科学技術・人材育成推進事業,https://jopss.jaea.go.jp/search/servlet/search?5069814,https://jopss.jaea.go.jp/pdfdata/JAEA-Review-2020-040.pdf
4055903,PNC TN9410 96-275,Implementation of a Particle Image Velocimetry (PIV) system; An example application of PIV to wake-flows behind objects,粒子画像流速測定(PIV)の実施; 物体後流におけるPIVの適用事例,"Tokuhiro, Akira; 菱田 公一; 大木 義久","Tokuhiro, Akira; Hishida, Koichi; Oki, Yoshihisa","粒子画像流速測定法(PIV)は,流れの中のトレーサー粒子の挙動を画像として記録することにより,流体の流れを測定する技術である。粒子は各フレーム毎に痕跡が記録され,相互相関により,2次元の流速場を得ることが出来る。これにより,3次元の流速場の測定も可能である。この測定法の画像処理にはコンピュータ,CCDカメラ,レーザー光が必要である。レーザーシートは流速場を得るべき面の粒子を発光させるために使用され,粒子と周辺流体とのコントラストを顕著にする。また,トレーサー粒子と流体や流体中を上昇する気泡界面などのレーザー光の反射面をより区別する手法としてレーザー誘起蛍光法(LIF)の適用の考えられる。LIFによる温度場の測定も可能である。本書では,PIVの導入方法について適用事例を通して述べる。適用事例としては,気泡とそれと同等な個体の後流についての試験を行った結果を示す。気泡モデルとして,幅と体積が気泡と同等である個体モデルにより近似できるものとした。この2成分2相流により空間的,時間的に変化する流れに対してのPIVの適用を実証することが出来る。さらに流れ場中の気泡や個体の画像を得るために,赤外線投影法を使用した。レーザーと赤外線の画像をCCDカメラで同時に撮影することにより,流れ場と物体の影を同時に記録できた。2次元流速場と共に,渦度,レイノルズ応力,乱流運動エネルギー(tke)分布を算出した。水による,正方流路内(100mm)対向流(Uavg~0.246m/sec)中に約10mm径の空気泡を入れた試験を行い,次の結果を得た。1)PIVは,気泡とそれと等価な大きさの個体の後方での後流について流れの違いを確認することが出来た。違いは気泡と個体の表面境界条件の違いにより生じるものである。2)気泡後方の後流場は,気泡の振動により空間的,時間的に変化する。すなわち,流速,渦度,乱流運動エネルギー分布は,振動挙動を伴った変化をする。3)気泡は,自分自身の運動によるエネルギー損失を最小にするように振る舞うため,乱流運動エネルギーを後流域に一様に分配するが,個体の場合では,乱流運動エネルギーは個体のごく近傍の制限された領域に分配される。しかしながら,乱流運動エネルギーの値はほぼ同じオーダーであることから,2つのケースでは乱流運動エネルギー散逸のメカニズムが異なっていると推測できる。また,PIVと超音波流速測定法により得られた一部の流速データに関して比較を行った。","Particle Image Velocimetry (PIV) describes a velocity measurement technique for gas and liquid flows whereby, as the name implies, movement of tracer particles in motion with the flow are recorded as images. The particles are framr-to-frame ""tracked by one of several correlation techniques from which a 2D vector field can be generated. A 3D vector field is also possible. The measurement method takes advantage of current computer, CCD camera and laser light technologies for its image processing needs. A laser light sheet is typically used to illuminate the tracer particles in the flow field of interest and when implemented accentuates the constrast between the particle and the transparent medium. One can also apply Laser Induced Fluorescence (LIF) in order to further distinguish the tracer particles, the transparent, continuous medium and any light reflecting surfaces in the flow field such as the interface of a gas bubble rising in a liquid. It is also possible to deduce the temperature field from LIF images. In the present work an introduction to PIV is given by way of an example. The selected flow configuration is that of wake-flow behind a bubble and its solid equivalent. By solid equivalent we mean a solid model with approximately the equivalent bubble breadth and volume. This two-component, two-phase flow aptly demonstrates the applicability of PIV to spatio-temporal flows. Use was additionally made of an Infrared Shadow Technique (IST) in order to capture the unlit image (shadow) of the bubble or solid within the flow field. By triggering both the laser and infrared light sources with the CCD camera, the shape of the object as well as the flow field was simultaneously recorded. Besides the 2D vector field, calculations of the vorticity, Reynolds stress and turbulent kinetic energy ( ) distributions were made. The results indicate that for counter-current flow (U sim$0.245 m/s) of water in a square channel (100 mm) with a single air bubble of ...",English,59 Pages,1996/10,no keyword,,,"3d_modeling, computer_vision, robotics_remote",16,"3d, 3次元, camera, image processing, カメラ, 画像処理, 赤外線, 超音波","画像として記録することにより,流体の流れを測定する技術である。粒子は各フレーム毎に痕跡が記録され,相互相関により,2次元の流速場を得ることが出来る。これにより,3次元の流速場の測定も可能である。この測定法の画像処理にはコンピュータ,CCDカメラ,レーザー光が必要である。レーザーシートは流速場を得るべき面の粒子を発光させるために使用され,粒子と周辺流体とのコントラストを顕著にする。また,トレーサー粒子と流",https://jopss.jaea.go.jp/search/servlet/search?4055903,https://jopss.jaea.go.jp/pdfdata/PNC-TN9410-96-275.pdf
4035275,PNC TN9420 94-017,粒子画像流速測定法に関する研究 -ナトリウム可視化および画像処理法の調査-,Investigations on 3-D velocimetry for liquid sodium flow; Review related to visualization method and image processing,大島 宏之,"Ohshima, Hiroyuki",高速炉炉内熱流動予測評価手法の開発・高度化には、冷却材である液体ナトリウムを用いた流動試験が不可欠であるが、高温かつ不透明というナトリウム環境下において、流況を正確に把握することは現状では非常に困難である。一方、近年コンピュータハードウェアの進歩に伴い、画像処理技術を応用した各種計測手法、特にトレーサを用いて多点の流速を同時に計測する粒子画像流速測定法の研究が盛んに行われている。そこで本研究では、ナトリウム流動に対する新たな流速計測手法の開発を目的として、画像処理を応用した流速場同時計測法に焦点を当て、その成立性・適用性を検討すべく調査を実施した。調査項目と結果は次のとおり。1)液体金属流速測定法の現状とナトリウム多次元流速測定への適用可能性課題が多いが、温度相関法、超音波伝播時間流速計、超音波ドップラー流速計が適用可能性あり。2)ナトリウム流動の可視化(映像化)可能性現状の可視化手法で直接適用し精度を確保できるものはないが、今後手法として確立できる可能性が高いのは超音波技術を応用して映像化するものである。3)粒子画像流速測定法の現状可視化された画像から3次元流速分布を算出する粒子画像流速測定法において、比較的ノイズの大きな画像データからでも精度の高い流速測定が可能である流速ベクトルヒストグラム法が最も有力な手法である。これらの現状調査より今後の研究の方向を、超音波を用いた可視化手法と流速ベクトルヒストグラム法を融合した多次元流速測定システムの構築とする。,"In order to develop the measurement techniques of the three-dimensional velocity distributions for the liquid sodium flow, the present measurement techniques were investigated and surmarized. In the Particle Image Velocimetry (PIV), a flow is visualized and the visualized images are processed to obtain the velocities. If the PIV technique for the sodium flow is developed, the high accurate velocity distributions in the complex sodium flow can be obtained only using simple instruments. At the present status, there exist two large problems to develop the sodium PIV technique. First, the visualization technique for the invisible sodium should be developed. Second, the generic PIV to measure the three-dimensional velocities should be improved. The current visualization techniques for the liquid metal were reviewed, showing few technique to apply the visualization of the sodium flow. However, the Ultra-Sonic visualization will be able to apply to the sodium flow with lots of improvement. The several techniques of the PIV were evaluated to measure the three-dimensional velocities. From the viewpoint of simplicity, applicability and noise-processing, the velocity vector Histogram method is recommended.",Japanese,82 Pages,1994/04,no keyword,,,"3d_modeling, computer_vision, robotics_remote",16,"3-d, 3次元, image processing, visualization, 可視化, 画像処理, 超音波",粒子画像流速測定法に関する研究 -ナトリウム可視化および画像処理法の調査-,https://jopss.jaea.go.jp/search/servlet/search?4035275,https://jopss.jaea.go.jp/pdfdata/PNC-TN9420-94-017.pdf
5077392,JAEA-Review 2024-020,無人航走体を用いた燃料デブリサンプルリターン技術の研究開発(委託研究); 令和4年度英知を結集した原子力科学技術・人材育成推進事業,Research and development of the sample-return technique for fuel debris using the unmanned underwater vehicle (Contract research); FY2022 Nuclear Energy Science & Technology and Human Resource Development Project,廃炉環境国際共同研究センター; 海上・港湾・航空技術研究所*,"Collaborative Laboratories for Advanced Decommissioning Science; National Institute of Maritime, Port and Aviation Technology*",日本原子力研究開発機構(JAEA)廃炉環境国際共同研究センター(CLADS)では、令和4年度英知を結集した原子力科学技術・人材育成推進事業(以下、「本事業」という)を実施している。本事業は、東京電力ホールディングス株式会社福島第一原子力発電所の廃炉等をはじめとした原子力分野の課題解決に貢献するため、国内外の英知を結集し、様々な分野の知見や経験を、従前の機関や分野の壁を越えて緊密に融合・連携させた基礎的・基盤的研究及び人材育成を推進することを目的としている。平成30年度の新規採択課題から実施主体を文部科学省からJAEAに移行することで、JAEAとアカデミアとの連携を強化し、廃炉に資する中長期的な研究開発・人材育成をより安定的かつ継続的に実施する体制を構築した。本研究は、令和2年度に採択された研究課題のうち、「無人航走体を用いた燃料デブリサンプルリターン技術の研究開発」の令和2年度から令和4年度分の研究成果について取りまとめたものである。本研究は、日英共同研究体制の下、耐放射線性を持ちつつ中性子検出効率を向上させた中性子検出器と、強力な切削能と収集能を持ったエンドエフェクタ並びにマニピュレータを融合させた燃料デブリサンプリング装置を開発し、それらを無人航走体へ搭載させた燃料デブリサンプリングシステムを構築することを目指したものである。さらに、システム位置を同定する測位システムと、光学カメラ、ソナー、今回開発する中性子検出器の計数情報を仮想現実システムへ投影させる技術を開発し、遠隔操作技術の向上に貢献する技術開発を行った。日本側が担当した燃料デブリマッピングツールの開発では、1)高耐放射線小型高効率中性子センサの開発、2)UUVプラットホームの開発、3)放射線環境シミュレーション及び積算中性子線量計の特性評価を実施した。実施項目1)ではシリコン半導体検出器に微細構造を施して中性子の感度を上げ、ガンマ線の感度を下げたMSNDの特性評価と専用集積回路を開発し、小型高効率中性子センサを実現した。実施項目2)では、燃料デブリマッピングツール構成要素(中性子センサ、水中カメラ、ソナー、LiDAR)が連動するための通信制御系とUUVプラットホームとのインターフェースを完成させた。,"The Collaborative Laboratories for Advanced Decommissioning Science (CLADS), Japan Atomic Energy Agency (JAEA), had been conducting the Nuclear Energy Science & Technology and Human Resource Development Project (hereafter referred to ""the Project"") in FY2022. The Project aims to contribute to solving problems in the nuclear energy field represented by the decommissioning of the Fukushima Daiichi Nuclear Power Station, Tokyo Electric Power Company Holdings, Inc. (TEPCO). For this purpose, intelligence was collected from all over the world, and basic research and human resource development were promoted by closely integrating/collaborating knowledge and experiences in various fields beyond the barrier of conventional organizations and research fields. The sponsor of the Project was moved from the Ministry of Education, Culture, Sports, Science and Technology to JAEA since the newly adopted proposals in FY2018. On this occasion, JAEA constructed a new research system where JAEA-academia collaboration is reinforced and medium-to-long term research/development and human resource development contributing to the decommissioning are stably and consecutively implemented. Among the adopted proposals in FY2020, this report summarizes the research results of the ""Research and development of the sample-return technique for fuel debris using the unmanned underwater vehicle"" conducted from FY2020 to FY2022. The present study aims to develop a fuel debris sampling device that comprises a neutron detector with radiation resistance and enhanced neutron detection efficiency, an end-effector with powerful cutting and collection capabilities, and a manipulator under the Japan-UK joint research team. We will also develop a fuel debris sampling system that can be mounted on an unmanned vehicle.",Japanese,77 Pages,2024/09,福島第一原子力発電所事故 ; Fukushima Daiichi Nuclear Power Station Accident ; Fuel Debris ; Microstructured Semiconductor Neutron Detector ; End Effector ; Manipulator ; Unmanned Underwater Vehicle ; Virtual Reality ; PHITS ; Bubble Detector,,https://doi.org/10.11484/jaea-review-2024-020,"ar_mapping, computer_vision, robotics_remote",15,"lidar, カメラ, マッピング, 遠隔操作",NDの特性評価と専用集積回路を開発し、小型高効率中性子センサを実現した。実施項目2)では、燃料デブリマッピングツール構成要素(中性子センサ、水中カメラ、ソナー、LiDAR)が連動するための通信制御系とUUVプラットホームとのインターフェースを完成させた。,https://jopss.jaea.go.jp/search/servlet/search?5077392,https://jopss.jaea.go.jp/pdfdata/JAEA-Review-2024-020.pdf
5071532,JAEA-Review 2022-027,ガンマ線画像スペクトル分光法による高放射線場環境の画像化による定量的放射能分布解析法(委託研究); 令和2年度英知を結集した原子力科学技術・人材育成推進事業,Quantitative analysis of radioactivity distribution by imaging of high radiation field environment using gamma-ray imaging spectroscopy (Contract research); FY2020 Nuclear Energy Science & Technology and Human Resource Development Project,廃炉環境国際共同研究センター; 京都大学*,Collaborative Laboratories for Advanced Decommissioning Science; Kyoto University*,日本原子力研究開発機構(JAEA)廃炉環境国際共同研究センター(CLADS)では、令和2年度英知を結集した原子力科学技術・人材育成推進事業(以下、「本事業」という)を実施している。本事業は、東京電力ホールディングス株式会社福島第一原子力発電所(1F)の廃炉等をはじめとした原子力分野の課題解決に貢献するため、国内外の英知を結集し、様々な分野の知見や経験を、従前の機関や分野の壁を越えて緊密に融合・連携させた基礎的・基盤的研究及び人材育成を推進することを目的としている。平成30年度の新規採択課題から実施主体を文部科学省からJAEAに移行することで、JAEAとアカデミアとの連携を強化し、廃炉に資する中長期的な研究開発・人材育成をより安定的かつ継続的に実施する体制を構築した。本研究は、研究課題のうち、平成30年度に採択された「ガンマ線画像スペクトル分光法による高放射線場環境の画像化による定量的放射能分布解析法」の平成30年度から令和3年度の研究成果について取りまとめたものである(令和3年度まで契約延長)。本課題は令和3年度が最終年度となるため4年度分の成果を取りまとめた。本研究では、ガンマ線イメージング装置であるETCCを1F廃炉事業での使用可能な可搬型装置でかつ高線量環境下で動作可能なように改良し、廃炉の現場に導入できるようにした。ETCCは世界初の光学カメラと同じ全単射撮像が可能なガンマ線カメラである。そのためETCCは一般的な定量的画像解析法を放射線にも適用可能とすることが可能で、1Fの廃炉に係る解決すべき6つの重点課題に革新的進展をもたらす。例えば廃炉工事で発生する汚染の飛散を3次元ガンマ線イメージングによりオンラインで検知、さらに拡散の動的な検知から精度の高い拡散予想を可能にする。それを実証するため令和元年に、1F敷地内1㎞四方を一度に画像モニタリングし、同時に100か所以上のスペクトル観測を実現し、今まで不明だったスカイシャインガンマ線スペクトル及び分布の計測に成功した。さらに京都大学複合原子力科学研究所原子炉建屋内の3次元線量計測を実施、微量なAr41の大気拡散を3次元の動画撮像に成功。廃炉を超え一般の原子炉での高精度な放射線3次元画像モニタリング及び放射能拡散予想システムが実現できることを示す画期的な成果が得られた。,"The Collaborative Laboratories for Advanced Decommissioning Science (CLADS), Japan Atomic Energy Agency (JAEA), had been conducting the Nuclear Energy Science & Technology and Human Resource Development Project (hereafter referred to ""the Project"") in FY2020. The Project aims to contribute to solving problems in the nuclear energy field represented by the decommissioning of the Fukushima Daiichi Nuclear Power Station (1F), Tokyo Electric Power Company Holdings, Inc. (TEPCO). For this purpose, intelligence was collected from all over the world, and basic research and human resource development were promoted by closely integrating/collaborating knowledge and experiences in various fields beyond the barrier of conventional organizations and research fields. The sponsor of the Project was moved from the Ministry of Education, Culture, Sports, Science and Technology to JAEA since the newly adopted proposals in FY2018. On this occasion, JAEA constructed a new research system where JAEA-academia collaboration is reinforced and medium-to-long term research/development and human resource development contributing to the decommissioning are stably and consecutively implemented. Among the adopted proposals in FY2018, this report summarizes the research results of the ""Quantitative analysis of radioactivity distribution by imaging of high radiation field environment using gamma-ray imaging spectroscopy"" conducted from FY2018 to FY2021 (this contract was extended to FY2021). Since the final year of this proposal was FY2021, the results for four fiscal years were summarized. In this study, ETCC, a gamma-ray imaging system, was modified to be a portable device that can be used in 1F decommissioning project and can operate in high-dose environments. ETCC is the world's first gamma-ray camera capable of complete bijective imaging, the same as an optical camera. Therefore, ETCC can make general quantitative image analysis methods applicable to radiation, …",Japanese,85 Pages,2022/11,福島第一原子力発電所事故 ; Fukushima Daiichi Nuclear Power Station Accident ; Spectroscopy ; Gamma-ray Imaging ; Compton Camera ; Large Eddy Simulation ; PHITS ; LOHDIM,,https://doi.org/10.11484/jaea-review-2022-027,"3d_modeling, computer_vision, robotics_remote",15,"3次元, camera, image analysis, imaging, イメージング, カメラ, 画像解析",Quantitative analysis of radioactivity distribution by imaging of high radiation field environment using gamma-ray imaging spectroscopy (Contract research); FY2020 Nuclear Energy Sci,https://jopss.jaea.go.jp/search/servlet/search?5071532,https://jopss.jaea.go.jp/pdfdata/JAEA-Review-2022-027.pdf
5069619,JAEA-Review 2020-062,被災地探査や原子力発電所建屋内情報収集のための半自律ロボットを用いたセマンティックサーベイマップ生成システムの開発(委託研究); 令和元年度英知を結集した原子力科学技術・人材育成推進事業,Development of semantic survey map building system using semi-autonomous mobile robots for surveying of disaster area and gathering of information in nuclear power station (Contract research); FY2019 Nuclear Energy Science & Technology and Human Resource Development Project,廃炉環境国際共同研究センター; 東京工芸大学*,Collaborative Laboratories for Advanced Decommissioning Science; Tokyo Polytechnic University*,"日本原子力研究開発機構(JAEA)廃炉環境国際共同研究センター(CLADS)では、令和元年度英知を結集した原子力科学技術・人材育成推進事業(以下、「本事業」という)を実施している。本事業は、東京電力ホールディングス福島第一原子力発電所の廃炉等をはじめとした原子力分野の課題解決に貢献するため、国内外の英知を結集し、様々な分野の知見や経験を、従前の機関や分野の壁を越えて緊密に融合・連携させた基礎的・基盤的研究及び人材育成を推進することを目的としている。平成30年度の新規採択課題から実施主体を文部科学省からJAEAに移行することで、JAEAとアカデミアとの連携を強化し、廃炉に資する中長期的な研究開発・人材育成をより安定的かつ継続的に実施する体制を構築した。本研究は、研究課題のうち、平成30年度に採択された「被災地探査や原子力発電所建屋内情報収集のための半自律ロボットを用いたセマンティックサーベイマップ生成システムの開発」の令和元年度の研究成果について取りまとめたものである。本研究の目的は、災害時においてヒトの立ち入りが困難となった原子力発電所建屋内などの状況調査を対象に、簡単・安全・迅速に複数種類の情報(空間線量,温度,障害物等)を含んだセマンティックサーベイマップを生成する半自律ロボットシステムの研究・開発(カメラシステム,セマンティックSLAM,移動経路学習及び安全な経路提示システム)である。","JAEA/CLADS had been conducting the Nuclear Energy Science & Technology and Human Resource Development Project in FY2019. Among the adopted proposals in FY2018, this report summarizes the research results of the ""Development of Semantic Survey Map Building System using Semi-autonomous Mobile Robots for Surveying of Disaster Area and Gathering of Information in Nuclear Power Station"" conducted in FY2019.",Japanese,47 Pages,2021/01,福島第一原子力発電所事故 ; Fukushima Daiichi Nuclear Power Station Accident ; Robot Teleoperation ; Semi-autonomous Mobile Robot ; Sensor Fusion ; SLAM ; Reinforcement Learning ; Semantic Survey Map ; Information Gathering ; Disaster Area,,https://doi.org/10.11484/jaea-review-2020-062,"ar_mapping, computer_vision, robotics_remote",15,"robot, slam, カメラ, ロボット",被災地探査や原子力発電所建屋内情報収集のための半自律ロボットを用いたセマンティックサーベイマップ生成システムの開発(委託研究); 令和元年度英知を結集した原子力科学技術・人材育成推進事業,https://jopss.jaea.go.jp/search/servlet/search?5069619,https://jopss.jaea.go.jp/pdfdata/JAEA-Review-2020-062.pdf
2075646,JAERI-M 92-112,超音波応用による位置同定方法の基礎実験,Basic experiment on an ultrasonic method of localization,藤井 義雄; 猪俣 新次; 鈴木 勝男; 鈴土 知明; 篠原 慶邦,"Fujii, Yoshio; not registered; Suzuki, Katsuo; Suzudo, Tomoaki; Shinohara, Yoshikuni",本報告は、ビデオカメラが機能できないような原子力施設内の極めて強い放射線環境や、濃い煙のような不透明媒質が充満した室内で作業を行う移動ロボットの位置決めのための、超音波を応用した位置同定方法に関する基礎実験結果について述べている。また、使用した超音波センサの基本的特性・センサ信号処理に使用したシステムの概要、構造化したプログラムの並列処理の方法等についても述べている。本実験の結果、超音波センサの使い方や信号処理の方法によっては十分に高精度な位置同定が可能であることや、高精度で安定数の優れた測定系を構成するためには、それなりの対策が必要であることなどが明らかとなった。今回用いたプロセス並列処理の方法は構造化された複数のプロセス間の同期をとって通信を行う有効な方法であり、他のセンサ信号処理システムを構築する際にも大いに活用できる。,no abstracts in English,Japanese,64 Pages,1992/08,超音波 ; 超音波センサ ; セラミック共振子 ; 超音波送波器 ; 超音波受波器 ; 指向特性 ; セマフォ ; 共有メモリ,,https://doi.org/10.11484/jaeri-m-92-112,"ar_mapping, computer_vision, robotics_remote",15,"localization, カメラ, ロボット, 超音波",超音波応用による位置同定方法の基礎実験,https://jopss.jaea.go.jp/search/servlet/search?2075646,https://jopss.jaea.go.jp/pdfdata/JAERI-M-92-112.pdf
5085119,JAEA-Review 2025-039,大規模イベント等のための核セキュリティ技術開発(共同研究),Development of nuclear security technologies for a large public event (Collaboration research),高橋 時音; 持丸 貴則*; 小泉 光生; 吉見 優希*; 山西 弘城*; 若林 源一郎*; 伊藤 史哲*,"Takahashi, Tone; Mochimaru, Takanori*; Koizumi, Mitsuo; Yoshimi, Yuki*; Yamanishi, Hirokuni*; Wakabayashi, Genichiro*; Ito, Fumiaki*",大規模イベント等において、核・放射性物質を用いたテロ行為を未然に防ぐために、それらの物質を持ち込ませない、あるいは、持ち込まれたとしても迅速に検知し対応するための監視技術の強化が求められている。従来は、イベント会場及びその周辺の要所にゲートモニターを設置し、通過する人や車両等を監視して、不審な物品の持ち込みがないことを確認する手法がとられてきたが、監視をすり抜ける場合を考慮すると、ゲート内のエリアを継続的にサーベイする補完的な技術が必要である。サーベイする領域が広い場合には、移動しながら放射線を測定し、各測定点の放射線量を地図上に記録していく放射線マッピングが有効である。複数の検出器を用いて並行して測定を進め、結果を集約することで、より効率的にサーベイを行うことができる。そこで本技術開発では、屋外で位置情報と放射線を同時に計測できる可搬型検出器を開発し、測定結果をネットワークで集約し、即時にマップ上で確認できる技術の開発を進めた。屋内においては、通過した場所の周辺環境地図を作成するSLAMに放射線測定結果を統合し、3次元地図を作成する技術を開発した。また、核物質を含む中性子源の迅速な検知のために、高速中性子検出器を用いた線源探索技術開発を進めた。本稿では、広域サーベイシステムのコンセプトについて述べるとともに、これまでの技術開発で得られた成果等について報告する。,"To prevent acts of terrorism involving nuclear or radioactive materials at major public events, it is required to have surveillance technologies that either prevent these materials from being brought in or detect quickly if somebody brings them in secretly. Setting radiation gate monitors to survey pedestrians and vehicles is one of the effective methods. However, considering the possibility of individuals bypassing these monitors, complementary technologies are needed to continuously survey areas inside the gates. To survey extensive areas, radiation mapping is effective. By using multiple detectors and aggregating the data, the survey becomes much more efficient. We have developed mobile detectors capable of simultaneously measuring location data and radiation levels outdoors, with the ability to aggregate measurement results via a network and immediately visualize them on a map. For indoor environments, we have developed a technology that integrates radiation measurement results with environmental mapping created using SLAM (Simultaneous Localization and Mapping) to produce 3D maps of the surveyed areas. Additionally, we have been working on the development of a source search technology using a fast neutron detector to quickly detect neutron sources, including nuclear materials. In this report, we describe a concept of the wide area survey system and report technology development results so far.",Japanese,34 Pages,2025/11,Wide Area Monitoring ; Nuclear Security ; Gamma Detector ; Fast Neutron Detection ; Unmanned Vehicle ; Low Power Wide Area ; Radiation Mapping ; Nuclear Material Detection ; Mobile Devices,,https://doi.org/10.11484/jaea-review-2025-039,"3d_modeling, ar_mapping",14,"3d, 3次元, localization, mapping, slam, マッピング",結果をネットワークで集約し、即時にマップ上で確認できる技術の開発を進めた。屋内においては、通過した場所の周辺環境地図を作成するSLAMに放射線測定結果を統合し、3次元地図を作成する技術を開発した。また、核物質を含む中性子源の迅速な検知のために、高速中性子検出器を用いた線源探索技術開発を進めた。本稿では、広域サーベイシステムのコンセプトについて述べるとともに、これまでの技術開発で得られた成果等について報告,https://jopss.jaea.go.jp/search/servlet/search?5085119,https://jopss.jaea.go.jp/pdfdata/JAEA-Review-2025-039.pdf
5077372,JAEA-Review 2023-023,燃料デブリ取り出し時における炉内状況把握のための遠隔技術に関する研究人材育成(委託研究); 令和4年度英知を結集した原子力科学技術・人材育成推進事業,Human resource development related to remote control technology for monitoring inside RPV pedestal during retrieval of fuel debris (Contract research); FY2022 Nuclear Energy Science & Technology and Human Resource Development Project,廃炉環境国際共同研究センター; 東京大学*,Collaborative Laboratories for Advanced Decommissioning Science; The University of Tokyo*,日本原子力研究開発機構(JAEA)廃炉環境国際共同研究センター(CLADS)では、令和4年度英知を結集した原子力科学技術・人材育成推進事業(以下、「本事業」という)を実施している。本事業は、東京電力ホールディングス株式会社福島第一原子力発電所の廃炉等をはじめとした原子力分野の課題解決に貢献するため、国内外の英知を結集し、様々な分野の知見や経験を、従前の機関や分野の壁を越えて緊密に融合・連携させた基礎的・基盤的研究及び人材育成を推進することを目的としている。平成30年度の新規採択課題から実施主体を文部科学省からJAEAに移行することで、JAEAとアカデミアとの連携を強化し、廃炉に資する中長期的な研究開発・人材育成をより安定的かつ継続的に実施する体制を構築した。本研究は、令和元年度に採択された研究課題のうち、「燃料デブリ取り出し時における炉内状況把握のための遠隔技術に関する研究人材育成」の令和4年度分の研究成果について取りまとめたものである。本研究では、燃料デブリ取り出し時における炉内状況把握のためのモニタリングプラットフォームの構築、およびプラットフォーム上を移動するセンサによる計測・可視化に関する研究開発を行う。また、このような研究課題に参画することによる研究教育、講義等の座学、施設見学の3つの柱で研究人材を育成することを目的とする。令和4年度は、最終年度に向けて各システムの改良、拡張を行い、模擬環境などでの検証実験を行った。,"The Collaborative Laboratories for Advanced Decommissioning Science (CLADS), Japan Atomic Energy Agency (JAEA), had been conducting the Nuclear Energy Science & Technology and Human Resource Development Project (hereafter referred to ""the Project"") in FY2022. The Project aims to contribute to solving problems in the nuclear energy field represented by the decommissioning of the Fukushima Daiichi Nuclear Power Station, Tokyo Electric Power Company Holdings, Inc. (TEPCO). For this purpose, intelligence was collected from all over the world, and basic research and human resource development were promoted by closely integrating/collaborating knowledge and experiences in various fields beyond the barrier of conventional organizations and research fields. The sponsor of the Project was moved from the Ministry of Education, Culture, Sports, Science and Technology to JAEA since the newly adopted proposals in FY2018. On this occasion, JAEA constructed a new research system where JAEA-academia collaboration is reinforced and medium-to-long term research/development and human resource development contributing to the decommissioning are stably and consecutively implemented. Among the adopted proposals in FY2019, this report summarizes the research results of the ""Human Resource Development Related to Remote Control Technology for Monitoring Inside RPV Pedestal during Retrieval of Fuel Debris"" conducted in FY2022. The present study aims to construct a monitoring platform for understanding the status inside a reactor during fuel debris removal, and measurement and visualization by sensors moving on the platform. In addition, to develop research personnel through research education by participating in such research projects, classroom lectures, and facility tours is also a goal of this project. In FY2022, each system was improved and expanded toward the final year, and verification experiments were conducted in simulated environments.",Japanese,99 Pages,2024/03,福島第一原子力発電所事故 ; Fukushima Daiichi Nuclear Power Station Accident ; Monitoring Platform ; Visualization ; Teleoperation ; Radiation Measurement ; 3D Reconstruction,,https://doi.org/10.11484/jaea-review-2023-023,"3d_modeling, computer_vision, robotics_remote",14,"3d, remote, visualization, 可視化, 遠隔技術",燃料デブリ取り出し時における炉内状況把握のための遠隔技術に関する研究人材育成(委託研究); 令和4年度英知を結集した原子力科学技術・人材育成推進事業,https://jopss.jaea.go.jp/search/servlet/search?5077372,https://jopss.jaea.go.jp/pdfdata/JAEA-Review-2023-023.pdf
5073943,JAEA-Review 2022-032,燃料デブリ取り出し時における炉内状況把握のための遠隔技術に関する研究人材育成(委託研究); 令和3年度英知を結集した原子力科学技術・人材育成推進事業,Human resource development related to remote control technology for monitoring inside RPV pedestal during retrieval of fuel debris (Contract research); FY2021 Nuclear Energy Science & Technology and Human Resource Development Project,廃炉環境国際共同研究センター; 東京大学*,Collaborative Laboratories for Advanced Decommissioning Science; The University of Tokyo*,日本原子力研究開発機構(JAEA)廃炉環境国際共同研究センター(CLADS)では、令和3年度英知を結集した原子力科学技術・人材育成推進事業(以下、「本事業」という)を実施している。本事業は、東京電力ホールディングス株式会社福島第一原子力発電所の廃炉等を始めとした原子力分野の課題解決に貢献するため、国内外の英知を結集し、様々な分野の知見や経験を、従前の機関や分野の壁を越えて緊密に融合・連携させた基礎的・基盤的研究及び人材育成を推進することを目的としている。平成30年度の新規採択課題から実施主体を文部科学省からJAEAに移行することで、JAEAとアカデミアとの連携を強化し、廃炉に資する中長期的な研究開発・人材育成をより安定的かつ継続的に実施する体制を構築した。本研究は、研究課題のうち、令和元年度に採択された「燃料デブリ取り出し時における炉内状況把握のための遠隔技術に関する研究人材育成」の令和3年度の研究成果について取りまとめたものである。本研究は、燃料デブリ取り出し時における炉内状況把握のためのモニタリングプラットフォームの構築、およびプラットフォーム上を移動するセンサによる計測・可視化に関する研究開発を行う。また、このような研究課題に参画することによる研究教育、講義等の座学、施設見学の3つの柱で研究人材を育成することを目的とする。令和3年度は、主に令和2年度に取り組んだ基本設計および要素開発の改良に取り組むとともに、統合実験の準備を行った。,"The Collaborative Laboratories for Advanced Decommissioning Science (CLADS), Japan Atomic Energy Agency (JAEA), had been conducting the Nuclear Energy Science & Technology and Human Resource Development Project (hereafter referred to ""the Project"") in FY2021. The Project aims to contribute to solving problems in the nuclear energy field represented by the decommissioning of the Fukushima Daiichi Nuclear Power Station, Tokyo Electric Power Company Holdings, Inc. (TEPCO). For this purpose, intelligence was collected from all over the world, and basic research and human resource development were promoted by closely integrating/collaborating knowledge and experiences in various fields beyond the barrier of conventional organizations and research fields. The sponsor of the Project was moved from the Ministry of Education, Culture, Sports, Science and Technology to JAEA since the newly adopted proposals in FY2018. On this occasion, JAEA constructed a new research system where JAEA-academia collaboration is reinforced and medium-to-long term research/development and human resource development contributing to the decommissioning are stably and consecutively implemented. Among the adopted proposals in FY2019, this report summarizes the research results of the ""Human resource development related to remote control technology for monitoring inside RPV pedestal during retrieval of fuel debris"" conducted in FY2021. The present study aims to construct a monitoring platform for understanding the status inside a reactor during fuel debris removal, and measurement and visualization by sensors moving on the platform. In addition, to develop research personnel through research education by participating in such research projects, classroom lectures, and facility tours is also a goal of this project. In FY2021, we mainly worked on improving the base design and technology development that we had worked on in the previous year, and we also prepared for integration experiments.",Japanese,102 Pages,2022/12,福島第一原子力発電所事故 ; Fukushima Daiichi Nuclear Power Station Accident ; Monitoring Platform ; Visualization ; Teleoperation ; Radiation Measurement ; 3D Reconstruction,,https://doi.org/10.11484/jaea-review-2022-032,"3d_modeling, computer_vision, robotics_remote",14,"3d, remote, visualization, 可視化, 遠隔技術",燃料デブリ取り出し時における炉内状況把握のための遠隔技術に関する研究人材育成(委託研究); 令和3年度英知を結集した原子力科学技術・人材育成推進事業,https://jopss.jaea.go.jp/search/servlet/search?5073943,https://jopss.jaea.go.jp/pdfdata/JAEA-Review-2022-032.pdf
5071488,JAEA-Review 2021-030,燃料デブリ取り出し時における炉内状況把握のための遠隔技術に関する研究人材育成(委託研究); 令和2年度英知を結集した原子力科学技術・人材育成推進事業,Human resource development related to remote control technology for monitoring inside RPV pedestal during retrieval of fuel debris (Contract research); FY2020 Nuclear Energy Science & Technology and Human Resource Development Project,廃炉環境国際共同研究センター; 東京大学*,Collaborative Laboratories for Advanced Decommissioning Science; The University of Tokyo*,日本原子力研究開発機構(JAEA)廃炉環境国際共同研究センター(CLADS)では、令和2年度英知を結集した原子力科学技術・人材育成推進事業(以下、「本事業」という)を実施している。本事業は、東京電力ホールディングス株式会社福島第一原子力発電所の廃炉等をはじめとした原子力分野の課題解決に貢献するため、国内外の英知を結集し、様々な分野の知見や経験を、従前の機関や分野の壁を越えて緊密に融合・連携させた基礎的・基盤的研究及び人材育成を推進することを目的としている。平成30年度の新規採択課題から実施主体を文部科学省からJAEAに移行することで、JAEAとアカデミアとの連携を強化し、廃炉に資する中長期的な研究開発・人材育成をより安定的かつ継続的に実施する体制を構築した。本研究は、研究課題のうち、令和元年度に採択された「燃料デブリ取り出し時における炉内状況把握のための遠隔技術に関する研究人材育成」の令和2年度の研究成果について取りまとめたものである。本研究では、燃料デブリ取り出し時における炉内状況把握のためのモニタリングプラットフォームの構築、およびプラットフォーム上を移動するセンサによる計測・可視化に関する研究開発を行う。また、このような研究課題に参画することによる研究教育、講義等の座学、施設見学、の3つの柱で研究人材を育成することを目的とする。令和2年度は、主に基本設計および要素開発に取り組んだ。,"The Collaborative Laboratories for Advanced Decommissioning Science (CLADS), Japan Atomic Energy Agency (JAEA), had been conducting the Nuclear Energy Science & Technology and Human Resource Development Project (hereafter referred to ""the Project"") in FY2020. The Project aims to contribute to solving problems in the nuclear energy field represented by the decommissioning of the Fukushima Daiichi Nuclear Power Station, Tokyo Electric Power Company Holdings, Inc. (TEPCO). For this purpose, intelligence was collected from all over the world, and basic research and human resource development were promoted by closely integrating/collaborating knowledge and experiences in various fields beyond the barrier of conventional organizations and research fields. The sponsor of the Project was moved from the Ministry of Education, Culture, Sports, Science and Technology to JAEA since the newly adopted proposals in FY2018. On this occasion, JAEA constructed a new research system where JAEA-academia collaboration is reinforced and medium-to-long term research/development and human resource development contributing to the decommissioning are stably and consecutively implemented. Among the adopted proposals in FY2019, this report summarizes the research results of the ""Human resource development related to remote control technology for monitoring inside RPV pedestal during retrieval of fuel debris"" conducted in FY2020. This study deals with construction of a monitoring platform for understanding the status inside a reactor during fuel debris removal, and measurement and visualization by sensors moving on the platform. In addition, to develop research personnel through research education by participating in such research projects, classroom lectures, and facility tours is also a goal of this project. In FY2020, the main activities were base design and underlying technology development.",Japanese,79 Pages,2021/12,福島第一原子力発電所事故 ; Fukushima Daiichi Nuclear Power Station Accident ; Monitoring Platform ; Visualization ; Teleoperation ; Radiation Measurement ; 3D Reconstruction,,https://doi.org/10.11484/jaea-review-2021-030,"3d_modeling, computer_vision, robotics_remote",14,"3d, remote, visualization, 可視化, 遠隔技術",燃料デブリ取り出し時における炉内状況把握のための遠隔技術に関する研究人材育成(委託研究); 令和2年度英知を結集した原子力科学技術・人材育成推進事業,https://jopss.jaea.go.jp/search/servlet/search?5071488,https://jopss.jaea.go.jp/pdfdata/JAEA-Review-2021-030.pdf
5069847,JAEA-Review 2020-028,燃料デブリ取り出し時における炉内状況把握のための遠隔技術に関する研究人材育成(委託研究); 令和元年度英知を結集した原子力科学技術・人材育成推進事業,Human resource development related to remote control technology for monitoring inside RPV pedestal during retrieval of fuel debris (Contract research); FY2019 Nuclear Energy Science & Technology and Human Resource Development Project,廃炉環境国際共同研究センター; 東京大学*,Collaborative Laboratories for Advanced Decommissioning Science; The University of Tokyo*,"日本原子力研究開発機構(JAEA)廃炉環境国際共同研究センター(CLADS)では、令和元年度英知を結集した原子力科学技術・人材育成推進事業(以下、「本事業」という)を実施している。本事業は、東京電力ホールディングス福島第一原子力発電所の廃炉等をはじめとした原子力分野の課題解決に貢献するため、国内外の英知を結集し、様々な分野の知見や経験を、従前の機関や分野の壁を越えて緊密に融合・連携させた基礎的・基盤的研究及び人材育成を推進することを目的としている。平成30年度の新規採択課題から実施主体を文部科学省からJAEAに移行することで、JAEA とアカデミアとの連携を強化し、廃炉に資する中長期的な研究開発・人材育成をより安定的かつ継続的に実施する体制を構築した。本研究は、研究課題のうち、「燃料デブリ取り出し時における炉内状況把握のための遠隔技術に関する研究人材育成」の令和元年度の研究成果について取りまとめたものである。本研究では、燃料デブリ取り出し時における炉内状況把握のためのモニタリングプラットフォームの構築、およびプラットフォーム上を移動するセンサによる計測・可視化に関する研究開発を行う。また、このような研究課題に参画することによる研究教育,講義等の座学,施設見学、の3つの柱で研究人材を育成することを目的とする。令和元年度は、主に概念設計,試作,コンセプト立案を行った。","The Collaborative Laboratories for Advanced Decommissioning Science (CLADS), Japan Atomic Energy Agency (JAEA), had been conducting the Nuclear Energy Science & Technology and Human Resource Development Project (hereafter referred to ""the Project"") in FY2019. The Project aims to contribute to solving problems in the nuclear energy field represented by the decommissioning of the Fukushima Daiichi Nuclear Power Station, Tokyo Electric Power Company Holdings, Inc. (TEPCO). For this purpose, intelligence was collected from all over the world, and basic research and human resource development were promoted by closely integrating/collaborating knowledge and experiences in various fields beyond the barrier of conventional organizations and research fields. The sponsor of the Project was moved from the Ministry of Education, Culture, Sports, Science and Technology to JAEA since the newly adopted proposals in FY2018. On this occasion, JAEA constructed a new research system where JAEA-academia collaboration is reinforced and medium-to-long term research/development and human resource development contributing to the decommissioning are stably and consecutively implemented. Among the adopted proposals in FY2019, this report summarizes the research results of the ""Human Resource Development Related to Remote Control Technology for Monitoring Inside RPV Pedestal during Retrieval of Fuel Debris"". This study deals with construction of a monitoring platform for understanding the status inside a reactor during fuel debris removal, and measurement and visualization by sensors moving on the platform. In addition, to develop research personnel through research education by participating in such research projects, classroom lectures, and facility tours is also a goal of this project. In FY2019, the main activities were conceptual design, prototyping, and conceptual planning.",Japanese,68 Pages,2021/01,福島第一原子力発電所事故 ; Fukushima Daiichi Nuclear Power Station Accident ; Monitoring Platform ; Visualization ; Teleoperation ; Radiation Measurement ; 3D Reconstruction,,https://doi.org/10.11484/jaea-review-2020-028,"3d_modeling, computer_vision, robotics_remote",14,"3d, remote, visualization, 可視化, 遠隔技術",燃料デブリ取り出し時における炉内状況把握のための遠隔技術に関する研究人材育成(委託研究); 令和元年度英知を結集した原子力科学技術・人材育成推進事業,https://jopss.jaea.go.jp/search/servlet/search?5069847,https://jopss.jaea.go.jp/pdfdata/JAEA-Review-2020-028.pdf
5069757,JAEA-Review 2020-044,ガンマ線画像スペクトル分光法による高放射線場環境の画像化による定量的放射能分布解析法(委託研究); 令和元年度英知を結集した原子力科学技術・人材育成推進事業,Quantitative analysis of radioactivity distribution by imaging of high radiation field environment using gamma-ray imaging spectroscopy (Contract research); FY2019 Nuclear Energy Science & Technology and Human Resource Development Project,廃炉環境国際共同研究センター; 京都大学*,Collaborative Laboratories for Advanced Decommissioning Science; Kyoto University*,日本原子力研究開発機構(JAEA)廃炉環境国際共同研究センター(CLADS)では、令和元年度英知を結集した原子力科学技術・人材育成推進事業(以下、「本事業」という)を実施している。本事業は、東京電力ホールディングス福島第一原子力発電所の廃炉等をはじめとした原子力分野の課題解決に貢献するため、国内外の英知を結集し、様々な分野の知見や経験を、従前の機関や分野の壁を越えて緊密に融合・連携させた基礎的・基盤的研究及び人材育成を推進することを目的としている。平成30年度の新規採択課題から実施主体を文部科学省からJAEAに移行することで、JAEAとアカデミアとの連携を強化し、廃炉に資する中長期的な研究開発・人材育成をより安定的かつ継続的に実施する体制を構築した。本研究は、研究課題のうち、平成30年度に採択された「ガンマ線画像スペクトル分光法による高放射線場環境の画像化による定量的放射能分布解析法」の令和元年度の研究成果について取りまとめたものである。本研究では、ガンマ線イメージング装置であるETCCを高線量環境下で動作可能に改良するとともに、可搬型システムを構築して、福島第一原子力発電所(1F)の現場に導入できるようにする。また、ETCCを応用した定量的放射能分布解析法を開発し組み合わせることで、1Fの廃炉に係る解決すべき6つの重点課題に革新的な進歩をもたらす。これにより、3次元放射線分布、その由来の放射能分布を定量的に可視化できるシステムを実現させる。,"The Collaborative Laboratories for Advanced Decommissioning Science (CLADS), Japan Atomic Energy Agency (JAEA), had been conducting the Nuclear Energy Science & Technology and Human Resource Development Project (hereafter referred to ""the Project"") in FY2019. The Project aims to contribute to solving problems in the nuclear energy field represented by the decommissioning of the Fukushima Daiichi Nuclear Power Station, Tokyo Electric Power Company Holdings, Inc. (TEPCO). For this purpose, intelligence was collected from all over the world, and basic research and human resource development were promoted by closely integrating/collaborating knowledge and experiences in various fields beyond the barrier of conventional organizations and research fields. The sponsor of the Project was moved from the Ministry of Education, Culture, Sports, Science and Technology to JAEA since the newly adopted proposals in FY2018. On this occasion, JAEA constructed a new research system where JAEA-academia collaboration is reinforced and medium-to-long term research/development and human resource development contributing to the decommissioning are stably and consecutively implemented. Among the adopted proposals in FY2018, this report summarizes the research results of the ""Quantitative analysis of radioactivity distribution by imaging of high radiation field environment using gamma-ray imaging spectroscopy"" Conducted in FY2019. In this study, a gamma-ray imaging detector, ETCC, will be improved to operate under high dose conditions, and a portable system will be constructed to be installed in the Fukushima Daiichi Nuclear PowerStation (1F). In addition, the development and combination of ETCC-based quantitative radioactivity distribution analysis methods will lead to innovative advances in the six key issues to be solved for the decommissioning of the 1F. This system will enable us to quantitatively visualize the three-dimensional radiation distribution and its origin.",Japanese,79 Pages,2021/01,福島第一原子力発電所事故 ; Fukushima Daiichi Nuclear Power Station Accident ; Spectroscopy ; Gamma-ray Imaging ; Compton Camera ; Large Eddy Simulation ; PHITS ; LOHDIM,,https://doi.org/10.11484/jaea-review-2020-044,"3d_modeling, computer_vision, robotics_remote",14,"3次元, camera, imaging, イメージング, 可視化",Quantitative analysis of radioactivity distribution by imaging of high radiation field environment using gamma-ray imaging spectroscopy (Contract research); FY2019 Nuclear Energy Sci,https://jopss.jaea.go.jp/search/servlet/search?5069757,https://jopss.jaea.go.jp/pdfdata/JAEA-Review-2020-044.pdf
4037045,JNC TN9410 2001-028,レーザ除染技術の開発(7) -レーザ除染後の汚染分析確認試験-,Development of laser decontamination technique (VII); The pollution distribution check examination of the test piece after laser decontamination,小川 竜一郎; 福井 康太; 吉澤 俊司; 谷本 健一,"not registered; Fukui, Yasutaka; not registered; Tanimoto, Kenichi",物質表面にレーザ光線を照射することにより、表面を急速に加熱して、溶融、蒸散させることが出来る。このプロセスを利用して汚染された機器表面の除染を行うレーザ除染技術を開発している。これまでに、 ノーマルパルスYAGレーザによる除染試験を実施した結果、150 m以上表面層を研磨しても、放射性核種が残留していることがわかった。このために、レーザ除染時の溶融によって放射性核種が金属中に残留している深さを確認するため、 ノーマルパルスYAGレーザを照射した金属片を用いて試験を行った。試験結果は以下のとおりである。1)マイクロスコープによる試験片の表面観察では、凹凸の幅は200 500 であった。また、溶融の際に生じたドロスの再付着による物と思われる付着物が存在していた。 2)蛍光X線分析装置を用いた金属組成分析では、アシストガスにAirを用いた試験片にCrの偏析が観察された。アシストガスにArを用いた試験片には偏析は観察されていない。3)イメージングプレート、オートラジオグラフィによる試験へのの観察では、明確な分析は確認できなかった。しかし、放射性核種は約500 m以下の表面のごく一部の範囲に存在していることは観察できた。4)試験片の段階研磨とGe測定器による放射線量測定試験からは、アシストガスにArを用いた試験片では120 m、アシストガスにAirを用いた試験片では、300 m深さまで汚染が取り込まれていることが確認できた。,"On irradiating laser ray to surface of metal, the surface is rapidly heated, melted, and evaporated. Laser decontamination technique has been developed by using the transpire process to radionuclides contaminated machine surface. The decontamination experiments using normal pulse YAG laser and hot sample were carried out. In the experiments, it was understood that even if the surface is ground by 150 m or more, radioactivities could not be completely removed. 0n this account, for the purpose of study the depth where a radioactivities merges in the metal by the laser irradiation, surveys using the hot test specimen were per拓rmed. Results are as follows. (1) Observation of topographic profile suggested that the depth of irregularity by laser irradiation were from 200 m to 500 m, and there were crud on the surface, which seems reattached melting crud by laser irradiation. (2) Metallic composition analysis with fluorescent X-ray analysis device suggested that there was the segregation of Cr in the test specimen that used Air for the assistance gas, and there were not the segregation that used Ar for the assistance gas. (3) The radioactivity analysis of the test specimen that uses the imaging plate and the radio autograph could not clear the distribution of radioactivities. However, it could be confirmed that a radioactive nuclide exited in a range of 500 m or less. (4) Grounding the test specimen and measurement of the doses of radiation with Ge measuring tool suggested that there were radioactivities up to the depth of 300 m in the test specimen which used Air for the assistance gas, and 120 m in the test specimen which used Ar for the assistance gas.",Japanese,62 Pages,2001/12,no keyword,,,"ar_mapping, computer_vision, robotics_remote",14,"ar, imaging, イメージング",よる物と思われる付着物が存在していた。 2)蛍光X線分析装置を用いた金属組成分析では、アシストガスにAirを用いた試験片にCrの偏析が観察された。アシストガスにArを用いた試験片には偏析は観察されていない。3)イメージングプレート、オートラジオグラフィによる試験へのの観察では、明確な分析は確認できなかった。しかし、放射性核種は約500 m以下の表面のごく一部の範囲に存在していることは観察できた。4)試,https://jopss.jaea.go.jp/search/servlet/search?4037045,https://jopss.jaea.go.jp/pdfdata/JNC-TN9410-2001-028.pdf
5081083,JAEA-Review 2025-020,3次元線量拡散予測法の確立と 線透過率差を利用した構造体内調査法の開発(委託研究); 令和5年度英知を結集した原子力科学技術・人材育成推進事業,Establishment of 3-D dose dispersion forecasting method and development of in-structure survey using the transparency difference of each line gamma-ray (Contract research); FY2023 Nuclear Energy Science & Technology and Human Resource Development Project,廃炉環境国際共同研究センター; 京都大学*,Collaborative Laboratories for Advanced Decommissioning Science; Kyoto University*,日本原子力研究開発機構(JAEA)廃炉環境国際共同研究センター(CLADS)では、令和5年度英知を結集した原子力科学技術・人材育成推進事業(以下、「本事業」という。)を実施している。本事業は、東京電力ホールディングス株式会社福島第一原子力発電所(1F)の廃炉等をはじめとした原子力分野の課題解決に貢献するため、国内外の英知を結集し、様々な分野の知見や経験を従前の機関や分野の壁を越えて緊密に融合・連携させた基礎的・基盤的研究及び人材育成を推進することを目的としている。平成30年度の新規採択課題から実施主体を文部科学省からJAEAに移行することで、JAEAとアカデミアとの連携を強化し、廃炉に資する中長期的な研究開発・人材育成をより安定的かつ継続的に実施する体制を構築した。本研究は、令和4年度に採択された研究課題のうち、「3次元線量拡散予測法の確立と 線透過率差を利用した構造体内調査法の開発」の令和5年度分の研究成果について取りまとめたものである。我々は核ガンマ線の方向を完全に決定し、光学カメラと同じ全単射によるガンマ線画像(線形画像)が測定できる電子飛跡検出型コンプトンカメラ(ETCC)を実現、今までに世界初の銀河拡散ガンマ線の直接観測及び1Fでは1 3号炉建屋群を含む1km四方の撮像による約100か所のスペクトル同時測定と敷地全体を覆うスカイシャインの撮像にも成功し、さらには京都大学複合原子力科学研究所の原子炉建屋内の3次元線量測定などの革新的な成果を出してきた。本研究は前研究の成果を基に、(1)サブmSv/h環境での3次元放射性物質飛散検知・予測システムの構築、(2)ETCCのMeV以上のガンマ線撮像能力を生かし透過性の高い Csガンマ線を利用した炉建屋内の3次元透視Cs分布測定法を開発及び1Fの炉建屋周辺からの測定、(3)数mSv/hでの動作を実現し、炉建屋内で同測定法の開発を行う。そのために令和5年度は、シミュレーションに基づくサブmSv環境での軽量遮蔽設計手法の開発及びETCCへの遮蔽を搭載した。同時にJAEAのFRS施設で高線量場を用いて、(1)の遮蔽能力の検証、同時にETCCデータ収集系、画像処理系の検証実験を行う。その結果を反映した改善をETCCに施した後、令和6年3月に1F内の炉建屋群全体を異なる2方向から測定する3次元線量測定を実施した。この測定でETCCの能力の検証と1F全域の3次元線量分布を今後求めていく。また、ETCCで炉建屋を数方向から計測を行い、建屋内部線量のCTスキャンの可能性をシミュレーションで検証、4方向から測定で複数のホットスポットの分布が求められる可能性が出てきた。,"The Collaborative Laboratories for Advanced Decommissioning Science (CLADS), Japan Atomic Energy Agency (JAEA), had been conducting the Nuclear Energy Science & Technology and Human Resource Development Project (hereafter referred to ""the Project"") in FY2023. The Project aims to contribute to solving problems in the nuclear energy field represented by the decommissioning of the Fukushima Daiichi Nuclear Power Station (1F), Tokyo Electric Power Company Holdings, Inc. (TEPCO). For this purpose, intelligence was collected from all over the world, and basic research and human resource development were promoted by closely integrating/collaborating knowledge and experiences in various fields beyond the barrier of conventional organizations and research fields. The sponsor of the Project was moved from the Ministry of Education, Culture, Sports, Science and Technology to JAEA since the newly adopted proposals in FY2018. On this occasion, JAEA constructed a new research system where JAEA-academia collaboration is reinforced and medium-to-long term research/development and human resource development contributing to the decommissioning are stably and consecutively implemented. Among the adopted proposals in FY2022, this report summarizes the research results of the ""Establishment of 3-D dose dispersion forecasting method and development of in-structure survey using the transparency difference of each line gamma-ray"" conducted in FY2023. We realized an electron track detecting Compton camera (ETCC) that can measure gamma-ray images (linear images) with the bijective projection. In the ""Quantitative analysis of radioactivity distribution by imaging of high radiation field environment using gamma-ray imaging spectroscopy"" (hereinafter referred to as the previous project) adopted in FY2018, the 1 km square area including the reactor buildings was imaged at once. In FY2021, 3-D dosimetry in the reactor building of the Institute for Integrated Radiation and Nuclear Science was carried out, and 3-D imaging of gamma-rays was successfully obtained. This project will build on the results of the previous project to develop a practical 3-D contaminant dispersion detection and prediction system for sub-mSv/h environments. In addition, a 3-D radiographic Cs distribution measurement method inside the reactor building using highly penetrating Cs gamma-rays will be developed. In FY2023, we fabricated a lightweight and highly effective shielding specifically for the TPC of ETCC based on simulations. In addition, by conducting calibration experiments at the FRS facility, we were also able to repair bugs in the signal processing circuit. Those meticulous advance preparations enabled us to successfully conduct a 3-D experiment within 1F in March 2024.",Japanese,74 Pages,2025/10,福島第一原子力発電所事故 ; Fukushima Daiichi Nuclear Power Station Accident ; -ray Imaging Spectroscopy ; 3-D -ray Imaging ; Electron Tracking Compton Camera,,https://doi.org/10.11484/jaea-review-2025-020,"3d_modeling, computer_vision",13,"3-d, 3次元, camera, imaging, カメラ, 画像処理",3次元線量拡散予測法の確立と 線透過率差を利用した構造体内調査法の開発(委託研究); 令和5年度英知を結集した原子力科学技術・人材育成推進事業,https://jopss.jaea.go.jp/search/servlet/search?5081083,https://jopss.jaea.go.jp/pdfdata/JAEA-Review-2025-020.pdf
5085126,JAEA-Technology 2025-007,広域放射線サーベイのためのリアルタイムマッピングソフトウェアの開発,Development of real-time mapping software for wide-area radiation survey,高橋 時音; 小泉 光生; 吉見 優希*; 持丸 貴則*,"Takahashi, Tone; Koizumi, Mitsuo; Yoshimi, Yuki*; Mochimaru, Takanori*",イベント会場等にテロ行為目的で核・放射性物質が持ち込まれることを防ぐため、放射線検出器により、出入りする人や車両を個別に検査する手法が一般的に用いられている。しかし、こうした検査をすり抜ける可能性があるため、補完的にゲート内の広範囲にわたる放射線サーベイを行い、核・放射性物質が持ち込まれていないことを確認する必要がある。広いエリアを効率的に放射線サーベイする手法として、GPSを搭載したガンマ線検出器を用い、移動しながら測定した位置情報と線量を記録する「放射線マッピング」が有効である。ネットワークを利用すると、複数台の検出器からのGPSと測定データを指揮所で集計し、測定の進行状況や、測定した放射線量マップをリアルタイムで確認することが可能となる。このような仕組みを導入することにより、測定の重複や抜け落ちを防ぐとともに、不審な放射線源を迅速に検出できるようにできる。さらに、ガンマ線検出器にスペクトロメーターを導入すると、放射性同位体の同定に基づく適切な対処が可能となる。このような広域放射線サーベイを行うため、リアルタイムマッピングソフトウェアを開発した。開発したソフトウェアは、GPS付ガンマ線スペクトルメーターから送信される測定データを受け、リアルタイムで逐次処理し、あらかじめダウンロードしておいた地図データ上に描画する。また、線量の上昇した領域でスペクトルを積算することにより放射性同位元素の同定が行え、それに基づいて対処法が決定できるようになった。さらに、本ソフトウェアは、情報セキュリティを向上させるため、ローカルネットワークのみでも利用できるようになっている。本報告書では、開発したソフトウェアの概要を紹介するとともに、エッセンスを簡易化したコードを付録で提供する。提供したコードは、オープンかつフリーのOS、ライブラリ、環境で開発しており、誰でも導入して使用可能である。,"To prevent the smuggling of nuclear and radioactive materials into event venues for the purpose of terrorism, it is common practice to individually inspect people and vehicles entering and exiting using radiation detectors. However, since there remains a risk of such inspections being bypassed, it is necessary to complement them with a wide-area radiation survey to ensure that no nuclear or radioactive materials have been brought in. Radiation mapping is an effective method for efficiently surveying large areas. In this method, a gamma-ray detector equipped with GPS is used to record location data and radiation dose rates while moving. By utilizing network connectivity, measurement data from multiple detectors can be aggregated at a central command post, allowing real-time monitoring of survey progress. This system helps to prevent both redundant and missing measurements and enables the prompt detection of suspicious radiation sources. Furthermore, by incorporating spectrometers into the gamma -ray detectors, it becomes possible to identify radioactive isotopes, thereby enabling appropriate responses. To enable such wide-area radiation surveys, we developed real-time mapping software. The developed software receives measurement data transmitted from GPS-equipped gamma-ray spectrometers, processes it sequentially in real time, and plots it onto pre -downloaded map data. Additionally, by integrating the spectral data collected from regions showing abnormal radiation levels can be displayed immediately. To enhance information security, the software is designed to function within local networks without requiring internet connectivity. In this report, we introduce an overview of the developed software and provide a simplified version of the source code as an appendix. The provided code is developed using open and free operating systems, libraries, and environments, making it freely available and usable by anyone.",Japanese,26 Pages,2025/11,Radiation Mapping ; Global Positioning System ; Real-Time Monitoring ; Visualization Software Development,,https://doi.org/10.11484/jaea-technology-2025-007,"ar_mapping, computer_vision",12,"mapping, visualization, マッピング",広域放射線サーベイのためのリアルタイムマッピングソフトウェアの開発,https://jopss.jaea.go.jp/search/servlet/search?5085126,https://jopss.jaea.go.jp/pdfdata/JAEA-Technology-2025-007.pdf
5081069,JAEA-Review 2025-033,動画像からの特徴量抽出結果に基づいた高速3次元炉内環境モデリング(委託研究); 令和5年度英知を結集した原子力科学技術・人材育成推進事業,High-speed 3D modeling for nuclear reactor environment based on feature extraction results from video images (Contract research); FY2023 Nuclear Energy Science & Technology and Human Resource Development Project,廃炉環境国際共同研究センター; 札幌大学*,Collaborative Laboratories for Advanced Decommissioning Science; Sapporo University*,日本原子力研究開発機構(JAEA)廃炉環境国際共同研究センター(CLADS)では、令和5年度英知を結集した原子力科学技術・人材育成推進事業(以下、「本事業」という。)を実施している。本事業は、東京電力ホールディングス株式会社福島第一原子力発電所(1F)の廃炉等をはじめとした原子力分野の課題解決に貢献するため、国内外の英知を結集し、様々な分野の知見や経験を従前の機関や分野の壁を越えて緊密に融合・連携させた基礎的・基盤的研究及び人材育成を推進することを目的としている。平成30年度の新規採択課題から実施主体を文部科学省からJAEAに移行することで、JAEAとアカデミアとの連携を強化し、廃炉に資する中長期的な研究開発・人材育成をより安定的かつ継続的に実施する体制を構築した。本研究は、令和5年度に採択された研究課題のうち「動画像からの特徴量抽出結果に基づいた高速3次元炉内環境モデリング」の令和5年度分の研究成果について取りまとめたものである。本研究は、1F廃炉に向けて、原子炉格納容器及び原子炉建屋内を調査する際に撮影した動画像を入力し、指定された時間、動画像から抽出された特徴量に応じて、周辺情報を補強した上で情報量が大きい立体復元手法を選択し、作業空間を3次元モデリングする研究開発を行う。令和5年度は、写真測量、深層学習に基づいた立体復元手法による解析から、良好な立体復元を得るための有効な撮影条件を抽出する手法及び少ないデータから指定された時間までに立体復元結果を生成できるように特徴量を抽出する手法の検証を行った。さらに、動画像から抽出された点群データをセグメンテーションに適用し、インスタンスラベルが付された部品に分類した。,"The Collaborative Laboratories for Advanced Decommissioning Science (CLADS), Japan Atomic Energy Agency (JAEA), had been conducting the Nuclear Energy Science & Technology and Human Resource Development Project (hereafter referred to ""the Project"") in FY2023. The Project aims to contribute to solving problems in the nuclear energy field represented by the decommissioning of the Fukushima Daiichi Nuclear Power Station (1F), Tokyo Electric Power Company Holdings, Inc. (TEPCO). For this purpose, intelligence was collected from all over the world, and basic research and human resource development were promoted by closely integrating/collaborating knowledge and experiences in various fields beyond the barrier of conventional organizations and research fields. The sponsor of the Project was moved from the Ministry of Education, Culture, Sports, Science and Technology to JAEA since the newly adopted proposals in FY2018. On this occasion, JAEA constructed a new research system where JAEA-academia collaboration is reinforced and medium-to-long term research/development and human resource development contributing to the decommissioning are stably and consecutively implemented. Among the adopted proposals in FY2023, this report summarizes the research results of the ""High-speed 3D modeling for nuclear reactor environment based on feature extraction results from video images"" conducted in FY2023. The present study aims to develop a 3D model for a workspace that maximizes the amount of information based on the features extracted from video, which is taken when surveying the primary containment vessel and inside the reactor building as part of the decommissioning of 1F, considering within a specified time. In FY2023, we verified extracting effective shooting conditions for obtaining 3D reconstruction based on photogrammetry and the method extracting feature values that can generate 3D restoration results from a small amount of data within a specified time based on deep learning. In addition, we applied point cloud data extracted from video to segmentation and classified it into parts with instance labels.",Japanese,71 Pages,2025/11,福島第一原子力発電所事故 ; Fukushima Daiichi Nuclear Power Station Accident ; 3D Modeling ; Structure from Motion ; Multi-view Stereo ; Image Processing ; Deep Learning ; Segmentation ; Generative Adversarial Networks,,https://doi.org/10.11484/jaea-review-2025-033,"3d_modeling, computer_vision",12,"3d, 3d model, 3次元, image processing, photogrammetry, point cloud, 点群",動画像からの特徴量抽出結果に基づいた高速3次元炉内環境モデリング(委託研究); 令和5年度英知を結集した原子力科学技術・人材育成推進事業,https://jopss.jaea.go.jp/search/servlet/search?5081069,https://jopss.jaea.go.jp/pdfdata/JAEA-Review-2025-033.pdf
5081122,JAEA-Review 2025-011,連携計測による線源探査ロボットシステムの開発研究(委託研究); 令和5年度英知を結集した原子力科学技術・人材育成推進事業,Development of a cooperative operation robot system for radiation source exploration (Contract research); FY2023 Nuclear Energy Science & Technology and Human Resource Development Project,廃炉環境国際共同研究センター; 東北大学*,Collaborative Laboratories for Advanced Decommissioning Science; Tohoku University*,日本原子力研究開発機構(JAEA)廃炉環境国際共同研究センター(CLADS)では、英知を結集した原子力科学技術・人材育成推進事業を実施している。本事業は、東京電力ホールディングス福島第一原子力発電所の廃炉等をはじめとした原子力分野の課題解決に貢献するため、国内外の英知を結集し、様々な分野の知見や経験を、従前の機関や分野の壁を越えて緊密に融合・連携させた基礎的・基盤的研究及び人材育成を推進することを目的としている。本研究は、令和3年度に採択された研究課題のうち、「連携計測による線源探査ロボットシステムの開発研究」の令和3年度から令和5年度分の研究成果について取りまとめたものである。本研究は、ガンマ線の飛来方向を検出可能な検出器を開発し、これを搭載した複数のロボットの連携により、単一センサーでは得られない広視野・迅速・安価な放射線源探査を実現するロボットシステム(Cooperative Operation Robot system for RAdiation Source Exploration: CORRASE、コラッセ)を開発することを目的とする。令和5年度は、これまでの研究で得られた成果を結集させて線源探査に関する実証試験を中心に研究を実施した。ガンマ線の飛来方向を検出可能な指向性検出器として、8個のBGOシンチレータと遮蔽体を用いた多面体型指向性検出器を製作した。この検出器とIMU(Inertial Measurement Unit)、LiDAR(Light Detection And Ranging)を多脚ロボットに搭載したシステムを3組構築し、連携計測による線源探査実験を行った。7.8 5.3m の部屋に障害物及び模擬放射能汚染源として10MBqの Cs密封線源を配置して線源探査実験のための未知環境とした。本システムを用いて環境地図の作成、探索計画の立案、放射線カウントのヒートマップ作成、計算された最適観測配置からの線源イメージングを行った。得られた環境地図と線源イメージを融合させて表示することに成功し、3台のロボットシステムの連携により模擬放射能汚染源の位置の特定に成功した。以上の成果から、本研究では広視野・迅速・安価な放射線源探査を実現するロボットシステムの開発に成功し、当初の目標は達成されたと結論できる。,"The Collaborative Laboratories for Advanced Decommissioning Science (CLADS), Japan Atomic Energy Agency (JAEA), had been conducting the Nuclear Energy Science &Z Technology and Human Resource Development Project (hereafter referred to ""the Project"") in FY2023. The Project aims to contribute to solving problems in the nuclear energy field represented by the decommissioning of the Fukushima Daiichi Nuclear Power Station, Tokyo Electric Power Company Holdings, Inc. (TEPCO). For this purpose, intelligence was collected from all over the world, and basic research and human resource development were promoted by closely integrating/collaborating knowledge and experiences in various fields beyond the barrier of conventional organizations and research fields. The sponsor of the Project was moved from the Ministry of Education, Culture, Sports, Science and Technology to JAEA since the newly adopted proposals in FY2018. On this occasion, JAEA constructed a new research system where JAEA-academia collaboration is reinforced and medium-to-long term research/development and human resource development contributing to the decommissioning are stably and consecutively implemented. Among the adopted proposals in FY2021, this report summarizes the research results of the ""Development of a cooperative operation robot system for radiation source exploration"" conducted from FY2021 to FY2023. The present study aims to develop a robot system (CORRASE: Cooperative Operation Robot system for RAdiation Source Exploration), realizing radiation source exploration with wide field of view, rapidity, and low cost. In FY2023, our research efforts focused on verification tests for radiation source exploration by summarizing the results of our previous studies. Polyhedral type gamma-ray directional detectors were fabricated from 8 BGO scintillators and shielding bodies. Radiation source exploration experiments were performed by developing a cooperative operation robot system consisting of 3 multi-legged robots carrying the gamma-ray detectors, IMUs (Inertial Measurement Units), and LiDARs (Light Detection And Ranging). An unknown test environment for the radiation source exploration was constructed by placing obstacles and a 10 MBq Cs sealed source as a simulated radioactive contamination source in a room measuring 7.8 5.3 m . The developed system was used to create the environmental map, to formulate the exploration plan, to create the heatmap of the radiation counts, and to image the radiation source from the calculated optimal observation position. The localization of the simulated radioactive contamination source was successfully performed with the cooperation of the 3 robot systems by displaying the image of the radiation source fused on the environmental map. It can be concluded that the initial goal of this study has been successfully achieved by developing the robot system realizing radiation source exploration.",Japanese,74 Pages,2025/08,福島第一原子力発電所事故 ; Fukushima Daiichi Nuclear Power Station Accident ; Directional Gamma-ray Detector ; Cooperative Operation Robot ; Radiation Source Exploration,,https://doi.org/10.11484/jaea-review-2025-011,"ar_mapping, robotics_remote",12,"lidar, localization, robot, イメージング, ロボット",連携計測による線源探査ロボットシステムの開発研究(委託研究); 令和5年度英知を結集した原子力科学技術・人材育成推進事業,https://jopss.jaea.go.jp/search/servlet/search?5081122,https://jopss.jaea.go.jp/pdfdata/JAEA-Review-2025-011.pdf
5070343,JAEA-Testing 2020-009,HAIROWorldPluginマニュアル,HAIROWorldPlugin operation manual,鈴木 健太; 阿部 文明; 八代 大; 川端 邦明,"Suzuki, Kenta; Abe, Fumiaki; Yashiro, Hiroshi; Kawabata, Kuniaki",本稿は、日本原子力研究開発機構(以下、原子力機構)が開発したHAIROWorldPluginのマニュアル(利用手順書)である。原子力機構楢葉遠隔技術開発センターでは、東京電力ホールディングス福島第一原子力発電所におけるロボットを用いた遠隔による廃炉作業を支援するための技術として、ロボット等の動力学シミュレーションが可能なオープンソースソフトウェアであるロボット用統合GUIソフトウェアChoreonoidを基盤としたロボットシミュレータを開発している。HAIROWorldPluginは、ロボットの遠隔操作により行われる廃炉作業を模擬するための機能を提供するChoreonoidの拡張機能である。具体的には、我々がこれまでに開発を行った水中ロボットの挙動、無人航空機の挙動、視覚効果(ノイズ・歪み・色相変化)を含む不鮮明なカメラ画像の提示、ネットワーク通信障害(遅延・帯域減少・パケットロス)を模擬し、廃炉作業時を想定したロボットの遠隔操縦体験を提供するための機能をChoreonoidプラグインとしてまとめたものである。本稿では、Ubuntu18.04-LTSにChoreonoidを導入してHAIROWorldPluginをインストールする手順と、HAIROWorldPluginが提供する機能を利用する際の操作手順やパラメータの設定方法等を、Choreonoidを初めて使用するユーザにもわかりやすいように画面のスナップショットを用いて説明している。,"This report is the user manual of HAIROWorldPlugin for Choreonoid. Our motivation is to develop a robot simulator based on Choreonoid for technological development to contribute the decommissioning work at the Fukushima Daiichi Nuclear Power Station of Tokyo Electric Power Company Holdings, Inc. Choreonoid is an open source simulator which calculates the behavior of robots. The plugin is an extended function of Choreonoid which provides simulated behavior and phenomenon related to decommissioning tasks utilizing remotely operated robots. In particular, we developed additional functionalities for simulating the behavior of an underwater swimming robot, the behavior of an unmanned aerial vehicle robot, low visibility camera images, network communication failures, etc., and packaged these in the plugin. This report describes the installation of the plugin to Choreonoid on Ubuntu18.04-LTS and parameter settings of the plugin by presenting snapshots of operation windows.",Japanese,254 Pages,2021/03,HAIROWorldPlugin ; ロボットシミュレータ ; Choreonoid ; 遠隔操作ロボット ; Fukushima Daiichi Nuclear Power Station Accident ; 福島第一原子力発電所事故,,https://doi.org/10.11484/jaea-testing-2020-009,"computer_vision, robotics_remote",12,"camera, remote, robot, カメラ, ロボット, 遠隔技術, 遠隔操作",oreonoidの拡張機能である。具体的には、我々がこれまでに開発を行った水中ロボットの挙動、無人航空機の挙動、視覚効果(ノイズ・歪み・色相変化)を含む不鮮明なカメラ画像の提示、ネットワーク通信障害(遅延・帯域減少・パケットロス)を模擬し、廃炉作業時を想定したロボットの遠隔操縦体験を提供するための機能をChoreonoidプラグインとしてまとめたものである。本稿では、Ubuntu18.04-LTSにCh,https://jopss.jaea.go.jp/search/servlet/search?5070343,https://jopss.jaea.go.jp/pdfdata/JAEA-Testing-2020-009.pdf
5041817,JAEA-Technology 2013-037,走行サーベイシステムKURAMA-IIを用いた測定の基盤整備と実測への適用,"Construction of a car-borne survey system for measurement of dose rates in air; KURAMA-II, and its application",津田 修一; 吉田 忠義; 中原 由紀夫; 佐藤 哲朗; 関 暁之; 松田 規宏; 安藤 真樹; 武宮 博; 谷垣 実*; 高宮 幸一*; 佐藤 信浩*; 奥村 良*; 小林 康浩*; 吉永 尚生*; 吉野 泰史*; 内堀 幸夫*; 石川 剛弘*; 岩岡 和輝*; 斎藤 公明,"Tsuda, Shuichi; Yoshida, Tadayoshi; Nakahara, Yukio; Sato, Tetsuro; Seki, Akiyuki; Matsuda, Norihiro; Ando, Masaki; Takemiya, Hiroshi; Tanigaki, Minoru*; Takamiya, Koichi*; Sato, Nobuhiro*; Okumura, Ryo*; Kobayashi, Yasuhiro*; Yoshinaga, Hisao*; Yoshino, Hirofumi*; Uchihori, Yukio*; Ishikawa, Masayori*; Iwaoka, Kazuki*; Saito, Kimiaki",東京電力福島第一原子力発電所事故後における広域の詳細な空間線量率マップを作成するために、原子力機構は走行サーベイシステムKURAMA-IIを用いた測定を文部科学省の委託を受けて実施した。KURAMAは、一般乗用車に多数搭載して広範囲の空間線量率を詳細かつ短期間に把握することを目的として京都大学原子炉実験所で開発されたシステムである。KURAMAは、エネルギー補償型 線検出器で測定した線量率をGPSの測位データでタグ付けしながら記録する測定器、データを受け取り可視化のための処理や解析を行うサーバ、エンドユーザがデータを閲覧するためのクライアントから構成される。第2世代のKURAMA-IIでは更なる小型化、堅牢性の向上、データ送信の完全自動化等の機能が強化されたことによって、100台の同時測定が可能となり、広域の詳細な線量率マッピングをより短期間で実施することが可能になった。本報告では、KURAMA-IIによる測定データの信頼性を確保するために実施した基盤整備と、KURAMA-IIを空間線量率マッピング事業に適用した結果について述べるとともに、多数のKURAMA-IIを使用した走行サーベイの精度を保証するための効率的なKURAMA-IIの管理方法を提案した。,"JAEA has been performing dose rate mapping in air using a car-borne survey system KURAMA-II. The KURAMA system is a GPS-aided mobile radiation monitoring system that has been newly developed by Kyoto University Research Reactor Institute in response to the nuclear disaster. The KURAMA system is composed of an energy-compensated scintillation survey meter for measuring dose rate, electric device for controlling both the dose rates and the position data from a GPS module, a computer server for processing and analyzing data from KURAMA, and client PCs for providing for end users. The KURAMA-II has been improved in small-packaging, durability, and automated data transmission. In consequence, dose rate mapping in wide area has become possible in shorter period of time. This report describes the construction of KURAMA-II, its application and a suggestion of how to manage a large number of KURAMA-II.",Japanese,54 Pages,2013/10,福島第一原子力発電所事故 ; Fukushima Daiichi Nuclear Power Station Accident,,https://doi.org/10.11484/jaea-technology-2013-037,"ar_mapping, computer_vision",12,"mapping, マッピング, 可視化",代のKURAMA-IIでは更なる小型化、堅牢性の向上、データ送信の完全自動化等の機能が強化されたことによって、100台の同時測定が可能となり、広域の詳細な線量率マッピングをより短期間で実施することが可能になった。本報告では、KURAMA-IIによる測定データの信頼性を確保するために実施した基盤整備と、KURAMA-IIを空間線量率マッピング事業に適用した結果について述べるとともに、多数のKURAMA-IIを,https://jopss.jaea.go.jp/search/servlet/search?5041817,https://jopss.jaea.go.jp/pdfdata/JAEA-Technology-2013-037.pdf
5028881,JAEA-Review 2010-078,マイクロPIXE画像技術の精緻化とその生命科学への応用(共同研究),Application of micro-PIXE and imaging technology to life science (Joint research),佐藤 隆博; 石井 慶造*,"Sato, Takahiro; Ishii, Keizo*",平成18年度から20年度までの3年間、連携重点研究「マイクロPIXE画像技術の精緻化とその生命科学への応用」が行われた。本研究は、原子力機構と東北大学工学部の共同研究により開発した、細胞内の元素の空間分布を撮像できる大気マイクロPIXE分析システムを医学分野に応用することを目的として、ビーム技術開発や生物・医学分野における元素分布情報の利用技術などについて、7テーマの共同研究から構成された。本研究レビューは、これらの研究成果をまとめたものである。,"The joint research on ""Application of micro-PIXE and imaging technology to life science"" supported by the Inter-organizational Atomic Energy Research Program, had been performed for three years, from 2006FY to 2009FY. Aiming to apply in-air micro-PIXE analytical system to life science, the research was consisting of 7 collaborative themes related to beam engineering for micro-PIXE and applied technology of element mapping in biological/medical fields. The system, so-called micro-PIXE camera, to acquire spatial element mapping in living cells was originally developed by collaborative research between the JAEA and the department of engineering of Tohoku University. This review covers these research results.",Japanese,45 Pages,2011/03,no keyword,TIARA(イオン照射研究施設),https://doi.org/10.11484/jaea-review-2010-078,"ar_mapping, computer_vision",12,"camera, imaging, mapping",Application of micro-PIXE and imaging technology to life science (Joint research),https://jopss.jaea.go.jp/search/servlet/search?5028881,https://jopss.jaea.go.jp/pdfdata/JAEA-Review-2010-078.pdf
4027559,JNC TY8400 2003-007,セル内三次元測距に関する研究(先行基礎工学研究に関する共同研究報告書),Research on in-situ measurement technique of three-dimensional distance,白石 昌武*; 青島 伸一*; 青瀬 晋一; 竹内 正行,"Shiroishi, Masatake*; Aoshima, Shinichi*; Aose, Shinichi; Takeuchi, Masayuki",セル内に設置されている機器、塔槽類、配管等は、使用目的の変更や経年劣化によって更新される。設置場所が大型セルの場合、交換、据付を遠隔操作で行うこととなり、したがって現場での位置あわせが困難である。従来からこれの自動位置決め法が強く要求されている。そのためには、まずそれらの機器や配管の状態(劣化や亀裂など)を診断する必要がある。つまり、亀裂の状態、腐食の状態、劣化の程度等を何らかの方法で検出かつ判断しなければ、機器交換の時期を知ることはできない。そこで本研究では機器や配管等の劣化状態を診断するため、レーザ光とカメラを用いたコントラスト法を提案し、キズの検出および劣化のオンライン診断法を構築した。次に機器交換を行うための情報取得を行うため、絶対基準位置を設けかつ交換用マニピュレータを含めた全体の位置を把握することを目的とした粗動計測法を提案した。そして粗動で計測できない陰影部分に対しては、移動計測可能な装置をマニピュレータ上に搭載することで局所的な計測が行える微動計測法を提案し、それによる情報取得を行った。これら二つの計測系で相互の情報補完を行い、得られたデータを適宜処理することにより機器交換時の位置決め制御の情報提供を行う新しい手法の提案を行った。そして最後に今後の展開として、VR(バーチャルリアリィテー)によるマニピュレータ操作の可能性について、途中経過を述べる。,None,Japanese,43 Pages,2003/04,no keyword,,,"3d_modeling, computer_vision, robotics_remote",12,"カメラ, 三次元, 遠隔操作",セル内三次元測距に関する研究(先行基礎工学研究に関する共同研究報告書),https://jopss.jaea.go.jp/search/servlet/search?4027559,https://jopss.jaea.go.jp/pdfdata/JNC-TY8400-2003-007.pdf
4055931,PNC TN9410 97-059,Stirring-indueced vortical motion measured by ultrasound Doppler velocimetry; Initial 2D vector plots,撹拌子による強制渦の超音波ドップラー流速計による計測; 予備試験での2次元速度分布,"Tokuhiro, Akira; 小林 順","Tokuhiro, Akira; Kobayashi, Jun",プール型の高速炉は自由表面を有する構成となっており、自由表面からのガス巻き込みの炉心に与える影響を明らかにすることが重要な研究課題の1つとなっている。原子炉工学室では、ガス巻き込みに対する基本的な知見を得るため、円筒容器内に強制渦を作り出し、強制渦の流動に関する試験を実施している。一方、当室では、音響手法による流速分布計測手法の高度化研究として、超音波流速分布測定装置を用いた多次元計測や液体金属の流速分布測定についても研究を進めている。そこで渦の流動挙動に関する理解を得るため、ガス巻き込み試験装置に超音波流速分布測定装置を用いた多次元計測手法を適用する実験を行った。本報告書では、計測された流速情報を評価することにより得られた、渦に対する知見を報告するとともに、超音波流速分布測定装置と多数本の超音波トランスデューサを用いることにより、2次元の流速場が計測できることを示す。実験は、水を用い、直径280mm 高さ280mmの円筒容器の底面中央におかれた磁石の撹拌子によって強制渦を誘発し、6本のトランスデューサを直交させて設置することによって流速の径および軸方向成分を計測した。実験の結果、得られた流速データを組み合わせることにより、r-z平面の2次元の流速ベクトル場が得られた。そして、強制渦の流れの変化の比率(すなわち渦度)が示された。本報告書の結果では使用したトランスデューサの本数が少ないため、流速場の解像度が低くなり、流速情報が限定されたものになっている。したがって、平均値や定常または規則的な過渡変化状態における変動量を評価するためには、レーザー流速計や従来から利用されている可視化技術などを並行して利用する必要がある。しかしながら、超音波流速計を用いた計測方法でも、トランスデューサの本数を増加し、平面解像度を高くすれば熱流動研究上有効な道具となりうることを示した。今後さらに3次元計測に対しても拡張を行っていく。,"An experimental investigation on stirring-induced vortical motion of a liquid was conducted in a cylindrical container measuring 280mm diameter 280mm height. The test medium was water and a magnetic stirrer located at the bottom on the container (centered) induced the flow. The motion can be generally described as rotationally induced vortex motion, which is of relevance to gas entrainment concerns, from the free surface of pool-type LMFBR. The objective of the investigation were two-fold: (1)to demonstrate that a two dimensional (2D) velocity field, using ultrasound Doppler velocimetry and a multiple number of ultrasound transducers (TDXs), could be measured and (2)to evaluate the content of the measured velocity information with respect to understanding the relevant vortex dynamics. Our results show that our first objective was fulfilled; that is, using 6 orthogonally situated TDXs to measure the V and V components of the flow field, a 2D vector field plot of a segment of the meridional plane was generated and shown to change with the rate of induced flow (rotation rate). However, because the number of TDXs used (6)were small, the coarse resolution of the velocity field limits the amount of velocity information. Therefore traditional data presentation methods to evaluate average and fluctuating quantities under steady and stepwise viewed transient conditions, are indispensible for data analysis. The measurement method holds promise as a useful tool in thermohydraulics as the number of TDXs is increased and therefore the spatial resolution. Some of these possibilities are described in this report.",English,59 Pages,1997/04,no keyword,,,"3d_modeling, computer_vision, robotics_remote",12,"3次元, 可視化, 超音波",撹拌子による強制渦の超音波ドップラー流速計による計測; 予備試験での2次元速度分布,https://jopss.jaea.go.jp/search/servlet/search?4055931,https://jopss.jaea.go.jp/pdfdata/PNC-TN9410-97-059.pdf
2074864,JAERI-M 89-023,原子力知能化システム技術の研究; 人間動作シミュレーション・プログラム、HASP、昭和63年度作業報告,A Study on intelligent nuclear systems; HASP(human acts simulation program) progress report 1988,浅井 清; 上中 淳二*; 神林 奨; 樋口 健二; 久米 悦雄; 藤崎 正英*; 藤井 実; 横川 三津夫,"not registered; not registered; not registered; Higuchi, Kenji; Kume, Etsuo; not registered; not registered; Yokokawa, Mitsuo",日本原子力研究所は1987年よりHASP(Human Acts Simulation Program)と名付けた人工知能とロボティックスに関する研究を10年計画で開始した。HASPでは、知能ロボットが自然言語で記述された作業命令を読み、意味を解釈し、自己の行動を計画し、動作列を生成し、装置や機器が保有する情報を採用し、その動作列を精密化してプラント保守作業を遂行する。ロボットの被曝線量計算を含むこれらの過程はすべて論理計算と数値計算によってシミュレーションされる。3次元空間において計算されたロボット行動は、高速画像処理装置を使用して映像化される。HASPプロジェクトの目標は、(1)知能ロボット設計の基盤技術の開発、(2)プラントの知能化、自動化技術の開発、(3)人工知能関連のシステム化された基盤技術の原子力分野への提供、である。,no abstracts in English,Japanese,167 Pages,1989/03,AI,,https://doi.org/10.11484/jaeri-m-89-023,"3d_modeling, computer_vision, robotics_remote",12,"3次元, ロボット, 画像処理",報を採用し、その動作列を精密化してプラント保守作業を遂行する。ロボットの被曝線量計算を含むこれらの過程はすべて論理計算と数値計算によってシミュレーションされる。3次元空間において計算されたロボット行動は、高速画像処理装置を使用して映像化される。HASPプロジェクトの目標は、(1)知能ロボット設計の基盤技術の開発、(2)プラントの知能化、自動化技術の開発、(3)人工知能関連のシステム化された基盤技術の原子,https://jopss.jaea.go.jp/search/servlet/search?2074864,https://jopss.jaea.go.jp/pdfdata/JAERI-M-89-023.pdf
5081066,JAEA-Review 2025-038,PCV気相漏洩位置及び漏洩量推定のための遠隔光計測技術の研究開発(委託研究); 令和5年度英知を結集した原子力科学技術・人材育成推進事業,Research and development of remote optical measurement technology for PCV gas-phase leakage location and leakage volume estimation (Contract research); FY2023 Nuclear Energy Science & Technology and Human Resource Development Project,廃炉環境国際共同研究センター; 千葉大学*,Collaborative Laboratories for Advanced Decommissioning Science; Chiba University*,日本原子力研究開発機構(JAEA)廃炉環境国際共同研究センター(CLADS)では、令和5年度英知を結集した原子力科学技術・人材育成推進事業(以下、「本事業」という。)を実施している。本事業は、東京電力ホールディングス株式会社福島第一原子力発電所の廃炉等をはじめとした原子力分野の課題解決に貢献するため、国内外の英知を結集し、様々な分野の知見や経験を従前の機関や分野の壁を越えて緊密に融合・連携させた基礎的・基盤的研究及び人材育成を推進することを目的としている。平成30年度の新規採択課題から実施主体を文部科学省からJAEAに移行することで、JAEAとアカデミアとの連携を強化し、廃炉に資する中長期的な研究開発・人材育成をより安定的かつ継続的に実施する体制を構築した。本研究は、令和5年度に採択された研究課題のうち、「PCV気相漏洩位置及び漏洩量推定のための遠隔光計測技術の研究開発」の令和5年度分の研究成果について取りまとめたものである。本研究は、ライダーをはじめとする遠隔光計測システムにより漏洩箇所の位置を特定するとともに、その位置における漏洩の可視化手法を開発することを目的としている。ライダーは視線方向に距離分解することができ、建屋内での壁面・配管とその周囲の気相分子(窒素N 、水蒸気H Oなど)及び浮遊粒子(エアロゾル)からの信号を分離して観測することができる。また、レーザー光と高感度画像センサーを組み合わせたフラッシュライダー並びに光波の干渉を利用した高感度のシアログラフィーによって、漏洩箇所の画像化・可視化を図り、漏洩量の推定を目指す。これら複数の手法の比較を通じて、漏洩箇所を特定する際の位置分解能と可視化可能な漏洩量の検出下限を明らかにする。,"The Collaborative Laboratories for Advanced Decommissioning Science (CLADS), Japan Atomic Energy Agency (JAEA), had been conducting the Nuclear Energy Science & Technology and Human Resource Development Project (hereafter referred to ""the Project"") in FY2023. The Project aims to contribute to solving problems in the nuclear energy field represented by the decommissioning of the Fukushima Daiichi Nuclear Power Station, Tokyo Electric Power Company Holdings, Inc. (TEPCO). For this purpose, intelligence was collected from all over the world, and basic research and human resource development were promoted by closely integrating/collaborating knowledge and experiences in various fields beyond the barrier of conventional organizations and research fields. The sponsor of the Project was moved from the Ministry of Education, Culture, Sports, Science and Technology to JAEA since the newly adopted proposals in FY2018. On this occasion, JAEA constructed a new research system where JAEA-academia collaboration is reinforced and medium-to-long term research/development and human resource development contributing to the decommissioning are stably and consecutively implemented. Among the adopted proposals in FY2023, this report summarizes the research results of the ""Research and development of remote optical measurement technology for PCV gas-phase leakage location and leakage volume estimation"" conducted in FY2023. The present study aims to locate leakage points using a remote optical measurement system including Lidar, and to develop a visualization method for leakage at those points. The Lidar can be distance-resolved in the line-of-sight direction and can separate and observe signals from walls and pipes in the building and surrounding gas-phase molecules (nitrogen N , water vapor H O, etc.) and suspended particles (aerosols). In addition, flash Lidar, which combines a laser beam with a high-sensitivity imaging sensor, and high-sensitivity shearography, which uses interference of light waves, are used to image and visualize the leakage location and to estimate the amount of leakage. Through comparison of these methods, we will clarify the positional resolution in locating the leakage point and the lower detection limit of the leakage amount that can be visualized.",Japanese,84 Pages,2025/12,福島第一原子力発電所事故 ; Fukushima Daiichi Nuclear Power Station Accident ; Lidar ; Raman ; Fukushima ; PCV ; Nitrogen ; Remote ; Leakage ; Shearography,,https://doi.org/10.11484/jaea-review-2025-038,"computer_vision, robotics_remote",11,"imaging, lidar, remote, visualization, 可視化",Research and development of remote optical measurement technology for PCV gas-phase leakage location and leakage volume estimation (Contract research); FY,https://jopss.jaea.go.jp/search/servlet/search?5081066,https://jopss.jaea.go.jp/pdfdata/JAEA-Review-2025-038.pdf
5077472,JAEA-Review 2023-030,連携計測による線源探査ロボットシステムの開発研究(委託研究); 令和4年度英知を結集した原子力科学技術・人材育成推進事業,Development of a cooperative operation robot system for radiation source exploration (Contract research); FY2022 Nuclear Energy Science & Technology and Human Resource Development Project,廃炉環境国際共同研究センター; 東北大学*,Collaborative Laboratories for Advanced Decommissioning Science; Tohoku University*,日本原子力研究開発機構(JAEA)廃炉環境国際共同研究センター(CLADS)では、令和4年度英知を結集した原子力科学技術・人材育成推進事業(以下、「本事業」という)を実施している。本事業は、東京電力ホールディングス株式会社福島第一原子力発電所の廃炉等をはじめとした原子力分野の課題解決に貢献するため、国内外の英知を結集し、様々な分野の知見や経験を、従前の機関や分野の壁を越えて緊密に融合・連携させた基礎的・基盤的研究及び人材育成を推進することを目的としている。平成30年度の新規採択課題から実施主体を文部科学省からJAEAに移行することで、JAEAとアカデミアとの連携を強化し、廃炉に資する中長期的な研究開発・人材育成をより安定的かつ継続的に実施する体制を構築した。本研究は、令和3年度に採択された研究課題のうち、「連携計測による線源探査ロボットシステムの開発研究」の令和4年度分の研究成果について取りまとめたものである。本研究は、ガンマ線の飛来方向を検出可能な検出器を開発し、これを搭載した複数のロボットの連携により、単一センサーでは得られない広視野・迅速・安価な放射線源探査を実現するロボットシステム(Cooperative Operation Robot system for RAdiation Source Exploration: CORRASE、コラッセ)を開発することを目的とする。東京電力ホールディングス(株)福島第一原子力発電所の現場への投入に資することを目的として、線源探査を行う小型ロボットに放射線計測機器を搭載したシステムを3年間の計画終了時に完成させるための研究を行う。令和4年度は以下の成果を得た。多面体型とコーデットキューブ型のガンマ線イメージャーの製作を行い、点線源の位置推定に成功した。LiDARを用いた周囲環境測定結果に基づく環境地図作成システムの開発および環境地図上に放射線源分布推定結果を融合して表示するシステムの開発を行った。環境地図と粗い放射線源分布推定結果に基づき、検出器の特性に応じて複数台のロボットが指定した箇所の詳細な測定を行うための観測地点計画手法の開発を行った。小型ロボットに搭載する放射線測定器の評価のために検出器姿勢自動制御システムを製作した。また、多面体型検出器による線源探査のシミュレーションを行った。複数の線源がある場合でもほぼ線源位置を特定することができた。,"The Collaborative Laboratories for Advanced Decommissioning Science (CLADS), Japan Atomic Energy Agency (JAEA), had been conducting the Nuclear Energy Science & Technology and Human Resource Development Project (hereafter referred to ""the Project"") in FY2022. The Project aims to contribute to solving problems in the nuclear energy field represented by the decommissioning of the Fukushima Daiichi Nuclear Power Station, Tokyo Electric Power Company Holdings, Inc. (TEPCO). For this purpose, intelligence was collected from all over the world, and basic research and human resource development were promoted by closely integrating/collaborating knowledge and experiences in various fields beyond the barrier of conventional organizations and research fields. The sponsor of the Project was moved from the Ministry of Education, Culture, Sports, Science and Technology to JAEA since the newly adopted proposals in FY2018. On this occasion, JAEA constructed a new research system where JAEA-academia collaboration is reinforced and medium-to-long term research/development and human resource development contributing to the decommissioning are stably and consecutively implemented. Among the adopted proposals in FY2021, this report summarizes the research results of the ""Development of a cooperative operation robot system for radiation source exploration"" conducted in FY2022. The present study aims to develop a Cooperative Operation Robot system for RAdiation Source Exploration (CORRASE). The multiple robot system provides radiation source exploration with wide field of view, rapidity, and low cost. The radiation source exploration is realized with multiple robots carrying directional gamma-ray detectors determining the incident direction of the incoming gamma-rays. We will develop the system by the final year of this proposal aiming for application in the Fukushima Daiichi Nuclear Power Station.",Japanese,80 Pages,2024/03,福島第一原子力発電所事故 ; Fukushima Daiichi Nuclear Power Station Accident ; Directional Gamma-Ray Detector ; Cooperative Operation Robot ; Scintillation Detector,,https://doi.org/10.11484/jaea-review-2023-030,"ar_mapping, robotics_remote",11,"lidar, robot, ロボット, 地図作成",連携計測による線源探査ロボットシステムの開発研究(委託研究); 令和4年度英知を結集した原子力科学技術・人材育成推進事業,https://jopss.jaea.go.jp/search/servlet/search?5077472,https://jopss.jaea.go.jp/pdfdata/JAEA-Review-2023-030.pdf
5073133,JAEA-Testing 2021-004,HAIROWorldPluginマニュアル(改訂版),HAIROWorldPlugin operation manual (Revised edition),鈴木 健太; 八代 大; 川端 邦明,"Suzuki, Kenta; Yashiro, Hiroshi; Kawabata, Kuniaki",本稿は、日本原子力研究開発機構(以下、原子力機構)が開発したHAIROWorldPluginの利用手順書(HAIROWorldPluginマニュアル[JAEA-Testing2020-009])の改訂版である。原子力機構楢葉遠隔技術開発センターでは、東京電力ホールディングス株式会社(以下、東京電力HD)福島第一原子力発電所におけるロボットを用いた遠隔による廃炉作業を支援するための技術として、ロボット等の動力学シミュレーションが可能なオープンソースソフトウェアであるロボット用統合GUIソフトウェアChoreonoidを基盤としたロボットシミュレータを開発している。HAIROWorldPluginは、ロボットの遠隔操作により行われる廃炉作業を模擬するための拡張機能をChoreonoidプラグインとしてまとめたものである。改訂版の本利用手順書では、最新のHAIROWorldPluginが廃炉作業時を想定したロボットの遠隔操縦体験を提供するための機能(水中ロボット/無人航空機の挙動模擬、ノイズ・歪み・色相変化等を含む不鮮明なカメラ画像提示、遅延・帯域減少・パケットロス等の通信障害効果の付与)に加えて、新たに追加された機能の設定と操作手順を説明している。具体的には、シミュレーションをしているロボットと他の物体との間の干渉状態を記録する機能、ジョイスティックの入力状態を表示・記録する機能、環境物体のモデル(パイプ・グレーチング・スロープ)を生成する機能、慣性モーメントを計算する機能、使用頻度の高いシミュレーションの設定を簡易な操作で呼び出す機能、シミュレーションの履歴を記録・表示する機能について説明を追記した。本稿では、Ubuntu20.04LTSにChoreonoidを導入してHAIROWorldPluginをインストールする手順と、HAIROWorldPluginが提供する機能を利用する際の操作手順やパラメータの設定方法を、Choreonoidを初めて使用するユーザにもわかりやすいように画面のスナップショットを用いて説明している。,"This report is updated HAIROWorldPlugin Operation Manual (JAEA-Testing 2020-009). Our motivation is to develop a robot simulator based on Choreonoid for technological development to contribute the decommissioning work at the Fukushima Daiichi Nuclear Power Station of Tokyo Electric Power Company Holdings, Inc. Choreonoid is an open source simulator which calculates the behavior of robots. We are developing HAIROWorldPlugin which is an extended function of Choreonoid for providing a virtual decommissioning experience. In the latest HAIROWorldPlugin, the several functions were additionally implemented. In particular, we implemented new functionalities: logging a collision status between a robot and an object, showing and logging a status of the joystick input signals, generating an environmental object model (pipe, grating, and slope), bookmarking an often used simulation settings, and recording histories of a simulation settings. In addition, this report describes the installation of the plugin to Choreonoid on Ubuntu20.04-LTS and parameter settings of the plugin by presenting snapshots of operation windows.",Japanese,125 Pages,2022/03,ロボットシミュレータ ; 動力学シミュレーション ; Choreonoid ; 福島第一原子力発電所事故 ; Fukushima Daiichi Nuclear Power Station Accident,,https://doi.org/10.11484/jaea-testing-2021-004,"computer_vision, robotics_remote",11,"robot, カメラ, ロボット, 遠隔技術, 遠隔操作",orldPluginが廃炉作業時を想定したロボットの遠隔操縦体験を提供するための機能(水中ロボット/無人航空機の挙動模擬、ノイズ・歪み・色相変化等を含む不鮮明なカメラ画像提示、遅延・帯域減少・パケットロス等の通信障害効果の付与)に加えて、新たに追加された機能の設定と操作手順を説明している。具体的には、シミュレーションをしているロボットと他の物体との間の干渉状態を記録する機能、ジョイスティックの入力状態を,https://jopss.jaea.go.jp/search/servlet/search?5073133,https://jopss.jaea.go.jp/pdfdata/JAEA-Testing-2021-004.pdf
5067578,JAEA-Review 2019-036,ガンマ線画像スペクトル分光法による高放射線場環境の画像化による定量的放射能分布解析法(委託研究); 平成30年度英知を結集した原子力科学技術・人材育成推進事業,Quantitative analysis method for radiation distribution in high radiation environment by gamma-ray image spectroscopy (Contract research); FY2018 Center of World Intelligence Project for Nuclear Science/Technology and Human Resource Development,廃炉国際共同研究センター; 京都大学*,Collaborative Laboratories for Advanced Decommissioning Science; Kyoto University*,日本原子力研究開発機構(JAEA)廃炉国際共同研究センター(CLADS)では、平成30年度英知を結集した原子力科学技術・人材育成推進事業(以下、「本事業」という)を実施している。本事業は、東京電力ホールディングス福島第一原子力発電所の廃炉等をはじめとした原子力分野の課題解決に貢献するため、国内外の英知を結集し、様々な分野の知見や経験を、従前の機関や分野の壁を越えて緊密に融合・連携させた基礎的・基盤的研究及び人材育成を推進することを目的としている。平成30年度の新規採択課題から実施主体を文部科学省からJAEAに移行することで、JAEAとアカデミアとの連携を強化し、廃炉に資する中長期的な研究開発・人材育成をより安定的かつ継続的に実施する体制を構築した。本研究は、研究課題のうち、平成30年度「ガンマ線画像スペクトル分光法による高放射線場環境の画像化による定量的放射能分布解析法」について取りまとめたものである。電子飛跡検出型コンプトンカメラ(ETCC)は、前段にガス増幅型位置検出器を用いて電子の3次元飛跡を測定することにより、従来型のコンプトンカメラの分解能を大幅に向上する技術として、これまで宇宙観測用として開発し医療への応用も進めて来た。本研究では、医療用に開発したETCCをもとに、現場での操作性を重視した軽ETCCを試作し、フィールド試験により実用性を評価する。,"JAEA/CLADS, had been conducting the Center of World Intelligence Project for Nuclear Science/Technology and Human Resource Development (hereafter referred to ""the Project"") in FY2018. The Project aims to contribute to solving problems in nuclear energy field represented by the decommissioning of the Fukushima Daiichi Nuclear Power Station, Tokyo Electric Power Company Holdings, Inc. For this purpose, intelligence was collected from all over the world, and basic research and human resource development were promoted by closely integrating/collaborating knowledge and experiences in various fields beyond the barrier of conventional organizations and research fields. The sponsor of the Project was moved from the Ministry of Education, Culture, Sports, Science and Technology to JAEA since the newly adopted proposals in FY2018. On this occasion, JAEA constructed a new research system where JAEA-academia collaboration is reinforced and medium-to-long term research/development and human resource development contributing to the decommissioning are stably and consecutively implemented. Among the adopted proposals in FY2018, this report summarizes the research results of the ""Quantitative Analysis Method for Radiation Distribution in High Radiation Environment by Gamma-ray Image Spectroscopy"". Electron-tracking Compton camera (ETCC) has been developed originally for nuclear gamma-ray astronomy, and also applied to medical use as a technology that greatly improves the resolution of conventional Compton camera by measuring three-dimensional tracking of electrons using a gaseous 3-dimensional position detector (so called Time Projection Chamber) in the first stage. In the present study, based on the ETCC that has been developed for medical use, we produce a prototype of light weight ETCC with the emphasis on the operability at the site, and evaluate its practicability by field tests.",Japanese,65 Pages,2020/03,Gaseous Time Projection Chamber ; nuclear gamma-ray ; GSO scintillator ; Electron tracking Compton camera ; gamma-ray imaging spectroscopy ; SPECT ; ion Beam therapy ; Skyshine gamma ; Fukushima Daiichi Nuclear Power Station Accident ; 福島第一原子力発電所事故,,https://doi.org/10.11484/jaea-review-2019-036,"3d_modeling, computer_vision",11,"3次元, camera, imaging, カメラ",環境の画像化による定量的放射能分布解析法」について取りまとめたものである。電子飛跡検出型コンプトンカメラ(ETCC)は、前段にガス増幅型位置検出器を用いて電子の3次元飛跡を測定することにより、従来型のコンプトンカメラの分解能を大幅に向上する技術として、これまで宇宙観測用として開発し医療への応用も進めて来た。本研究では、医療用に開発したETCCをもとに、現場での操作性を重視した軽ETCCを試作し、フィール,https://jopss.jaea.go.jp/search/servlet/search?5067578,https://jopss.jaea.go.jp/pdfdata/JAEA-Review-2019-036.pdf
5067625,JAEA-Review 2019-038,アルファダストの検出を目指した超高位置分解能イメージング装置の開発(委託研究); 平成30年度英知を結集した原子力科学技術・人材育成推進事業,Development of imaging system with ultra-high spatial resolution aiming to detect alpha-dust (Contract research); FY2018 Center of World Intelligence Project for Nuclear Science/Technology and Human Resource Development,廃炉国際共同研究センター; 東北大学*,Collaborative Laboratories for Advanced Decommissioning Science; Tohoku University*,日本原子力研究開発機構(JAEA)廃炉国際共同研究センター(CLADS)では、平成30年度英知を結集した原子力科学技術・人材育成推進事業(以下、「本事業」という)を実施している。本事業は、東京電力ホールディングス福島第一原子力発電所の廃炉等をはじめとした原子力分野の課題解決に貢献するため、国内外の英知を結集し、様々な分野の知見や経験を、従前の機関や分野の壁を越えて緊密に融合・連携させた基礎的・基盤的研究及び人材育成を推進することを目的としている。平成30年度の新規採択課題から実施主体を文部科学省からJAEAに移行することで、JAEAとアカデミアとの連携を強化し、廃炉に資する中長期的な研究開発・人材育成をより安定的かつ継続的に実施する体制を構築した。本研究は、研究課題のうち、平成30年度「アルファダストの検出を目指した超高位置分解能イメージング装置の開発」について取りまとめたものである。本研究は、デブリ取り出し時に発生する ダストの挙動解明をめざし、アルファ線を新規シンチレータで可視光に変え、レンズとSi-半導体カメラ(CMOSカメラ)による超高解像度(10 m以下)イメージングと、スペクトルのアンフォールディングによる核種判別を可能とするシステムを試作し、日本原子力研究開発機構のPu燃(ダストサンプラー)で実証試験を実施する。CMOSカメラの感度が高い発光波長をもち、かつ高発光のシンチレータの開発と高純度化、および、単結晶以外の形状での開発が鍵となる。,"JAEA/CLADS, had been conducting the Center of World Intelligence Project for Nuclear Science/Technology and Human Resource Development (hereafter referred to ""the Project"") in FY2018. The Project aims to contribute to solving problems in nuclear energy field represented by the decommissioning of the Fukushima Daiichi Nuclear Power Station, Tokyo Electric Power Company Holdings, Inc. For this purpose, intelligence was collected from all over the world, and basic research and human resource development were promoted by closely integrating/collaborating knowledge and experiences in various fields beyond the barrier of conventional organizations and research fields. Among the adopted proposals in FY2018, this report summarizes the research results of the ""Development of Imaging System with Ultra-high Spatial Resolution Aiming to Detect Alpha-dust"". In the present study, we have developed a prototype of a system aiming to elucidate the behavior of alpha-dust generated at the time of debris retrieval. In this system, alpha-ray is first converted to visible light by novel scintillator. Then, imaging with ultra-high resolution will be possible using a lens and an Si-semiconductor camera (CMOS camera). Also, it will be possible to identify the species of alpha-ray emitting nuclides by unfolding of the spectra. The demonstration tests of the system will be conducted for dust samplers at the Plutonium Fuel Development Center, JAEA. In the development of the present system, it is important to use scintillator whose emission wavelength is sensitive to the CMOS camera as well as high emission scintillator. Considering these conditions, the key technology will be the improvement of the purity of crystals and optimization of the shapes of the materials including powers.",Japanese,57 Pages,2020/03,scintillator ; red emission ; alpha dust ; high position resolution ; novel materials ; Fukushima Daiichi Nuclear Power Station Accident ; 福島第一原子力発電所事故,,https://doi.org/10.11484/jaea-review-2019-038,"computer_vision, robotics_remote",11,"camera, imaging, イメージング, カメラ, 可視光",アルファダストの検出を目指した超高位置分解能イメージング装置の開発(委託研究); 平成30年度英知を結集した原子力科学技術・人材育成推進事業,https://jopss.jaea.go.jp/search/servlet/search?5067625,https://jopss.jaea.go.jp/pdfdata/JAEA-Review-2019-038.pdf
5067260,JAEA-Review 2019-031,"RADREMOTE 2018; Proceedings of The 5th Fukushima Research Conference (FRC) 2018; Radiation hardness, smartness and measurement in remote technology for the decommissioning of the Fukushima Daiichi Nuclear Power Station",RADREMOTE 2018; 2018年度第5回福島リサーチカンファレンス(FRC)報文集; 廃炉遠隔技術のための耐放射線化、運用技術及び計測技術の高度化の展望,冠城 雅晃; 鳥居 建男; 小川 徹,"Kaburagi, Masaaki; Torii, Tatsuo; Ogawa, Toru","福島第一原子力発電所の廃炉をはじめとした過酷な放射線環境下で、現場作業者の被ばく線量を低減するため、遠隔技術やロボティクスの高度化に大きな期待が集まっている。しかし、ロボットの遠隔制御のための最先端の要素技術やセンサー, 電子機器の耐放射線性にも厳しい限界がある。原子力へのロボット技術の応用拡大に向けて、機器の耐放射線性の向上(Radiation hardness)や運用における放射線環境への適応力(Radiation smartness)が求められる。さらに、将来の核燃料デブリの探査と取り出しに向けては、福島第一原子力発電所内の高線量率現場での放射線イメージングや核燃料デブリの検出といった、放射線計測(Radiation measurement)および位置認識・周辺環境の把握のための技術の開発が必要である。今回の福島リサーチカンファレンスでは、遠隔技術のさらなる進展のため、さまざまな分野の専門化を交えて将来のビジョンを共有することを目指している。","There is high expectation for advanced remote technology and robotics to reduce the radiation exposure for workers in harsh nuclear environments such as the decommissioning of the Fukushima Daiichi Nuclear Power Station (FDNPS). However, the radiation tolerance of state-of-the-art key components, sensors and electronic devices, for remote operation is still limited. In order to extend the application of robotics in nuclear energy, it is pertinent to develop ""Radiation hardness"" of components and ""Radiation smartness"" in operation procedures. Furthermore, developments of ""Radiation measurement"" and ""Technology to recognize the location and to grasp the surrounding environment"", including the radiation imaging of the high dose-rate fields inside the FDNPS and the detection of nuclear fuel debris, are necessary for the future nuclear fuel debris retrieval. This Fukushima Research Conference aims to share the future vision for advancing the remote technology among experts from diverse fields.",English,251 Pages,2020/01,福島リサーチカンファレンス ; 遠隔技術 ; 耐放射線性 ; 放射線計測 ; 福島第一原子力発電所事故 ; Fukushima Daiichi Nuclear Power Station Accident,,https://doi.org/10.11484/jaea-review-2019-031,"computer_vision, robotics_remote",11,"imaging, remote, robot, イメージング, ロボット, 遠隔技術","RADREMOTE 2018; Proceedings of The 5th Fukushima Research Conference (FRC) 2018; Radiation hardness, smartness and measurement in",https://jopss.jaea.go.jp/search/servlet/search?5067260,https://jopss.jaea.go.jp/pdfdata/JAEA-Review-2019-031.pdf
5059197,JAEA-Research 2017-014,幌延深地層研究センターにおける掘削損傷領域の可視化手法の検討(共同研究),Visualization of fractures in an Excavation Damaged Zone in the Horonobe Underground Research Laboratory (Joint research),"青柳 和平; Chen, Y.*; 櫻井 彰孝; 石井 英一; 石田 毅*","Aoyagi, Kazuhei; Chen, Y.*; Sakurai, Akitaka; Ishii, Eiichi; Ishida, Tsuyoshi*",本研究では、坑道掘削により周辺岩盤に形成された掘削損傷領域の割れ目の三次元的な可視化を行うことを目的として、幌延深地層研究センターの地下350mの調査坑道を対象として、樹脂を坑道周辺の岩盤に注入し、掘削損傷領域の割れ目を固定し、紫外線照射下の観察により割れ目の連結性や開口幅の検討を行った。原位置における樹脂の注入に際しては、粘性が低く紫外線照射によって発光する樹脂を開発して坑道周辺岩盤へ圧入した。その結果、割れ目の状態を乱すことなく、坑道周辺に形成された割れ目へ樹脂を浸透させ、固定させることに成功した。さらに、割れ目への固定の後に、注入孔周辺をオーバーコアリングし、孔壁面及び得られたコア表面を紫外線照射下で観察した。観察の結果、割れ目は孔口から約0.9mの範囲まで発達していた。また、孔口から約0.3mまでは、複数本の割れ目が交差しており、開口幅は1-2mm程度であったのに対し、孔口から0.3-0.9mに分布する割れ目は単独で存在し、開口幅は1mmよりも小さいことがわかった。一方、ボアホールテレビューア観察では、孔口から0.2mまでの明瞭に開口した割れ目しか検出されていないことから、カメラの分解能の影響で開口幅の小さい割れ目を検出することが難しいため、割れ目の発達の範囲を過小評価する可能性があることがわかった。,"In this research, we performed the resin injection experiment at the 350 m gallery of the Horonobe Underground Research Laboratory in order to identify the three dimensional distribution of fractures induced around the gallery owing to excavation. To this end, the low viscosity resin mixed with a fluorescent substance was developed and applied to the in situ resin injection experiment. As a result, the resin was successfully penetrated into the fractures around the gallery without disturbing their situation and then fixed within them. After the experiment, the rock cores around the injection borehole were drilled for the observation. The observation under ultraviolet light revealed that the extent of the development of fractures was about 0.9 m into the borehole wall. In addition, the aperture of the fractures distributed within 0.3 m from the gallery wall was ranged 1 to 2 mm, and that distributed from 0.3 to 0.9 m was less than 1 mm. On the other hand, in the borehole televiewer (BTV) survey, only one fracture within 0.2 m from the wall could be detected owing to the resolution of the survey system. Thus, it is expected that the BTV survey underestimate the extent of the development of fractures.",Japanese,49 Pages,2018/01,Excavation Damaged Zone ; Resin injection ; Visualization ; Fracture ; Horonobe Underground Research Laboratory,深地層研究所,https://doi.org/10.11484/jaea-research-2017-014,"3d_modeling, computer_vision",11,"visualization, カメラ, 三次元, 可視化",幌延深地層研究センターにおける掘削損傷領域の可視化手法の検討(共同研究),https://jopss.jaea.go.jp/search/servlet/search?5059197,https://jopss.jaea.go.jp/pdfdata/JAEA-Research-2017-014.pdf
5049546,JAEA-Data/Code 2014-027,PHITSシミュレーション結果の4次元可視化・解析ツールの開発,Development of software tools for 4-D visualization and quantitative analysis of PHITS simulation results,古高 和禎,"Furutaka, Kazuyoshi","放射線輸送シミュレーション・コードPHITSにより得られた結果を4次元(3次元空間+時間)可視化することにより、シミュレーション結果の定量的理解を容易にし、それを用いた装置開発を促進することを目的として、ソフトウェア・ツールを開発した。実用に堪えるツールを可能な限り早く使用に供するために、使用可能な既存のソフトウェアを最大限活用することにし、可視化にはParaViewを、解析にはROOTを用いることにした。そして、PHITSによるシミュレーション結果をParaViewで可視化することができるようにするために、データ形式の変換ツール及び可視化を簡単化するツール(angel2vtk, DispDCAS1, CamPos)を作成した。一方、dieawayプロットの解析のためには、ROOTを利用したソフトウェア、dianaを作成した。","A suite of software tools has been developed to facilitate the development of apparatus using a radiation transport simulation code PHITS by enabling 4D visualization (3D space and time) and quantitative analysis of so-called dieaway plots. To deliver useable tools as soon as possible, the existing software was utilized as much as possible; ParaView will be used for the 4D visualization of the results, whereas the analyses of dieaway plots will be done with ROOT toolkit with a tool named ""diana"". To enable 4D visualization using ParaView, a suite of tools (angel2vtk, DispDCAS1, CamPos) have been developed for the conversion of the data format to the one which can be read from ParaView and to ease the visualization.",Japanese,32 Pages,2015/02,Radiation transport ; PHITS ; 4D visualization ; dieaway-plot analysis,,https://doi.org/10.11484/jaea-data-code-2014-027,"3d_modeling, computer_vision",11,"3d, 3次元, visualization, 可視化",PHITSシミュレーション結果の4次元可視化・解析ツールの開発,https://jopss.jaea.go.jp/search/servlet/search?5049546,https://jopss.jaea.go.jp/pdfdata/JAEA-Data-Code-2014-027.pdf
4020708,JNC TN7400 2005-007,繰り返しアプローチに基づく地質構造のモデル化(Step1およびStep2),The Construction of geological model using an iterative approach; Step 1 and step 2,松岡 稔幸; 熊崎 直樹*; 三枝 博光; 佐々木 圭一; 遠藤 令誕*; 天野 健治,"Matsuoka, Toshiyuki; Kumazaki, Naoki*; Saegusa, Hiromitsu; Sasaki, Keiichi; Endo, Yoshinobu*; Amano, Kenji",地層処分研究開発の基盤となる深地層の科学的研究の一環として進めている、超深地層研究所計画においては、繰り返しアプローチを実施すること(「計画立案」 「調査」 「解釈/データセット」 「概念化/モデル化/解析」 「アウトプット」の一連のプロセスを繰り返すこと)により、各研究スケールにおける深部地質環境の体系的な調査・解析・評価技術の基盤を整備することを主たる研究目標としている。本報告では、瑞浪超深地層研究所用地(以下、研究所用地)を包含する数百m 数km四方の領域(サイトスケール)を対象に、Step1:「既存の情報、地質踏査および反射法弾性波探査」、およびStep2:「Step1の情報に既存ボーリング孔を利用した調査および浅層ボーリング調査における情報を付加」の2段階の情報に基づき、繰り返しアプローチによる地質構造モデルを構築し、研究所用地周辺に分布する地質・地質構造の可視化を行った。その結果、各段階の情報に基づき、地質構造モデルに表現すべき要素を抽出するとともに、研究所用地に分布する主要な不連続構造として、北北西走向、東西走向、北東走向に卓越する数条の断層を確認・推定した。,"One of the main goals of the Mizunami Underground Research Laboratory (MIU) Project is to establish appropriate methodologies for reliably investigating and assessing the deep subsurface. This report documents the results of geological modeling of Step1 and Step2 using the iterative investigation approach at the site-scale (several 100m to several km in area). For the Step1 model, existing information (e.g. literature), and results from geological mapping and reflection seismic survey were used. For the Step2 model, additional information obtained from the geological investigation using existing borehole and the shallow borehole investigation were incorporated. As a result of this study, geological elements that should be represented in the model were defined, and several major faults with trends of NNW, EW and NE trend were identified (or inferred) in the vicinity of the MIU-site.",Japanese,99 Pages,2005/03,no keyword,,,"ar_mapping, computer_vision",11,"mapping, 可視化",調査および浅層ボーリング調査における情報を付加」の2段階の情報に基づき、繰り返しアプローチによる地質構造モデルを構築し、研究所用地周辺に分布する地質・地質構造の可視化を行った。その結果、各段階の情報に基づき、地質構造モデルに表現すべき要素を抽出するとともに、研究所用地に分布する主要な不連続構造として、北北西走向、東西走向、北東走向に卓越する数条の断層を確認・推定した。,https://jopss.jaea.go.jp/search/servlet/search?4020708,https://jopss.jaea.go.jp/pdfdata/JNC-TN7400-2005-007.pdf
4036991,JNC TN9400 2001-106,"Effects of Nuclear Date Library on BFS and ZPPR Fast Reactor Core Analysis Results, 2; BFS-62 Analysis Results","BFS及びZPPR高速臨界実験解析における核データライブラリ効果の評価,2; BFS-62炉心の実験解析における効果","Mantourov, G.","Mantourov, G.","本研究は、ロシアの高速発電所BN-600における解体核余剰Pu処分のために、ロシア物理エネルギー研究所(IPPE)のBFS-2臨界実験装置を利用するJNC-IPPE共同研究の一環として実施したものである。本報告書は、BS炉心及びZPPR炉心の実験解析結果に及ぼす核データライブラリの影響を調査した結果を示す2冊目のものである。臨界実験解析には、ロシアで使用されているABBN-93核データライブラリに基づく実効定数計算システムCONSYST/ABBNと核燃料サイクル開発機構(JNC)の拡散計算コードCITATION-FBRを用いた。セル内の空間非均質性と共鳴干渉効果の評価は、衝突確率法とサブグループ法が適用可能な格子計算コードFFCPにより行った。FFCPにより計算した実効断面積を、専用の変換プログラムにより、JNCで使用されているPDSファイル形式に変換した。次に、CITATION-FBRコードを用いて、BFS-62炉心及びZPPRにおけるJUPITER臨界実験シリーズ炉心の3次元Hex-Z体系計算を行った。実験解析結果に及ぼす核データライブラリの影響は、上記のようにして求めた解析値を、日本の核データライブラリJENDL-3.2に基づく実効断面積とCITATION-FBRコードを用いて得た解析値と比較して評価した。臨界性については、BFS-62炉心における4種類の実験体系(BFS-62-1 4)、及びZPPR炉心における3種類の実験体系(ZPPR-9, 13A, 及び17A)に関する結果を示した。反応率分布については、BFS-62炉心における2種類のU0 燃料炉心(BFS-62-1及びBFS-62-2)に関する結果を示した。種々の計算手法による補正項の大きさは、すべての解析ケースにおいて1.0%以下であった。解析誤差として見込むべき不確かさは、ZPPR炉心の場合約0.3%、BFS-62炉心の場合約0.2%と評価できる。JNCの解析手法においてABBN-93核データライブラリを適用することによる臨界性への影響は、ZPPR炉心及びBFS-62炉心のうち燃料領域にPuを含む炉心(BFS-62-3及びBFS-62-4)の場合約0.3%であった。BFS-62炉心のうちU0 燃料炉心(BFS-62-1及びBFS-62-2)においては、核データライブラリによる影響は約0.1%であった。引き続いて実施した感度解析により、この差異を引き起こす主要因子はウランと鉄の断面積であることがわかった。","This work was fulfilled in the frame of JNC-IPPE Collaboration on Ex- perimental investigation of Excess Weapon Pu Disposition in BN-600 re-actor Using BFS-2 Facility. Data processing system CONSYST/ABBN cou- pled with ABBN-93 nuclear data libraty was used in analysis of BFS-62 and ZPPR JUPITER series fast reactor cores, applying JNC core calcu- lation code CITATION-FBR. FFCP cell code was used for taking into ac- count the spatial cell heterogeneity and response effect based on the first Flight collision Probability method and subgroup approach. Espe-cially two converting programs were written to transmit the prepared effective cross section to JNC standard PDS files to let then the CI- TATION code be applied for 3-D HEXZ neitronics calculation of the in- vestigated cores. The effects of nuclear data library have been stu- died by comparing the results calculated using ABBN-93 nuclear data library with the former ones obtained in JNC based on JENDL-3.2 nucle-ar data library. The",English,67 Pages,2001/11,no keyword,,,"3d_modeling, ar_mapping",11,"3-d, 3次元, ar","Effects of Nuclear Date Library on BFS and ZPPR Fast Reactor Core Analysis Results, 2; BFS-62 Analysis Results",https://jopss.jaea.go.jp/search/servlet/search?4036991,https://jopss.jaea.go.jp/pdfdata/JNC-TN9400-2001-106.pdf
4020353,JNC TJ7400 2001-002,長期岩盤挙動評価のための微視的観点による基礎的研究(平成12年度),None,市川 康明*,"Ichikawa, Yasuaki*",岩盤の1万年以上にも渡る長期の挙動を予測するためには、岩石・岩盤のミクロ構造まで考慮に入れた精度の高い解析が要求される。本研究では、花崗岩の長期挙動を解明するために1.X線トモグラフィ(XTM)による花崗岩造鉱物の三次元組織構造観察、2.顕微鏡下における浸水一軸・三軸圧縮試験並びに応力緩和試験によるマイクロクラック発生進展のメカニズムの解明、3.均質化法粘弾性解析における花崗岩の長期挙動の予測とミクロ・マクロレベルの応力評価、を実施した。第2章では、岩石の特徴を表す様々な物性の中でも組成鉱物の割合と配置に着目し、各々の組成鉱物が示すX線吸収係数の違いを利用してXTM画像から代表的な鉱物を別々に抽出する作業について、画像処理ソフトを用いて自動化する方法を提案した。さらに、ミクロレベルの有限要素解析に画像データを用いるためにデータ処理を行う際に、初期段階の処理を自動化する方法についても提案する。また、画像解析では各鉱物の割合を調べ、3次元画像を構築した。第3章では、浸水三軸応力下における花崗岩内に生じるマイクロクラックの進展を、実体顕微鏡を用いて連続的に観察し、岩石破壊過程を明らかにするとともに、均質化法粘弾性解析を用いて室内実験と同様の条件下で長期間にわたる岩石の時間依存挙動解析を行い、マクロ応力変化とマイクロクラックの方向、長さなどの影響について考察した。,no abstracts in English,Japanese,74 Pages,2001/03,no keyword,,,"3d_modeling, computer_vision",11,"3次元, 三次元, 画像処理, 画像解析",クロレベルの有限要素解析に画像データを用いるためにデータ処理を行う際に、初期段階の処理を自動化する方法についても提案する。また、画像解析では各鉱物の割合を調べ、3次元画像を構築した。第3章では、浸水三軸応力下における花崗岩内に生じるマイクロクラックの進展を、実体顕微鏡を用いて連続的に観察し、岩石破壊過程を明らかにするとともに、均質化法粘弾性解析を用いて室内実験と同様の条件下で長期間にわたる岩石の時間依存,https://jopss.jaea.go.jp/search/servlet/search?4020353,https://jopss.jaea.go.jp/pdfdata/JNC-TJ7400-2001-002.pdf
4036853,JNC TN9410 2001-022,照射後試験用X線CT装置の開発-データ活用法の検討-,Development of X-ray CT apparatus for the post-irradiation examination; Practical application of the CT images,永峯 剛; 勝山 幸三; 松元 愼一郎,"not registered; not registered; Matsumoto, Shinichiro",照射燃料集合体試験施設では、照射後試験用X線CT装置を開発・設置し、平成11年から供用を開始した。本報では「常陽」使用済炉心燃料集合体(PFD512)のCT画像データに基づき本装置の活用方法について検討したものである。以下に結果を示す。(1)3次元可視化像によって集合体内部状況の観察における視認性が格段に向上する。 (2)断層画像の数値化処理による燃料ピン配置状況などの定量情報は、サブチャンネル解析などに反映できるデータとして期待される。 (3)CT値によって燃料ペレットやラッパ管の密度が得られることを確認した。破壊試験結果との比較評価が必要であるが大きなスエリングについては評価に役立つ。(4)燃料ペレットの中心空孔径を 0.1mm程度の精度で測定できる見通しが得られた。このデータは照射条件の確認、金相観察位置の選定の際に役立つ。(5)3次元可視化によって燃料スタックや燃料ピン全長データが集合体を解体せずに取得できる。 以上の様に照射後試験用X線CT装置は集合体の異常の早期発見、解体を許されない継続照射用リグの中間検査に有効である。また、使用際な破壊試験計画の立案時のピン選定及び観察位置特定などにも活用が期待される。,"The X-ray CT apparatus for post-irradiation examination (PIE) was developed and installed in the Fuel Monitoring Facility (FMF). The apparatus started the common use for PIE in 1999. In this paper, the practical applicability of the CT image of this apparatus, based on the CT data of JOYO fuel subassembly (PFD512) is described. The results are as follows. (1)By the three-dimensional visualization of the CT images, the visibility to observation of the inside situation of the fuel assemblies was remarkably improved. (2)CT image analysis provides quantitative information such as the fuel pin rearrangements. It is expected as the data, which can reflect in the sub-channel analysis, etc. (3)By the CT data, it was confirmed that the information of the density variation of fuel pellets and ducts was obtained. Though the comparison with the destructive tests was necessity, this data is useful for evaluation when the swelling is big. (4)The apparatus measured fuel pellet center void diameters with an accuracy of about 0.1mm. This data is useful for confirming irradiation conditions and for selecting the position for optical macrograph observations. (5)The three-dimensional image provides fuel stack length and overall pin length without dismantling the fuel subassembly. The X-ray CT apparatus for PIE is useful for the early detection of fuel subassembly abnormalities and intermediate inspections of continuous irradiation rigs where dismantling is not permitted. The apparatus is also usefu1 for the selection of pins and observation positions in detailed destructive tests.",Japanese,41 Pages,2000/12,no keyword,,,"3d_modeling, computer_vision",11,"3次元, image analysis, visualization, 可視化",供用を開始した。本報では「常陽」使用済炉心燃料集合体(PFD512)のCT画像データに基づき本装置の活用方法について検討したものである。以下に結果を示す。(1)3次元可視化像によって集合体内部状況の観察における視認性が格段に向上する。 (2)断層画像の数値化処理による燃料ピン配置状況などの定量情報は、サブチャンネル解析などに反映できるデータとして期待される。 (3)CT値によって燃料ペレットやラッパ管の,https://jopss.jaea.go.jp/search/servlet/search?4036853,https://jopss.jaea.go.jp/pdfdata/JNC-TN9410-2001-022.pdf
4819,JAERI-Data/Code 2000-021,実時間可視化システムのためのボリュームレンダリング・モジュールの開発,Development of volume rendering module for real-time visualization system,大谷 孝之; 村松 一弘,"Otani, Takayuki; Muramatsu, Kazuhiro",ボリュームレンダリングは、3次元の解析空間における物理量の分布について物理量の境界面のみならず内部の情報構造も透かして観ることのできる可視化手法である。そのため科学技術計算における計算結果データの解析等の際には非常に有用な可視化機能であるが、反面、ほかの可視化に比べて計算時間が膨大になるという短所をもつ。本報告では、並列計算機上での流体解析のための実時間可視化システムの機能の一つとして開発したボリュームレンダリングモジュールについて記述する。このモジュールは構造格子を用いて計算された結果を直接可視化できる。また、発見的な手法を用いることでレンダリングの一部を高速化している。さらに、並列処理によるボリュームレンダリングの高速化についても考察する。,no abstracts in English,Japanese,p.26 - 0,2000/03,Visualization ; 3D Image ; Ray Casting ; Simulation ; Computer Graphics,,https://doi.org/10.11484/jaeri-data-code-2000-021,"3d_modeling, computer_vision",11,"3d, 3次元, visualization, 可視化",実時間可視化システムのためのボリュームレンダリング・モジュールの開発,https://jopss.jaea.go.jp/search/servlet/search?4819,https://jopss.jaea.go.jp/pdfdata/JAERI-Data-Code-2000-021.pdf
2006033,JAERI-Data/Code 98-032,ETC-Relコード; トカマクにおける相対論的電子の軌道解析,ETC-Rel code; Orbit trace code of relativistic electrons in a tokamak,徳田 伸二; 樋口 高年*,"Tokuda, Shinji; not registered",トカマクにおける相対論的電子の軌道を追跡するコードETC-Relを開発した。このコードの開発のために、相対論的電子の案内中心運動に対する正準ハミルトン形式を新たに導いた。このとき、案内中心の運動方程式はBoozer座標で記述される。そのため、軌道を実空間(デカルト座標)で可視化するための写像ルーチンも開発した。また、ETC-Relコードを用いてシミュレーションを行い、ディスラプション時の磁場揺動が逃走電子の無衝突損失を引き起こすことを実証した。この予測は、逃走電子発生を回避するプラズマ緊急停止に関して最近行われたJT-60U実験とよく一致する。,no abstracts in English,Japanese,36 Pages,1998/11,Relativistic Electron ; Guiding Centrer Drift Motion ; Canonical Hamiltonian Form ; Boozer Coordinate ; Mapping ; Magnetic Perturbations ; Collisionless Loss,,https://doi.org/10.11484/jaeri-data-code-98-032,"ar_mapping, computer_vision",11,"mapping, 可視化",子の案内中心運動に対する正準ハミルトン形式を新たに導いた。このとき、案内中心の運動方程式はBoozer座標で記述される。そのため、軌道を実空間(デカルト座標)で可視化するための写像ルーチンも開発した。また、ETC-Relコードを用いてシミュレーションを行い、ディスラプション時の磁場揺動が逃走電子の無衝突損失を引き起こすことを実証した。この予測は、逃走電子発生を回避するプラズマ緊急停止に関して最近行われた,https://jopss.jaea.go.jp/search/servlet/search?2006033,https://jopss.jaea.go.jp/pdfdata/JAERI-Data-Code-98-032.pdf
4024940,PNC TN8410 94-269,"Discrete Fracture Modelling of the Aspo LPT-2,Large Scale Pumping and Tracer Test",None,*,not registered,本論は、Aspo Hard Rock Laboratoryで行われた、LPT-2大規模揚水・トレーサー試験の亀裂ネットワークシミュレーション結果をまとめたものである。本研究は、地下水流動と物質移動研究に係る国際共同研究プログラム「Aspo Task Force」のもとに実施された。シミュレーションには、個々の亀裂を三次元空間に発生させ、それが構成する亀裂ネットワーク構造をモデル化可能な亀裂ネットワークコードFracManを用いた。シミュレーション領域は、Aspo島南部の揚水孔を中心とする一辺約1kmの立方体である。亀裂モデルは主に2つのタイプの亀裂群から構成される。一つはfracture zones(破砕帯)であり、その位置、方向はSKBによるAspoサイトの概念モデルに基づいて設定した。他方はfracture zones以外の亀裂であり(non-zone fracturesと呼ぶ)、統計的に発生させた。それぞれのグループの亀裂の幾何学と水理学的特性の決定にあたっては、SKBのデータベースを基に解析した。non-zone fracturesの亀裂の長さについては、別途筆者らが独自に行った地表露頭の亀裂マッピングデータを基に設定した。一辺が1kmの立方体領域に分布する全ての亀裂をモデル化することは不可能であり、したがって、亀裂分布の母集団から水理学的に重要な亀裂のみを抽出しモデル化した。1993年の3月と9月に行われた2回のTask Force Mcetingにおいて、それぞれ異なったモデルを使用した。3月モデルでは、厚さ10mの平板内に直径30mの亀裂を分布させfracture zonesとした。9月モデルでは、各fracture zoneを1枚の平板で代表させ、その平板を20m 30mスケールの要素に離散化し、地球統計法に基づいて不均質に透水係数を割り当てた。また、9月モデルでは、ボーリング孔における透水量係数の実測値を再現できるよう条件付けした亀裂発生(conditioning)も行った。3月モデルは破砕帯内における亀裂の連結性をより現実的にモデル化しているが、数値解法上は9月モデルがより効率的である。どちらのモデルも、揚水試験時の非定常の圧力変化と水位低下のシミュレーションに用いた。トレーサー試験シミュレーションは9月モデルのみを用いて行った。シミュレーシ,"This report describes FracMan discrete fracture flow transport modelling of the LPT-2, large-scale pumping and tracer test, at the SKB Aspo Hard Rock Laboratory. This work was carried out under the international cooperation program of the AsPo Task Force on Groundwater Flow and Transport of Solutes. The scale of simulation was approximately a one-kilometer cube. The discrete fracture model contains two major fracture types - fracture zones, which were located deterministically according to SKB's conceptual model of the Aspo site, and fractures outside the fracture zones which were generated stochastically. The geometric and hydraulic properties of each group were developed from the SKB modeling database, except for non-zone fracture length which we developed from our own mapping of surface outcrops. Two separate models were prepared for the March and September, 1993, task force meetings respectively. The March model represented the fracture zones as 10-m thick Planar regions containing populations of 30-m radius discrete fractures. The September model represented the fracture zones as single planes, which were discretized on a 20- to 30-m scale for a geostatistical assignment of properties. The September model also included conditioning of the properties to the borehole data. Both models generally reproduce the drawdown and transient pressure interference responses of the experiment. The tracer breakthroughs were simulated using only the September model. Calibration runs of the transport model varied the mean transport aperture, aperture variance, and aperture correlation length. The results of this modelling exercise show that a discrete fracture model can be applied at kilometer scales if the flow is dominated by a small portion of fracture population. The results also show that the SKB conceptual model is consistent with the field measurements.",English,77 Pages,1994/07,Aspo ; Aspo Task Force ; Aspo島 ; FracMan ; LPT-2 ; SKB ; シミュレーション ; スウェーデン ; トレーサー試験 ; トレーサ法 ; モデリング ; 亀裂 ; 亀裂ネットワークシミュレーション ; 計算機コード ; 国際共同研究 ; 国際共同研究プログラム ; 国際協力 ; 地下水流動 ; 地層処分 ; 地中処分 ; 透水係数 ; 破砕帯 ; 廃棄物 ; 物質移動 ; 放射性廃棄物 ; 揚水 ; 揚水・トレーサ試験,,,"3d_modeling, ar_mapping",11,"mapping, マッピング, 三次元",的特性の決定にあたっては、SKBのデータベースを基に解析した。non-zone fracturesの亀裂の長さについては、別途筆者らが独自に行った地表露頭の亀裂マッピングデータを基に設定した。一辺が1kmの立方体領域に分布する全ての亀裂をモデル化することは不可能であり、したがって、亀裂分布の母集団から水理学的に重要な亀裂のみを抽出しモデル化した。1993年の3月と9月に行われた2回のTask Force M,https://jopss.jaea.go.jp/search/servlet/search?4024940,https://jopss.jaea.go.jp/pdfdata/PNC-TN8410-94-269.pdf
4033162,PNC TN9410 88-181,SNR300遮蔽プラグの3次元温度-応力分布解析; INTERATON-PNCベンチマーク解析(PNC側解析結果),3 Dimensional temperature-stress analysis of SNR300 shield plug; INTERATOM-PNC Benchmark calculations (PNC side report),大平 博昭*,not registered,"SNR300遮蔽プラグ外周にあるアニュラス状""h""-GapにおけるArガス自然対流と構造材との相互作用を評価するために、西ドイツInteratom社とPNCの間でそれぞれ所有のコードを用いたベンチマーク解析を行っている。PNC側は先に開発した、熱流体-構造物連成解析のためのインターフェイスプログラム(FLUSH)を用いて、SNR300遮蔽プラグの詳細形状データを基にナトリウム温度420 及び556 の2条件について、Arガスの自然対流に起因するガス及び構造材の3次元温度分布を実施した。得られた結果は次のとおり。(1)遮蔽プラグ上面温度は106.6 176.0 と比較的高い範囲で分布している。これは、ECC(FmergencyCoolingCircuit)が発熱原として効いていることに困る。(2)""h""-Gapにおける周方向温度分布は最大81.0 であった。又、これに起因する遮蔽プラグ上板での応力値は最大37.6N/mm2であった。今後、Interatom側での解析結果及び試験データとの比較・検討を通じて総合的に評価が行われる。","In order to evaluate the natural convection of Ar gas and structures interaction of the upper closure system of SNR300, the benchmark calculations were carried out at both Interatom GmbH and PNC in the same conditions. Three dimensional temperature distribution analysis of the cover gas and the shield plug, and thermal stress analysis of the shield plug were carried out in the different two cases of sodium temperature, 420 C and 556 C, using the Interface Program for Fluid and Structures Interaction, ""FLUSH"", at PNC. And following results were obtained; (1)The surface temperature on the upper plate was in the region of 106.6 C 176.0 C. These rather high values were caused by the ECC (Emergency Cooling Circuit) in the shield plug being performed as the heat source. (2)The maximum circumferential temperature difference was 81.0 C, and the maximum thermal stress on the upper plate caused by that ununiform temperature difference was 37.6N/mm . The technical information exchange meeting is going to be held in order to compare the PNC results with the SNR300 experimental data and the calculation results performed by using COMMIX/STINT code at Interaton.",Japanese,130 Pages,1988/12,LMFBR型原子炉 ; アルゴン ; プラグ ; 温度分布 ; 気体 ; 構造材料 ; 三次元 ; 自然対流 ; 遮蔽 ; 熱応力,,,"3d_modeling, ar_mapping",11,"3次元, ar, 三次元",SNR300遮蔽プラグの3次元温度-応力分布解析; INTERATON-PNCベンチマーク解析(PNC側解析結果),https://jopss.jaea.go.jp/search/servlet/search?4033162,https://jopss.jaea.go.jp/pdfdata/PNC-TN9410-88-181.pdf
5086995,JAEA-Technology 2026-004,HASWS貯蔵廃棄物の取出しに向けた水中ROV等の操作性向上に係るデータの取得,Data acquisition related to improving operability of ROVs for the retrieval of HASWS stored waste,爲田 惟斗; 佐野 恭平; 高野 祐吾*; 山本 昌彦; 中崎 和寿; 秋山 和樹,"Tameta, Yuito; Sano, Kyohei; Takano, Yugo*; Yamamoto, Masahiko; Nakazaki, Katsutoshi; Akiyama, Kazuki",東海再処理施設の高放射性固体廃棄物貯蔵庫(HASWS)では、再処理工程から発生した高放射性固体廃棄物を貯蔵しており、HASWSを構成する設備のうち、湿式セル(ハル貯蔵庫)では使用済燃料をせん断・溶解して残った燃料被覆管(ハル)・燃料端未部(エンドピース)等を収納したハル缶、使用済みのフィルタ類・汚染機器類を貯蔵している。HASWSに貯蔵している廃棄物の取出しに向け、英国の廃止措置において使用実績がある水中ROVと、海洋分野において海底に沈んだ物品の浮上げや運搬に用いられる水中リフタを活用することを検討しており、2022年度及び2023年度にモックアップ試験を実施し、水中ROVと水中リフタによる廃棄物の取出し方法の成立性を確認した。本報告では、より安全かつ確実な廃棄物の取出しに向けて、水中ROV付属ケーブル、廃棄物把持用グラブ、水中ROV取扱い用回収吊具、水中リフタ、水中ROV操作用カメラそれぞれについて改善を施し、操作性向上に係るデータを取得した。水中ROV付属ケーブルについては、ケーブル後方に浮きを装着し、水中ROVにかかるケーブルの重量負荷を軽減することで前傾操作がし易くなり、水中ROVの姿勢安定性が向上した。廃棄物把持用グラブについては、水中リフタ(グラブ式)に用いるグラブの爪先端に治具を取り付け、ハル缶の直径に対する爪先端の接触位置の深さを約60%に増強することで、ハル缶の把持安定性が向上した。水中ROV取扱い用回収吊具については、水中リフタ(吊具式)の回収吊具リングの大きさを従前の 8cmから 15cmに変更することで、リングの把持に要する時間の短縮が図られ、回収吊具へのアクセス性が向上した。水中リフタについては、内部構造を変更した水中リフタ(チューブ内蔵型、気室分割型)を用いることで、微細な空気量の調整や、浮き部が折れ曲がることによる空気の流路の閉塞が改善され、水中リフタの給排気の安定性が向上した。水中ROV操作用カメラについては、セル内の低照度環境下において、廃棄物取出し作業を俯瞰する水中ROV操作用カメラ近傍にライトを追加で設置することにより、セル内の照度が確保されケーブル類の視認性の向上が図られた。,"At the High Active Solid Waste Storage (HASWS) of Tokai Reprocessing Plant, high active solid waste generated from the reprocessing process is stored. In the wet cell, hull cans containing fuel cladding tubes (hulls) and end pieces are stored, along with used filters and contaminated equipment. It is being considered that utilizes a small underwater remotely operated vehicle (ROV) along with a lifter for recovering and transporting objects from the seafloor for the retrieval of the waste stored in the HASWS. Mock-up tests were conducted in FY2022 and FY2023 to verify the feasibility of retrieving waste using the ROV and the lifter. In this study, to achieve safer and more reliable waste retrieval, improvements were made to each component, including the ROV cable, waste gripping grab, lifting hook, lifter, and ROV monitoring camera, and data were collected to evaluate operational performance. For the ROV cable, attaching a float to the rear section of the ROV cable to reduce its weight facilitated forward-tilt operation and improved the ROV's attitude stability during wire-cutting. For the waste gripping grab, attaching a jig to the tips of the grab of the lifter (grabtype) enhanced the gripping stability of the hull can. For the lifting hook, setting the ring diameter of the lifter (hook-type) to 15 cm shortened the time required for grasping and improved accessibility to the hook. For the lifter, using lifters with modified internal structures enabled fine air-volume adjustment and reduced blockage of air passages, thereby improving the stability of air supply and exhaust. For the ROV monitoring camera, adding a light near the ROV monitoring camera in a dark environment ensured sufficient cell illumination and enhanced cable visibility.",Japanese,27 Pages,2026/05,東海再処理施設 ; HASWS ; 廃止措置 ; 水中ROV ; 水中リフタ,再処理施設,https://doi.org/10.11484/jaea-technology-2026-004,"computer_vision, robotics_remote",10,"camera, remote, rov, カメラ",HASWS貯蔵廃棄物の取出しに向けた水中ROV等の操作性向上に係るデータの取得,https://jopss.jaea.go.jp/search/servlet/search?5086995,https://jopss.jaea.go.jp/pdfdata/JAEA-Technology-2026-004.pdf
5086563,JAEA-Technology 2025-015,令和6年度緊急時対応技術適用のためのバックグラウンド航空機モニタリング及び無人航空機による放射線モニタリングに係る技術開発(受託研究),Background aerial monitoring and UAV radiation monitoring technology development for emergency response and preparedness in the fiscal year 2024 (Contract research),普天間 章; 越智 康太郎; 佐々木 美雪; 中間 茂雄; 川崎 義晴*; 岩井 毅行*; 平賀 祥吾*; 萩野谷 仁*; 松永 祐樹*; 眞田 幸尚; 工藤 保,"Futemma, Akira; Ochi, Kotaro; Sasaki, Miyuki; Nakama, Shigeo; Kawasaki, Yoshiharu*; Iwai, Takeyuki*; Hiraga, Shogo*; Haginoya, Masashi*; Matsunaga, Yuki*; Sanada, Yukihisa; Kudo, Tamotsu",2011年(平成23年)3月11日に発生した東北地方太平洋沖地震に伴う津波により、東京電力福島第一原子力発電所事故が発生し、大量の放射性物質が周辺環境に飛散した。事故直後から、放射線の分布を迅速かつ広範囲に測定する手段として、有人ヘリコプター等による航空機モニタリングが活用されてきた。日本原子力研究開発機構は原子力規制庁からの受託事業として、緊急時モニタリングの迅速化に向け、発電所周辺のバックグラウンド線量率や地形、管制空域等の情報整備を進めている。令和6年度は、島根原子力発電所周辺で航空機モニタリングを実施し、線量率マップ等を作成し、地上測定値や他機関データと比較して妥当性を確認した。原子力総合防災訓練では、有人ヘリコプターに加え無人航空機を用いた訓練フライトを実施し、搭載方法やリアルタイム通信、迅速なマッピングの有効性を確認した。さらに、無人機データ収集システムの整備を進め、リアルタイム解析やマルチプラットフォームでの運用を検証し、改良課題を抽出した。マルチコプターの操作講習も実施し、運用技術の向上を図った。加えて、米国、フランス、韓国、カナダと合同環境放射線モニタリングを行い、各国の測定技術や運用体制に関する知見を得るとともに、国際的な情報共有の重要性を確認した。本報告書は、これら令和6年度の受託研究で得られた成果と技術的課題を取りまとめ、今後の緊急時モニタリング技術の高度化に資する知見を提供するものである。,"On March 11, 2011, the 2011 off the Pacific coast of Tohoku Earthquake and tsunami caused the Fukushima Daiichi Nuclear Power Station accident, releasing radioactive material. Since then, Aerial Radiation Monitoring (ARM) with manned helicopters has been used to assess radiation distribution quickly. In FY2024, the Japan Atomic Energy Agency (JAEA), under commission from the Nuclear Regulation Authority, conducted ARM around the Shimane Nuclear Power Station, producing background dose rate maps validated against ground and other data. During a nuclear emergency drill, UAV training flights complemented manned monitoring, confirming the effectiveness of real-time communication and rapid mapping. The UAV data system was developed and demonstrated for real-time analysis and multi-platform use. Skill training for multicopters was also conducted to strengthen operational capability. Additionally, joint monitoring with the U.S., France, South Korea, and Canada provided insights into international technologies and practices, emphasizing the value of information sharing. This report summarizes the results and technical challenges from these FY2024 activities, contributing to the advancement of emergency radiation monitoring.",Japanese,171 Pages,2026/03,Fukushima Daiichi Nuclear Power Station Accident ; 福島第一原子力発電所事故 ; 航空機モニタリング ; 原子力防災 ; 自然放射性核種 ; 無人航空機 ; Aerial Radiation Monitoring ; Nuclear Emergency Preparedness ; Natural Radionuclide ; Unmanned Aerial Vehicles,,https://doi.org/10.11484/jaea-technology-2025-015,"ar_mapping, robotics_remote",10,"mapping, uav, マッピング",Background aerial monitoring and UAV radiation monitoring technology development for emergency response and preparedness in the fiscal year 2024 (Contract r,https://jopss.jaea.go.jp/search/servlet/search?5086563,https://jopss.jaea.go.jp/pdfdata/JAEA-Technology-2025-015.pdf
5081081,JAEA-Review 2025-031,高放射線耐性の低照度用太陽電池を利用した放射線場マッピング観測システム開発(委託研究); 令和5年度英知を結集した原子力科学技術・人材育成推進事業,Development of radiation field mapping measurement system based on high radiation tolerant solar cells for low-light illumination (Contract research); FY2023 Nuclear Energy Science & Technology and Human Resource Development Project,廃炉環境国際共同研究センター; 理化学研究所*,Collaborative Laboratories for Advanced Decommissioning Science; Institute of Physical and Chemical Research*,日本原子力研究開発機構(JAEA)廃炉環境国際共同研究センター(CLADS)では、令和5年度英知を結集した原子力科学技術・人材育成推進事業(以下、「本事業」という。)を実施している。本事業は、東京電力ホールディングス株式会社福島第一原子力発電所(1F)の廃炉等をはじめとした原子力分野の課題解決に貢献するため、国内外の英知を結集し、様々な分野の知見や経験を従前の機関や分野の壁を越えて緊密に融合・連携させた基礎的・基盤的研究及び人材育成を推進することを目的としている。平成30年度の新規採択課題から実施主体を文部科学省からJAEAに移行することで、JAEAとアカデミアとの連携を強化し、廃炉に資する中長期的な研究開発・人材育成をより安定的かつ継続的に実施する体制を構築した。本研究は、令和4年度に採択された研究課題のうち、「高放射線耐性の低照度用太陽電池を利用した放射線場マッピング観測システム開発」の令和5年度分の研究成果について取りまとめたものである。本研究は、自立・遠隔で駆動するセンサーを応用した放射線場マッピングが可能なシステムを開発することで、原子炉格納容器(PCV)内の放射線情報を網羅的かつリアルタイムで取得し、非常に透過性が高く、事故の要因となりえるガンマ線や中性子などの漏洩監視により、作業員や住民に対する安全性が担保可能なシステムを実環境に実装するため実証研究を行うものである。太陽電池型線量計は、宇宙用太陽電池として開発された高放射線耐性を有する半導体素子を利用し、自立駆動形の省電力・小型センサーとして開発を進め、PCVへの適応可能性について議論してきたが、CIGS太陽電池型線量計をベースとした1F実装には、素子の高機能化及びシステム化が必要となる。高機能化として、さらなる難アクセス箇所への探索を目指したフレキシブルシート化、マッピングモニタリングシステム開発基盤となる多接続化及び再臨界事故評価システム開発に向けたガンマ線・中性子検出構造の最適化を実施している。令和5年度は、CIGS太陽電池素子構造をベースとしたフレキシブル素子作成条件の探査とガラス基板CIGS素子を用いた試作機による初期特性をガンマ線、電子線及び中性子線照射試験により解明する。中性子検出構造においては、変換材料のホウ素を塗布による成膜条件の探査、ミリングによる粉末材料粒径の調整条件の解明や塗布法及び溶剤条件に関する選定を行う。また、マッピング計測では、複数のセンサーの計測及び線量情報を表示可能なシステム開発を行う。,"The Collaborative Laboratories for Advanced Decommissioning Science (CLADS), Japan Atomic Energy Agency (JAEA), had been conducting the Nuclear Energy Science & Technology and Human Resource Development Project (hereafter referred to ""the Project"") in FY2023. The Project aims to contribute to solving problems in the nuclear energy field represented by the decommissioning of the Fukushima Daiichi Nuclear Power Station (1F), Tokyo Electric Power Company Holdings, Inc. (TEPCO). For this purpose, intelligence was collected from all over the world, and basic research and human resource development were promoted by closely integrating/collaborating knowledge and experiences in various fields beyond the barrier of conventional organizations and research fields. The sponsor of the Project was moved from the Ministry of Education, Culture, Sports, Science and Technology to JAEA since the newly adopted proposals in FY2018. On this occasion, JAEA constructed a new research system where JAEA-academia collaboration is reinforced and medium-to-long term research/development and human resource development contributing to the decommissioning are stably and consecutively implemented. Among the adopted proposals in FY2022, this report summarizes the research results of the ""Development of radiation field mapping measurement system based on high radiation tolerant solar cells for low-light illumination"" conducted in FY2023. The present study aims to develop a system that can map radiation fields by applying independent and remotely operated sensors to obtain radiation information in the Primary Containment Vessel (PCV) in real time. The system will be implemented in a real environment to ensure the safety of workers and equipment by monitoring the leakage of gamma rays and neutrons, which are highly penetrating and can be a cause of accidents. A solar cell dosimeter is being developed as a compact sensor of the built-in potential drive type that utilizes a device with high radiation tolerance that has been developed as a solar cell for space use. The CIGS solar cell dosimeter is the basis for the development of a system with high functionality and systemization for 1F packaging. In FY2023, we will investigate the conditions for creating a flexible device based on the structure of a CIGS solar cell device, and clarify the initial characteristics of a prototype device using a CIGS device on a glass substrate through irradiation tests using gamma rays, electron beams, and neutron beams. In the neutron detection structure, we will explore the conditions for applying the conversion material boron, investigate the conditions for adjusting the particle size of the powder material by milling, and select the coating method and solvent conditions. In mapping measurements, we will develop a system that can display dose information by measuring multiple sensors.",Japanese,124 Pages,2025/12,福島第一原子力発電所事故 ; Fukushima Daiichi Nuclear Power Station Accident ; CIGS Solar Cell ; Radiation Detector ; Mapping System. Powder Coating,,https://doi.org/10.11484/jaea-review-2025-031,"ar_mapping, robotics_remote",10,"mapping, remote, マッピング",高放射線耐性の低照度用太陽電池を利用した放射線場マッピング観測システム開発(委託研究); 令和5年度英知を結集した原子力科学技術・人材育成推進事業,https://jopss.jaea.go.jp/search/servlet/search?5081081,https://jopss.jaea.go.jp/pdfdata/JAEA-Review-2025-031.pdf
5077476,JAEA-Review 2024-023,高放射線耐性の低照度用太陽電池を利用した放射線場マッピング観測システム開発(委託研究); 令和4年度英知を結集した原子力科学技術・人材育成推進事業,Development of radiation field mapping measurement system based on high radiation tolerant solar cells for low-light illumination (Contract research); FY2022 Nuclear Energy Science & Technology and Human Resource Development Project,廃炉環境国際共同研究センター; 京都大学*,Collaborative Laboratories for Advanced Decommissioning Science; Kyoto University*,日本原子力研究開発機構(JAEA)廃炉環境国際共同研究センター(CLADS)では、令和4年度英知を結集した原子力科学技術・人材育成推進事業(以下、「本事業」という。)を実施している。本事業は、東京電力ホールディングス株式会社福島第一原子力発電所(以下、「1F」という。)の廃炉等をはじめとした原子力分野の課題解決に貢献するため、国内外の英知を結集し、様々な分野の知見や経験を、従前の機関や分野の壁を越えて緊密に融合・連携させた基礎的・基盤的研究及び人材育成を推進することを目的としている。平成30年度の新規採択課題から実施主体を文部科学省からJAEAに移行することで、JAEAとアカデミアとの連携を強化し、廃炉に資する中長期的な研究開発・人材育成をより安定的かつ継続的に実施する体制を構築した。本研究は、令和4年度に採択された研究課題のうち、「高放射線耐性の低照度用太陽電池を利用した放射線場マッピング観測システム開発」の令和4年度分の研究成果について取りまとめたものである。本研究は、自立・遠隔で駆動するセンサーを応用した放射線場マッピングが可能なシステムを開発することで、PCV内の放射線情報を網羅的かつリアルタイムで取得し、非常に透過性が高く事故の要因となりえるガンマ線や中性子などの漏洩監視により作業員や住民に対する安全性を担保可能なシステムを実環境に実装するための実証研究を行うものである。太陽電池型線量計は、宇宙用太陽電池として開発されてきた高放射線耐性を有する半導体素子を利用した自立駆動形の省電力・小型センサーとして開発を進めており、PCVへの適応可能性について議論してきた。CIGS太陽電池型線量計をベースとして1F実装に向けた素子の高機能化及びシステム化が必要となる。高機能化として、さらなる難アクセス箇所への探索を目指したフレキシブルシート化、マッピングモニタリングシステム開発基盤となる多接続化及び再臨界事故評価システム開発に向けたガンマ線・中性子検出構造の最適化を実施している。令和4年度では、CIGS太陽電池素子構造をベースとしたフレキシル素子の作製設備の整備及びガラス基板CIGS素子を用いた試作機による初期特性をガンマ線、電子線及び中性子線照射試験により解明する。中性子検出構造においては、変換材料のホウ素を塗布による成膜を検討しており、粉末材料粒径の調製条件の解明や、塗布法及び溶剤条件に関する選定を行う。,"The Collaborative Laboratories for Advanced Decommissioning Science (CLADS), Japan Atomic Energy Agency (JAEA), had been conducting the Nuclear Energy Science & Technology and Human Resource Development Project (hereafter referred to ""the Project"") in FY2022. The Project aims to contribute to solving problems in the nuclear energy field represented by the decommissioning of the Fukushima Daiichi Nuclear Power Station (1F), Tokyo Electric Power Company Holdings, Inc. (TEPCO). For this purpose, intelligence was collected from all over the world, and basic research and human resource development were promoted by closely integrating/collaborating knowledge and experiences in various fields beyond the barrier of conventional organizations and research fields. The sponsor of the Project was moved from the Ministry of Education, Culture, Sports, Science and Technology to JAEA since the newly adopted proposals in FY2018. On this occasion, JAEA constructed a new research system where JAEA-academia collaboration is reinforced and medium-to-long term research/development and human resource development contributing to the decommissioning are stably and consecutively implemented. Among the adopted proposals in FY2022, this report summarizes the research results of the ""Development of radiation field mapping measurement system based on high radiation tolerant solar cells for low-light illumination"" conducted in FY2022. The objective of the present study is to develop a system that can map radiation fields by applying independent and remotely operated sensors to obtain real-time radiation information in PCV. The system will be implemented in an actual environment to ensure the safety of workers and equipment by monitoring the leakage of gamma rays and neutrons, which are highly penetrating and can be a cause of accidents.",Japanese,78 Pages,2024/10,福島第一原子力発電所事故 ; Fukushima Daiichi Nuclear Power Station Accident,,https://doi.org/10.11484/jaea-review-2024-023,"ar_mapping, robotics_remote",10,"mapping, remote, マッピング",高放射線耐性の低照度用太陽電池を利用した放射線場マッピング観測システム開発(委託研究); 令和4年度英知を結集した原子力科学技術・人材育成推進事業,https://jopss.jaea.go.jp/search/servlet/search?5077476,https://jopss.jaea.go.jp/pdfdata/JAEA-Review-2024-023.pdf
5071531,JAEA-Review 2022-065,アルファダストの検出を目指した超高位置分解能イメージング装置の開発(委託研究); 令和3年度英知を結集した原子力科学技術・人材育成推進事業,Development of high-resolution imaging camera for alpha dust (Contract research); FY2021 Nuclear Energy Science & Technology and Human Resource Development Project,廃炉環境国際共同研究センター; 東北大学*,Collaborative Laboratories for Advanced Decommissioning Science; Tohoku University*,日本原子力研究開発機構(JAEA)廃炉環境国際共同研究センター(CLADS)では、令和3年度英知を結集した原子力科学技術・人材育成推進事業(以下、「本事業」という)を実施している。本事業は、東京電力ホールディングス株式会社福島第一原子力発電所の廃炉等をはじめとした原子力分野の課題解決に貢献するため、国内外の英知を結集し、様々な分野の知見や経験を、従前の機関や分野の壁を越えて緊密に融合・連携させた基礎的・基盤的研究及び人材育成を推進することを目的としている。平成30年度の新規採択課題から実施主体を文部科学省からJAEAに移行することで、JAEAとアカデミアとの連携を強化し、廃炉に資する中長期的な研究開発・人材育成をより安定的かつ継続的に実施する体制を構築した。本研究は、研究課題のうち、平成30年度に採択された「アルファダストの検出を目指した超高位置分解能イメージング装置の開発」の平成30年度から令和3年度の研究成果について取りまとめたものである。本課題は令和3年度が最終年度となるため4年度分の成果を取りまとめた。本研究は、スミヤろ紙上に付着するより細かい 線核種を含む微細なダストの詳細な分布を可視化することを可能にする技術の開発を目的の1つとする。この目的を満たすためには、これまでの研究から、シンチレータ信号の効率化と、発光した信号の収集効率の向上が必要であり、その工夫を行い、位置分解能10 m以下を達成することができた。これらの研究課題の過程で、新たなシンチレータ材料の創成が期待でき、上記の ダストモニタのみならず、多くの応用が期待できた。特に当該研究に関連して、非常に高い線量率場における線量率の分布を、光ファイバーを用いて測定できるかもしれないとの着想を得た。そこで、光ファイバーを用いた高線量率モニタの実証についても、最大数kSv/h程度の線量率下の環境で実施することができた。,"The Collaborative Laboratories for Advanced Decommissioning Science (CLADS), Japan Atomic Energy Agency (JAEA), had been conducting the Nuclear Energy Science & Technology and Human Resource Development Project (hereafter referred to ""the Project"") in FY2021. The Project aims to contribute to solving problems in the nuclear energy field represented by the decommissioning of the Fukushima Daiichi Nuclear Power Station, Tokyo Electric Power Company Holdings, Inc. (TEPCO). For this purpose, intelligence was collected from all over the world, and basic research and human resource development were promoted by closely integrating/collaborating knowledge and experiences in various fields beyond the barrier of conventional organizations and research fields. The sponsor of the Project was moved from the Ministry of Education, Culture, Sports, Science and Technology to JAEA since the newly adopted proposals in FY2018. On this occasion, JAEA constructed a new research system where JAEA-academia collaboration is reinforced and medium-to-long term research/development and human resource development contributing to the decommissioning are stably and consecutively implemented. Among the adopted proposals in FY2018, this report summarizes the research results of the ""Development of high-resolution imaging camera for alpha dust"" conducted from FY2018 to FY2021. Since the final year of this proposal was FY2021, the results for four fiscal years were summarized. The present study aims to develop a novel alpha-ray camera consisting of imaging and an energy spectrometer to find the alpha dust to reduce the risk of health damage in decommissioning. We have developed the camera with a position resolution of less than 10 m, and the measurement test for the energy spectra was operated using several alpha-ray sources with an unfolding method.",Japanese,111 Pages,2023/03,福島第一原子力発電所事故 ; Fukushima Daiichi Nuclear Power Station Accident ; Alpha Dust ; Scintillator ; Unfolding ; Imaging ; Red and Infrared Emission Band ; Optical Fiber,,https://doi.org/10.11484/jaea-review-2022-065,"computer_vision, robotics_remote",10,"camera, imaging, イメージング, 可視化",アルファダストの検出を目指した超高位置分解能イメージング装置の開発(委託研究); 令和3年度英知を結集した原子力科学技術・人材育成推進事業,https://jopss.jaea.go.jp/search/servlet/search?5071531,https://jopss.jaea.go.jp/pdfdata/JAEA-Review-2022-065.pdf
5071471,JAEA-Review 2021-044,アルファダストの検出を目指した超高位置分解能イメージング装置の開発(委託研究); 令和2年度英知を結集した原子力科学技術・人材育成推進事業,Development of high-resolution imaging camera for alpha dust (Contract research); FY2020 Nuclear Energy Science & Technology and Human Resource Development Project,廃炉環境国際共同研究センター; 東北大学*,Collaborative Laboratories for Advanced Decommissioning Science; Tohoku University*,日本原子力研究開発機構(JAEA)廃炉環境国際共同研究センター(CLADS)では、令和2年度英知を結集した原子力科学技術・人材育成推進事業(以下、「本事業」という)を実施している。本事業は、東京電力ホールディングス株式会社福島第一原子力発電所の廃炉等をはじめとした原子力分野の課題解決に貢献するため、国内外の英知を結集し、様々な分野の知見や経験を、従前の機関や分野の壁を越えて緊密に融合・連携させた基礎的・基盤的研究及び人材育成を推進することを目的としている。平成30年度の新規採択課題から実施主体を文部科学省からJAEAに移行することで、JAEAとアカデミアとの連携を強化し、廃炉に資する中長期的な研究開発・人材育成をより安定的かつ継続的に実施する体制を構築した。本研究は、研究課題のうち、平成30年度に採択された「アルファダストの検出を目指した超高位置分解能イメージング装置の開発」の令和2年度の研究成果について取りまとめたものである。本研究では、廃炉のある段階から作業員が実際に炉内に立ち入る際に、体内被曝の影響が指摘されるアルファ線を放出する核種を含むダストやデブリについての、形状や核種を観測するための装置や素材の開発を目的としている。さらに、作業員が立ち入る前の高線量率場での分布測定についても計測するための装置や素材についても、その開発を目的とする。令和2年度には、これらの目的に対して、前者は撮像カメラ、エネルギー測定部位、および、それらを統合したシステム開発と実証を行うことができた。また、後者についても、令和元年度に引き続き、新しい赤色・近赤外発光シンチレータ材料の開発と実証試験を行うことができた。,"The Collaborative Laboratories for Advanced Decommissioning Science (CLADS), Japan Atomic Energy Agency (JAEA), had been conducting the Nuclear Energy Science & Technology and Human Resource Development Project (hereafter referred to ""the Project"") in FY2020. The Project aims to contribute to solving problems in the nuclear energy field represented by the decommissioning of the Fukushima Daiichi Nuclear Power Station, Tokyo Electric Power Company Holdings, Inc. (TEPCO). For this purpose, intelligence was collected from all over the world, and basic research and human resource development were promoted by closely integrating/collaborating knowledge and experiences in various fields beyond the barrier of conventional organizations and research fields. The sponsor of the Project was moved from the Ministry of Education, Culture, Sports, Science and Technology to JAEA since the newly adopted proposals in FY2018. On this occasion, JAEA constructed a new research system where JAEA-academia collaboration is reinforced and medium-to-long term research/development and human resource development contributing to the decommissioning are stably and consecutively implemented. Among the adopted proposals in FY2018, this report summarizes the research results of the ""Development of high-resolution imaging camera for alpha dust"" conducted in FY2020. The present study aims to develop a novel alpha-ray camera consisting of imaging and an energy spectrometer to find the alpha dust to reduce the risk of health damage in Decommissioning. We have developed the camera in FY2020, and the measurement test for the energy spectra. Moreover, the imaging test has been operated. In addition, we have also developed a high-dose-rate monitor system using novel scintillators with red/infra-red emission.",Japanese,58 Pages,2022/01,福島第一原子力発電所事故 ; Fukushima Daiichi Nuclear Power Station Accident ; Alpha Dust ; CMOS Camera ; Red and Infrared Emission Band ; Scintillator ; Optical Fiber,,https://doi.org/10.11484/jaea-review-2021-044,"computer_vision, robotics_remote",10,"camera, imaging, イメージング, カメラ",アルファダストの検出を目指した超高位置分解能イメージング装置の開発(委託研究); 令和2年度英知を結集した原子力科学技術・人材育成推進事業,https://jopss.jaea.go.jp/search/servlet/search?5071471,https://jopss.jaea.go.jp/pdfdata/JAEA-Review-2021-044.pdf
5069762,JAEA-Review 2020-039,アルファダストの検出を目指した超高位置分解能イメージング装置の開発(委託研究); 令和元年度英知を結集した原子力科学技術・人材育成推進事業,Development of high-resolution imaging camera for alpha dust (Contract research); FY2019 Nuclear Energy Science & Technology and Human Resource Development Project,廃炉環境国際共同研究センター; 東北大学*,Collaborative Laboratories for Advanced Decommissioning Science; Tohoku University*,日本原子力研究開発機構(JAEA)廃炉環境国際共同研究センター(CLADS)では、令和元年度英知を結集した原子力科学技術・人材育成推進事業(以下、「本事業」という)を実施している。本事業は、東京電力ホールディングス福島第一原子力発電所の廃炉等をはじめとした原子力分野の課題解決に貢献するため、国内外の英知を結集し、様々な分野の知見や経験を、従前の機関や分野の壁を越えて緊密に融合・連携させた基礎的・基盤的研究及び人材育成を推進することを目的としている。平成30年度の新規採択課題から実施主体を文部科学省からJAEAに移行することで、JAEAとアカデミアとの連携を強化し、廃炉に資する中長期的な研究開発・人材育成をより安定的かつ継続的に実施する体制を構築した。本研究は、研究課題のうち、平成30年度に採択された「アルファダストの検出を目指した超高位置分解能イメージング装置の開発」の令和元年度の研究成果について取りまとめたものである。本研究は、福島第一原発の廃炉を進めるうえで、ある段階からは作業員が実際に炉内、ないしは、炉のがれき・破片を解体・撤去する際に、ダストとして舞う放射線核種、特に体内被曝の影響が高いアルファ線を放出する核種などの把握を目指した撮像カメラの開発を行うものである。ダストの把握に必要な10 m程度以下の優れた位置分解能を達成するために、シンチレータの高性能化、カメラの最適化などに取り組んできた。また、ここで得られた技術をもとに、光ファイバーを用いた超高線量場でのリアルタイム線量モニタの開発も取り組んだ。,"The Collaborative Laboratories for Advanced Decommissioning Science (CLADS), Japan Atomic Energy Agency (JAEA), had been conducting the Nuclear Energy Science & Technology and Human Resource Development Project (hereafter referred to ""the Project"") in FY2019. The Project aims to contribute to solving problems in the nuclear energy field represented by the decommissioning of the Fukushima Daiichi Nuclear Power Station, Tokyo Electric Power Company Holdings, Inc. (TEPCO). For this purpose, intelligence was collected from all over the world, and basic research and human resource development were promoted by closely integrating/collaborating knowledge and experiences in various fields beyond the barrier of conventional organizations and research fields. The sponsor of the Project was moved from the Ministry of Education, Culture, Sports, Science and Technology to JAEA since the newly adopted proposals in FY2018. On this occasion, JAEA constructed a new research system where JAEA-academia collaboration is reinforced and medium-to-long term research/development and human resource development contributing to the decommissioning are stably and consecutively implemented. Among the adopted proposals in FY2018, this report summarizes the research results of the ""Development of high-resolution imaging camera for alpha dust"" conducted in FY2019. We have developed an imaging camera with a position resolution of less than approximately 10 m to monitor alpha dust in the nuclear plant during the decommissioning process, because the operators avoid to drawing in such dusts. Moreover, we have developed real-time monitor system with optical fiber and scintillator under high dose-rate condition.",Japanese,59 Pages,2021/01,福島第一原子力発電所事故 ; Fukushima Daiichi Nuclear Power Station Accident ; Alpha Dust ; High-resolution-imaging ; Lenses ; Scintillator ; Imaging ; Red-emitter,,https://doi.org/10.11484/jaea-review-2020-039,"computer_vision, robotics_remote",10,"camera, imaging, イメージング, カメラ",アルファダストの検出を目指した超高位置分解能イメージング装置の開発(委託研究); 令和元年度英知を結集した原子力科学技術・人材育成推進事業,https://jopss.jaea.go.jp/search/servlet/search?5069762,https://jopss.jaea.go.jp/pdfdata/JAEA-Review-2020-039.pdf
5062018,JAEA-Review 2019-003,燃料研究棟の汚染に係る空気力学的放射能中央径の評価; イメージングプレートを用いたPu粒子径の分析,Activity median aerodynamic diameter relating to contamination at Plutonium Fuel Research Facility in Oarai Research and Development Center; Particle size analysis for plutonium particles using imaging plate,高崎 浩司; 安宗 貴志; 橋本 周; 前田 宏治; 加藤 正人; 吉澤 道夫; 百瀬 琢麿,"Takasaki, Koji; Yasumune, Takashi; Hashimoto, Makoto; Maeda, Koji; Kato, Masato; Yoshizawa, Michio; Momose, Takumaro",平成29年6月6日に大洗研究開発センター燃料研究棟の管理区域内において、貯蔵容器の点検等作業中、貯蔵容器内にある核燃料物質が入った容器を封入した樹脂製の袋が破裂した。室内で作業をしていた作業員5名は半面マスクを着用していたが、5名全員が飛散したPu等のダストで汚染され、体内摂取による内部被ばくが生じた。国際放射線防護委員会は作業者による放射性核種の吸入摂取について、空気力学的放射能中央径(AMAD)の1 mと5 mの実効線量係数を示しており、内部被ばく線量の評価において、放射性粒子のAMADは重要な情報である。事象発生後に採取した室内のスミヤ試料14枚とPuダストモニタのサンプリングろ紙1枚について、イメージングプレートで測定し、画像解析により室内に飛散したPu等の粒子のAMADを評価した。評価の結果、スミヤ試料からは硝酸Pu塩と仮定した場合のAMADは4.3 11 m以上、酸化Puと仮定した場合のAMADは5.6 14 m以上と評価された。また、Puダストモニタの集塵ろ紙については、硝酸Pu塩とした場合のAMADは3.0 m以上、酸化Puとした場合は3.9 m以上と評価された。,"June 6, 2017, at Plutonium Fuel Research Facility in Oarai Research and Development Center of JAEA, when five workers were inspecting storage containers containing plutonium and uranium, resin bags in a storage container ruptured, and radioactive dust spread. Though they were wearing a half face mask respirator, they inhaled radioactive materials. In the evaluation of the internal exposure dose, the aerodynamic radioactive median diameter (AMAD) is an important parameter. We measured 14 smear samples and a dust filter paper with imaging plates, and estimated the AMAD by image analysis. As a result of estimating the AMAD, from the 14 smear samples, the AMADs are 4.3 to 11 m or more in the case of nitrate plutonium, and the AMADs are 5.6 to 14 m or more in the case of the oxidized plutonium. Also, from the dust filter paper, the AMAD is 3.0 m or more in the case of nitrate plutonium, and the AMAD is 3.9 m or more in the case of the oxidized plutonium.",Japanese,48 Pages,2019/03,Imaging Plate ; AMAD ; Contamination at Plutonium Fuel Research Facility ; Plutonium ; Image J ; Particle Size,,https://doi.org/10.11484/jaea-review-2019-003,"computer_vision, robotics_remote",10,"image analysis, imaging, イメージング, 画像解析",燃料研究棟の汚染に係る空気力学的放射能中央径の評価; イメージングプレートを用いたPu粒子径の分析,https://jopss.jaea.go.jp/search/servlet/search?5062018,https://jopss.jaea.go.jp/pdfdata/JAEA-Review-2019-003.pdf
5043924,JAEA-Technology 2013-049,汚染部位調査用ガンマカメラの開発; 福島第一原子力発電所2号機オペレーティングフロア汚染調査を通じた -eyeIIの性能実証,Development of gamma camera for survey of contamination distribution; Performance demonstration of gamma camera based on survey of contamination on operating floor of the Fukushima Daiichi Nuclear Power Plant Unit 2 reactor building by -eyeII,金山 文彦; 岡田 尚; 福嶋 峰夫; 吉元 勝起*; 羽生 敏紀; 川野邊 崇之,"Kanayama, Fumihiko; Okada, Takashi; Fukushima, Mineo; Yoshimoto, Katsunobu*; Hanyu, Toshinori; Kawanobe, Takayuki",東京電力は、2号機原子炉建屋5階のオペレーティングフロアからの燃料取り出し準備として遮へい・除染計画を立案するため、当該フロアの状況調査を行い、空間線量率が数十mSv/hから数百mSv/hであることをロボットで確認しているが、汚染部位計測には至っていない。そこで、原子力機構は自ら開発したガンマカメラである -eyeIIの汚染部位計測への適用性を事前に確認したうえで、当該フロアの詳細な汚染分布や汚染密度の情報収集を実施した。事前確認の結果、 -eyeIIが比較的高い空間線量率環境下にあっても、当該フロアに想定された高い汚染部位を計測可能であることを確認した。そして当該フロアの汚染部位計測の結果、調査範囲の主たる汚染源は原子炉ウェル上部であり、推定表面汚染密度は約10Mから100MBq/cm であること、またブローアウトパネル開口部近辺の床面にも原子炉ウェル上部と同程度の汚染があると推定されること、さらに当該フロアの西側床面の推定表面汚染密度は10MBq/cm 未満であることが評価できた。以上の調査を通し、 -eyeIIの性能を実証するとともに、ガンマカメラ開発に係る種々の知見を得ることができた。,"For planning of removing fuels and debris from the Unit 2 reactor building, TEPCO has already started to measure dose rate over the floor by remotely operated vehicle. Because the measured data were widely distributed in the range of several decades to one thousand mSv/h, it is necessary for TEPCO to survey of contamination distribution on operation floor 2 for more detail planning. JAEA estimated sensitivity of developed gamma camera system named "" -eye II"" in consistency with actual radiation condition, and carried a demonstration experiment at Fukushima Daiichi N.P.P. to confirm a strength of jamming by back ground dose. Then, JAEA surveyed contamination distribution of operating floor using -eye II. At the result of survey, it was found that, - main radiation source in survey area was located on upper reactor well, - western floor in survey area was lower the margin of capacity of -eye II, -there was a highly contaminated spot on the floor near the opened BOP.",Japanese,60 Pages,2014/03,福島第一原子力発電所事故 ; Fukushima Daiichi Nuclear Power Station Accident,,https://doi.org/10.11484/jaea-technology-2013-049,"computer_vision, robotics_remote",10,"camera, remote, カメラ, ロボット",汚染部位調査用ガンマカメラの開発; 福島第一原子力発電所2号機オペレーティングフロア汚染調査を通じた -eyeIIの性能実証,https://jopss.jaea.go.jp/search/servlet/search?5043924,https://jopss.jaea.go.jp/pdfdata/JAEA-Technology-2013-049.pdf
5041813,JAEA-Testing 2013-002,原子力機構スーパーコンピュータシステムにおける大規模データの可視化,Visualization environment of the large-scale data of JAEA's supercomputer system,坂本 健作; 星 芳幸*,"Sakamoto, Kensaku; Hoshi, Yoshiyuki*",原子力分野の研究開発では、数値シミュレーションの結果を直感的に理解するための手段として結果データの可視化は特に有用である。原子力機構において数値シミュレーションを行っている研究者の多くは、当機構に導入されているスーパーコンピュータにある結果ファイルを研究者の手元にあるパソコンに転送し可視化を行っている。近年は機構スパコンの高性能化に伴い結果ファイルも大規模化しており、大規模データにおける可視化処理時間の短縮及び当機構ネットワークの効率利用が必要となっている。このため、可視化処理の途中段階のデータを転送する機能によりデータ転送量を低減でき、可視化処理の一部を機構スパコン上で並列処理する機能によりスパコン資源を活用できる遠隔可視化システムを機構スパコンに導入している。本報告書では、各拠点において、可視化ソフトの違い、データサイズの違い、データ転送する段階(描画モード)の違い、並列数の違いなどに対して可視化処理性能を調査し、各拠点における遠隔可視化の利用ガイドラインとして取りまとめた。これにより、研究者が、遠隔可視化システムをどのように利用すれば、処理時間を短縮できるか、また、ネットワーク資源や計算機資源をより効率的に利用できるかが明らかとなる。加えて、さらに大規模データを扱う必要が生じる、次期機構スパコンの利用における可視化について、ネットワーク増速の必要性などを検討し、次期可視化システムの整備方針をまとめた。,"On research and development of various fields of nuclear energy, visualization of calculated data is especially useful to understand the result of simulation in an intuitive way. Many researchers who run simulations on the supercomputer in Japan Atomic Energy Agency (JAEA) are used to transfer calculated data files from the supercomputer to their local PCs for visualization. In recent years, as the size of calculated data has gotten larger with improvement of supercomputer performance, reduction of visualization processing time as well as efficient use of JAEA network is being required. As a solution, we introduced a remote visualization system which has abilities to utilize parallel processors on the supercomputer and to reduce the usage of network resources by transferring data of intermediate visualization process. This paper reports a study on the performance of image processing with the remote visualization system. The visualization processing time is measured and the influence of network speed is evaluated by varying the drawing mode, the size of visualization data and the number of processors. Based on this study, a guideline for using the remote visualization system is provided to show how the system can be used effectively. An upgrade policy of the next system is also shown.",Japanese,80 Pages,2013/11,no keyword,大型計算機・スパコン(東海),https://doi.org/10.11484/jaea-testing-2013-002,"computer_vision, robotics_remote",10,"image processing, remote, visualization, 可視化",原子力機構スーパーコンピュータシステムにおける大規模データの可視化,https://jopss.jaea.go.jp/search/servlet/search?5041813,https://jopss.jaea.go.jp/pdfdata/JAEA-Testing-2013-002.pdf
5035025,JAEA-Technology 2012-027,高速実験炉「常陽」における原子炉容器内保守・補修技術開発; 高速炉における原子炉容器内観察技術開発,Inspection and repair techniques in the reactor vessel of the experimental fast reactor Joyo; Observation technical development in a reactor vessel of the fast reactor,今泉 和幸; 齊藤 隆一; 飛田 茂治; 長井 秋則; 北村 了一; 岡崎 義広,"Imaizumi, Kazuyuki; Saito, Takakazu; Tobita, Shigeharu; Nagai, Akinori; Kitamura, Ryoichi; Okazaki, Yoshihiro",原子炉容器内観察技術は、供用期間中の原子炉の安全性及び健全性を確認する技術として重要な役割が期待されている。一方で、ナトリウム冷却型高速炉にあっては、観察装置等を高温・高放射線・ナトリウム環境といった過酷な条件で使用することから、当該技術の信頼性を担保するために、実機環境下で機能確認することが重要である。「常陽」では、第15回定期検査時に発生したトラブルの原因究明を一つの契機とし、以下の観察技術を新たに開発し、実機に適用した。(1)回転プラグ貫通孔上のアクリルプレートに設置したビデオカメラを用いた集合体等頂部観察技術。(2)遠隔操作装置により狭隘部に挿入した耐放射線ファイバスコープを用いた炉心上部機構下面観察技術。本技術開発を通じて、原子炉容器内観察にかかわる装置設計・作業手順策定等にかかわる経験を蓄積するとともに、照明・放射線の影響や画像拡張処理技術にかかわる基礎データを拡充し今後の原子炉容器内観察技術に資することができた。,"In-Vessel Observations (IVO) techniques for Sodium cooled Fast Reactors (SFRs) are important in confirming its safety and integrity. In order to secure the reliability of IVO techniques, it was necessary to demonstrate the performance under the actual reactor environment with high temperature, high radiation dose and remained sodium. During the investigation of an incident occurred in Joyo, the following observation systems were specifically developed for Joyo. And the following two observations were conducted. (1) Simple overhead observation using a standard video camera for the top of the sub-assemblies and the in-vessel storage rack (2) Narrow space observation using remote handling device equipped with radiation-resistant fiberscope for the bottom face of the upper core structure. As a result, the observations under the actual reactor environment were successfully made even in the narrow space in the reactor vessel and the results provided useful information on incident investigations and planning of restoration work.",Japanese,49 Pages,2012/08,no keyword,常陽(高速増殖炉実験炉),https://doi.org/10.11484/jaea-technology-2012-027,"computer_vision, robotics_remote",10,"camera, remote, カメラ, 遠隔操作",定期検査時に発生したトラブルの原因究明を一つの契機とし、以下の観察技術を新たに開発し、実機に適用した。(1)回転プラグ貫通孔上のアクリルプレートに設置したビデオカメラを用いた集合体等頂部観察技術。(2)遠隔操作装置により狭隘部に挿入した耐放射線ファイバスコープを用いた炉心上部機構下面観察技術。本技術開発を通じて、原子炉容器内観察にかかわる装置設計・作業手順策定等にかかわる経験を蓄積するとともに、照明・放,https://jopss.jaea.go.jp/search/servlet/search?5035025,https://jopss.jaea.go.jp/pdfdata/JAEA-Technology-2012-027.pdf
5024735,JAEA-Technology 2010-051,MOX燃料製造施設の放射線管理へのイメージングプレートの適用,Application of imaging plate to the radiation protection in the MOX fuel fabrication facility,佐川 直貴; 山崎 巧; 黒澤 重行*; 井崎 賢二; 水庭 春美; 高崎 浩司,"Sagawa, Naoki; Yamazaki, Takumi; Kurosawa, Shigeyuki*; Izaki, Kenji; Mizuniwa, Harumi; Takasaki, Koji",イメージングプレートを用いた画像解析手法は最近の技術であり、放射能強度分布の情報をPSLという単位で得ることができるものである。われわれはMOX燃料製造施設の放射線管理にイメージングプレート(IP)を適用させるため、放射線管理試料を用いてプルトニウム(Pu)のPSL画像について調査を行った。また、バックグラウンドを約99%除外する閾値によってPSL画像からスポットを抽出し、さらに40ピクセル以上のスポットを抽出することによってプルトニウムの識別を行った。そして識別したPuのスポット領域のPSL強度から平均バックグラウンドを差し引き、フェーディングを考慮した換算計数によってPuのスポットの放射能量を評価した。,"The image analysis method using a imaging plate (IP) is recent technique, and this method can get the information of radioactivity distribution by the unit of Photo Simulated Luminescence (PSL). We have investigated the PSL images obtained by measuring some plutonium samples which are radiation protection samples in order to apply imaging plate to the radiation protection at the MOX fuel facility. Plutonium spots were extracted from the PSL image extracted by the threshold, in which about 99% of the back ground was excluded, and identified by the additional requirement that the spot size is more than 40 pixels. The average background is subtracted from PSL strength of the spot area identified as Pu, and the radioactivity of the Pu spot was evaluated by multiplying the conversion calculation that is in consideration of fading.",Japanese,35 Pages,2011/03,no keyword,,https://doi.org/10.11484/jaea-technology-2010-051,"computer_vision, robotics_remote",10,"image analysis, imaging, イメージング, 画像解析",MOX燃料製造施設の放射線管理へのイメージングプレートの適用,https://jopss.jaea.go.jp/search/servlet/search?5024735,https://jopss.jaea.go.jp/pdfdata/JAEA-Technology-2010-051.pdf
5022521,JAEA-Technology 2009-082,"3次元表示による2液相を呈するヨウ化水素,硫酸,ヨウ素及び水の4成分系溶液組成分布の解析","An Analysis of composition distributions for 2 liquid phase separation solution composed of HI, H SO , I and H O by 3-dimensional visualization",中島 隼人*; 今井 良行; 久保 真治,"Nakajima, Hayato*; Imai, Yoshiyuki; Kubo, Shinji","熱化学水素製造法ISプロセスにおいて、プラント運転時の操作条件決定に重要であるとともにプロセス熱効率に強く相関するヨウ化水素,硫酸,ヨウ素及び水の4成分系による2液相分離特性を、3次元可視化手法により解析した。大気圧環境下で293K及び363Kの温度条件における4成分系溶液の組成を実験的に取得し、それらの分布と形状を正四面体を利用した3次元空間内に可視化することにより、2次元表示では得られなかった2液相分離を生じる組成領域の境界面を明らかにするとともに、各相の酸濃度(ヨウ素を除いた3成分系におけるヨウ化水素モル分率と硫酸モル分率の和)が等しいことを見いだした。これにより、2液相分離を生じる組成領域,酸濃度といった、運転操作や熱効率推算に有用な組成情報を得ることができた。","Concerning the thermochemical water-splitting Iodine-Sulfur process, understanding of solution compositions on 2 liquid phase separation is essential for making good choices of operating conditions and for accurate estimations of thermal efficiency. The compositions of 4-component system composed of HI, H SO , I and H O were examined experimentally and were analysed by a 3-dimensional visualization technique. A chemical titration method was adapted to determine the mole fractions of the solutions at 293 K and 363 K, and the fraction were represented by scattered points in an equilateral tetrahedron. Two valuable features were found from a visualized shape viewed as an aggregate of the points, which were difficult to find out by 2-dimensional presentations.",Japanese,35 Pages,2010/08,no keyword,,https://doi.org/10.11484/jaea-technology-2009-082,"3d_modeling, computer_vision",10,"3次元, visualization, 可視化","3次元表示による2液相を呈するヨウ化水素,硫酸,ヨウ素及び水の4成分系溶液組成分布の解析",https://jopss.jaea.go.jp/search/servlet/search?5022521,https://jopss.jaea.go.jp/pdfdata/JAEA-Technology-2009-082.pdf
5018480,JAEA-Research 2009-050,幌延深地層研究計画におけるひずみ軟化挙動と物性の深度依存性を考慮した三次元立坑逐次掘削解析,Excavation analysis of vertical shaft in sedimentary rock taken into account strain softening and depth variation of rock properties,真田 祐幸; 松井 裕哉; 小川 豊和*; 木ノ村 幸士*; 青木 智幸*; 山本 卓也*,"Sanada, Hiroyuki; Matsui, Hiroya; Ogawa, Toyokazu*; Kinomura, Koji*; Aoki, Tomoyuki*; Yamamoto, Takuya*","坑道を掘削したことにより坑道周辺岩盤に生じる掘削影響を把握することは、地層処分における性能評価並びに処分坑道に設置するプラグの設計をするうえで必要不可欠な情報である。幌延深地層研究計画における地上からの調査において、当該地域の珪質岩は坑道掘削時にひずみの局所化による破壊面の形成が起こりうる可能性が高いことや岩盤物性が深度依存性を有することがわかっている。そのため、地下施設の建設時に想定される掘削影響を把握するために、先に示した物性の深度依存性や実際の施工方法を忠実に再現した三次元でのひずみ軟化立坑逐次掘削解析を行った。その結果、声問層と稚内層の境界領域で、ひずみ軟化による坑道周辺に著しい損傷が生じることが推定された。また、坑道掘削に伴う応力変化から諸物性値の変化を推察したところ、遷移帯を除いた稚内層では掘削影響は発生しないが、その他の領域では60cmから120cm程度の掘削影響領域が発生し、その物性変化の程度は弾性波速度で2割,弾性係数で約3割,透水係数で約1オーダーであることがわかった。","It is important to understand EDZ in assessing performance of repository and designing of plug. It is known that it remains possible that the large-scale EDZ is generated due to strain localization from boring investigations and tunnel excavation analyses and rock properties changes with increase of depth. Excavation analysis of vertical shaft in sedimentary rock taken into account strain softening, depth variation of rock properties and the actual construction procedure had been done in order to understand EDZ of Horonobe URL. The large-scale EDZ due to strain localization was generated around the border between Koetoi formation and Wakkanai formation. From result obtained from excavation analysis, scale of EDZ obtained from excavation analysis is from 60 cm to 120 cm. And it was estimated that seismic velocity changed by 20 percent, elastic modulus changed by 30 percent and hydraulic conductivity changed by 0.1 m/s order.",Japanese,57 Pages,2010/01,no keyword,深地層研究所,https://doi.org/10.11484/jaea-research-2009-050,"3d_modeling, ar_mapping",10,"localization, 三次元",幌延深地層研究計画におけるひずみ軟化挙動と物性の深度依存性を考慮した三次元立坑逐次掘削解析,https://jopss.jaea.go.jp/search/servlet/search?5018480,https://jopss.jaea.go.jp/pdfdata/JAEA-Research-2009-050.pdf
4019154,JNC TN5400 2005-009,幌延深地層研究計画における電磁探査を用いた断層帯調査; 大曲断層の三次元分布と水理特性,Characterization of fault zone by audio-frequency magneto telluric survey in the Horonobe Underground Research Laboratory project; Three-dimensional distribution and hydrogeological property of the Omagari Fault,石井 英一; 安江 健一,"Ishii, Eiichi; Yasue, Kenichi",北海道北部、第三紀堆積岩分布域においてAMT探査とともに、地表割れ目踏査、ボーリング調査(コア観察・EMI検層・比抵抗検層・水質分析)、および反射法地震探査を実施し、当域に分布する大曲断層の位置、連続性、および水理特性について検討した。その結果、以下のことが示唆された。(1)大曲断層はダメージゾーンを主体とした幅120m程度の断層帯であり、その透水性は高く、透水性異方性は弱い。(2)大曲断層は研究所設置地区近辺において、地表部ではover-stepし、地下では収斂する形態をなす。(3)「塩水系」と「淡水系」の2種類の地層水が存在し、顕著な岩相変化を示さない全体として均質的な岩相を呈す新第三紀堆積岩においては、電磁探査を用いた調査が、断層帯の位置、連続性、および水理特性など検討する際に有効である。,"Fault zones have significant influences on ground water flow. It is important to understand the characteristics of fault zones for hydrogeological modeling. We investigated the geological structure and the hydrogeological property of the fault in Neogene siliceous sedimentary rocks of northern Hokkaido, by geological mappings, borehole investigations, reflection seismic surveys, and audio-frequency magneto telluric surveys. The results of these investigations suggest the following,a) The Omagari Fault has a fault zone of about 120 m width that consists of mainly damage zone and that is a permeable structure without the strong anisotropy in permeability. b) The result of magneto telluric surveys shows several high-resistivity zones, and one of the high-resistivity zones corresponds to the position of the Omagari fault inferred from the results of the reflection seismic surveys. c) The high resistivity zones overlap with the low saline concentration zones, and the overlapping suggests the infiltration of the fresh water from the surface into the deeper part through the Omagari Fault as permeable structures. d) The Omagari Fault is over-stepping at the surface but is converging at deep underground. e) For the characterization of three-dimensional distribution and hydrogeological property of a fault zone in the Neogene sedimentary rocks that have two kind groundwater of saline and fresh water and have lithologically homogeneous facies, investigation using magneto telluric method is effective.",Japanese,34 Pages,2005/08,no keyword,,,"3d_modeling, ar_mapping",10,"mapping, 三次元",幌延深地層研究計画における電磁探査を用いた断層帯調査; 大曲断層の三次元分布と水理特性,https://jopss.jaea.go.jp/search/servlet/search?4019154,https://jopss.jaea.go.jp/pdfdata/JNC-TN5400-2005-009.pdf
4037637,JNC TN9520 2004-005,多次元ナトリウム; 水反応解析コードSERAPHIM取扱い説明書,Instruction manual of multi-dimensional sodium-water reaction analysis code SERAPHIM,渡部 晃*; 高田 孝; 山口 彰,"Watanabe, Akira*; Takata, Takashi; Yamaguchi, Akira",多次元Na-水反応解析コードSERAPHIM (Sodium-watEr Reaction Analysis: PHysics of Interdisciplinary Multi-phase flow)は、高速炉における蒸気発生器内での水漏えいより生じるNa-水反応現象を詳細かつ定量的に評価することを目的に核燃料サイクル開発機構で開発された数値解析コードである。 本書はSERAPHIMコードについて、入力データ作成から解析結果ポスト処理までの一連の取扱い方法をまとめたものである。また、3次元可視化ポスト処理で用いる可視化ソフトとしては、市販ソフトであるMicroAVS (株式会社 ケイ・ジー・ティー)及びFIELDVIEW (米国 Intelligent Light社)を用いている。,"A multi-dimensional sodium-water reaction analysis code SERAPHIM(Sodium-watEr Reaction Analysis: PHysics of Interdisciplinary Multi-phase flow) has been developed in Japan Nuclear Cycle Development Institute. Using this code, one can investigate a sodium-water reaction phenomenon quantitatively, which will take place in a steam generator of sodium-cooled fast reactor when water or water vapor leaks from a failed heat transfer tube into liquid sodium. This instruction manual describes a series of handling procedure of SERAPHIM code. MicroAVS(KGT Inc. in Japan) and FIELDVIEW(Intelligent Light in U.S.A.), which are famous commercial software, are used as a software for three-dimensional visualization of computational results.",Japanese,74 Pages,2005/02,no keyword,,,"3d_modeling, computer_vision",10,"3次元, visualization, 可視化",で開発された数値解析コードである。 本書はSERAPHIMコードについて、入力データ作成から解析結果ポスト処理までの一連の取扱い方法をまとめたものである。また、3次元可視化ポスト処理で用いる可視化ソフトとしては、市販ソフトであるMicroAVS (株式会社 ケイ・ジー・ティー)及びFIELDVIEW (米国 Intelligent Light社)を用いている。,https://jopss.jaea.go.jp/search/servlet/search?4037637,https://jopss.jaea.go.jp/pdfdata/JNC-TN9520-2004-005.pdf
4020895,JNC TJ7400 2005-042,花崗岩分布地域を対象としたマルチオフセットVSP探査,Multi-offset VSP Survey in Area of Granite distribution,新沼 岩保*; 相澤 隆生*; 伊東 俊一郎*,"Niinuma, Iwao*; Aizawa, Takao*; Ito, Shunichiro*",本業務は広域地下水流動研究の一環として、サイクル機構が掘削したボーリング孔を利用してVSP探査、物理検層、ボアホールテレビューア計測を実施し、取得されたデータの解析を行ったものである。本業務の目的は、ボーリング孔で遭遇する花崗岩内部の断層破砕帯や割れ目などに対応する弾性波応答の把握および、花崗岩分布におけるボーリング孔周辺の地質構造分布、試錐孔と交差する割れ目帯等の連続性などを把握する上でのVSP探査手法の確認を行うことにある。,"A Vertical Seismic Profiling(VSP), Geophysical Logging and Borehole televiewer (BHTV) were performed in borehole 03RT-03. The objectives of this work are to obtain of the elastic wave response corresponding to fractures and fault zones in the granite, and to understand the application of VSP technique to survey continuity of fault zones or fractures in granite. The contents of this survey were presented in this report. In VSP survey, five shot points were set along the direction of borehole drilling. VSP processing and 3D imaging of seismic reflector were performed in order to obtain the continuity and directivity of fault zones or fractures. The events in seismic processing section, corresponding to fault zone or fractures in the granite, accepted by core information. The results of those processing were compared with the geological information acquired from the data of Geophysical logging and BHTV.",Japanese,344 Pages,2004/03,no keyword,,,"3d_modeling, computer_vision",10,"3d, 3d imaging, imaging",ot points were set along the direction of borehole drilling. VSP processing and 3D imaging of seismic reflector were performed in order to obtain the continuity and directivity of fault zones or fractur,https://jopss.jaea.go.jp/search/servlet/search?4020895,https://jopss.jaea.go.jp/pdfdata/JNC-TJ7400-2005-042.PDF
4021016,JNC TJ7440 2005-090,立坑・坑道壁面調査・解析データを対象とした管理・可視化データの作成・解析およびモデル化作業,None,高野 仁*; 木村 仁*,"Takano, Hitoshi*; Kimura, Hitoshi*","瑞浪超深地層研究所・研究坑道周辺に分布する地質・地質構造を三次元的に把握するために,立坑・坑道壁面の調査・解析データを対象とした管理・可視化データの作成・解析およびモデル化作業を行った。 瑞浪超深地層研究所の立坑を中心とした1km平方内の領域を対象として,地質・地質構造の解析に必要なデータセットを作成した。このデータセットから地質・地質構造データ管理・可視化システムVULCAN(ヴァルカン)を用いて三次元の地質構造モデルを構築した。作成したモデルは被覆堆積岩4層,基盤花崗岩上限面の計5層に加え,堆積岩内の礫岩層と花崗岩内の上部割れ目帯,下部割れ目低密度帯,風化帯の細区分を行った。また,リニアメントおよび断層面の三次元モデルも作成した。地質・地質構造モデルの構築に際しては,ボーリングデータやリニアメント調査結果などの既往データとの整合性や矛盾点を吟味して精度の向上を図った。",no abstracts in English,Japanese,210 Pages,2004/03,no keyword,,,"3d_modeling, computer_vision",10,"三次元, 三次元モデル, 可視化",立坑・坑道壁面調査・解析データを対象とした管理・可視化データの作成・解析およびモデル化作業,https://jopss.jaea.go.jp/search/servlet/search?4021016,https://jopss.jaea.go.jp/pdfdata/JNC-TJ7440-2005-090.PDF
4020851,JNC TJ7440 2005-089,地質・地質構造データ管理・可視化システムの購入および初期データ作成作業,None,高野 仁*; 木村 仁*,"Takano, Hitoshi*; Kimura, Hitoshi*",瑞浪超深地層研究所・研究坑道周辺に分布する地質・地質構造を三次元的に把握するために、立坑・坑道壁面の調査・解析データを対象とした管理・可視化データの作成・解析およびモデル化作業を行った。瑞浪超深地層研究所の立坑を中心とした1km2内の領域を対象として、地質・地質構造の解析に必要なデータセットを作成した。このデータセットから地質・地質構造データ管理・可視化システムVULCAN(ヴアルカン)を用いて三次元の地質構造モデルを構築した。作成したモデルは被覆堆積岩4層、基盤花崗岩上限面の計5層に加え、堆積岩内の礫岩層と花崗岩内の上部割れ目帯、下部割れ目帯低密度帯、風化帯の細区分を行った。また、リニアメントおよび断層面の三次元モデルも作成した。,no abstracts in English,Japanese,35 Pages,2004/03,no keyword,,,"3d_modeling, computer_vision",10,"三次元, 三次元モデル, 可視化",地質・地質構造データ管理・可視化システムの購入および初期データ作成作業,https://jopss.jaea.go.jp/search/servlet/search?4020851,https://jopss.jaea.go.jp/pdfdata/JNC-TJ7440-2005-089.PDF
4037377,JNC TN9400 2003-063,大口径・高流速配管の流力振動試験(1) 試験計画の検討と試験装置の製作,Flow-induced Vibration Tests for Large Diameter and High Velocity Piping (1) Test Planning and Fabrication of Test Facility,藤井 正; 西口 洋平; 此村 守,"Fujii, Tadashi; Nishiguchi, Yohei; Konomura, Mamoru",実用化戦略調査研究で概念設計を進めているナトリウム冷却大型炉では、建設コスト削減の観点から、冷却系ループ数を2ループに削減している。これに伴い、薄肉構造の1次冷却系配管は大口径化(ホットレグ配管:内径1.27m)するとともに、管内の平均流速は従来設計を大幅に上回る9m/s台に高速化され、レイノルズ数は107オーダの条件となる。このような高流速、高レイノルズ数条件下における配管エルボ部の流動は、従来のレイノルズ数範囲での圧力変動特性やはく離域の形成範囲とは異なる可能性がある。また、内部流体の不安定流動に起因する配管振動の発生が懸念されるが、大口径の薄肉配管を対象とした流力振動特性に関する知見は限られている。そこで、1次系配管設計の成立性を確認するため、実機ホットレグ配管を1/3縮尺で模擬した水流動試験装置を製作し、高レイノルズ数条件での試験により配管エルボ部での流動特性やエルボ部の3次元流れによる不安定に起因する流力振動特性を把握する試験を計画した。本試験では、アクリル製の可視化試験体を用いて、エルボ部の流況を調べるとともに、流力振動の要因となるエルボ部での圧力変動を計測する。また、実機と剛性を合わせたステンレス製の振動試験体を用いて、配管系の振動モードや振動応答挙動を計測する。平成14年度までにおいて、試験装置の設計、およびエルボ試験体や試験ループ配管類の製作を終了した。平成15年度は、試験設備の製作・据付を完了し、可視化試験の一部を開始する計画である。,"The conceptual design study of the large-scale sodium-cooled reactor is in progress in the ""Feasibility Study on Commercialized Fast Reactor Cycle Systems (F/S)"".The cooling system of a large-scale sodium-cooled reactor is composed of two loops in order to reduce construction cost. According to reduction of the loop number, the large diameter pipings are adopted in the primary cooling system (for example, inner diameter of a hot leg piping is 1.27m). And the average velocity in the piping increases to 9 m/s level, which is well over to a conventional plant design, therefore, Reynolds number reaches 10 order levels. The hydraulic behaviors of the piping elbow, such as pressure fluctuation characteristics and formation range of flow separated layer near an elbow, under high velocity and high Reynolds number conditions are expected to be different to those under lower Reynolds number which is the highest existing number. Further, there would be the possibility of vibration of the piping by flow instability under high velocity condition. However, information of flow-induced vibration behaviors for large diameter piping is limited.Then, flow visualization and flow-induced vibration tests using 1/3 scale water test facility, which simulates hot leg piping, have been planned in order to confirm the realization of the piping design for primary cooling system. Flow pattern in the piping and pressure fluctuation near the elbow, which is a main cause of flow-induced vibration, will be measured in the flow visualization tests using the acrylic elbow model. Moreover, vibration modes and vibration response characteristics of the piping system will be measured in the flow-induced vibration tests using the stainless steel elbow model.The design of the test facility and production of the elbow models and the loop pipings were finished by 2002. In 2003, fabrication and installation of the test facility will be finished and a part of flow visualization tests will be started.",Japanese,73 Pages,2003/08,no keyword,,,"3d_modeling, computer_vision",10,"3次元, visualization, 可視化",設計の成立性を確認するため、実機ホットレグ配管を1/3縮尺で模擬した水流動試験装置を製作し、高レイノルズ数条件での試験により配管エルボ部での流動特性やエルボ部の3次元流れによる不安定に起因する流力振動特性を把握する試験を計画した。本試験では、アクリル製の可視化試験体を用いて、エルボ部の流況を調べるとともに、流力振動の要因となるエルボ部での圧力変動を計測する。また、実機と剛性を合わせたステンレス製の振動試,https://jopss.jaea.go.jp/search/servlet/search?4037377,https://jopss.jaea.go.jp/pdfdata/JNC-TN9400-2003-063.pdf
21872,JAERI-Tech 2002-099,可視化ツール整備; 3DAVS及び簡易VRシステム,Visualization tool; 3DAVS & polarization-type VR system,武田 康宏*; 上島 豊,"Takeda, Yasuhiro*; Ueshima, Yutaka",昨今、大規模な計算機環境が利用できるようになり、より複雑な現象を扱うことも多くなりつつある。これにより多くのデータを扱う可視化作業もさらに重要性が求められている。データの可視化結果は、複雑な現象を伝える手段の1つであるが、現状を見る限りは、静止画や2次元動画を利用したものに留まっている。しかし可視化ソフトウェア自身は、3次元を利用したさまざまな表示を行うことが可能であり、これを十分に生かすツールが不足している。本報告書では、可視化処理後のデータ表現方法として、3DAVSと簡易VRシステムの2つの可視化ツールについて、紹介及び解説を行うものである。,no abstracts in English,Japanese,28 Pages,2003/01,可視化 ; プレゼンテーション ; 立体視 ; VRシステム,,https://doi.org/10.11484/jaeri-tech-2002-099,"3d_modeling, computer_vision",10,"3次元, visualization, 可視化",可視化ツール整備; 3DAVS及び簡易VRシステム,https://jopss.jaea.go.jp/search/servlet/search?21872,https://jopss.jaea.go.jp/pdfdata/JAERI-Tech-2002-099.pdf
4037261,JNC TN9520 2002-004,多次元ナトリウム燃焼解析コードAQUA-SF取扱説明書,Instruction manual of multi-dimensional sodium combustion analysis code AQUA-SF,高田 孝; 山口 彰,"Takata, Takashi; Yamaguchi, Akira",トリウム燃焼現象について多次元効果を考慮して機構論的に解析するみとを目的とし、核燃料サイクル開発機構で開発された多次元ナトリウム燃焼解析コードAQUA-SF(Advanced simulation using Quadrtic Upstream difficulting Algorithm-Sodium Fire version)の入出力データに関する取り扱いをまとめた。また、解析結果の3次元可視化に関し、市販ソフトであるMicroAVS(株式会社ケイ・ジー・ディ)およびFIELDVIEW(米国 Intelligent Light社)への入力ファイルを作成するポスト処理プログラムに関する使用方法を記述している。,A multi-dimensional sodium combustion analysis code AQUA-SF Advanced simulation using Quadratic Upstream differencing Algorithm - Sodium Fire version) has been developed for the purpose of analyzing the sodium combustion phenomenon considering the multi-dimensional effect in Japan Nuclear Cycle Development Institute. This report describes an instruction manual of AQUA-SF code for making an input data set and leveraging an output data set. This report also notes how to use a post processor for three-dimensional visualization. The postprocessor arrange an input data set of MicroAVS (KGT Inc. in Japan) and FIELDVIEW (Intelligent Light in the U.S.A.) that are famous commercial software for visualization of computing results.,Japanese,99 Pages,2002/11,no keyword,,,"3d_modeling, computer_vision",10,"3次元, visualization, 可視化",pstream difficulting Algorithm-Sodium Fire version)の入出力データに関する取り扱いをまとめた。また、解析結果の3次元可視化に関し、市販ソフトであるMicroAVS(株式会社ケイ・ジー・ディ)およびFIELDVIEW(米国 Intelligent Light社)への入力ファイルを作成するポスト処理プログラムに関する使用方法を記述している。,https://jopss.jaea.go.jp/search/servlet/search?4037261,https://jopss.jaea.go.jp/pdfdata/JNC-TN9520-2002-004.pdf
4037028,JNC TN9400 2002-026,配管合流部の混合現象に関する研究 -流体内温度測定試験結果-,Study on mixing phenomena in T-pipe junction; Results of fluid temperature measurement test,五十嵐 実; 田中 正暁; 林 謙二; 飛田 昭; 上出 英樹,"not registered; not registered; Hayashi, Kenji; Tobita, Akira; Kamide, Hideki","温度の異なる流体が混合することによって発生する温度変動により、構造材内部に熱疲労が発生する現象(サーマルストライピング現象)を評価することは重要な課題である。核燃料サイクル開発機構では、設計に適用できる評価ツールを構築するために実験及び解析ツールの整備を実施している。 T字管体系の配管合流部におけるサーマルストライピング現象に関しては、評価ツールの具体化及び混合現象を解明するために、長周期温度変動水流動試験(WATLON:Water Experiment of Fluid Mixing in T-pipe with Long Cycle Fluctuation) を実施している。本研究では、配管合流部における詳細な温度分布を測定するために、熱電対ツリーによる 3次元温度計測を実施した。可視化試験の結果から、流入条件の違いにより噴流形態を 1)衝突噴流 2)偏向噴流 3)再付着噴流 4)壁面噴流に分類できることがわかっている。今回の流体温度測定試験では各噴流形態での温度変動挙動に着目して計測を実施した。試験の結果から、温度変動挙動の空間分布は主/枝配管の運動量比が同じであれば、ほぼ同様の分布を示すことがわかった。温度変動強度は枝配管噴流の境界部で大きくなり、この場所では温度変動の卓越周波数がSt=0.2となり、枝配管噴流を柔な構造物としたカルマン渦的な渦が発生していることが示された。また、壁面近傍において計測時間内での変動の最大振幅値である Tp・pと温度変動強度(Trms)を比較すると,空間分布はほぼ同様の傾向を示しており、値も Tp・pは温度変動強度の約6倍(3 )の中に収まることが確認できた。","Temperature fluctuation due to mixing between hot and cold fluids gives thermal fatigue to the structure (thermal striping phenomena). Research of this phenomenon is significant for the safety of a fast reactor which uses liquid metal as the coolant. In Japan Nuclear Cycle Development Institute, experiments and the improvement of the analyses have been carried out to understand this phenomena and also to construct the evaluation rule which can be applied to the design. The Water Experiment of Fluid Mixing in T-pipe with Long Cycle Fluctuation (WATLON), aiming at examining thermal striping phenomena in the T-pipe junction, is performed to investigate the key factor of mixing phenomena and reasons of long cycle fluctuation observed in a plant. In this study, a detailed fluid temperature distribution in the main pipe was measured using a movable thermocouple tree. From the flow visualization test, the jet form could be classified into (1)impinging jet (2)deflecting jet (3)re-attachment jet (4)wall jet according to the inflow condition. Then, in this fluid temperature measurerment test, it measured aiming at the temperature fluctuation behavior in each jet form. The results of the test showed when the momentum ratio of the main and the branch pipes is the same, temperature fluctuation intensity shows the almost same distribution. Temperature fluctuation intensity increased along the edge of the jet from branch piping. In this place, the Karman vortex which used the branch pipe jet regarded as a soft object has occurred. The maximum amplitude of temperature fluctuation ( Tp-p) during 120s showed a similar spatial distribution to that of the root mean square of temperature fluctuation (T ). As a value, Tp-p was about 6 times larger than T .",Japanese,90 Pages,2002/03,no keyword,,,"3d_modeling, computer_vision",10,"3次元, visualization, 可視化",e with Long Cycle Fluctuation) を実施している。本研究では、配管合流部における詳細な温度分布を測定するために、熱電対ツリーによる 3次元温度計測を実施した。可視化試験の結果から、流入条件の違いにより噴流形態を 1)衝突噴流 2)偏向噴流 3)再付着噴流 4)壁面噴流に分類できることがわかっている。今回の流体温度測定試験では各噴流形態での温度変動挙動に着目して計測を実施した。,https://jopss.jaea.go.jp/search/servlet/search?4037028,https://jopss.jaea.go.jp/pdfdata/JNC-TN9400-2002-026.pdf
4020855,JNC TJ7420 2005-045,断層周辺岩盤中の水みちに関する調査,Preliminary report on past pathways of groundwater along fault shear zone in rock mass,神原 洋*; 一ノ瀬 孜*,"Kambara, Hiroshi*; Ichinose, Tsutomu*","断層破砕帯周辺の過去の水みちの三次元的な分布および割れ目と水みちの地応力の関係に関する情報を収集する目的で,熱水性鉱脈型鉱床の代表である豊羽鉱床を対象にして,文献調査および現地調査を実施した。さらに,文献調査で収集した地質・鉱床に関する基礎データ(坑道の天盤のスケッチ,試錐柱状図,地質鉱床図等)を補足して,調査結果を整理し,豊羽鉱床における裂罅およびその周辺岩盤の割れ目の分布の特徴と,周辺岩盤の水理地質的特徴について整理した。鉱化作用は断層系の中の特殊な構造的部分に集中しており,鉱脈の組織は断続的な沈殿の歴史を記録している。そのため,浅熱水性鉱脈は断裂・裂罅の水みちの化石と認識できるので,地下深部における熱水循環に関するナチュラルアナログとしての価値が高いと考えられる。豊羽鉱床では,鉱化作用を伴う熱水活動が2百万年にわたって,現在まで継続していたことが最近のK-Ar年代測定で示されている。鉱脈の内部組織から,裂罅形成・開口 鉱石の沈殿・膠結が繰り返し起こったことが理解できる。すなわち,脈は裂罅開口・充填・破壊といった複雑な応力場の段階的な歴史の産物である。","To collect information on the relation of three-dimensional distribution of past pathways of groundwater around the fault shear zone, crack, and ground stresses, a document investigation and a local investigation were executed for the Toyoha deposit, Hokkaido as a representative of hydrothermal polymetallic ore veins. In addition, we have supplemented with the basic data concerning the geology and the ore deposit collected by the document investigation (sketch of hanging wall in drifts and drilling core, and geological features deposit maps, etc.), the investigation result was summarized in aspect of the geological and hydrodynamic characteristic of the surrounding bedrock, and the distribution of the fissure of the Toyoha deposit. Mineralization would concentrate on a special part in the fault system and vein structure indicates the history of intermitted precipitation. Therefore, hydrothermal vein system is recognized as a fossil of past pathways of water in deep, the vein systems should be natural analogue of hot water circulation. Current K-Ar dating of Toyoha deposit suggests that the hydrothermal activity with mineralization was continuing over 2 million years. Vein structure of Toyoha shows ore minerals repeatedly precipitate during the time of fissure formation. That is, the pulse is a product of an intermittent nature such as like fissure opening, filling, and destruction etc, under the regional complex stress field.",Japanese,135 Pages,2001/03,no keyword,,,"3d_modeling, ar_mapping",10,"ar, 三次元",Preliminary report on past pathways of groundwater along fault shear zone in rock mass,https://jopss.jaea.go.jp/search/servlet/search?4020855,https://jopss.jaea.go.jp/pdfdata/JNC-TJ7420-2005-045.pdf
3285,JAERI-Data/Code 99-049,沿岸海域における3次元海流モデルの開発,Development of three dimensional ocean current model for coastal region,小林 卓也,"Kobayashi, Takuya",日本の沿岸海域に放出される放射性物質等の移行挙動現象を明らかにするために、プリンストン大学の開発した海水の流動場を定量的に把握・予測する3次元モデルPOMを導入し、試計算を行うとともに、日本域でのシミュレーションのための改良を行った。本報告書ではモデル方程式、数値解法、モデルの改良等について記述するとともに、計算を実施する際に必要となるデータベース及び可視化システムについても言及した。また、試計算は下北地区を対象に行い、境界条件が及ぼす計算結果への影響を明らかにした。,no abstracts in English,Japanese,p.47 - 0,1999/12,Coastal Region ; Numirical Model ; Visualization ; Shimokita ; Ocean Current ; Radionuclides ; Migration,,https://doi.org/10.11484/jaeri-data-code-99-049,"3d_modeling, computer_vision",10,"3次元, visualization, 可視化",沿岸海域における3次元海流モデルの開発,https://jopss.jaea.go.jp/search/servlet/search?3285,https://jopss.jaea.go.jp/pdfdata/JAERI-Data-Code-99-049.pdf
2006120,JAERI-Research 97-070,Essential technologies for developing human and robot collaborative system,人間・ロボット協調システム開発のための要素技術,石川 信行; 鈴木 勝男,"Ishikawa, Nobuyuki; Suzuki, Katsuo",本研究においては、原子力プラント点検作業のために、新しい概念のロボットシステム、「人間・ロボット協調システム」を開発することを目的としている。本論文では、そのために開発した2つの要素技術(自律走行プログラム・ロボット自己位置推定法)及びシステムの基本概念について述べる。開発した自律走行プログラムは、従来の自律移動ロボットの走行プログラムに、人間協調動作で必要となる随時割り込み機能を付加することにより実現した。また、高精度な自己位置推定法を実現するために、ジャイロとテレビ画像を用いた方法を提案し、その実用可能性を実験並びに数値シミュレーションにより評価した。,no abstracts in English,English,20 Pages,1997/10,Human-robot Collaborative System ; Autonomous Navigation Program ; Position Estimation,,https://doi.org/10.11484/jaeri-research-97-070,"ar_mapping, robotics_remote",10,"robot, ロボット, 自己位置推定",Essential technologies for developing human and robot collaborative system,https://jopss.jaea.go.jp/search/servlet/search?2006120,https://jopss.jaea.go.jp/pdfdata/JAERI-Research-97-070.pdf
4055928,PNC TN9410 97-053,"ナトリウム用液面可視化システム及び気泡検出器の開発;音響シミュレーション,水中基礎試験の画像化特性検討",The development of liquid surface visualization and void detection system for sodium; Imaging characteristic examination of sound propagation simulation and underwater basic test,林田 均; 平林 勝,"Hayashida, Hitoshi; Hirabayashi, Masaru",FBRプラントは1次冷却材中にカバーガスが巻き込まれない様にする必要があり、実証炉以降では原子炉がコンパクト化されるために、その対策が特に重要になる。そのため、設計段階でナトリウム試験により炉容器内等の自由液面の挙動を把握する必要がある。また、実プラントにおいて冷却材中に気泡が混入していないことを確認するために、原子炉容器入口配管にて気泡を計測する技術も安全性向上のために求められる。そこで超音波を用いてナトリウム液面の挙動を画像化する液面可視化システムと、ナトリウム配管中の気泡を画像化して検出する気泡検出器について、基礎的な画像化特性に関する知見を得るために音響伝播シミュレーションと水中基礎試験を行った。先ず、最初に超音波を用いて対象を画像化した場合の基本的な特性を調べるために、液面の巻き込み渦モデルについて音響伝播シミュレーションを行った。次に、複数の超音波トランスデューサを同時に送受信し、相互相関法で各トランスデューサと対象物間の伝播時間を求め開口合成法により画像化する計測システムを試作(試作システムは、信号処理能力の制限から、ある一定時間の連続データを取得した後に、オフラインで相互相関及び開口合成処理を行うものとした。)し、ポリスチレンフィルムの棒による押下による模擬液面の変動や水中を浮上する気泡の画像化について水中基礎試験を行った。その結果、音響シミュレーションでは液面の巻き込み渦モデルを画像化できることが確認でき、水中基礎試験では模擬液面や浮上する気泡の移動に対応した画像を得ることができた。ただし、課題として巻き込み渦の傾斜部の画像がうまく得られない点があり、現状の様に巻き込み渦の下方にのみ超音波トランスデューサを配置する方式に対し、巻き込み渦を取り囲むように側面方向にも受信(あるいは送信)用トランスデューサを配置する方式について検討する必要があると考えている。また、気泡検出については、得られる気泡の画像の大きさ及び形状と、実際の対応について今後定量的な評価が必要となる。,"On the FBR plant, it is necessary that cover gas would not involve in the primary coolant, and especially the measures is very important in order to compact the reactor on the design of DFBR. Thus the behavior of free liquid surface must be evaluated in sodium pool tests at the design phase. And also from the viewpoint of safety analyses, the void detection system which measure the void in the reactor vessel inlet piping is also developed as a measurement system for confirming that the void has not been entrapped in the coolant. Then on the liquid surface visualization system which image the behavior of liquid sodium surface and the void detection system which image the detected void using the ultrasonic wave, the sound propagation simulations and the underwater basic tests were carried out to obtain a knowledge on the basic imaging characteristics. As a first step, the sound propagation simulations were carried out to evaluate the imaging characteristics of the vortex model. As the next step, the measurement system was produced tentatively in order to image the fluctuating liquid surface and the rising void in the underwater basic tests. The signals from some ultrasonic transducers to image them were processed by the cross correlation method and the aperture synthesis method. However the imaging processed in off-line because of the limitation of thc signal processing ability. As the results, it was confirmed that the vortex model could be imaged by the sound propagation simulations. And the fluctuating liquid surface and the rising void could be also imaged by the measurement system in the underwater basic tests. However since the slope of vortex can't be imaged well, the most suitable arrangement of the transducers will be examined to image the slope. And it will be necessary for the measurement system to confirm that the size and shape of void can be imaged accurately.",Japanese,29 Pages,1997/05,no keyword,,,"computer_vision, robotics_remote",10,"imaging, visualization, 可視化, 超音波","ナトリウム用液面可視化システム及び気泡検出器の開発;音響シミュレーション,水中基礎試験の画像化特性検討",https://jopss.jaea.go.jp/search/servlet/search?4055928,https://jopss.jaea.go.jp/pdfdata/PNC-TN9410-97-053.pdf
2006083,JAERI-Research 97-033,ジャイロとオドメトリを併用した移動ロボット位置推定の評価実験,Experimental evaluation on position estimation of mobile robot by the combined use of odometry and gyro,石川 信行; 前山 祥一*; 油田 信一*; 鈴木 勝男,"Ishikawa, Nobuyuki; not registered; not registered; Suzuki, Katsuo",本研究では移動ロボットの自己位置推定精度の向上を図るために、圧電振動ジャイロで測定される角速度を併用した位置推定法の実験的検討を行っている。ジャイロの併用により、誤差発生の一因であるスリップによる瞬時的オドメトリ誤差の低減が可能なことを実験で確認した。実験では、まず圧電振動ジャイロによる角度算出の精度ならびにドリフト特性を測定した。その結果、圧電振動ジャイロではドリフトが比較的大きいためその補正が必要であることがわかった。その補正法としてローパスフィルタを用いた簡便な方法を提案し、その有効性を実験で確認した。位置推定実験では人為的に瞬時的オドメトリ誤差を発生させ、オドメトリだけからの推定法とジャイロを併用した推定法の結果を比較し、ジャイロ併用の有効性を示した。,no abstracts in English,Japanese,20 Pages,1997/05,位置推定 ; 瞬時的オドメトリ誤差 ; 圧電振動ジャイロ ; ジャイロ併用 ; ドリフト補正,,https://doi.org/10.11484/jaeri-research-97-033,"ar_mapping, robotics_remote",10,"robot, ロボット, 自己位置推定",ジャイロとオドメトリを併用した移動ロボット位置推定の評価実験,https://jopss.jaea.go.jp/search/servlet/search?2006083,https://jopss.jaea.go.jp/pdfdata/JAERI-Research-97-033.pdf
4021058,JNC TJ7400 2005-071,比抵抗トモグラフィ調査法データの解析精度向上に関する研究(その2),None,佐々木 裕*,"Sasaki, Yutaka*",地下構造の解明に用いる比抵抗トモグラフィー調査法の地下構造分解能の向上のため、2次元インバージョン数値実験を行った。解析精度の向上には、空間的に高密度サンプリングだけでなく、電極配置の選択が重要であるため、実験では3通りの電極配置を比較した。この結果、ダイポールダイポール、ポールダイポール、ポールポールの順に分解能が良いことがわかった。地形効果については、解析断面に地形を組み入れることで、ほぼ完全に除去できることを確認した。また孔-地表間マッピング法データの3次元インバージョンにより、深部比抵抗体を明瞭に再現できることを示した。,no abstracts in English,Japanese,27 Pages,1993/03,no keyword,,,"3d_modeling, ar_mapping",10,"3次元, マッピング",ルの順に分解能が良いことがわかった。地形効果については、解析断面に地形を組み入れることで、ほぼ完全に除去できることを確認した。また孔-地表間マッピング法データの3次元インバージョンにより、深部比抵抗体を明瞭に再現できることを示した。,https://jopss.jaea.go.jp/search/servlet/search?4021058,https://jopss.jaea.go.jp/pdfdata/JNC-TJ7400-2005-071.PDF
2075169,JAERI-M 90-100,計算結果の可視化,Visualization of computed results,鶴岡 卓哉*; 石黒 美佐子,not registered; not registered,計算結果の可視化は、物理現象をより良く理解するために不可欠な手段となってきている。原研においても、計算結果のアニメーション化の試行を昭和63年度末より開始した。平成元年度では、U字管内の熱流動挙動、レーザー同位体分離過程において電子ビームで加熱された金属片内の熱流動挙動、及び高温ガス炉炉心におけるキセノン振動の3例に対してアニメーション化を実施し、それぞれ実時間で数分のアニメーション画面作成した。画像作成には、3次元カラー・グラフィックス用ソフトウェアFACOM CGMSを用いて、M-780、又はVPにより画像計算を行なった。本報告では、アニメーション化のために用いた種々の可視化手法について説明する。,no abstracts in English,Japanese,49 Pages,1990/07,Visualization ; Animation ; FACOM CGMS ; Graphics System ; Frame ; Computer Graphics ; Heat Flow ; Atomic Vapor Laser method ; Xenon-induced Oscillation,,https://doi.org/10.11484/jaeri-m-90-100,"3d_modeling, computer_vision",10,"3次元, visualization, 可視化",計算結果の可視化,https://jopss.jaea.go.jp/search/servlet/search?2075169,https://jopss.jaea.go.jp/pdfdata/JAERI-M-90-100.pdf
